PitchNo,Date,Time,PAofInning,PitchofPA,Pitcher,PitcherId,PitcherThrows,PitcherTeam,Batter,BatterId,BatterSide,BatterTeam,PitcherSet,Inning,Top/Bottom,Outs,Balls,Strikes,TaggedPitchType,AutoPitchType,PitchCall,KorBB,TaggedHitType,PlayResult,OutsOnPlay,RunsScored,Notes,RelSpeed,VertRelAngle,HorzRelAngle,SpinRate,SpinAxis,Tilt,RelHeight,RelSide,Extension,VertBreak,InducedVertBreak,HorzBreak,PlateLocHeight,PlateLocSide,ZoneSpeed,VertApprAngle,HorzApprAngle,ZoneTime,ExitSpeed,Angle,Direction,HitSpinRate,PositionAt110X,PositionAt110Y,PositionAt110Z,Distance,LastTrackedDistance,Bearing,HangTime,pfxx,pfxz,x0,y0,z0,vx0,vy0,vz0,ax0,ay0,az0,HomeTeam,AwayTeam,Stadium,Level,League,GameID,PitchUID,EffectiveVelo,MaxHeight,MeasuredDuration,SpeedDrop,PitchLastMeasuredX,PitchLastMeasuredY,PitchLastMeasuredZ,ContactPositionX,ContactPositionY,ContactPositionZ,GameUID,UTCDate,UTCTime,LocalDateTime,UTCDateTime,AutoHitType,System,HomeTeamForeignID,AwayTeamForeignID,GameForeignID,Catcher,CatcherId,CatcherThrows,CatcherTeam,PlayID,PitchTrajectoryXc0,PitchTrajectoryXc1,PitchTrajectoryXc2,PitchTrajectoryYc0,PitchTrajectoryYc1,PitchTrajectoryYc2,PitchTrajectoryZc0,PitchTrajectoryZc1,PitchTrajectoryZc2,HitSpinAxis,HitTrajectoryXc0,HitTrajectoryXc1,HitTrajectoryXc2,HitTrajectoryXc3,HitTrajectoryXc4,HitTrajectoryXc5,HitTrajectoryXc6,HitTrajectoryXc7,HitTrajectoryXc8,HitTrajectoryYc0,HitTrajectoryYc1,HitTrajectoryYc2,HitTrajectoryYc3,HitTrajectoryYc4,HitTrajectoryYc5,HitTrajectoryYc6,HitTrajectoryYc7,HitTrajectoryYc8,HitTrajectoryZc0,HitTrajectoryZc1,HitTrajectoryZc2,HitTrajectoryZc3,HitTrajectoryZc4,HitTrajectoryZc5,HitTrajectoryZc6,HitTrajectoryZc7,HitTrajectoryZc8,ThrowSpeed,PopTime,ExchangeTime,TimeToBase,CatchPositionX,CatchPositionY,CatchPositionZ,ThrowPositionX,ThrowPositionY,ThrowPositionZ,BasePositionX,BasePositionY,BasePositionZ,ThrowTrajectoryXc0,ThrowTrajectoryXc1,ThrowTrajectoryXc2,ThrowTrajectoryYc0,ThrowTrajectoryYc1,ThrowTrajectoryYc2,ThrowTrajectoryZc0,ThrowTrajectoryZc1,ThrowTrajectoryZc2,PitchReleaseConfidence,PitchLocationConfidence,PitchMovementConfidence,HitLaunchConfidence,HitLandingConfidence,CatcherThrowCatchConfidence,CatcherThrowReleaseConfidence,CatcherThrowLocationConfidence,BatSpeed,VerticalAttackAngle,HorizontalAttackAngle
1,2026/3/19,11:17.5,1,1,"Bermudez, Jassel",1000286625,Right,CUP_POL2,"Villa Camacho, Leonel",1000358451,Right,CUP_POL11,Undefined,1,Top,0,0,0,Fastball,Cutter,InPlay,Undefined,GroundBall,Out,1,0,,88.56632,-2.328485,-0.516479,2273.761191,181.368923,12:00,6.76959,0.90444,6.58691,-21.33615,13.04906,0.28815,2.85645,0.45513,81.89666,-6.35235,-0.464044,0.422044,80.24089,-1.396258,7.440316,1935.349195,,,,35.38402,34.54307,7.457573,0.310663,-0.28283,7.77414,-0.86918,50,6.60087,1.1506,-128.82592,-5.83711,-0.47941,24.59039,-18.99616,CUP_POL2,CUP_POL11,LAV,Diamond Solutions,DIA,20260319-LAV-1,1dcd5050-2395-11f1-847e-e76328223677,89.30935,2.70199,,6.66966,,,,0.11713,2.70199,-0.44743,466b64ac-6fa4-469b-a791-4c8bbffd9b8d,2026/3/19,11:17.5,2026-03-19T09:11:17.5340000-04:00,2026-03-19T13:11:17.5340000Z,GroundBall,v3,,,,"Lopez, Daniel",1000237872,Right,CUP_POL2,7173505f-5f14-4a7e-9006-1a796630d5e3,53.91643,-129.57134,12.2952,6.76908,-5.26128,-9.49808,-0.90428,1.16514,-0.2397,304.450049,0.11893,116.58389,-12.9963,,,,,,,2.70434,-2.96818,-18.49043,,,,,,,-0.44855,15.28311,3.04928,,,,,,,,,,,,,,,,,,,,,,,,,,,,,High,High,High,High,High,,,,60.71284,5.93131,1.39212
2,2026/3/19,11:51.6,2,1,"Bermudez, Jassel",1000286625,Right,CUP_POL2,"Magana Iturralde, Alfredo",1000321154,Right,CUP_POL11,Undefined,1,Top,1,0,0,Fastball,Four-Seam,BallCalled,Undefined,Undefined,Undefined,0,0,,92.2558,-2.147799,-0.576335,2455.396595,192.232063,12:30,6.62658,0.92737,6.81325,-17.64631,13.60304,2.76484,3.19525,0.63187,85.61272,-5.500203,-0.071147,0.402339,,,,,,,,,,,,-1.60087,8.00548,-0.89105,50,6.48094,1.24646,-134.29951,-5.51101,-2.96536,25.20864,-17.34512,CUP_POL2,CUP_POL11,LAV,Diamond Solutions,DIA,20260319-LAV-1,320e6720-2395-11f1-847e-e76328223677,93.68333,,,6.64308,,,,,,,466b64ac-6fa4-469b-a791-4c8bbffd9b8d,2026/3/19,11:51.6,2026-03-19T09:11:51.6520000-04:00,2026-03-19T13:11:51.6520000Z,,v3,,,,"Lopez, Daniel",1000237872,Right,CUP_POL2,8a36b4c3-6993-4b58-ab70-b33e5362b19c,53.68997,-134.99036,12.60432,6.62545,-5.03566,-8.67256,-0.92633,1.32773,-1.48268,,,,,,,,,,,,,,,,,,,,,,,,,,,,,,,,,,,,,,,,,,,,,,,,,,,High,High,High,,,,,,,,
3,2026/3/19,12:06.7,2,2,"Bermudez, Jassel",1000286625,Right,CUP_POL2,"Magana Iturralde, Alfredo",1000321154,Right,CUP_POL11,Undefined,1,Top,1,1,0,Fastball,Four-Seam,FoulBallNotFieldable,Undefined,Undefined,Undefined,0,0,,91.17862,-3.154839,-1.949162,2472.042963,198.342715,12:30,6.54832,0.91678,7.13426,-22.13336,9.50851,2.87118,1.83832,-0.61225,84.93701,-7.329656,-1.421371,0.404858,,,,,,,,,,,,-2.01043,6.13713,-0.80264,50,6.35505,4.41591,-132.64727,-7.90236,-3.6347,24.46187,-21.07862,CUP_POL2,CUP_POL11,LAV,Diamond Solutions,DIA,20260319-LAV-1,3afb8f20-2395-11f1-847e-e76328223677,93.10048,,,6.24161,,,,,,,466b64ac-6fa4-469b-a791-4c8bbffd9b8d,2026/3/19,12:06.7,2026-03-19T09:12:06.6670000-04:00,2026-03-19T13:12:06.6670000Z,,v3,,,,"Lopez, Daniel",1000237872,Right,CUP_POL2,ccd70935-cf54-447b-bfe9-80edbf484ce3,53.37036,-133.26736,12.23093,6.54859,-7.36804,-10.53931,-0.91575,4.50804,-1.81735,,,,,,,,,,,,,,,,,,,,,,,,,,,,,,,,,,,,,,,,,,,,,,,,,,,High,High,High,,,,,,,,
4,2026/3/19,12:29.2,2,3,"Bermudez, Jassel",1000286625,Right,CUP_POL2,"Magana Iturralde, Alfredo",1000321154,Right,CUP_POL11,Undefined,1,Top,1,1,1,Fastball,Cutter,StrikeSwinging,Undefined,Undefined,Undefined,0,0,,91.0813,-3.210701,-0.474295,2424.486494,198.294926,12:30,6.61194,0.62249,7.11922,-22.27029,9.51205,2.85477,1.84043,0.43013,84.65201,-7.414565,0.05084,0.405755,,,,,,,,,,,,-1.65831,6.18063,-0.59518,50,6.41453,0.99934,-132.54262,-8.02649,-2.98437,25.23665,-21.0512,CUP_POL2,CUP_POL11,LAV,Diamond Solutions,DIA,20260319-LAV-1,48736f60-2395-11f1-847e-e76328223677,92.89447,,,6.42929,,,,,,,466b64ac-6fa4-469b-a791-4c8bbffd9b8d,2026/3/19,12:29.2,2026-03-19T09:12:29.2320000-04:00,2026-03-19T13:12:29.2320000Z,,v3,,,,"Lopez, Daniel",1000237872,Right,CUP_POL2,dc416f45-7433-433e-8052-67a7a1a944d8,53.38534,-133.18564,12.61832,6.6122,-7.49011,-10.5256,-0.62161,1.07538,-1.49218,,,,,,,,,,,,,,,,,,,,,,,,,,,,,,,,,,,,,,,,,,,,,,,,,,,High,High,High,,,,,,,,
5,2026/3/19,12:52.1,2,4,"Bermudez, Jassel",1000286625,Right,CUP_POL2,"Magana Iturralde, Alfredo",1000321154,Right,CUP_POL11,Undefined,1,Top,1,1,2,Slider,Slider,StrikeSwinging,Strikeout,Undefined,Undefined,0,0,,83.98179,-1.615797,-0.008646,2515.415568,4.906447,6:15,6.44805,0.69006,6.52859,-42.7353,-4.20701,-0.45937,1.404,0.64384,77.74018,-9.509539,-0.09238,0.446747,,,,,,,,,,,,0.24004,-1.44579,-0.68927,50,6.31751,0.03469,-122.1941,-4.75372,0.36331,23.8556,-34.36218,CUP_POL2,CUP_POL11,LAV,Diamond Solutions,DIA,20260319-LAV-1,561322f0-2395-11f1-847e-e76328223677,84.37095,,,6.24161,,,,,,,466b64ac-6fa4-469b-a791-4c8bbffd9b8d,2026/3/19,12:52.1,2026-03-19T09:12:52.0500000-04:00,2026-03-19T13:12:52.0500000Z,,v3,,,,"Lopez, Daniel",1000237872,Right,CUP_POL2,37ebca89-b668-4b25-950f-05790960fc9a,53.9764,-122.96795,11.9278,6.45364,-3.63904,-17.18109,-0.6902,0.02291,0.18165,,,,,,,,,,,,,,,,,,,,,,,,,,,,,,,,,,,,,,,,,,,,,,,,,,,High,High,High,,,,,,,,
6,2026/3/19,13:22.1,3,1,"Bermudez, Jassel",1000286625,Right,CUP_POL2,"Gutierrez Cortes, Kevin ",1000490424,Right,CUP_POL11,Undefined,1,Top,2,0,0,Fastball,Four-Seam,BallCalled,Undefined,Undefined,Undefined,0,0,,91.7434,-3.424111,-1.972035,2456.307563,205.932122,12:45,6.52586,0.70273,7.07511,-23.0545,8.4304,3.66705,1.49038,-0.78279,85.13407,-7.765092,-1.298556,0.403852,,,,,,,,,,,,-2.4613,5.66579,-0.58541,50,6.3127,4.46211,-133.36662,-8.61607,-4.47703,26.01391,-21.86814,CUP_POL2,CUP_POL11,LAV,Diamond Solutions,DIA,20260319-LAV-1,67f9a7f0-2395-11f1-847e-e76328223677,93.33223,,,6.60933,,,,,,,466b64ac-6fa4-469b-a791-4c8bbffd9b8d,2026/3/19,13:22.1,2026-03-19T09:13:22.0990000-04:00,2026-03-19T13:13:22.0990000Z,,v3,,,,"Lopez, Daniel",1000237872,Right,CUP_POL2,6f011505-d02d-4566-b824-a6401b161a57,53.42874,-134.03374,13.00696,6.52647,-8.05527,-10.93407,-0.70132,4.57692,-2.23851,,,,,,,,,,,,,,,,,,,,,,,,,,,,,,,,,,,,,,,,,,,,,,,,,,,High,High,High,,,,,,,,
7,2026/3/19,13:41.6,3,2,"Bermudez, Jassel",1000286625,Right,CUP_POL2,"Gutierrez Cortes, Kevin ",1000490424,Right,CUP_POL11,Undefined,1,Top,2,1,0,Fastball,Four-Seam,BallCalled,Undefined,Undefined,Undefined,0,0,,92.77549,-1.942668,0.058061,2487.881663,189.24285,12:15,6.46438,0.93465,7.0982,-18.87147,11.70548,1.76902,3.12813,1.13476,86.04971,-5.536399,0.383112,0.397987,,,,,,,,,,,,-0.93472,7.0243,-0.93855,50,6.34232,-0.20058,-135.12955,-5.07434,-1.75037,25.92483,-19.02024,CUP_POL2,CUP_POL11,LAV,Diamond Solutions,DIA,20260319-LAV-1,73957530-2395-11f1-847e-e76328223677,94.70781,,,6.72578,,,,,,,466b64ac-6fa4-469b-a791-4c8bbffd9b8d,2026/3/19,13:41.6,2026-03-19T09:13:41.5680000-04:00,2026-03-19T13:13:41.5680000Z,,v3,,,,"Lopez, Daniel",1000237872,Right,CUP_POL2,aec1b275-1b61-4d1a-8f41-bbec219bd32d,53.4054,-135.78131,12.96242,6.46388,-4.59617,-9.51012,-0.93406,-0.15658,-0.87519,,,,,,,,,,,,,,,,,,,,,,,,,,,,,,,,,,,,,,,,,,,,,,,,,,,High,High,High,,,,,,,,
8,2026/3/19,14:06.4,3,3,"Bermudez, Jassel",1000286625,Right,CUP_POL2,"Gutierrez Cortes, Kevin ",1000490424,Right,CUP_POL11,Undefined,1,Top,2,2,0,Fastball,Cutter,BallinDirt,Undefined,Undefined,Undefined,0,0,,89.58943,-4.711019,-0.774628,2411.081724,201.938596,12:45,6.61658,0.57309,7.00381,-24.29371,9.01969,3.2352,0.29906,0.13841,83.02007,-9.261644,-0.180385,0.415414,,,,,,,,,,,,-1.95028,6.37122,-0.52667,50,6.31929,1.64801,-130.05467,-11.37517,-3.35749,25.96261,-21.20572,CUP_POL2,CUP_POL11,LAV,Diamond Solutions,DIA,20260319-LAV-1,8254f0a0-2395-11f1-847e-e76328223677,90.73464,,,6.56936,,,,,,,466b64ac-6fa4-469b-a791-4c8bbffd9b8d,2026/3/19,14:06.4,2026-03-19T09:14:06.3660000-04:00,2026-03-19T13:14:06.3660000Z,,v3,,,,"Lopez, Daniel",1000237872,Right,CUP_POL2,c902ee88-85e5-4e7f-8516-9eaeff865cf3,53.50068,-130.75164,12.9813,6.61702,-10.8059,-10.60286,-0.57212,1.73814,-1.67874,,,,,,,,,,,,,,,,,,,,,,,,,,,,,,,,,,,,,,,,,,,,,,,,,,,High,High,High,,,,,,,,
9,2026/3/19,14:31.9,3,4,"Bermudez, Jassel",1000286625,Right,CUP_POL2,"Gutierrez Cortes, Kevin ",1000490424,Right,CUP_POL11,Undefined,1,Top,2,3,0,Fastball,Four-Seam,StrikeCalled,Undefined,Undefined,Undefined,0,0,,90.57094,-2.227064,-1.251981,2423.137737,191.674784,12:30,6.53113,0.64372,7.19377,-17.2695,14.81241,2.87221,3.07318,-0.25118,83.75002,-5.544983,-0.723535,0.407663,,,,,,,,,,,,-1.85362,8.82044,-0.57185,50,6.39637,2.78043,-131.83766,-5.528,-3.29447,25.45237,-16.49749,CUP_POL2,CUP_POL11,LAV,Diamond Solutions,DIA,20260319-LAV-1,9194bfa0-2395-11f1-847e-e76328223677,92.45976,,,6.82092,,,,,,,466b64ac-6fa4-469b-a791-4c8bbffd9b8d,2026/3/19,14:31.9,2026-03-19T09:14:31.9420000-04:00,2026-03-19T13:14:31.9420000Z,,v3,,,,"Lopez, Daniel",1000237872,Right,CUP_POL2,776a7cf4-acdb-434e-8fec-0ba05155a472,53.30892,-132.47493,12.72618,6.52961,-5.11494,-8.24874,-0.6425,2.86292,-1.64723,,,,,,,,,,,,,,,,,,,,,,,,,,,,,,,,,,,,,,,,,,,,,,,,,,,High,High,High,,,,,,,,
10,2026/3/19,14:50.7,3,5,"Bermudez, Jassel",1000286625,Right,CUP_POL2,"Gutierrez Cortes, Kevin ",1000490424,Right,CUP_POL11,Undefined,1,Top,2,3,1,Fastball,Four-Seam,InPlay,Undefined,GroundBall,Single,0,0,,90.74589,-2.275859,-0.55348,2479.870207,185.141867,12:15,6.55847,0.61934,7.1015,-20.42426,11.6276,0.96504,2.79007,0.1975,84.03469,-6.16011,-0.37613,0.407472,76.92356,-2.21199,19.488251,2893.17522,,,,35.86147,35.86147,19.877092,0.329088,-0.65689,7.10197,-0.58666,50,6.41623,1.24253,-132.11669,-5.7756,-1.17253,25.5354,-19.49705,CUP_POL2,CUP_POL11,LAV,Diamond Solutions,DIA,20260319-LAV-1,9cd2dc80-2395-11f1-847e-e76328223677,92.50304,2.67036,,6.7112,,,,0.01371,2.67036,-0.18149,466b64ac-6fa4-469b-a791-4c8bbffd9b8d,2026/3/19,14:50.7,2026-03-19T09:14:50.7470000-04:00,2026-03-19T13:14:50.7470000Z,GroundBall,v3,,,,"Lopez, Daniel",1000237872,Right,CUP_POL2,5f3ee8d2-b3b5-4da4-a238-c3cbc452c61c,53.40211,-132.77262,12.7677,6.55816,-5.27478,-9.74852,-0.61897,1.27265,-0.58626,227.033415,0.01647,106.16675,-11.37966,,,,,,,2.67073,-4.36915,-11.38805,,,,,,,-0.18175,37.62144,-0.0531,,,,,,,,,,,,,,,,,,,,,,,,,,,,,High,High,High,High,High,,,,52.01036,4.00487,2.08599
11,2026/3/19,15:36.1,4,1,"Bermudez, Jassel",1000286625,Right,CUP_POL2,"Heureaux, Hector",1000441825,Right,CUP_POL11,Undefined,1,Top,2,0,0,ChangeUp,Four-Seam,FoulBallNotFieldable,Undefined,Undefined,Undefined,0,0,,87.54189,-1.546965,-1.731646,2293.925377,198.800662,12:45,6.60282,0.60155,6.87363,-20.26848,14.49843,4.59894,3.50287,-0.59393,80.9193,-5.407541,-0.89096,0.42438,63.31028,9.460602,60.624399,5336.013021,,,,100.94122,100.51015,68.561995,1.16195,-2.87886,8.41552,-0.49302,50,6.49686,3.6886,-127.39705,-3.95501,-4.77722,23.79217,-18.20923,CUP_POL2,CUP_POL11,LAV,Diamond Solutions,DIA,20260319-LAV-1,b7d9a770-2395-11f1-847e-e76328223677,88.81775,6.85413,,6.62259,,,,-0.52202,3.2676,1.07442,466b64ac-6fa4-469b-a791-4c8bbffd9b8d,2026/3/19,15:36.1,2026-03-19T09:15:36.0980000-04:00,2026-03-19T13:15:36.0980000Z,GroundBall,v3,,,,"Lopez, Daniel",1000237872,Right,CUP_POL2,60904278-0bc3-425a-9559-fe70b3771b93,53.62942,-128.07307,11.89608,6.60189,-3.43761,-9.10462,-0.59976,3.82433,-2.38861,,-0.52202,44.92887,-12.25994,1.45362,-0.32297,0.0375,-0.00396,0.00055,-3.00E-05,3.2676,15.26251,-16.77067,1.19946,-0.16877,0.03644,-0.00469,0.00027,-1.00E-05,1.07442,79.81535,0.83434,-0.83514,0.23938,-0.06248,0.01074,-0.00201,0.00017,,,,,,,,,,,,,,,,,,,,,,,High,High,High,High,High,,,,62.65326,-1.78413,22.11784
12,2026/3/19,16:02.1,4,2,"Bermudez, Jassel",1000286625,Right,CUP_POL2,"Heureaux, Hector",1000441825,Right,CUP_POL11,Undefined,1,Top,2,0,1,ChangeUp,Changeup,BallCalled,Undefined,Undefined,Undefined,0,0,,85.7588,-3.908319,0.651224,2014.214807,213.025299,1:00,6.68498,0.72199,6.65724,-22.19899,14.54328,8.74575,1.25244,2.04682,79.41507,-8.078128,2.245127,0.436269,,,,,,,,,,,,-4.46335,9.03815,-0.76906,50,6.4125,-1.72531,-124.55436,-9.09959,-7.05917,23.42968,-17.8795,CUP_POL2,CUP_POL11,LAV,Diamond Solutions,DIA,20260319-LAV-1,c75bfdb0-2395-11f1-847e-e76328223677,86.39726,,,6.34372,,,,,,,466b64ac-6fa4-469b-a791-4c8bbffd9b8d,2026/3/19,16:02.1,2026-03-19T09:16:02.1180000-04:00,2026-03-19T13:16:02.1180000Z,,v3,,,,"Lopez, Daniel",1000237872,Right,CUP_POL2,e150f41d-f3a8-429a-bda6-c2c25a859eac,53.84625,-125.27578,11.71484,6.68421,-8.54907,-8.93975,-0.71929,-1.50795,-3.52958,,,,,,,,,,,,,,,,,,,,,,,,,,,,,,,,,,,,,,,,,,,,,,,,,,,High,High,High,,,,,,,,
13,2026/3/19,16:25.3,4,3,"Bermudez, Jassel",1000286625,Right,CUP_POL2,"Heureaux, Hector",1000441825,Right,CUP_POL11,Undefined,1,Top,2,1,1,Fastball,Four-Seam,BallCalled,Undefined,Undefined,Undefined,0,0,,90.34888,-4.09527,-1.477455,2313.541959,198.751233,12:45,6.57889,0.6335,7.16636,-19.04395,13.41863,4.23044,1.27278,-0.35328,83.58121,-7.718232,-0.699123,0.410074,,,,,,,,,,,,-2.66689,8.58961,-0.54832,50,6.33324,3.24135,-131.26377,-9.86581,-4.68557,25.96426,-17.08253,CUP_POL2,CUP_POL11,LAV,Diamond Solutions,DIA,20260319-LAV-1,d52a8970-2395-11f1-847e-e76328223677,91.91608,,,6.76767,,,,,,,466b64ac-6fa4-469b-a791-4c8bbffd9b8d,2026/3/19,16:25.3,2026-03-19T09:16:25.3320000-04:00,2026-03-19T13:16:25.3320000Z,,v3,,,,"Lopez, Daniel",1000237872,Right,CUP_POL2,f5f9f6f0-33a3-4a25-8d9e-f1f7374ec09b,53.33748,-131.92228,12.98213,6.57796,-9.43257,-8.54127,-0.63203,3.36018,-2.34279,,,,,,,,,,,,,,,,,,,,,,,,,,,,,,,,,,,,,,,,,,,,,,,,,,,High,High,High,,,,,,,,
14,2026/3/19,16:47.2,4,4,"Bermudez, Jassel",1000286625,Right,CUP_POL2,"Heureaux, Hector",1000441825,Right,CUP_POL11,Undefined,1,Top,2,2,1,Fastball,Four-Seam,StrikeSwinging,Undefined,Undefined,Undefined,0,0,,90.42343,-4.281718,-1.193879,2374.95534,184.786829,12:15,6.56963,0.47422,7.13963,-21.29312,11.34638,0.86516,0.90459,-0.53641,83.28952,-8.316506,-1.034704,0.411191,,,,,,,,,,,,-0.79949,7.60414,-0.40421,50,6.31041,2.70689,-131.2999,-10.37367,-1.39618,27.70547,-18.89475,CUP_POL2,CUP_POL11,LAV,Diamond Solutions,DIA,20260319-LAV-1,e227bb70-2395-11f1-847e-e76328223677,91.66655,,,7.13392,,,,,,,466b64ac-6fa4-469b-a791-4c8bbffd9b8d,2026/3/19,16:47.2,2026-03-19T09:16:47.1600000-04:00,2026-03-19T13:16:47.1600000Z,,v3,,,,"Lopez, Daniel",1000237872,Right,CUP_POL2,a9cef1ee-87e2-46b7-a3eb-d9eed6a60bcc,53.36423,-132.00787,13.85274,6.56932,-9.89084,-9.44738,-0.47384,2.74256,-0.69809,,,,,,,,,,,,,,,,,,,,,,,,,,,,,,,,,,,,,,,,,,,,,,,,,,,High,High,High,,,,,,,,
15,2026/3/19,17:11.8,4,5,"Bermudez, Jassel",1000286625,Right,CUP_POL2,"Heureaux, Hector",1000441825,Right,CUP_POL11,Undefined,1,Top,2,2,2,Slider,Curveball,StrikeSwinging,Strikeout,Undefined,Undefined,0,0,,81.34669,-1.42285,-1.044225,2509.285817,1.524807,6:00,6.51301,0.4422,6.51318,-44.48128,-3.57248,-0.12591,1.5,-0.52668,75.67536,-9.627721,-1.067161,0.460341,,,,,,,,,,,,-0.20626,-1.20122,-0.36929,50,6.39435,2.16239,-118.40158,-4.25263,-0.29452,21.37678,-33.88915,CUP_POL2,CUP_POL11,LAV,Diamond Solutions,DIA,20260319-LAV-1,f0ed2a50-2395-11f1-847e-e76328223677,81.87934,,,5.67133,,,,,,,466b64ac-6fa4-469b-a791-4c8bbffd9b8d,2026/3/19,17:11.8,2026-03-19T09:17:11.8410000-04:00,2026-03-19T13:17:11.8410000Z,,v3,,,,"Lopez, Daniel",1000237872,Right,CUP_POL2,ed4aee80-1f57-401e-9f40-b4032a6c277f,53.99258,-119.12023,10.68839,6.51816,-3.11332,-16.94457,-0.44216,2.17229,-0.14726,,,,,,,,,,,,,,,,,,,,,,,,,,,,,,,,,,,,,,,,,,,,,,,,,,,High,High,High,,,,,,,,
16,2026/3/19,19:47.2,1,1,"Uscanga, Cesar Alexander",1000412614,Right,CUP_POL11,"Santana, Elian",1000239831,Right,CUP_POL2,Undefined,1,Bottom,0,0,0,Fastball,Cutter,BallCalled,Undefined,Undefined,Undefined,0,0,,84.42639,0.12289,-1.550801,2177.469661,186.808382,12:15,6.12584,1.08968,6.5945,-24.67131,13.46953,1.46575,4.18254,-0.20949,77.19688,-4.564446,-1.284369,0.444495,,,,,,,,,,,,-1.19756,7.41138,-0.98419,50,6.12378,3.26823,-122.72757,-0.39468,-1.82576,24.38138,-20.8749,CUP_POL2,CUP_POL11,LAV,Diamond Solutions,DIA,20260319-LAV-1,4d871140-2396-11f1-847e-e76328223677,84.79841,,,7.22951,,,,,,,466b64ac-6fa4-469b-a791-4c8bbffd9b8d,2026/3/19,19:47.2,2026-03-19T09:19:47.2202752-04:00,2026-03-19T13:19:47.2202752Z,,v3,,,,"Gutierrez Cortes, Kevin",1000490424,Right,CUP_POL11,0873fb12-6d32-475c-a804-deae07bd9753,53.90574,-123.50105,12.19069,6.1258,0.26756,-10.43745,-1.08879,3.32615,-0.91288,,,,,,,,,,,,,,,,,,,,,,,,,,,,,,,,,,,,,,,,,,,,,,,,,,,High,High,High,,,,,,,,
17,2026/3/19,19:58.8,1,2,"Uscanga, Cesar Alexander",1000412614,Right,CUP_POL11,"Santana, Elian",1000239831,Right,CUP_POL2,Undefined,1,Bottom,0,1,0,Fastball,Changeup,BallCalled,Undefined,Undefined,Undefined,0,0,,83.1798,0.020129,-0.077238,2175.623748,214.837193,1:15,5.84997,1.4983,6.75947,-28.13907,10.52863,6.56437,3.52344,1.97478,76.83105,-5.292113,1.120877,0.447554,,,,,,,,,,,,-3.57725,5.88614,-1.49587,50,5.84016,-0.04612,-121.16946,-0.69711,-5.3539,22.19243,-23.36452,CUP_POL2,CUP_POL11,LAV,Diamond Solutions,DIA,20260319-LAV-1,546dbae0-2396-11f1-847e-e76328223677,84.21872,,,6.34874,,,,,,,466b64ac-6fa4-469b-a791-4c8bbffd9b8d,2026/3/19,19:58.8,2026-03-19T09:19:58.8090880-04:00,2026-03-19T13:19:58.8090880Z,,v3,,,,"Gutierrez Cortes, Kevin",1000490424,Right,CUP_POL11,ce739f0b-9899-4613-af5b-14c5e3506ec3,53.74664,-121.85373,11.09622,5.85055,0.0233,-11.68226,-1.49699,0.11896,-2.67695,,,,,,,,,,,,,,,,,,,,,,,,,,,,,,,,,,,,,,,,,,,,,,,,,,,High,High,High,,,,,,,,
18,2026/3/19,20:13.6,1,3,"Uscanga, Cesar Alexander",1000412614,Right,CUP_POL11,"Santana, Elian",1000239831,Right,CUP_POL2,Undefined,1,Bottom,0,2,0,Fastball,Slider,BallCalled,Undefined,Undefined,Undefined,0,0,,82.70193,-0.035366,-0.68953,2097.934242,208.292176,1:00,5.98535,1.51145,6.88481,-28.46754,10.69764,5.11906,3.58083,1.3097,75.94724,-5.43615,0.247002,0.450424,,,,,,,,,,,,-2.88563,6.08193,-1.46921,50,5.97295,1.27047,-120.34766,-0.80522,-4.24197,22.84644,-23.23347,CUP_POL2,CUP_POL11,LAV,Diamond Solutions,DIA,20260319-LAV-1,5d4f7130-2396-11f1-847e-e76328223677,83.68217,,,6.7547,,,,,,,466b64ac-6fa4-469b-a791-4c8bbffd9b8d,2026/3/19,20:13.6,2026-03-19T09:20:13.6265728-04:00,2026-03-19T13:20:13.6265728Z,,v3,,,,"Gutierrez Cortes, Kevin",1000490424,Right,CUP_POL11,5c4940ab-7156-487d-a9b0-46645658b14f,53.61604,-121.03217,11.42322,5.98664,-0.10911,-11.61673,-1.50918,1.39757,-2.12098,,,,,,,,,,,,,,,,,,,,,,,,,,,,,,,,,,,,,,,,,,,,,,,,,,,High,High,High,,,,,,,,
19,2026/3/19,20:30.2,1,4,"Uscanga, Cesar Alexander",1000412614,Right,CUP_POL11,"Santana, Elian",1000239831,Right,CUP_POL2,Undefined,1,Bottom,0,3,0,Fastball,Changeup,FoulBallNotFieldable,Undefined,Undefined,Undefined,0,0,,82.30658,-1.811274,-1.893566,2112.066825,209.90116,1:00,5.94861,1.42588,6.77078,-27.87876,11.69749,6.06457,1.96986,0.20142,76.15946,-7.060507,-0.786488,0.452782,92.41379,-37.067565,-92.512941,,,,,3.56219,2.25199,-53.658895,0.025773,-3.73681,7.01989,-1.30448,50,5.81941,3.76084,-119.74223,-4.51152,-5.46378,21.59286,-21.90998,CUP_POL2,CUP_POL11,LAV,Diamond Solutions,DIA,20260319-LAV-1,67276e60-2396-11f1-847e-e76328223677,83.24642,2.10928,,6.14712,,,,2.23335,2.10928,-0.07979,466b64ac-6fa4-469b-a791-4c8bbffd9b8d,2026/3/19,20:30.2,2026-03-19T09:20:30.2306304-04:00,2026-03-19T13:20:30.2306304Z,GroundBall,v3,,,,"Gutierrez Cortes, Kevin",1000490424,Right,CUP_POL11,f0693331-3e0c-4794-b6f2-a69c176ae9b1,53.73373,-120.41365,10.79643,5.9491,-3.83025,-10.95499,-1.42407,3.93073,-2.73189,,2.23338,-4.75018,,,,,,,,2.10988,-81.84064,,,,,,,,-0.079,-108.23596,,,,,,,,,,,,,,,,,,,,,,,,,,,,,,High,High,High,Low,Low,,,,,,
20,2026/3/19,20:52.1,1,5,"Uscanga, Cesar Alexander",1000412614,Right,CUP_POL11,"Santana, Elian",1000239831,Right,CUP_POL2,Undefined,1,Bottom,0,3,1,Fastball,Changeup,BallCalled,Walk,Undefined,Undefined,0,0,,83.07343,1.015064,-1.762165,2132.02317,211.030374,1:00,5.90615,1.57486,6.63602,-26.59761,12.66225,6.89709,4.61956,0.53574,76.04131,-4.032389,-0.507808,0.450968,,,,,,,,,,,,-4.07795,6.76213,-1.45799,50,5.96383,3.46412,-120.7641,1.43692,-6.03443,23.07231,-22.1677,CUP_POL2,CUP_POL11,LAV,Diamond Solutions,DIA,20260319-LAV-1,74336d70-2396-11f1-847e-e76328223677,83.58116,,,7.03212,,,,,,,466b64ac-6fa4-469b-a791-4c8bbffd9b8d,2026/3/19,20:52.1,2026-03-19T09:20:52.1150976-04:00,2026-03-19T13:20:52.1150976Z,,v3,,,,"Gutierrez Cortes, Kevin",1000490424,Right,CUP_POL11,86f3cf3a-0006-4f3f-b1ee-c50f081a9f14,53.86449,-121.50017,11.53616,5.90671,2.14414,-11.08385,-1.57157,3.65663,-3.01721,,,,,,,,,,,,,,,,,,,,,,,,,,,,,,,,,,,,,,,,,,,,,,,,,,,High,High,High,,,,,,,,
21,2026/3/19,21:25.6,2,1,"Uscanga, Cesar Alexander",1000412614,Right,CUP_POL11,"Javier, Yeuri",1000440210,Right,CUP_POL2,Undefined,1,Bottom,0,0,0,Fastball,Changeup,InPlay,Undefined,FlyBall,Out,1,0,,85.50883,-1.507408,-2.265073,2180.508799,221.498736,1:30,5.9406,1.43549,6.65609,-22.73257,14.22934,11.59619,2.66524,0.32774,78.63821,-5.820681,-0.154343,0.437571,80.43676,29.54094,-6.687951,2569.937922,109.25266,51.56017,-12.79651,299.84225,295.15808,-6.083735,4.268943,-6.74792,8.25796,-1.28744,50,5.82966,4.50556,-124.32596,-3.87471,-10.60142,24.04702,-19.20024,CUP_POL2,CUP_POL11,LAV,Diamond Solutions,DIA,20260319-LAV-1,883a3a60-2396-11f1-847e-e76328223677,86.14013,60.05872,,6.87062,,,,1.23956,2.67285,-0.32705,466b64ac-6fa4-469b-a791-4c8bbffd9b8d,2026/3/19,21:25.6,2026-03-19T09:21:25.6118784-04:00,2026-03-19T13:21:25.6118784Z,LineDrive,v3,,,,"Gutierrez Cortes, Kevin",1000490424,Right,CUP_POL11,aae5cb28-3ee3-43e0-b2d0-3329ca8beb72,53.84749,-125.06792,12.02351,5.94008,-3.2823,-9.60012,-1.4315,4.83266,-5.30071,180.507899,1.23957,101.94208,-15.45174,3.49667,-0.74617,0.17121,-0.03755,0.00546,-0.00034,2.67348,58.14552,-15.78443,0.47079,0.17264,-0.13826,0.04524,-0.007,0.00042,-0.32702,-11.95437,1.88998,-0.35984,0.08229,-0.02495,0.00698,-0.00112,7.00E-05,,,,,,,,,,,,,,,,,,,,,,,High,High,High,High,High,,,,57.26837,11.20791,-7.90801
22,2026/3/19,21:56.0,3,1,"Uscanga, Cesar Alexander",1000412614,Right,CUP_POL11,"Merete, Jensy",1000442824,Left,CUP_POL2,Undefined,1,Bottom,1,0,0,Fastball,Cutter,FoulBallNotFieldable,Undefined,Undefined,Undefined,0,0,L,84.24153,-0.671229,-1.585824,2123.063669,201.605591,12:45,5.90685,1.09435,6.66707,-25.01742,12.97513,4.69138,3.20762,0.03387,77.5355,-5.407989,-0.731517,0.44363,63.47941,59.315513,-147.473369,5049.756381,,,,,18.83702,,,-2.90354,7.37583,-0.9897,50,5.85153,3.22882,-122.56037,-2.10053,-4.43705,23.1629,-20.90271,CUP_POL2,CUP_POL11,LAV,Diamond Solutions,DIA,20260319-LAV-1,9a44e930-2396-11f1-847e-e76328223677,84.96376,31.09374,,6.70603,,,,0.90778,3.17979,0.08175,466b64ac-6fa4-469b-a791-4c8bbffd9b8d,2026/3/19,21:56.0,2026-03-19T09:21:55.9650000-04:00,2026-03-19T13:21:55.9650000Z,,v3,,,,"Gutierrez Cortes, Kevin",1000490424,Right,CUP_POL11,24f436a1-a8cc-4aba-95ec-46684f0441a1,53.83597,-123.2832,11.58145,5.9069,-1.44823,-10.45136,-1.09262,3.36728,-2.21852,24.42047,0.92012,-40.46281,-2.59594,,,,,,,3.20006,79.41663,-30.75473,,,,,,,0.07135,-25.21147,7.81788,,,,,,,,,,,,,,,,,,,,,,,,,,,,,High,High,High,High,Undefined,,,,63.88978,15.66729,8.39313
23,2026/3/19,22:14.9,3,2,"Uscanga, Cesar Alexander",1000412614,Right,CUP_POL11,"Merete, Jensy",1000442824,Left,CUP_POL2,Undefined,1,Bottom,1,0,1,Fastball,Four-Seam,BallCalled,Undefined,Undefined,Undefined,0,0,,85.45934,-2.854655,-2.265801,2184.890531,210.644233,1:00,5.81192,1.3638,6.74302,-22.07832,14.74961,8.09213,1.35959,-0.03318,78.97824,-7.032199,-0.7902,0.436777,,,,,,,,,,,,-4.88276,8.89056,-1.21762,50,5.61509,4.63176,-124.18636,-6.76754,-7.68117,23.16182,-18.1881,CUP_POL2,CUP_POL11,LAV,Diamond Solutions,DIA,20260319-LAV-1,a58f6220-2396-11f1-847e-e76328223677,86.29671,,,6.4811,,,,,,,466b64ac-6fa4-469b-a791-4c8bbffd9b8d,2026/3/19,22:14.9,2026-03-19T09:22:14.8981760-04:00,2026-03-19T13:22:14.8981760Z,,v3,,,,"Gutierrez Cortes, Kevin",1000490424,Right,CUP_POL11,fc78300a-dddd-43a3-86b1-4ca525480057,53.76059,-124.88577,11.58091,5.81116,-6.21832,-9.09405,-1.36098,4.8637,-3.84058,,,,,,,,,,,,,,,,,,,,,,,,,,,,,,,,,,,,,,,,,,,,,,,,,,,High,High,High,,,,,,,,
24,2026/3/19,22:30.2,3,3,"Uscanga, Cesar Alexander",1000412614,Right,CUP_POL11,"Merete, Jensy",1000442824,Left,CUP_POL2,Undefined,1,Bottom,1,1,1,Curveball,Curveball,InPlay,Undefined,GroundBall,Out,1,0,,71.47984,1.562914,-0.197059,2222.099275,22.641301,6:45,5.91538,1.43513,6.24189,-63.47681,-9.69607,-4.71012,2.0677,0.86084,66.22104,-10.111307,-1.050272,0.527819,72.75898,-19.508813,40.199939,,,,,7.18984,5.85048,24.692043,0.060319,2.40917,-5.08418,-1.4181,50,6.00022,0.50553,-104.00568,1.09072,2.63919,17.42449,-37.74365,CUP_POL2,CUP_POL11,LAV,Diamond Solutions,DIA,20260319-LAV-1,aeb8a8c0-2396-11f1-847e-e76328223677,71.41171,2.15564,,5.2588,,,,1.88523,2.15564,-0.9237,466b64ac-6fa4-469b-a791-4c8bbffd9b8d,2026/3/19,22:30.2,2026-03-19T09:22:30.1982208-04:00,2026-03-19T13:22:30.1982208Z,GroundBall,v3,,,,"Gutierrez Cortes, Kevin",1000490424,Right,CUP_POL11,5e5f368d-6a77-4cbf-b1ff-01f9b39bffa7,54.2653,-104.71782,8.71224,5.92411,2.63331,-18.87183,-1.43656,0.39767,1.3196,180,1.88313,77.04431,,,,,,,,2.15661,-35.73747,,,,,,,,-0.92548,65.10735,,,,,,,,,,,,,,,,,,,,,,,,,,,,,,High,High,High,Low,Low,,,,,,
25,2026/3/19,23:08.0,4,1,"Uscanga, Cesar Alexander",1000412614,Right,CUP_POL11,"Alvarado, Jesus",1000373354,Right,CUP_POL2,Undefined,1,Bottom,2,0,0,Curveball,Curveball,BallCalled,Undefined,Undefined,Undefined,0,0,,72.25656,2.757581,-0.100415,2366.153763,39.158925,7:15,5.95996,1.58847,6.1875,-62.05712,-9.16071,-8.76792,3.33681,0.7651,66.54127,-8.678596,-1.684463,0.523461,,,,,,,,,,,,4.4778,-4.92453,-1.57677,50,6.13761,0.4786,-105.01315,3.27713,4.9964,17.91029,-37.66891,CUP_POL2,CUP_POL11,LAV,Diamond Solutions,DIA,20260319-LAV-1,c5450f20-2396-11f1-847e-e76328223677,72.00618,,,5.71529,,,,,,,466b64ac-6fa4-469b-a791-4c8bbffd9b8d,2026/3/19,23:08.0,2026-03-19T09:23:08.0393728-04:00,2026-03-19T13:23:08.0393728Z,,v3,,,,"Gutierrez Cortes, Kevin",1000490424,Right,CUP_POL11,ce530850-426b-46c2-88e4-9156d4888a82,54.31829,-105.74708,8.95515,5.97169,4.82073,-18.83445,-1.59219,0.27385,2.4982,,,,,,,,,,,,,,,,,,,,,,,,,,,,,,,,,,,,,,,,,,,,,,,,,,,High,High,High,,,,,,,,
26,2026/3/19,23:23.5,4,2,"Uscanga, Cesar Alexander",1000412614,Right,CUP_POL11,"Alvarado, Jesus",1000373354,Right,CUP_POL2,Undefined,1,Bottom,2,1,0,Slider,Curveball,BallCalled,Undefined,Undefined,Undefined,0,0,,73.1796,3.016536,0.675301,2195.737357,58.865864,8:00,5.84054,1.56468,6.12039,-54.24672,-2.60988,-6.88725,4.11172,1.61513,67.25521,-7.007115,-0.565947,0.517191,,,,,,,,,,,,3.71008,-1.61248,-1.61305,50,6.04414,-1.01589,-106.28145,4.03683,4.2539,17.80238,-34.02287,CUP_POL2,CUP_POL11,LAV,Diamond Solutions,DIA,20260319-LAV-1,ce79c770-2396-11f1-847e-e76328223677,72.87909,,,5.92439,,,,,,,466b64ac-6fa4-469b-a791-4c8bbffd9b8d,2026/3/19,23:23.5,2026-03-19T09:23:23.4967552-04:00,2026-03-19T13:23:23.4967552Z,,v3,,,,"Gutierrez Cortes, Kevin",1000490424,Right,CUP_POL11,fb501bad-abf3-4c8c-87ed-936b8a848e32,54.38314,-107.01312,8.90119,5.84949,5.43515,-17.01144,-1.56771,-1.19072,2.12695,,,,,,,,,,,,,,,,,,,,,,,,,,,,,,,,,,,,,,,,,,,,,,,,,,,High,High,High,,,,,,,,
27,2026/3/19,23:41.4,4,3,"Uscanga, Cesar Alexander",1000412614,Right,CUP_POL11,"Alvarado, Jesus",1000373354,Right,CUP_POL2,Undefined,1,Bottom,2,2,0,Fastball,Changeup,InPlay,Undefined,LineDrive,Double,0,1,,83.75761,-0.642909,-1.372578,2134.134946,208.697819,1:00,5.7569,1.37453,7.09178,-24.07131,13.91257,6.96618,3.16726,0.70906,76.71397,-5.257356,-0.093525,0.443579,67.10765,20.408972,-28.877583,1778.443455,97.02884,21.88339,-51.82086,187.55446,187.55446,-28.177996,2.467283,-4.14429,8.0078,-1.29452,50,5.71057,2.69538,-121.90408,-1.93184,-6.2273,24.28656,-20.14136,CUP_POL2,CUP_POL11,LAV,Diamond Solutions,DIA,20260319-LAV-1,d916e960-2396-11f1-847e-e76328223677,84.97345,22.29078,,7.04363,,,,2.067,2.99205,-0.44782,466b64ac-6fa4-469b-a791-4c8bbffd9b8d,2026/3/19,23:41.4,2026-03-19T09:23:41.4029824-04:00,2026-03-19T13:23:41.4029824Z,LineDrive,v3,,,,"Gutierrez Cortes, Kevin",1000490424,Right,CUP_POL11,11293781-a7fa-4e4d-b149-dd77194ba94e,53.41133,-122.58183,12.14328,5.75664,-1.36977,-10.07068,-1.37217,2.86916,-3.11365,,2.06694,80.77902,-8.72386,1.74094,-0.47732,0.21463,-0.09341,0.02415,-0.00247,2.99211,34.31883,-15.97096,0.58399,0.14037,-0.15407,0.07695,-0.01705,0.00131,-0.44779,-44.55124,6.0096,-1.65981,0.48689,-0.17285,0.0649,-0.01604,0.0016,,,,,,,,,,,,,,,,,,,,,,,High,High,High,High,High,,,,,,
28,2026/3/19,24:54.9,5,1,"Uscanga, Cesar Alexander",1000412614,Right,CUP_POL11,"Lopez, Daniel",1000237872,Right,CUP_POL2,Undefined,1,Bottom,2,0,0,ChangeUp,Changeup,BallinDirt,Undefined,Undefined,Undefined,0,0,,80.08986,-2.900785,-3.945741,1836.95183,234.017294,1:45,5.832,1.71911,6.44976,-33.21329,9.51552,11.27556,0.39035,-0.97238,73.9653,-9.074563,-1.9034,0.47047,,,,,,,,,,,,-6.95567,6.18158,-1.44372,50,5.61091,7.61521,-116.0976,-6.82016,-9.52403,21.08025,-23.70996,CUP_POL2,CUP_POL11,LAV,Diamond Solutions,DIA,20260319-LAV-1,04ec39a0-2397-11f1-847e-e76328223677,80.11661,,,6.12455,,,,,,,466b64ac-6fa4-469b-a791-4c8bbffd9b8d,2026/3/19,24:54.9,2026-03-19T09:24:54.8779008-04:00,2026-03-19T13:24:54.8779008Z,,v3,,,,"Gutierrez Cortes, Kevin",1000490424,Right,CUP_POL11,8eddd8e4-79c8-4355-ad65-9fb524773342,54.05293,-116.83118,10.54013,5.83389,-5.99506,-11.85498,-1.71449,7.94664,-4.76201,,,,,,,,,,,,,,,,,,,,,,,,,,,,,,,,,,,,,,,,,,,,,,,,,,,High,High,High,,,,,,,,
29,2026/3/19,25:12.1,5,2,"Uscanga, Cesar Alexander",1000412614,Right,CUP_POL11,"Lopez, Daniel",1000237872,Right,CUP_POL2,Undefined,1,Bottom,2,1,0,Fastball,Cutter,InPlay,Undefined,GroundBall,Out,1,0,,84.57031,-2.030063,-1.507078,2156.829217,201.399473,12:45,5.85237,1.49106,6.8635,-25.09143,12.25323,4.37658,1.90943,0.48162,78.21817,-6.772068,-0.706624,0.439831,46.99557,-55.230347,-48.982987,,,,,3.46857,2.51085,-25.777599,0.035208,-2.7374,7.38142,-1.3966,50,5.71371,3.09239,-123.05727,-5.00975,-4.22741,22.79292,-20.77492,CUP_POL2,CUP_POL11,LAV,Diamond Solutions,DIA,20260319-LAV-1,0f332540-2397-11f1-847e-e76328223677,85.69757,2.00667,,6.35214,,,,2.20914,2.00667,-0.4573,466b64ac-6fa4-469b-a791-4c8bbffd9b8d,2026/3/19,25:12.2,2026-03-19T09:25:12.1585664-04:00,2026-03-19T13:25:12.1585664Z,GroundBall,v3,,,,"Gutierrez Cortes, Kevin",1000490424,Right,CUP_POL11,b02e3eeb-8747-4912-b21e-2aa54ecb20bd,53.64081,-123.72979,11.39646,5.85248,-4.39677,-10.38746,-1.48969,3.21712,-2.1137,,2.20818,25.96765,,,,,,,,2.0088,-56.99492,,,,,,,,-0.45618,-29.85445,,,,,,,,,,,,,,,,,,,,,,,,,,,,,,High,High,High,Low,Low,,,,70.54388,-6.62921,-0.98124
30,2026/3/19,28:07.1,1,1,"Bermudez, Jassel",1000286625,Right,CUP_POL2,"Gonzalez, Javier",1000297334,Right,CUP_POL11,Undefined,2,Top,0,0,0,Fastball,Slider,FoulBallNotFieldable,Undefined,Undefined,Undefined,0,0,,88.915,-2.60046,-0.526155,2329.694799,168.009749,11:30,6.64373,0.73456,6.73141,-25.65391,8.30701,-1.55669,2.12763,0.12398,82.334,-7.40772,-0.810417,0.419432,,,,,,,,,,,,0.69713,5.35965,-0.69927,50,6.46192,1.24309,-129.35407,-6.61276,1.18964,25.17272,-23.02794,CUP_POL2,CUP_POL11,LAV,Diamond Solutions,DIA,20260319-LAV-1,7772eb90-2397-11f1-847e-e76328223677,89.86554,,,6.58099,,,,,,,466b64ac-6fa4-469b-a791-4c8bbffd9b8d,2026/3/19,28:07.1,2026-03-19T09:28:07.1170000-04:00,2026-03-19T13:28:07.1170000Z,,v3,,,,"Lopez, Daniel",1000237872,Right,CUP_POL2,120edb34-18a0-4383-9077-c384168318f2,53.77332,-130.0863,12.58636,6.64453,-5.94292,-11.51397,-0.73493,1.20849,0.59482,,,,,,,,,,,,,,,,,,,,,,,,,,,,,,,,,,,,,,,,,,,,,,,,,,,High,High,High,,,,,,,,
31,2026/3/19,28:29.5,1,2,"Bermudez, Jassel",1000286625,Right,CUP_POL2,"Gonzalez, Javier",1000297334,Right,CUP_POL11,Undefined,2,Top,0,0,1,Fastball,Four-Seam,StrikeSwinging,Undefined,Undefined,Undefined,0,0,,90.60864,-1.644513,-0.693679,2387.457146,180.86753,12:00,6.6187,0.48967,7.09869,-17.57304,14.54056,0.20657,3.6614,-0.12265,83.82414,-5.014825,-0.655737,0.407865,,,,,,,,,,,,-0.28177,8.49237,-0.44841,50,6.51464,1.59025,-131.95117,-4.21021,-0.50218,25.21795,-17.03879,CUP_POL2,CUP_POL11,LAV,Diamond Solutions,DIA,20260319-LAV-1,84d08d10-2397-11f1-847e-e76328223677,92.41412,,,6.7845,,,,,,,466b64ac-6fa4-469b-a791-4c8bbffd9b8d,2026/3/19,28:29.5,2026-03-19T09:28:29.4810000-04:00,2026-03-19T13:28:29.4810000Z,,v3,,,,"Lopez, Daniel",1000237872,Right,CUP_POL2,7adf86ff-1b3f-4aed-ba17-e31311e919ab,53.40408,-132.60014,12.60898,6.61735,-3.77172,-8.51939,-0.4895,1.60317,-0.25109,,,,,,,,,,,,,,,,,,,,,,,,,,,,,,,,,,,,,,,,,,,,,,,,,,,High,High,High,,,,,,,,
32,2026/3/19,28:47.7,1,3,"Bermudez, Jassel",1000286625,Right,CUP_POL2,"Gonzalez, Javier",1000297334,Right,CUP_POL11,Undefined,2,Top,0,0,2,Slider,Slider,InPlay,Undefined,GroundBall,Out,1,0,,85.22132,0.343252,0.822889,2559.906946,72.619343,8:30,6.45717,0.65108,6.53898,-37.20837,0.25185,-2.87063,3.67136,1.16671,78.21286,-6.59813,0.300817,0.440511,39.37028,-53.556168,44.655861,,,,,2.17758,2.17757,17.639552,0.074787,1.73622,0.39386,-0.70699,50,6.46531,-1.67499,-123.97446,-0.39595,2.70044,24.93137,-31.56145,CUP_POL2,CUP_POL11,LAV,Diamond Solutions,DIA,20260319-LAV-1,8fab2d30-2397-11f1-847e-e76328223677,85.5653,3.53116,,7.00846,,,,0.22031,3.53116,-1.17286,466b64ac-6fa4-469b-a791-4c8bbffd9b8d,2026/3/19,28:47.7,2026-03-19T09:28:47.6920000-04:00,2026-03-19T13:28:47.6920000Z,GroundBall,v3,,,,"Lopez, Daniel",1000237872,Right,CUP_POL2,038411fe-8095-4382-96f1-ecca45fd57c5,53.96423,-124.76912,12.46569,6.4619,0.61004,-15.78073,-0.65223,-1.76107,1.35022,,0.21547,24.80223,,,,,,,,3.54038,-47.21658,,,,,,,,-1.17764,24.50606,,,,,,,,,,,,,,,,,,,,,,,,,,,,,,High,High,High,Estimated,Estimated,,,,57.70813,-5.84858,14.54023
33,2026/3/19,29:31.2,2,1,"Bermudez, Jassel",1000286625,Right,CUP_POL2,"Castillo, Jeans",1000329632,Right,CUP_POL11,Undefined,2,Top,1,0,0,ChangeUp,Four-Seam,HitByPitch,Undefined,Undefined,Undefined,0,0,,86.11938,-1.129024,0.85428,1870.115801,202.285324,12:45,6.68677,0.67093,6.67325,-23.42493,12.53406,4.74866,3.70149,1.84829,80.13557,-5.539937,1.71939,0.431594,,,,,,,,,,,,-2.33327,7.19563,-0.73,50,6.60143,-2.03441,-125.44549,-3.11202,-3.77595,21.67078,-20.52921,CUP_POL2,CUP_POL11,LAV,Diamond Solutions,DIA,20260319-LAV-1,a998e700-2397-11f1-847e-e76328223677,87.33314,,,5.98381,,,,,,,466b64ac-6fa4-469b-a791-4c8bbffd9b8d,2026/3/19,29:31.2,2026-03-19T09:29:31.2100000-04:00,2026-03-19T13:29:31.2100000Z,,v3,,,,"Lopez, Daniel",1000237872,Right,CUP_POL2,ee23ed89-c47e-486d-a93b-24ac7b3a3056,53.83182,-126.1057,10.83539,6.68672,-2.48659,-10.2646,-0.66978,-1.91938,-1.88798,,,,,,,,,,,,,,,,,,,,,,,,,,,,,,,,,,,,,,,,,,,,,,,,,,,High,High,High,,,,,,,,
34,2026/3/19,30:21.9,3,1,"Bermudez, Jassel",1000286625,Right,CUP_POL2,"Garcia, Geremia",1000328902,Right,CUP_POL11,Undefined,2,Top,1,0,0,Fastball,Four-Seam,BallCalled,Undefined,Undefined,Undefined,0,0,,89.98651,-1.100425,-0.047251,2323.736011,204.795767,12:45,6.63005,0.7075,6.91845,-20.67422,12.2032,5.19973,3.905,1.09779,82.99626,-5.036999,0.904731,0.412686,,,,,,,,,,,,-2.77776,7.08532,-0.70605,50,6.5535,-0.08132,-131.0232,-3.06229,-4.86366,25.80798,-19.76823,CUP_POL2,CUP_POL11,LAV,Diamond Solutions,DIA,20260319-LAV-1,c7db7c00-2397-11f1-847e-e76328223677,91.33432,,,6.99025,,,,,,,466b64ac-6fa4-469b-a791-4c8bbffd9b8d,2026/3/19,30:21.9,2026-03-19T09:30:21.9490000-04:00,2026-03-19T13:30:21.9490000Z,,v3,,,,"Lopez, Daniel",1000237872,Right,CUP_POL2,aaacdbeb-9747-4948-a10e-d826b3cb2796,53.58436,-131.72733,12.90399,6.62969,-2.52294,-9.88412,-0.70564,0.05137,-2.43183,,,,,,,,,,,,,,,,,,,,,,,,,,,,,,,,,,,,,,,,,,,,,,,,,,,High,High,High,,,,,,,,
35,2026/3/19,30:46.4,3,2,"Bermudez, Jassel",1000286625,Right,CUP_POL2,"Garcia, Geremia",1000328902,Right,CUP_POL11,Undefined,2,Top,1,1,0,Fastball,Four-Seam,StrikeCalled,Undefined,Undefined,Undefined,0,0,,89.59925,-2.758837,0.004497,2357.254617,192.719869,12:30,6.64143,0.57719,7.01677,-18.35092,14.68068,3.10004,2.60271,0.83962,82.90495,-6.261215,0.573228,0.413653,,,,,,,,,,,,-1.65492,8.84882,-0.5783,50,6.46653,-0.12015,-130.37105,-6.73234,-2.87514,24.98515,-16.80072,CUP_POL2,CUP_POL11,LAV,Diamond Solutions,DIA,20260319-LAV-1,d675e340-2397-11f1-847e-e76328223677,91.12093,,,6.69429,,,,,,,466b64ac-6fa4-469b-a791-4c8bbffd9b8d,2026/3/19,30:46.4,2026-03-19T09:30:46.4480000-04:00,2026-03-19T13:30:46.4480000Z,,v3,,,,"Lopez, Daniel",1000237872,Right,CUP_POL2,2a12d059-ab9e-4a83-829c-ebbedf6bbde2,53.4862,-131.03746,12.49258,6.64012,-6.28423,-8.40036,-0.57612,-0.04346,-1.43757,,,,,,,,,,,,,,,,,,,,,,,,,,,,,,,,,,,,,,,,,,,,,,,,,,,High,High,High,,,,,,,,
36,2026/3/19,31:06.9,3,3,"Bermudez, Jassel",1000286625,Right,CUP_POL2,"Garcia, Geremia",1000328902,Right,CUP_POL11,Undefined,2,Top,1,1,1,Fastball,Cutter,StrikeSwinging,Undefined,Undefined,Undefined,0,0,Interferencia catcher,89.08032,-2.394558,-0.895611,2408.357927,178.602236,12:00,6.60758,0.36052,7.27493,-18.77517,14.41737,-0.32776,2.8758,-0.47686,82.12263,-6.002885,-0.956024,0.41466,60.70226,48.378828,133.952576,4677.46747,,,,,26.26715,,,-0.0589,8.7326,-0.30987,50,6.46645,2.03781,-129.65086,-5.84974,-0.10077,25.82781,-17.23521,CUP_POL2,CUP_POL11,LAV,Diamond Solutions,DIA,20260319-LAV-1,e2a69d80-2397-11f1-847e-e76328223677,90.89969,26.86525,,6.9577,,,,-0.62085,2.45212,0.80707,466b64ac-6fa4-469b-a791-4c8bbffd9b8d,2026/3/19,31:06.9,2026-03-19T09:31:06.9210000-04:00,2026-03-19T13:31:06.9210000Z,,v3,,,,"Lopez, Daniel",1000237872,Right,CUP_POL2,1388ce65-28c4-46c4-a332-a65fae66262e,53.22799,-130.29232,12.9139,6.60642,-5.42169,-8.61761,-0.36051,2.04031,-0.05039,,-0.61832,-41.12153,0.2701,,,,,,,2.46124,66.2734,-23.32852,,,,,,,0.80835,42.53246,-3.08523,,,,,,,,,,,,,,,,,,,,,,,,,,,,,High,High,High,High,Undefined,,,,51.18363,7.41798,-6.33773
37,2026/3/19,31:55.5,3,4,"Bermudez, Jassel",1000286625,Right,CUP_POL2,"Reina, Nicolas",1000540213,Right,CUP_POL11,Undefined,2,Top,1,0,0,Fastball,Four-Seam,BallCalled,Undefined,Undefined,Undefined,0,0,,90.05962,-1.080915,-0.384751,2370.759025,187.763915,12:15,6.53578,0.77185,6.92119,-20.38096,12.52745,1.57469,3.85297,0.55272,82.83187,-4.970355,-0.096458,0.412881,,,,,,,,,,,,-0.93626,7.26367,-0.74818,50,6.46061,0.82196,-131.08473,-3.00601,-1.63669,26.50052,-19.47654,CUP_POL2,CUP_POL11,LAV,Diamond Solutions,DIA,20260319-LAV-1,ff9c6730-2397-11f1-847e-e76328223677,91.29131,,,7.22776,,,,,,,466b64ac-6fa4-469b-a791-4c8bbffd9b8d,2026/3/19,31:55.5,2026-03-19T09:31:55.4910000-04:00,2026-03-19T13:31:55.4910000Z,,v3,,,,"Lopez, Daniel",1000237872,Right,CUP_POL2,b9fc9d25-c8c4-48e1-b322-5bfc6f87bc24,53.58062,-131.80661,13.25026,6.53527,-2.47547,-9.73827,-0.77118,0.86654,-0.81835,,,,,,,,,,,,,,,,,,,,,,,,,,,,,,,,,,,,,,,,,,,,,,,,,,,High,High,High,,,,,,,,
38,2026/3/19,32:18.4,3,5,"Bermudez, Jassel",1000286625,Right,CUP_POL2,"Reina, Nicolas",1000540213,Right,CUP_POL11,Undefined,2,Top,1,1,0,Fastball,Cutter,FoulBallNotFieldable,Undefined,Undefined,Undefined,0,0,,89.93979,-2.068893,-0.650502,2333.892871,172.875233,11:45,6.48678,0.55402,7.05936,-22.35852,10.62595,-1.20032,2.74373,-0.1368,82.55743,-6.325746,-0.870931,0.413358,,,,,,,,,,,,0.45161,6.58902,-0.51463,50,6.35483,1.53081,-130.7844,-5.31141,0.78314,27.28358,-20.74857,CUP_POL2,CUP_POL11,LAV,Diamond Solutions,DIA,20260319-LAV-1,0d414ae0-2398-11f1-847e-e76328223677,91.18599,,,7.38235,,,,,,,466b64ac-6fa4-469b-a791-4c8bbffd9b8d,2026/3/19,32:18.4,2026-03-19T09:32:18.4040000-04:00,2026-03-19T13:32:18.4040000Z,,v3,,,,"Lopez, Daniel",1000237872,Right,CUP_POL2,5245d500-805c-4ee9-aafa-e67e17c6e5be,53.4394,-131.49995,13.64179,6.487,-4.76725,-10.37429,-0.5545,1.51027,0.39157,,,,,,,,,,,,,,,,,,,,,,,,,,,,,,,,,,,,,,,,,,,,,,,,,,,High,High,High,,,,,,,,
39,2026/3/19,32:45.5,3,6,"Bermudez, Jassel",1000286625,Right,CUP_POL2,"Reina, Nicolas",1000540213,Right,CUP_POL11,Undefined,2,Top,1,1,1,Curveball,Slider,BallinDirt,Undefined,Undefined,StolenBase,0,0,,82.24379,1.612697,1.276533,2450.865442,352.94996,5:45,6.52302,0.56407,6.65501,-41.7177,-2.21748,0.4013,4.52328,1.76602,76.48701,-6.146558,1.349603,0.452347,,,,,,,,,,,,0.08933,-1.16756,-0.65012,50,6.61531,-2.68278,-119.76362,2.14436,0.1317,19.83835,-33.89558,CUP_POL2,CUP_POL11,LAV,Diamond Solutions,DIA,20260319-LAV-1,1d695700-2398-11f1-847e-e76328223677,83.32646,,,5.75677,,,,,,,466b64ac-6fa4-469b-a791-4c8bbffd9b8d,2026/3/19,32:45.5,2026-03-19T09:32:45.4880000-04:00,2026-03-19T13:32:45.4880000Z,,v3,,,,"Lopez, Daniel",1000237872,Right,CUP_POL2,190e02a7-a1e1-4c43-a9aa-52b391c9af46,53.84976,-120.39962,9.91917,6.52914,3.23103,-16.94779,-0.56404,-2.687,0.06585,,,,,,,,,,,,,,,,,,,,,,,,,,,,,,,,,,,,,,,,,,,,,,,,,,,High,High,High,,,,,,,,
40,2026/3/19,34:13.6,3,7,"Bermudez, Jassel",1000286625,Right,CUP_POL2,"Reina, Nicolas",1000540213,Right,CUP_POL11,Undefined,2,Top,1,2,1,Fastball,Four-Seam,StrikeSwinging,Undefined,Undefined,Undefined,0,0,,88.27221,-1.110054,0.10988,2340.371811,185.706069,12:15,6.53575,0.41074,7.1378,-18.22903,15.5321,1.45807,4.00994,0.63189,81.64893,-4.614179,0.377897,0.418196,,,,,,,,,,,,-0.75358,8.91638,-0.41755,50,6.46415,-0.29693,-128.59118,-2.90979,-1.27572,23.91581,-17.08005,CUP_POL2,CUP_POL11,LAV,Diamond Solutions,DIA,20260319-LAV-1,51e04750-2398-11f1-847e-e76328223677,90.13102,,,6.62328,,,,,,,466b64ac-6fa4-469b-a791-4c8bbffd9b8d,2026/3/19,34:13.6,2026-03-19T09:34:13.5600000-04:00,2026-03-19T13:34:13.5600000Z,,v3,,,,"Lopez, Daniel",1000237872,Right,CUP_POL2,2e9c517d-5763-4611-b8c8-ad12a4def516,53.36485,-129.21547,11.9579,6.53429,-2.46394,-8.54003,-0.41023,-0.26363,-0.63786,,,,,,,,,,,,,,,,,,,,,,,,,,,,,,,,,,,,,,,,,,,,,,,,,,,High,High,High,,,,,,,,
41,2026/3/19,34:40.9,3,8,"Bermudez, Jassel",1000286625,Right,CUP_POL2,"Reina, Nicolas",1000540213,Right,CUP_POL11,Undefined,2,Top,1,2,2,Fastball,Four-Seam,BallCalled,Undefined,Undefined,Undefined,0,0,,89.6915,-3.973922,-1.700119,2310.846422,187.458318,12:15,6.44303,0.33219,7.30483,-17.36796,15.27257,1.87799,1.39638,-1.04847,83.22267,-7.296621,-1.353883,0.411197,,,,,,,,,,,,-1.43658,9.5491,-0.23744,50,6.21486,3.80727,-130.3681,-9.44941,-2.49979,24.55701,-15.5575,CUP_POL2,CUP_POL11,LAV,Diamond Solutions,DIA,20260319-LAV-1,6228fad0-2398-11f1-847e-e76328223677,91.66516,,,6.46883,,,,,,,466b64ac-6fa4-469b-a791-4c8bbffd9b8d,2026/3/19,34:40.9,2026-03-19T09:34:40.8710000-04:00,2026-03-19T13:34:40.8710000Z,,v3,,,,"Lopez, Daniel",1000237872,Right,CUP_POL2,496896f5-a010-4040-af93-7b7b5087ad11,53.19892,-130.96929,12.2785,6.44153,-9.06854,-7.77875,-0.3314,3.86847,-1.2499,,,,,,,,,,,,,,,,,,,,,,,,,,,,,,,,,,,,,,,,,,,,,,,,,,,High,High,High,,,,,,,,
42,2026/3/19,35:04.7,3,9,"Bermudez, Jassel",1000286625,Right,CUP_POL2,"Reina, Nicolas",1000540213,Right,CUP_POL11,Undefined,2,Top,1,3,2,Fastball,Four-Seam,FoulBallNotFieldable,Undefined,Undefined,Undefined,0,0,,89.60138,-3.067751,-0.610884,2380.919537,185.840427,12:15,6.52314,0.47484,7.31238,-17.11745,15.43166,1.48669,2.32138,0.04662,83.21585,-6.352353,-0.336621,0.410621,71.51778,10.111088,166.707554,2841.82705,,,,86.1352,40.84791,169.727514,0.883566,-0.95394,9.39178,-0.44106,50,6.34642,1.34186,-130.43587,-7.37163,-1.66485,24.08537,-15.78307,CUP_POL2,CUP_POL11,LAV,Diamond Solutions,DIA,20260319-LAV-1,705adc40-2398-11f1-847e-e76328223677,91.79373,5.5584,,6.38554,,,,0.77731,2.05755,-0.10972,466b64ac-6fa4-469b-a791-4c8bbffd9b8d,2026/3/19,35:04.7,2026-03-19T09:35:04.6820000-04:00,2026-03-19T13:35:04.6820000Z,GroundBall,v3,,,,"Lopez, Daniel",1000237872,Right,CUP_POL2,69a3303d-7bc3-4061-97dd-5015c930c173,53.19168,-131.0239,12.04268,6.52169,-6.9863,-7.89153,-0.47431,1.3825,-0.83242,319.727385,0.80897,-100.97657,4.64404,,,,,,,2.1006,17.76016,-22.84347,,,,,,,-0.09062,23.44989,-6.77112,,,,,,,,,,,,,,,,,,,,,,,,,,,,,High,High,High,High,Medium,,,,66.41016,-3.89285,12.0337
43,2026/3/19,35:33.9,3,10,"Bermudez, Jassel",1000286625,Right,CUP_POL2,"Reina, Nicolas",1000540213,Right,CUP_POL11,Undefined,2,Top,1,3,2,Fastball,Four-Seam,BallCalled,Walk,Undefined,Undefined,0,0,,89.537,-1.269473,-0.206683,2349.419032,183.956254,12:15,6.5049,0.46649,7.17615,-15.9795,16.90253,1.10307,4.02277,0.37113,82.50412,-4.366798,-0.003788,0.412715,,,,,,,,,,,,-0.6452,9.71634,-0.45471,50,6.42547,0.432,-130.39988,-3.23445,-1.11881,25.60117,-15.32548,CUP_POL2,CUP_POL11,LAV,Diamond Solutions,DIA,20260319-LAV-1,81c9e750-2398-11f1-847e-e76328223677,91.32796,,,7.03288,,,,,,,466b64ac-6fa4-469b-a791-4c8bbffd9b8d,2026/3/19,35:33.9,2026-03-19T09:35:33.9100000-04:00,2026-03-19T13:35:33.9100000Z,,v3,,,,"Lopez, Daniel",1000237872,Right,CUP_POL2,99f7c94c-674b-410b-aa50-54c49f115ed5,53.32637,-131.05131,12.80059,6.50281,-2.84448,-7.66274,-0.46606,0.46047,-0.5594,,,,,,,,,,,,,,,,,,,,,,,,,,,,,,,,,,,,,,,,,,,,,,,,,,,High,High,High,,,,,,,,
44,2026/3/19,36:06.3,4,1,"Bermudez, Jassel",1000286625,Right,CUP_POL2,"Beltran, Jonathan Josue",1000490425,Right,CUP_POL11,Undefined,2,Top,1,0,0,Fastball,Four-Seam,FoulBallNotFieldable,Undefined,Undefined,Undefined,0,0,,89.73344,-2.02603,-0.39227,2357.332538,198.546655,12:30,6.50401,0.45882,7.36573,-19.19958,13.3495,4.15874,3.07409,0.45122,82.75986,-5.718011,0.375802,0.410621,63.57657,-0.863631,-13.551798,,,,,114.2353,10.73363,-15.074629,1.208397,-2.36858,8.07815,-0.43814,50,6.3872,0.75876,-130.68787,-5.06155,-4.1182,26.16573,-18.12865,CUP_POL2,CUP_POL11,LAV,Diamond Solutions,DIA,20260319-LAV-1,951d90e0-2398-11f1-847e-e76328223677,91.79384,1.6963,,6.97358,,,,,,,466b64ac-6fa4-469b-a791-4c8bbffd9b8d,2026/3/19,36:06.3,2026-03-19T09:36:06.3350000-04:00,2026-03-19T13:36:06.3350000Z,GroundBall,v3,,,,"Lopez, Daniel",1000237872,Right,CUP_POL2,9cd959ee-c42b-46e9-82e3-fdfb43525bab,53.13811,-131.31466,13.08287,6.50324,-4.62728,-9.06433,-0.4575,0.85741,-2.0591,180,0.92985,90.52955,,,,,,,,1.69596,-1.40376,,,,,,,,-3.34691,-21.8208,,,,,,,,,,,,,,,,,,,,,,,,,,,,,,High,High,High,Low,Low,,,,,,
45,2026/3/19,36:42.2,4,2,"Bermudez, Jassel",1000286625,Right,CUP_POL2,"Beltran, Jonathan Josue",1000490425,Right,CUP_POL11,Undefined,2,Top,1,0,1,Fastball,Four-Seam,InPlay,Undefined,LineDrive,Single,0,3,,91.29009,-2.35748,-1.381819,2399.791257,192.105485,12:30,6.46477,0.52699,7.05702,-18.25847,13.35422,2.68106,2.80032,-0.50481,84.81954,-5.834526,-0.889827,0.404671,82.13089,16.410058,2.000643,2308.456402,109.74858,23.82818,7.43288,244.9329,244.9329,5.692774,2.759334,-1.77276,8.00371,-0.44446,50,6.31624,3.11303,-132.9164,-5.93687,-3.21668,24.67232,-17.6511,CUP_POL2,CUP_POL11,LAV,Diamond Solutions,DIA,20260319-LAV-1,aa76f580-2398-11f1-847e-e76328223677,93.14339,24.53031,,6.47055,,,,1.24413,2.82503,0.51179,466b64ac-6fa4-469b-a791-4c8bbffd9b8d,2026/3/19,36:42.2,2026-03-19T09:36:42.1620000-04:00,2026-03-19T13:36:42.1620000Z,LineDrive,v3,,,,"Lopez, Daniel",1000237872,Right,CUP_POL2,fd257db5-3143-4f4d-9db7-573c415f06c2,53.44757,-133.55481,12.33616,6.46396,-5.48013,-8.82555,-0.52609,3.19626,-1.60834,208.184112,1.24414,115.48061,-15.24794,2.89791,-0.5208,0.07098,-0.00369,-0.00077,0.00013,2.82502,34.03048,-13.9037,0.4742,-0.04439,0.02343,-0.00937,0.0025,-0.00027,0.51179,4.03322,3.05824,-0.87941,0.21893,-0.04552,0.00776,-0.00098,6.00E-05,,,,,,,,,,,,,,,,,,,,,,,High,High,High,High,High,,,,65.42243,1.63728,-5.37087
46,2026/3/19,37:45.6,5,1,"Bermudez, Jassel",1000286625,Right,CUP_POL2,"Garcia, Yohangel",1000430175,Right,CUP_POL11,Undefined,2,Top,1,0,0,Fastball,Cutter,StrikeSwinging,Undefined,Undefined,Undefined,0,0,,90.29118,-2.326466,-0.798582,2415.975908,171.300164,11:45,6.58825,0.50891,7.21212,-18.91981,13.22942,-1.89008,2.90362,-0.37176,83.83132,-5.938261,-1.146568,0.408091,,,,,,,,,,,,0.82425,7.97662,-0.46253,50,6.44819,1.89797,-131.48139,-5.7984,1.46204,24.40925,-18.02537,CUP_POL2,CUP_POL11,LAV,Diamond Solutions,DIA,20260319-LAV-1,d048d030-2398-11f1-847e-e76328223677,92.36288,,,6.45985,,,,,,,466b64ac-6fa4-469b-a791-4c8bbffd9b8d,2026/3/19,37:45.6,2026-03-19T09:37:45.6110000-04:00,2026-03-19T13:37:45.6110000Z,,v3,,,,"Lopez, Daniel",1000237872,Right,CUP_POL2,ceba17b9-82a7-4115-ba09-5db275803ece,53.29109,-132.09096,12.20463,6.58737,-5.34826,-9.01269,-0.50948,1.86145,0.73102,,,,,,,,,,,,,,,,,,,,,,,,,,,,,,,,,,,,,,,,,,,,,,,,,,,High,High,High,,,,,,,,
47,2026/3/19,38:17.0,5,2,"Bermudez, Jassel",1000286625,Right,CUP_POL2,"Garcia, Yohangel",1000430175,Right,CUP_POL11,Undefined,2,Top,1,0,1,Curveball,Slider,InPlay,Undefined,GroundBall,Triple,0,1,,83.41072,-0.631108,-0.144742,2355.927169,14.278834,6:30,6.44211,0.39583,6.81751,-38.67364,-0.11929,-0.32063,2.64347,0.23705,77.02342,-7.856076,-0.203419,0.446898,120.2414,-8.883261,-67.342592,,,,,21.976,21.976,-55.084681,0.140803,0.13205,0.41595,-0.38639,50,6.38719,0.31752,-121.45486,-2.42554,0.19767,23.33042,-31.55146,CUP_POL2,CUP_POL11,LAV,Diamond Solutions,DIA,20260319-LAV-1,e3014b30-2398-11f1-847e-e76328223677,84.34245,3.84014,,6.3873,,,,,,,466b64ac-6fa4-469b-a791-4c8bbffd9b8d,2026/3/19,38:17.0,2026-03-19T09:38:17.0250000-04:00,2026-03-19T13:38:17.0250000Z,GroundBall,v3,,,,"Lopez, Daniel",1000237872,Right,CUP_POL2,de8223bc-8ec9-457a-8fb1-3c7687372dc7,53.68727,-122.16109,11.66521,6.44615,-1.47045,-15.77573,-0.39591,0.31154,0.09884,180,3.11136,67.2192,,,,,,,,3.84105,-27.27305,,,,,,,,4.65848,-161.02882,,,,,,,,,,,,,,,,,,,,,,,,,,,,,,High,High,High,Low,Low,,,,61.37049,21.70239,-30.04373
48,2026/3/19,39:10.6,6,1,"Bermudez, Jassel",1000286625,Right,CUP_POL2,"Villa Camacho, Leonel",1000358451,Right,CUP_POL11,Undefined,2,Top,1,0,0,Fastball,Four-Seam,StrikeCalled,Undefined,Undefined,Undefined,0,0,,90.66754,-3.337747,-2.06718,2371.564749,207.781457,1:00,6.47885,0.52853,7.02562,-20.13513,12.02308,5.87323,1.76231,-0.86141,84.37175,-7.144608,-0.990085,0.408148,,,,,,,,,,,,-3.63752,7.51461,-0.40439,50,6.26851,4.55253,-131.842,-8.22107,-6.49704,24.15442,-18.75208,CUP_POL2,CUP_POL11,LAV,Diamond Solutions,DIA,20260319-LAV-1,02eed110-2399-11f1-847e-e76328223677,92.35001,,,6.2958,,,,,,,466b64ac-6fa4-469b-a791-4c8bbffd9b8d,2026/3/19,39:10.6,2026-03-19T09:39:10.6160000-04:00,2026-03-19T13:39:10.6160000Z,,v3,,,,"Lopez, Daniel",1000237872,Right,CUP_POL2,d23f8eb7-e68a-44c9-865b-e814c8fe367e,53.47859,-132.47777,12.07721,6.4784,-7.7275,-9.37604,-0.52647,4.72354,-3.24852,,,,,,,,,,,,,,,,,,,,,,,,,,,,,,,,,,,,,,,,,,,,,,,,,,,High,High,High,,,,,,,,
49,2026/3/19,39:32.1,6,2,"Bermudez, Jassel",1000286625,Right,CUP_POL2,"Villa Camacho, Leonel",1000358451,Right,CUP_POL11,Undefined,2,Top,1,0,1,Fastball,Four-Seam,BallCalled,Undefined,Undefined,Undefined,0,0,,91.17301,-1.585369,-2.275817,2400.776653,191.099102,12:15,6.49775,0.59453,6.88702,-19.55619,12.29489,2.24768,3.42201,-1.29293,84.80194,-5.289949,-1.865113,0.406194,,,,,,,,,,,,-1.71988,7.18764,-0.45122,50,6.39004,5.19207,-132.71366,-4.20363,-3.11897,23.92468,-19.13936,CUP_POL2,CUP_POL11,LAV,Diamond Solutions,DIA,20260319-LAV-1,0fbe3c50-2399-11f1-847e-e76328223677,92.79417,,,6.37107,,,,,,,466b64ac-6fa4-469b-a791-4c8bbffd9b8d,2026/3/19,39:32.1,2026-03-19T09:39:32.0870000-04:00,2026-03-19T13:39:32.0870000Z,,v3,,,,"Lopez, Daniel",1000237872,Right,CUP_POL2,1ae2e8ae-9626-4f0d-a540-31cfacd5dfc4,53.61673,-133.36407,11.96234,6.49724,-3.68332,-9.56968,-0.59352,5.27686,-1.55948,,,,,,,,,,,,,,,,,,,,,,,,,,,,,,,,,,,,,,,,,,,,,,,,,,,High,High,High,,,,,,,,
50,2026/3/19,39:55.3,6,3,"Bermudez, Jassel",1000286625,Right,CUP_POL2,"Villa Camacho, Leonel",1000358451,Right,CUP_POL11,Undefined,2,Top,1,1,1,Fastball,Four-Seam,InPlay,Undefined,LineDrive,Error,0,1,,89.17107,-2.089351,-0.9851,2344.752445,201.902013,12:45,6.48235,0.36674,7.07855,-21.48304,11.52068,4.2852,2.79419,-0.17055,83.11372,-6.158005,-0.198022,0.413478,98.27997,15.039314,13.423822,2464.240217,105.51726,22.34923,31.08085,267.50964,251.69366,21.119311,2.50091,-2.53709,6.94835,-0.30893,50,6.34991,2.08915,-129.90314,-5.29298,-4.40887,22.88506,-20.09943,CUP_POL2,CUP_POL11,LAV,Diamond Solutions,DIA,20260319-LAV-1,1da05010-2399-11f1-847e-e76328223677,91.15941,23.58748,,6.05735,,,,0.40548,2.68196,0.16839,466b64ac-6fa4-469b-a791-4c8bbffd9b8d,2026/3/19,39:55.3,2026-03-19T09:39:55.3520000-04:00,2026-03-19T13:39:55.3520000Z,LineDrive,v3,,,,"Lopez, Daniel",1000237872,Right,CUP_POL2,7defd7db-4814-4794-a327-c2c691517847,53.42625,-130.50535,11.44253,6.48224,-4.76408,-10.04971,-0.36543,2.20517,-2.20444,250.186369,0.40545,135.40522,-19.90973,3.43461,-0.66295,0.08655,-0.00213,-0.00179,0.00025,2.68198,37.40148,-18.33064,1.72997,-0.37402,0.09927,-0.02307,0.004,-0.00033,0.16855,32.30671,4.36115,-1.08112,-0.00352,0.18342,-0.0953,0.02264,-0.00215,,,,,,,,,,,,,,,,,,,,,,,High,High,High,High,High,,,,66.18869,12.07559,1.38259
51,2026/3/19,41:05.1,7,1,"Bermudez, Jassel",1000286625,Right,CUP_POL2,"Magana Iturralde, Alfredo",1000321154,Right,CUP_POL11,Undefined,2,Top,1,0,0,Slider,Slider,StrikeCalled,Undefined,Undefined,Undefined,0,0,,81.97221,-1.217046,-0.653501,2428.315933,349.516687,5:45,6.52146,0.45466,6.38604,-39.90061,0.31646,0.13965,2.07659,-0.1349,76.53219,-8.575394,-0.628145,0.456432,,,,,,,,,,,,-0.22988,0.79449,-0.40768,50,6.4154,1.35645,-119.35265,-3.74229,-0.33603,20.08578,-31.01269,CUP_POL2,CUP_POL11,LAV,Diamond Solutions,DIA,20260319-LAV-1,47357450-2399-11f1-847e-e76328223677,82.58055,,,5.44002,,,,,,,466b64ac-6fa4-469b-a791-4c8bbffd9b8d,2026/3/19,41:05.1,2026-03-19T09:41:05.0640000-04:00,2026-03-19T13:41:05.0640000Z,,v3,,,,"Lopez, Daniel",1000237872,Right,CUP_POL2,40ab5d9d-3fc7-41de-bc9d-d9679a8c1301,54.11896,-120.04382,10.04289,6.52581,-2.67511,-15.50634,-0.45456,1.36801,-0.16802,,,,,,,,,,,,,,,,,,,,,,,,,,,,,,,,,,,,,,,,,,,,,,,,,,,High,High,High,,,,,,,,
52,2026/3/19,41:28.2,7,2,"Bermudez, Jassel",1000286625,Right,CUP_POL2,"Magana Iturralde, Alfredo",1000321154,Right,CUP_POL11,Undefined,2,Top,1,0,1,Curveball,Curveball,StrikeSwinging,Undefined,Undefined,Undefined,0,0,,81.7977,-1.506933,-0.604671,2618.811767,20.557864,6:45,6.47317,0.30947,6.39152,-43.74884,-3.0398,-1.58079,1.44092,-0.37847,75.95908,-9.564473,-0.89202,0.459216,,,,,,,,,,,,0.67244,-0.8885,-0.26528,50,6.34451,1.31099,-119.02623,-4.45389,0.96872,21.94985,-33.45401,CUP_POL2,CUP_POL11,LAV,Diamond Solutions,DIA,20260319-LAV-1,54f81930-2399-11f1-847e-e76328223677,82.08004,,,5.83862,,,,,,,466b64ac-6fa4-469b-a791-4c8bbffd9b8d,2026/3/19,41:28.2,2026-03-19T09:41:28.1660000-04:00,2026-03-19T13:41:28.1660000Z,,v3,,,,"Lopez, Daniel",1000237872,Right,CUP_POL2,aac3e61c-a3a3-495a-9925-7fffbecad90a,54.11403,-119.7825,10.97493,6.47811,-3.30125,-16.72701,-0.30988,1.27761,0.48436,,,,,,,,,,,,,,,,,,,,,,,,,,,,,,,,,,,,,,,,,,,,,,,,,,,High,High,High,,,,,,,,
53,2026/3/19,41:59.8,7,3,"Bermudez, Jassel",1000286625,Right,CUP_POL2,"Magana Iturralde, Alfredo",1000321154,Right,CUP_POL11,Undefined,2,Top,1,0,2,Curveball,Curveball,StrikeSwinging,Strikeout,Undefined,Undefined,0,0,,80.62791,-0.726969,-0.319691,2537.148797,359.920258,6:00,6.44805,0.18927,6.55598,-45.50687,-4.25949,0.00744,1.98917,-0.10326,75.44091,-9.124218,-0.318338,0.462242,,,,,,,,,,,,-0.08055,-1.77878,-0.16721,50,6.37842,0.65529,-117.48517,-2.81319,-0.11408,19.44661,-34.69374,CUP_POL2,CUP_POL11,LAV,Diamond Solutions,DIA,20260319-LAV-1,67d33760-2399-11f1-847e-e76328223677,81.5426,,,5.18701,,,,,,,466b64ac-6fa4-469b-a791-4c8bbffd9b8d,2026/3/19,41:59.8,2026-03-19T09:41:59.8090000-04:00,2026-03-19T13:41:59.8090000Z,,v3,,,,"Lopez, Daniel",1000237872,Right,CUP_POL2,cf3a0700-01c3-47d1-b303-2302005c8c08,53.9506,-118.13728,9.72331,6.45325,-1.64979,-17.34687,-0.18925,0.65911,-0.05704,,,,,,,,,,,,,,,,,,,,,,,,,,,,,,,,,,,,,,,,,,,,,,,,,,,High,High,High,,,,,,,,
54,2026/3/19,42:39.1,8,1,"Bermudez, Jassel",1000286625,Right,CUP_POL2,"Gutierrez Cortes, Kevin",1000490424,Right,CUP_POL11,Undefined,2,Top,2,0,0,Curveball,Slider,StrikeSwinging,Undefined,Undefined,Undefined,0,0,,82.66863,-0.940052,-0.806761,2510.293323,339.233354,5:15,6.42686,0.44972,6.614,-42.90794,-3.68713,1.79417,1.99,-0.13976,77.1746,-8.872706,-0.479417,0.450744,,,,,,,,,,,,-1.1485,-1.42272,-0.39556,50,6.34523,1.63505,-120.42841,-3.24177,-1.70663,20.79677,-34.28817,CUP_POL2,CUP_POL11,LAV,Diamond Solutions,DIA,20260319-LAV-1,7f3b57c0-2399-11f1-847e-e76328223677,83.62275,,,5.49403,,,,,,,466b64ac-6fa4-469b-a791-4c8bbffd9b8d,2026/3/19,42:39.1,2026-03-19T09:42:39.0720000-04:00,2026-03-19T13:42:39.0720000Z,,v3,,,,"Lopez, Daniel",1000237872,Right,CUP_POL2,9285f31b-7e71-4694-b381-994e870a7766,53.89214,-121.09868,10.39839,6.4319,-2.13668,-17.14409,-0.44915,1.69006,-0.85332,,,,,,,,,,,,,,,,,,,,,,,,,,,,,,,,,,,,,,,,,,,,,,,,,,,High,High,High,,,,,,,,
55,2026/3/19,43:02.2,8,2,"Bermudez, Jassel",1000286625,Right,CUP_POL2,"Gutierrez Cortes, Kevin",1000490424,Right,CUP_POL11,Undefined,2,Top,2,0,1,Fastball,Four-Seam,StrikeCalled,Undefined,Undefined,Undefined,0,0,,88.81481,-2.369125,-0.271748,2374.654008,204.531599,12:45,6.5085,0.29735,7.06426,-22.17926,11.24839,4.71595,2.50762,0.44358,82.51189,-6.568959,0.594542,0.416125,,,,,,,,,,,,-2.59764,6.90347,-0.28227,50,6.35849,0.45156,-129.32308,-5.92329,-4.45494,23.76501,-20.33457,CUP_POL2,CUP_POL11,LAV,Diamond Solutions,DIA,20260319-LAV-1,8cf71ed0-2399-11f1-847e-e76328223677,90.57952,,,6.30292,,,,,,,466b64ac-6fa4-469b-a791-4c8bbffd9b8d,2026/3/19,43:02.2,2026-03-19T09:43:02.1650000-04:00,2026-03-19T13:43:02.1650000Z,,v3,,,,"Lopez, Daniel",1000237872,Right,CUP_POL2,fedc4bf4-fee9-4794-bbf7-34c1f9195a0a,53.43965,-129.95364,11.88251,6.50849,-5.38376,-10.16729,-0.29582,0.56977,-2.22747,,,,,,,,,,,,,,,,,,,,,,,,,,,,,,,,,,,,,,,,,,,,,,,,,,,High,High,High,,,,,,,,
56,2026/3/19,43:28.6,8,3,"Bermudez, Jassel",1000286625,Right,CUP_POL2,"Gutierrez Cortes, Kevin",1000490424,Right,CUP_POL11,Undefined,2,Top,2,0,2,Curveball,Slider,FoulBallNotFieldable,Undefined,Undefined,Undefined,0,0,,81.48146,-0.283064,0.267238,2504.607675,356.752759,6:00,6.44158,0.18502,6.50866,-43.05833,-2.56693,0.2065,2.5936,0.4475,76.01142,-8.244017,0.304822,0.457987,,,,,,,,,,,,-0.04461,-0.99161,-0.20378,50,6.40291,-0.56068,-118.71097,-1.85556,-0.06448,20.0167,-33.60705,CUP_POL2,CUP_POL11,LAV,Diamond Solutions,DIA,20260319-LAV-1,9cc09030-2399-11f1-847e-e76328223677,82.3003,,,5.47005,,,,,,,466b64ac-6fa4-469b-a791-4c8bbffd9b8d,2026/3/19,43:28.6,2026-03-19T09:43:28.6020000-04:00,2026-03-19T13:43:28.6020000Z,,v3,,,,"Lopez, Daniel",1000237872,Right,CUP_POL2,ef2294e3-7e80-41c4-bc6c-7b9405caa6fb,53.99748,-119.38311,10.00835,6.44627,-0.72707,-16.80352,-0.18498,-0.55851,-0.03224,,,,,,,,,,,,,,,,,,,,,,,,,,,,,,,,,,,,,,,,,,,,,,,,,,,High,High,High,,,,,,,,
57,2026/3/19,43:58.6,8,4,"Bermudez, Jassel",1000286625,Right,CUP_POL2,"Gutierrez Cortes, Kevin",1000490424,Right,CUP_POL11,Undefined,2,Top,2,0,2,Curveball,Slider,StrikeSwinging,Strikeout,Undefined,Undefined,0,0,,81.47275,-1.832946,-0.924276,2599.461403,358.212553,6:00,6.46515,-0.06655,6.52184,-41.7451,-1.1128,0.06937,1.30379,-0.90891,76.04749,-9.531506,-0.911641,0.458783,,,,,,,,,,,,-0.26571,0.24343,0.13087,50,6.31978,1.91065,-118.57969,-5.0308,-0.38229,20.44862,-31.82381,CUP_POL2,CUP_POL11,LAV,Diamond Solutions,DIA,20260319-LAV-1,aeaba910-2399-11f1-847e-e76328223677,82.15749,,,5.42526,,,,,,,466b64ac-6fa4-469b-a791-4c8bbffd9b8d,2026/3/19,43:58.6,2026-03-19T09:43:58.5870000-04:00,2026-03-19T13:43:58.5870000Z,,v3,,,,"Lopez, Daniel",1000237872,Right,CUP_POL2,7fc7e3bc-4da2-403b-8b4b-03ca02703bde,53.98283,-119.26453,10.22431,6.47041,-3.96498,-15.91191,0.06666,1.92345,-0.19115,,,,,,,,,,,,,,,,,,,,,,,,,,,,,,,,,,,,,,,,,,,,,,,,,,,High,High,High,,,,,,,,
58,2026/3/19,46:18.3,1,1,"Uscanga, Cesar Alexander",1000412614,Right,CUP_POL11,"Guillen, Marcos",1000450586,Right,CUP_POL2,Undefined,2,Bottom,0,0,0,ChangeUp,Changeup,BallinDirt,Undefined,Undefined,Undefined,0,0,,81.81497,-2.583136,-3.588331,1949.890228,244.093411,2:15,5.73755,1.26318,6.67589,-32.81758,7.84697,13.48501,0.63329,-0.90019,75.2681,-8.720323,-1.133376,0.458965,,,,,,,,,,,,-8.07091,5.28878,-1.02723,50,5.55136,6.96824,-118.68384,-6.26682,-11.50774,22.7899,-24.63313,CUP_POL2,CUP_POL11,LAV,Diamond Solutions,DIA,20260319-LAV-1,01e2c2d0-239a-11f1-847e-e76328223677,82.12491,,,6.54687,,,,,,,466b64ac-6fa4-469b-a791-4c8bbffd9b8d,2026/3/19,46:18.3,2026-03-19T09:46:18.3161344-04:00,2026-03-19T13:46:18.3161344Z,,v3,,,,"Gutierrez Cortes, Kevin",1000490424,Right,CUP_POL11,cac53cb9-3e9d-499e-91ab-5cfa0b3e221b,53.82615,-119.41628,11.39495,5.74005,-5.47513,-12.31657,-1.25713,7.33809,-5.75387,,,,,,,,,,,,,,,,,,,,,,,,,,,,,,,,,,,,,,,,,,,,,,,,,,,High,High,High,,,,,,,,
59,2026/3/19,46:36.8,1,2,"Uscanga, Cesar Alexander",1000412614,Right,CUP_POL11,"Guillen, Marcos",1000450586,Right,CUP_POL2,Undefined,2,Bottom,0,1,0,Slider,Curveball,BallCalled,Undefined,Undefined,Undefined,0,0,,69.77511,3.425178,0.604863,2242.653441,56.886333,8:00,5.7443,1.27661,6.53959,-58.89373,-3.19319,-7.34008,3.98213,1.21976,64.44884,-7.522039,-0.728205,0.537157,,,,,,,,,,,,3.9754,-1.9787,-1.31582,50,5.9577,-0.84403,-101.41008,4.56266,4.16571,15.61248,-34.2475,CUP_POL2,CUP_POL11,LAV,Diamond Solutions,DIA,20260319-LAV-1,0cf42a60-239a-11f1-847e-e76328223677,70.17027,,,5.32627,,,,,,,466b64ac-6fa4-469b-a791-4c8bbffd9b8d,2026/3/19,46:36.8,2026-03-19T09:46:36.7904256-04:00,2026-03-19T13:46:36.7904256Z,,v3,,,,"Gutierrez Cortes, Kevin",1000490424,Right,CUP_POL11,b4ca78fa-b6df-4e4d-8b8f-ad69ace135e2,53.96501,-102.01868,7.80624,5.75382,5.89769,-17.12375,-1.27975,-1.00642,2.08285,,,,,,,,,,,,,,,,,,,,,,,,,,,,,,,,,,,,,,,,,,,,,,,,,,,High,High,High,,,,,,,,
60,2026/3/19,46:50.8,1,3,"Uscanga, Cesar Alexander",1000412614,Right,CUP_POL11,"Guillen, Marcos",1000450586,Right,CUP_POL2,Undefined,2,Bottom,0,2,0,Fastball,Cutter,InPlay,Undefined,GroundBall,Out,1,0,,84.12015,-1.850356,-2.714276,2192.279042,199.796164,12:45,5.67136,1.09698,7.1003,-24.57072,12.71595,4.20477,1.94221,-1.01755,78.09386,-6.50964,-1.942957,0.439489,79.23616,-18.964938,4.141574,,,,,6.77089,6.77089,12.404364,0.05002,-2.93441,7.6128,-0.93648,50,5.55296,5.66923,-122.39829,-4.55159,-4.50443,21.46957,-20.48807,CUP_POL2,CUP_POL11,LAV,Diamond Solutions,DIA,20260319-LAV-1,1547f890-239a-11f1-847e-e76328223677,85.76417,1.89305,,6.02629,,,,1.11844,1.89305,1.0566,466b64ac-6fa4-469b-a791-4c8bbffd9b8d,2026/3/19,46:50.8,2026-03-19T09:46:50.8207616-04:00,2026-03-19T13:46:50.8207616Z,GroundBall,v3,,,,"Gutierrez Cortes, Kevin",1000490424,Right,CUP_POL11,9b80a004-685c-45d0-9744-9502e2647e83,53.40406,-122.99394,10.73478,5.67136,-3.98318,-10.24403,-1.0955,5.7942,-2.25221,180,1.11661,109.84442,,,,,,,,1.89368,-37.84612,,,,,,,,1.05647,7.95386,,,,,,,,,,,,,,,,,,,,,,,,,,,,,,High,High,High,High,High,,,,66.15064,-0.4047,-1.37469
61,2026/3/19,47:20.9,2,1,"Uscanga, Cesar Alexander",1000412614,Right,CUP_POL11,"Rosa, Jose",1000279557,Left,CUP_POL2,Undefined,2,Bottom,1,0,0,ChangeUp,Changeup,BallinDirt,Undefined,Undefined,Undefined,0,0,L,81.77954,-2.508008,-4.034631,1944.013643,246.362128,2:15,5.60074,1.16945,6.81028,-33.48588,6.72492,12.66237,0.5145,-1.46312,75.81399,-8.759818,-1.725335,0.456397,,,,,,,,,,,,-7.7367,4.60288,-0.91246,50,5.42597,7.94618,-118.69566,-6.11296,-11.12182,21.09048,-25.5572,CUP_POL2,CUP_POL11,LAV,Diamond Solutions,DIA,20260319-LAV-1,273422e0-239a-11f1-847e-e76328223677,82.58696,,,5.96555,,,,,,,466b64ac-6fa4-469b-a791-4c8bbffd9b8d,2026/3/19,47:20.9,2026-03-19T09:47:20.8810000-04:00,2026-03-19T13:47:20.8810000Z,,v3,,,,"Gutierrez Cortes, Kevin",1000490424,Right,CUP_POL11,08a9531a-c9fb-4582-98d5-88fcab922879,53.69337,-119.35011,10.54524,5.60335,-5.3199,-12.7786,-1.16439,8.2913,-5.56091,,,,,,,,,,,,,,,,,,,,,,,,,,,,,,,,,,,,,,,,,,,,,,,,,,,High,High,High,,,,,,,,
62,2026/3/19,47:47.3,2,2,"Uscanga, Cesar Alexander",1000412614,Right,CUP_POL11,"Rosa, Jose",1000279557,Left,CUP_POL2,Undefined,2,Bottom,1,1,0,ChangeUp,Changeup,FoulBallNotFieldable,Undefined,Undefined,Undefined,0,0,,79.82065,-0.138635,-0.690727,1800.03495,242.695777,2:00,5.81973,1.24542,6.74079,-35.27175,6.7176,10.72666,2.75373,1.50814,73.96918,-6.749171,1.267461,0.466381,,,,,,,,,,,,-5.87666,3.95079,-1.20381,50,5.79688,1.0529,-116.25059,-1.2158,-8.11209,20.01365,-26.7204,CUP_POL2,CUP_POL11,LAV,Diamond Solutions,DIA,20260319-LAV-1,36f4baa0-239a-11f1-847e-e76328223677,80.81897,,,5.85146,,,,,,,466b64ac-6fa4-469b-a791-4c8bbffd9b8d,2026/3/19,47:47.3,2026-03-19T09:47:47.3456128-04:00,2026-03-19T13:47:47.3456128Z,,v3,,,,"Gutierrez Cortes, Kevin",1000490424,Right,CUP_POL11,4fcdaa67-fbe6-453c-826f-d08957e7b997,53.76364,-116.89675,10.00682,5.82221,-0.35312,-13.3602,-1.24203,1.3148,-4.05605,,,,,,,,,,,,,,,,,,,,,,,,,,,,,,,,,,,,,,,,,,,,,,,,,,,High,High,High,,,,,,,,
63,2026/3/19,48:12.3,2,3,"Uscanga, Cesar Alexander",1000412614,Right,CUP_POL11,"Rosa, Jose",1000279557,Left,CUP_POL2,Undefined,2,Bottom,1,1,1,Slider,Curveball,BallCalled,Undefined,Undefined,Undefined,0,0,,70.72944,4.42928,0.765787,2209.979411,59.570699,8:00,5.87314,1.4649,6.34997,-57.68157,-3.19898,-7.97682,5.15222,1.50515,65.37541,-6.24948,-0.676099,0.531252,,,,,,,,,,,,4.30981,-2.21075,-1.5171,50,6.16888,-1.11743,-102.6878,6.41017,4.65497,15.16649,-34.56184,CUP_POL2,CUP_POL11,LAV,Diamond Solutions,DIA,20260319-LAV-1,45fb9f50-239a-11f1-847e-e76328223677,70.95027,,,5.35403,,,,,,,466b64ac-6fa4-469b-a791-4c8bbffd9b8d,2026/3/19,48:12.3,2026-03-19T09:48:12.3416576-04:00,2026-03-19T13:48:12.3416576Z,,v3,,,,"Gutierrez Cortes, Kevin",1000490424,Right,CUP_POL11,4daf49e8-044a-48a5-ba55-910e932e3da8,54.15519,-103.29968,7.58324,5.88215,7.80454,-17.28092,-1.46823,-1.30523,2.32749,,,,,,,,,,,,,,,,,,,,,,,,,,,,,,,,,,,,,,,,,,,,,,,,,,,High,High,High,,,,,,,,
64,2026/3/19,48:28.1,2,4,"Uscanga, Cesar Alexander",1000412614,Right,CUP_POL11,"Rosa, Jose",1000279557,Left,CUP_POL2,Undefined,2,Bottom,1,2,1,ChangeUp,Changeup,InPlay,Undefined,LineDrive,Double,0,0,,81.1592,-0.661399,-2.612332,1865.546996,236.950629,2:00,5.66773,1.38574,6.76038,-33.30864,7.53949,9.71091,2.28724,-0.19274,74.82907,-6.918629,-0.841143,0.46,95.33933,20.410626,12.960268,1671.33412,106.8657,35.76752,26.07121,335.93366,333.75542,14.339002,3.818301,-5.86626,4.53213,-1.2181,50,5.61157,5.06465,-118.03411,-2.24925,-8.30814,21.64824,-25.75543,CUP_POL2,CUP_POL11,LAV,Diamond Solutions,DIA,20260319-LAV-1,4f3c1770-239a-11f1-847e-e76328223677,81.94013,45.19374,,6.33013,,,,1.44848,2.3022,0.20662,466b64ac-6fa4-469b-a791-4c8bbffd9b8d,2026/3/19,48:28.1,2026-03-19T09:48:28.0632832-04:00,2026-03-19T13:48:28.0632832Z,LineDrive,v3,,,,"Gutierrez Cortes, Kevin",1000490424,Right,CUP_POL11,a6c6d238-0811-467b-8d52-39b5f6dc393a,53.7436,-118.71873,10.82412,5.66982,-1.43474,-12.87772,-1.38242,5.32739,-4.15407,195.193918,1.44794,127.72907,-21.17938,4.75181,-1.06788,0.26,-0.05866,0.00876,-0.00056,2.30301,48.74202,-14.49417,0.19663,0.23398,-0.13649,0.04225,-0.00613,0.00032,0.20682,29.38566,-2.17338,-0.13923,0.12589,-0.04556,0.01151,-0.00167,0.0001,,,,,,,,,,,,,,,,,,,,,,,High,High,High,High,High,,,,60.55215,16.80746,16.71002
65,2026/3/19,49:08.1,3,1,"Uscanga, Cesar Alexander",1000412614,Right,CUP_POL11,"Isaias, Jose",1000539819,Right,CUP_POL2,Undefined,2,Bottom,1,0,0,Fastball,Changeup,BallCalled,Undefined,Undefined,Undefined,0,0,,83.86781,-1.156989,-3.139819,2142.662263,217.406115,1:15,5.78617,1.01961,7.02482,-27.38391,10.17693,7.0041,2.45102,-1.25295,77.94552,-6.326357,-1.857394,0.441102,,,,,,,,,,,,-4.47146,6.06276,-0.83017,50,5.70653,6.45817,-122.00719,-3.16377,-6.83807,20.73172,-22.90247,CUP_POL2,CUP_POL11,LAV,Diamond Solutions,DIA,20260319-LAV-1,67263910-239a-11f1-847e-e76328223677,85.4506,,,5.92229,,,,,,,466b64ac-6fa4-469b-a791-4c8bbffd9b8d,2026/3/19,49:08.1,2026-03-19T09:49:08.1410048-04:00,2026-03-19T13:49:08.1410048Z,,v3,,,,"Gutierrez Cortes, Kevin",1000490424,Right,CUP_POL11,ce9d0fa9-3341-4efe-ba0d-d62cd21a1883,53.47819,-122.59679,10.36586,5.78724,-2.51243,-11.45123,-1.0166,6.65264,-3.41904,,,,,,,,,,,,,,,,,,,,,,,,,,,,,,,,,,,,,,,,,,,,,,,,,,,High,High,High,,,,,,,,
66,2026/3/19,49:22.2,3,2,"Uscanga, Cesar Alexander",1000412614,Right,CUP_POL11,"Isaias, Jose",1000539819,Right,CUP_POL2,Undefined,2,Bottom,1,1,0,Fastball,Changeup,InPlay,Undefined,GroundBall,Out,1,0,,82.92893,-1.51533,-2.150844,2023.699187,205.281617,12:45,5.74708,0.97518,6.77179,-25.85474,13.16993,5.67737,2.20744,-0.51675,76.5629,-6.403633,-1.115114,0.449615,77.63876,-10.981053,-30.243757,,,,,13.43782,12.75659,-24.340613,0.109565,-3.58918,7.73351,-0.8368,50,5.63802,4.34081,-120.62444,-3.85642,-5.321,22.09877,-20.70901,CUP_POL2,CUP_POL11,LAV,Diamond Solutions,DIA,20260319-LAV-1,6f796b00-239a-11f1-847e-e76328223677,83.83266,2.29053,,6.36603,,,,1.76958,2.29053,0.50126,466b64ac-6fa4-469b-a791-4c8bbffd9b8d,2026/3/19,49:22.2,2026-03-19T09:49:22.1746688-04:00,2026-03-19T13:49:22.1746688Z,GroundBall,v3,,,,"Gutierrez Cortes, Kevin",1000490424,Right,CUP_POL11,efe3e9a3-ea04-4e23-9b19-d0a849e0df19,53.732,-121.30623,11.04938,5.74714,-3.21751,-10.35451,-0.97326,4.50498,-2.6605,194.794496,1.76961,96.56586,-8.8761,,,,,,,2.29028,-21.66061,6.93982,,,,,,,0.50115,-56.29083,10.65722,,,,,,,,,,,,,,,,,,,,,,,,,,,,,High,High,High,High,High,,,,46.0325,13.04809,-16.00183
67,2026/3/19,49:57.0,4,1,"Uscanga, Cesar Alexander",1000412614,Right,CUP_POL11,"Arias, Nehemias",1000539821,Left,CUP_POL2,Undefined,2,Bottom,2,0,0,Curveball,Curveball,BallinDirt,Undefined,Undefined,StolenBase,0,0,,71.34304,-1.426215,-3.111976,2179.626632,36.373574,7:15,5.88827,0.99238,6.42429,-62.30598,-8.30792,-7.32201,-0.61715,-2.48129,66.53658,-12.808896,-4.442931,0.528884,,,,,,,,,,,,2.97398,-3.6013,-0.7669,50,5.75789,5.85237,-103.65302,-4.21685,3.2193,18.13538,-36.07241,CUP_POL2,CUP_POL11,LAV,Diamond Solutions,DIA,20260319-LAV-1,8459cf10-239a-11f1-847e-e76328223677,71.26786,,,4.80646,,,,,,,466b64ac-6fa4-469b-a791-4c8bbffd9b8d,2026/3/19,49:57.0,2026-03-19T09:49:57.0260000-04:00,2026-03-19T13:49:57.0260000Z,,v3,,,,"Gutierrez Cortes, Kevin",1000490424,Right,CUP_POL11,99ae77c4-fd49-496e-98a1-8d71780229b2,54.0828,-104.36491,9.06769,5.89563,-2.80085,-18.0362,-0.99415,5.72599,1.60965,,,,,,,,,,,,,,,,,,,,,,,,,,,,,,,,,,,,,,,,,,,,,,,,,,,High,High,High,,,,,,,,
68,2026/3/19,50:25.2,4,2,"Uscanga, Cesar Alexander",1000412614,Right,CUP_POL11,"Arias, Nehemias",1000539821,Left,CUP_POL2,Undefined,2,Bottom,2,1,0,Fastball,Changeup,BallCalled,Undefined,Undefined,Undefined,0,0,,82.69087,-0.030142,-2.304932,2096.362733,207.976161,1:00,5.72973,0.88832,7.08354,-22.68671,16.30564,8.01745,3.81179,-0.53698,75.669,-4.400088,-0.834772,0.449429,,,,,,,,,,,,-4.88614,9.10016,-0.75209,50,5.72012,4.56766,-120.25329,-0.56474,-7.15921,23.18523,-18.84041,CUP_POL2,CUP_POL11,LAV,Diamond Solutions,DIA,20260319-LAV-1,950fc350-239a-11f1-847e-e76328223677,83.86739,,,7.02187,,,,,,,466b64ac-6fa4-469b-a791-4c8bbffd9b8d,2026/3/19,50:25.2,2026-03-19T09:50:25.2040192-04:00,2026-03-19T13:50:25.2040192Z,,v3,,,,"Gutierrez Cortes, Kevin",1000490424,Right,CUP_POL11,d4cad97e-311f-44f2-ae0a-15da781fb6fb,53.41668,-120.91024,11.59262,5.72856,-0.0309,-9.4202,-0.88439,4.77052,-3.57961,,,,,,,,,,,,,,,,,,,,,,,,,,,,,,,,,,,,,,,,,,,,,,,,,,,High,High,High,,,,,,,,
69,2026/3/19,50:39.8,4,3,"Uscanga, Cesar Alexander",1000412614,Right,CUP_POL11,"Arias, Nehemias",1000539821,Left,CUP_POL2,Undefined,2,Bottom,2,2,0,ChangeUp,Changeup,BallCalled,Undefined,Undefined,Undefined,0,0,,80.4339,-1.534434,-3.200601,1842.017002,251.08325,2:15,5.70442,1.42946,6.43778,-35.47896,6.60532,15.64084,1.33513,-0.21161,74.42868,-8.130016,-0.364542,0.466908,,,,,,,,,,,,-9.03713,4.23382,-1.20849,50,5.5791,5.99444,-116.86525,-4.14442,-12.57917,20.68499,-26.28084,CUP_POL2,CUP_POL11,LAV,Diamond Solutions,DIA,20260319-LAV-1,9dc51270-239a-11f1-847e-e76328223677,80.72778,,,6.00523,,,,,,,466b64ac-6fa4-469b-a791-4c8bbffd9b8d,2026/3/19,50:39.8,2026-03-19T09:50:39.8219264-04:00,2026-03-19T13:50:39.8219264Z,,v3,,,,"Gutierrez Cortes, Kevin",1000490424,Right,CUP_POL11,41ad6512-e59f-4a9c-b2c4-5407ff764a82,54.06674,-117.58286,10.3425,5.70706,-3.23268,-13.14042,-1.42402,6.43084,-6.28958,,,,,,,,,,,,,,,,,,,,,,,,,,,,,,,,,,,,,,,,,,,,,,,,,,,High,High,High,,,,,,,,
70,2026/3/19,50:56.0,4,4,"Uscanga, Cesar Alexander",1000412614,Right,CUP_POL11,"Arias, Nehemias",1000539821,Left,CUP_POL2,Undefined,2,Bottom,2,3,0,Fastball,Changeup,BallCalled,Walk,Undefined,Undefined,0,0,,82.7856,0.323728,-1.421432,2111.752888,232.463837,1:45,5.77782,1.22084,7.20761,-28.78364,9.49997,10.99005,3.67244,0.84919,76.62346,-5.147505,0.600983,0.445326,,,,,,,,,,,,-6.23851,5.38937,-1.14114,50,5.78794,2.63831,-120.6091,-0.01286,-9.28944,21.06145,-24.149,CUP_POL2,CUP_POL11,LAV,Diamond Solutions,DIA,20260319-LAV-1,a772f260-239a-11f1-847e-e76328223677,84.64011,,,6.16214,,,,,,,466b64ac-6fa4-469b-a791-4c8bbffd9b8d,2026/3/19,50:56.0,2026-03-19T09:50:56.0431616-04:00,2026-03-19T13:50:56.0431616Z,,v3,,,,"Gutierrez Cortes, Kevin",1000490424,Right,CUP_POL11,e83a80b3-1a10-4b55-a356-1abfe20d3061,53.29552,-121.18321,10.53073,5.77932,0.64542,-12.0745,-1.2165,2.89154,-4.64472,,,,,,,,,,,,,,,,,,,,,,,,,,,,,,,,,,,,,,,,,,,,,,,,,,,High,High,High,,,,,,,,
71,2026/3/19,51:27.0,5,1,"Uscanga, Cesar Alexander",1000412614,Right,CUP_POL11,"Laureano, Alfred",1000279545,Right,CUP_POL2,Undefined,2,Bottom,2,0,0,Fastball,Changeup,BallCalled,Undefined,Undefined,Undefined,0,0,,84.76186,-1.684327,-4.47284,2181.89612,222.935005,1:30,5.7439,0.9982,6.93396,-22.93608,14.3943,12.33792,2.2941,-2.05382,77.99065,-6.052883,-2.22349,0.439747,,,,,,,,,,,,-7.68784,8.45756,-0.72167,50,5.63007,9.18734,-122.98812,-4.18817,-11.84566,23.02641,-19.14235,CUP_POL2,CUP_POL11,LAV,Diamond Solutions,DIA,20260319-LAV-1,b9defb10-239a-11f1-847e-e76328223677,85.71399,,,6.77121,,,,,,,466b64ac-6fa4-469b-a791-4c8bbffd9b8d,2026/3/19,51:27.0,2026-03-19T09:51:26.9861376-04:00,2026-03-19T13:51:26.9861376Z,,v3,,,,"Gutierrez Cortes, Kevin",1000490424,Right,CUP_POL11,933d3341-b625-4c24-999a-7f0347e9d999,53.56798,-123.65433,11.51321,5.74323,-3.63434,-9.57117,-0.99244,9.53006,-5.92283,,,,,,,,,,,,,,,,,,,,,,,,,,,,,,,,,,,,,,,,,,,,,,,,,,,High,High,High,,,,,,,,
72,2026/3/19,52:24.5,5,2,"Uscanga, Cesar Alexander",1000412614,Right,CUP_POL11,"Laureano, Alfred",1000279545,Right,CUP_POL2,Undefined,2,Bottom,2,1,0,Fastball,Changeup,InPlay,Undefined,LineDrive,Out,1,0,,82.44405,-0.726036,-1.962402,2146.150861,226.272786,1:30,5.83657,0.93447,6.67383,-24.64092,15.35387,14.69166,3.11849,0.36268,75.25002,-5.425624,0.713049,0.455169,98.5967,5.15206,-31.432321,2240.687177,,,,103.54192,103.54192,-32.960504,0.771985,-8.38264,8.70823,-0.80865,50,5.77786,3.60507,-119.85837,-2.13949,-12.13763,24.17189,-19.565,CUP_POL2,CUP_POL11,LAV,Diamond Solutions,DIA,20260319-LAV-1,dc290e90-239a-11f1-847e-e76328223677,82.8097,4.79954,,7.19403,,,,2.22118,2.97338,-0.18328,466b64ac-6fa4-469b-a791-4c8bbffd9b8d,2026/3/19,52:24.5,2026-03-19T09:52:24.5323776-04:00,2026-03-19T13:52:24.5323776Z,GroundBall,v3,,,,"Gutierrez Cortes, Kevin",1000490424,Right,CUP_POL11,c16cc4dc-8d9a-4d14-a53f-3292ec7c5fe3,53.82955,-120.6282,12.08595,5.83608,-1.51638,-9.7825,-0.92962,3.99164,-6.06882,,2.26694,122.08592,-16.24488,,,,,,,3.02386,12.09906,-20.82499,,,,,,,-0.17521,-75.25237,3.23632,,,,,,,,,,,,,,,,,,,,,,,,,,,,,High,High,High,High,High,,,,67.65628,18.28713,-27.42367
73,2026/3/19,55:16.7,1,1,"Gomez, Rafael",1000252129,Right,CUP_POL2,"Heureaux, Hector",1000441825,Right,CUP_POL11,Undefined,3,Top,0,0,0,Fastball,Four-Seam,BallinDirt,Undefined,Undefined,Undefined,0,0,,92.49398,-4.498885,-0.833922,2237.670451,217.630477,1:15,6.60075,1.08963,6.45216,-16.11363,16.00473,11.53894,1.11557,1.28498,84.80572,-7.558369,1.260467,0.407895,,,,,,,,,,,,-6.31489,9.97804,-1.03562,50,6.27406,1.4972,-134.11957,-10.99957,-11.48813,29.34263,-14.02179,CUP_POL2,CUP_POL11,LAV,Diamond Solutions,DIA,20260319-LAV-1,42c07c10-239b-11f1-847e-e76328223677,92.40728,,,7.68826,,,,,,,466b64ac-6fa4-469b-a791-4c8bbffd9b8d,2026/3/19,55:16.7,2026-03-19T09:55:16.6887936-04:00,2026-03-19T13:55:16.6887936Z,,v3,,,,"Alvarado, Jesus",1000373354,Right,CUP_POL2,9cda0294-aef4-4c67-b9d8-208673b5c236,54.05143,-135.00304,14.67131,6.59888,-10.5774,-7.0109,-1.08591,1.84309,-5.74407,,,,,,,,,,,,,,,,,,,,,,,,,,,,,,,,,,,,,,,,,,,,,,,,,,,High,High,High,,,,,,,,
74,2026/3/19,55:32.3,1,2,"Gomez, Rafael",1000252129,Right,CUP_POL2,"Heureaux, Hector",1000441825,Right,CUP_POL11,Undefined,3,Top,0,1,0,Fastball,Four-Seam,StrikeCalled,Undefined,Undefined,Undefined,0,0,,91.26481,-3.03261,-3.246212,2279.170561,216.074593,1:15,6.41054,1.09469,6.79122,-17.32454,15.11131,10.27197,2.19148,-1.01579,83.78873,-6.345836,-1.374312,0.409906,,,,,,,,,,,,-6.29008,9.12969,-0.88694,50,6.20624,7.11756,-132.43662,-7.4706,-11.20485,27.49357,-15.91084,CUP_POL2,CUP_POL11,LAV,Diamond Solutions,DIA,20260319-LAV-1,4c12ce80-239b-11f1-847e-e76328223677,91.95396,,,7.47609,,,,,,,466b64ac-6fa4-469b-a791-4c8bbffd9b8d,2026/3/19,55:32.3,2026-03-19T09:55:32.2577408-04:00,2026-03-19T13:55:32.2577408Z,,v3,,,,"Alvarado, Jesus",1000373354,Right,CUP_POL2,910a7819-e391-4cdd-80dc-139fb21997ba,53.71088,-133.20476,13.74679,6.40875,-7.02607,-7.95542,-1.09017,7.43061,-5.60243,,,,,,,,,,,,,,,,,,,,,,,,,,,,,,,,,,,,,,,,,,,,,,,,,,,High,High,High,,,,,,,,
75,2026/3/19,55:46.6,1,3,"Gomez, Rafael",1000252129,Right,CUP_POL2,"Heureaux, Hector",1000441825,Right,CUP_POL11,Undefined,3,Top,0,1,1,Fastball,Four-Seam,StrikeSwinging,Undefined,Undefined,Undefined,0,0,,91.91233,-3.258174,-1.516379,2286.369092,222.240027,1:30,6.51649,0.92549,6.83069,-19.14395,12.79717,10.7056,1.94494,0.43412,84.34107,-6.899116,0.440632,0.406767,,,,,,,,,,,,-6.10355,8.01201,-0.83148,50,6.29964,3.12995,-133.51238,-8.11841,-11.01665,28.7546,-17.71277,CUP_POL2,CUP_POL11,LAV,Diamond Solutions,DIA,20260319-LAV-1,54912f20-239b-11f1-847e-e76328223677,92.66335,,,7.57125,,,,,,,466b64ac-6fa4-469b-a791-4c8bbffd9b8d,2026/3/19,55:46.6,2026-03-19T09:55:46.5617920-04:00,2026-03-19T13:55:46.5617920Z,,v3,,,,"Alvarado, Jesus",1000373354,Right,CUP_POL2,121f3427-c1d9-4fd0-b986-c42dcb3f4666,53.67207,-134.3009,14.3773,6.5156,-7.63268,-8.85639,-0.92145,3.43205,-5.50832,,,,,,,,,,,,,,,,,,,,,,,,,,,,,,,,,,,,,,,,,,,,,,,,,,,High,High,High,,,,,,,,
76,2026/3/19,56:02.4,1,4,"Gomez, Rafael",1000252129,Right,CUP_POL2,"Heureaux, Hector",1000441825,Right,CUP_POL11,Undefined,3,Top,0,1,2,Fastball,Four-Seam,StrikeCalled,Strikeout,Undefined,Undefined,0,0,,92.64346,-1.826792,-2.762872,2278.226722,220.44105,1:15,6.36909,0.88211,7.05703,-17.51871,13.42237,10.66493,3.2476,-0.74035,85.33828,-5.186614,-0.808261,0.400349,,,,,,,,,,,,-6.36992,7.93158,-0.71788,50,6.25264,6.09949,-134.71344,-4.73849,-11.79238,27.23471,-17.49066,CUP_POL2,CUP_POL11,LAV,Diamond Solutions,DIA,20260319-LAV-1,5e03b3c0-239b-11f1-847e-e76328223677,94.14889,,,7.30518,,,,,,,466b64ac-6fa4-469b-a791-4c8bbffd9b8d,2026/3/19,56:02.4,2026-03-19T09:56:02.3970000-04:00,2026-03-19T13:56:02.3970000Z,,v3,,,,"Alvarado, Jesus",1000373354,Right,CUP_POL2,f9671052-9173-49e8-b582-8825f5508400,53.4452,-135.40815,13.61736,6.36782,-4.29233,-8.74533,-0.87731,6.4003,-5.89619,,,,,,,,,,,,,,,,,,,,,,,,,,,,,58.92643,3.04727,1.886259,1.161011,-3.48193,2.78727,0.80159,-6.01246,3.89305,3.46731,67.20877,4.66595,57.77525,-5.96751,69.92401,-5.97718,3.92746,18.3003,-15.24625,3.45178,46.59454,0.18153,High,High,High,,,High,High,High,,,
77,2026/3/19,56:32.2,2,1,"Gomez, Rafael",1000252129,Right,CUP_POL2,"Gonzalez, Javier",1000297334,Right,CUP_POL11,Undefined,3,Top,1,0,0,Fastball,Four-Seam,BallCalled,Undefined,Undefined,Undefined,0,0,,91.4908,-3.825751,-0.564699,2258.647146,218.997912,1:15,6.35999,0.77845,7.0023,-18.03269,13.7643,10.39532,1.37368,1.13131,84.65962,-7.252507,1.342393,0.405849,,,,,,,,,,,,-5.72937,8.64252,-0.74693,50,6.119,0.94201,-132.99311,-9.35305,-10.3415,26.43627,-16.57432,CUP_POL2,CUP_POL11,LAV,Diamond Solutions,DIA,20260319-LAV-1,6fc858e0-239b-11f1-847e-e76328223677,92.8731,,,6.83118,,,,,,,466b64ac-6fa4-469b-a791-4c8bbffd9b8d,2026/3/19,56:32.2,2026-03-19T09:56:32.1990144-04:00,2026-03-19T13:56:32.1990144Z,,v3,,,,"Alvarado, Jesus",1000373354,Right,CUP_POL2,f18372a7-8f2b-4fa4-aee9-e6dc129b8c4c,53.50203,-133.68743,13.21814,6.35892,-8.91775,-8.28716,-0.77523,1.21362,-5.17075,,,,,,,,,,,,,,,,,,,,,,,,,,,,,,,,,,,,,,,,,,,,,,,,,,,High,High,High,,,,,,,,
78,2026/3/19,56:48.8,2,2,"Gomez, Rafael",1000252129,Right,CUP_POL2,"Gonzalez, Javier",1000297334,Right,CUP_POL11,Undefined,3,Top,1,1,0,Fastball,Four-Seam,BallinDirt,Undefined,Undefined,Undefined,0,0,,91.70946,-4.915287,-3.709049,2238.95617,216.275205,1:15,6.47767,0.86449,7.18014,-16.9532,14.61544,10.05004,0.59104,-1.66332,84.98552,-8.146194,-1.864739,0.404389,,,,,,,,,,,,-6.30949,9.37776,-0.65084,50,6.18504,8.25927,-132.88589,-11.85337,-11.40492,25.57371,-15.22297,CUP_POL2,CUP_POL11,LAV,Diamond Solutions,DIA,20260319-LAV-1,79b7fcc0-239b-11f1-847e-e76328223677,93.20838,,,6.72393,,,,,,,466b64ac-6fa4-469b-a791-4c8bbffd9b8d,2026/3/19,56:48.8,2026-03-19T09:56:48.8371712-04:00,2026-03-19T13:56:48.8371712Z,,v3,,,,"Alvarado, Jesus",1000373354,Right,CUP_POL2,7eb8a39a-9878-4c3c-9be7-1effdd24d7fb,53.32337,-133.52393,12.78685,6.47604,-11.47356,-7.61149,-0.86045,8.54382,-5.70246,,,,,,,,,,,,,,,,,,,,,,,,,,,,,,,,,,,,,,,,,,,,,,,,,,,High,High,High,,,,,,,,
79,2026/3/19,57:09.3,2,3,"Gomez, Rafael",1000252129,Right,CUP_POL2,"Gonzalez, Javier",1000297334,Right,CUP_POL11,Undefined,3,Top,1,2,0,Fastball,Four-Seam,BallCalled,Undefined,Undefined,Undefined,0,0,,92.70577,-3.171555,-4.002868,2298.414622,214.421126,1:15,6.37367,0.90762,6.80624,-15.95513,15.53229,9.96528,2.13972,-1.92085,85.02387,-6.233436,-2.189151,0.403869,,,,,,,,,,,,-6.30422,9.37087,-0.65125,50,6.1614,9.00827,-134.381,-7.8619,-11.56258,28.29705,-14.98685,CUP_POL2,CUP_POL11,LAV,Diamond Solutions,DIA,20260319-LAV-1,85e3d500-239b-11f1-847e-e76328223677,93.32847,,,7.6819,,,,,,,466b64ac-6fa4-469b-a791-4c8bbffd9b8d,2026/3/19,57:09.3,2026-03-19T09:57:09.3251584-04:00,2026-03-19T13:57:09.3251584Z,,v3,,,,"Alvarado, Jesus",1000373354,Right,CUP_POL2,66077f01-559c-4dd9-805c-9c8c1ee6af8b,53.69488,-135.1568,14.14853,6.37131,-7.45101,-7.49343,-0.90257,9.32527,-5.78129,,,,,,,,,,,,,,,,,,,,,,,,,,,,,,,,,,,,,,,,,,,,,,,,,,,High,High,High,,,,,,,,
80,2026/3/19,57:29.1,2,4,"Gomez, Rafael",1000252129,Right,CUP_POL2,"Gonzalez, Javier",1000297334,Right,CUP_POL11,Undefined,3,Top,1,3,0,Fastball,Four-Seam,InPlay,Undefined,GroundBall,Single,0,0,,92.44167,-2.019724,-2.576546,2246.808926,225.713491,1:30,6.39425,1.0168,6.86653,-17.55603,14.24017,13.47879,3.08758,-0.21016,83.86461,-5.40724,-0.114238,0.405844,70.184,-37.684827,-5.888331,,,,,4.22684,4.22684,-2.509498,0.047282,-7.94713,8.50733,-0.85697,50,6.25898,5.52354,-134.23205,-5.18466,-14.35655,31.73694,-16.80549,CUP_POL2,CUP_POL11,LAV,Diamond Solutions,DIA,20260319-LAV-1,91b928d0-239b-11f1-847e-e76328223677,92.87424,2.98822,,8.57706,,,,0.37477,2.98822,0.21179,466b64ac-6fa4-469b-a791-4c8bbffd9b8d,2026/3/19,57:29.1,2026-03-19T09:57:29.1479552-04:00,2026-03-19T13:57:29.1479552Z,GroundBall,v3,,,,"Alvarado, Jesus",1000373354,Right,CUP_POL2,4fb8baf4-258d-4b06-9260-599cdd93f451,53.63541,-135.08885,15.86847,6.39283,-4.73096,-8.40275,-1.01131,5.91112,-7.17827,,0.37209,81.3847,,,,,,,,2.9903,-63.20029,,,,,,,,0.21207,-8.39354,,,,,,,,,,,,,,,,,,,,,,,,,,,,,,High,High,High,Estimated,Estimated,,,,65.6257,0.91381,6.95428
81,2026/3/19,58:17.8,3,1,"Gomez, Rafael",1000252129,Right,CUP_POL2,"Castillo, Jeans",1000329632,Right,CUP_POL11,Undefined,3,Top,1,0,0,Fastball,Sinker,FoulBallNotFieldable,Undefined,Undefined,Undefined,0,0,,93.09213,-3.233409,-2.928527,2262.981223,227.51009,1:30,6.35467,1.00783,6.90379,-16.97399,14.19749,14.38989,1.98792,-0.46288,85.08825,-6.492041,-0.298386,0.401837,76.66184,42.912782,33.790204,,83.05217,77.14533,72.12716,252.2106,99.88751,46.990499,4.726383,-8.47934,8.78453,-0.82756,50,6.14428,6.36181,-135.09796,-8.07452,-15.6321,30.11569,-15.97928,CUP_POL2,CUP_POL11,LAV,Diamond Solutions,DIA,20260319-LAV-1,aebb0070-239b-11f1-847e-e76328223677,93.8003,81.79729,,8.00388,,,,-0.06381,1.89224,0.71178,466b64ac-6fa4-469b-a791-4c8bbffd9b8d,2026/3/19,58:17.8,2026-03-19T09:58:17.8135552-04:00,2026-03-19T13:58:17.8135552Z,FlyBall,v3,,,,"Alvarado, Jesus",1000373354,Right,CUP_POL2,95395305-2345-4b7d-a34e-d479705b75ef,53.59895,-135.89786,15.05784,6.35311,-7.6501,-7.98964,-1.00205,6.77702,-7.81605,,-0.05684,68.28287,-15.22239,2.64646,0.31352,-0.35354,0.0919,-0.01024,0.00041,1.89324,76.52328,-20.87131,1.30845,0.18318,-0.24326,0.08698,-0.01375,0.00081,0.7128,45.77282,-1.51519,-0.3688,0.30275,-0.13535,0.0372,-0.00537,0.00031,,,,,,,,,,,,,,,,,,,,,,,High,High,High,High,Low,,,,61.98428,11.77364,6.95257
82,2026/3/19,59:00.8,3,2,"Gomez, Rafael",1000252129,Right,CUP_POL2,"Castillo, Jeans",1000329632,Right,CUP_POL11,Undefined,3,Top,1,0,1,Fastball,Four-Seam,BallCalled,Undefined,Undefined,Undefined,0,0,,92.13793,-0.8452,-1.970463,2261.477785,210.905627,1:00,6.28024,1.08197,7.20879,-14.06245,17.10607,9.67355,4.34248,0.10302,84.42509,-3.59684,-0.191533,0.401818,,,,,,,,,,,,-5.67807,9.6917,-0.97007,50,6.22633,4.25331,-134.07682,-2.26045,-10.36595,28.1999,-14.48085,CUP_POL2,CUP_POL11,LAV,Diamond Solutions,DIA,20260319-LAV-1,c859d6f0-239b-11f1-847e-e76328223677,93.80472,,,7.71283,,,,,,,466b64ac-6fa4-469b-a791-4c8bbffd9b8d,2026/3/19,59:00.8,2026-03-19T09:59:00.8036352-04:00,2026-03-19T13:59:00.8036352Z,,v3,,,,"Alvarado, Jesus",1000373354,Right,CUP_POL2,7ac3a9d2-8470-4f57-b723-068a07972876,53.2923,-134.76749,14.09995,6.27735,-1.90578,-7.24043,-1.07735,4.50719,-5.18298,,,,,,,,,,,,,,,,,,,,,,,,,,,,,,,,,,,,,,,,,,,,,,,,,,,High,High,High,,,,,,,,
83,2026/3/19,59:24.5,3,3,"Gomez, Rafael",1000252129,Right,CUP_POL2,"Castillo, Jeans",1000329632,Right,CUP_POL11,Undefined,3,Top,1,1,1,Fastball,Four-Seam,BallCalled,Undefined,Undefined,StolenBase,0,0,,92.89252,-3.817045,-4.172616,2252.205248,222.765021,1:30,6.25928,0.70242,7.27568,-16.44351,14.31111,12.36375,1.42258,-2.04763,85.49887,-6.982072,-1.901832,0.399141,,,,,,,,,,,,-7.71937,9.0143,-0.46862,50,6.03762,9.37773,-134.68007,-9.38472,-14.25489,27.77407,-15.52797,CUP_POL2,CUP_POL11,LAV,Diamond Solutions,DIA,20260319-LAV-1,d69184c0-239b-11f1-847e-e76328223677,94.43384,,,7.39365,,,,,,,466b64ac-6fa4-469b-a791-4c8bbffd9b8d,2026/3/19,59:24.5,2026-03-19T09:59:24.4840000-04:00,2026-03-19T13:59:24.4840000Z,,v3,,,,"Alvarado, Jesus",1000373354,Right,CUP_POL2,1d264e5e-b608-4302-9dab-7fc5f0782807,53.22688,-135.34389,13.88703,6.25749,-9.01359,-7.76399,-0.69683,9.71843,-7.12744,,,,,,,,,,,,,,,,,,,,,,,,,,,,,76.13869,2.130721,0.838656,1.292065,-2.54647,0.92718,2.17322,-2.354,6.01518,1.72254,127.28199,0.51205,-0.83494,-2.25607,110.01497,-7.63559,6.02665,10.46944,-11.41943,1.70144,-3.8056,1.44362,High,High,High,,,High,High,High,,,
84,2026/3/19,59:58.2,3,4,"Gomez, Rafael",1000252129,Right,CUP_POL2,"Castillo, Jeans",1000329632,Right,CUP_POL11,Undefined,3,Top,1,2,1,Slider,Slider,StrikeSwinging,Undefined,Undefined,Undefined,0,0,,78.93928,-0.873094,-1.76371,2106.58707,96.959475,9:15,6.06137,0.84745,6.80939,-40.84864,2.19394,-7.76193,1.86015,-1.40933,73.18857,-8.488662,-3.182435,0.472194,,,,,,,,,,,,3.64646,1.80642,-0.73102,50,5.99016,3.78863,-114.87788,-2.84125,4.89331,20.44563,-29.74994,CUP_POL2,CUP_POL11,LAV,Diamond Solutions,DIA,20260319-LAV-1,ea9ce590-239b-11f1-847e-e76328223677,79.82402,,,5.75071,,,,,,,466b64ac-6fa4-469b-a791-4c8bbffd9b8d,2026/3/19,59:58.2,2026-03-19T09:59:58.2117888-04:00,2026-03-19T13:59:58.2117888Z,,v3,,,,"Alvarado, Jesus",1000373354,Right,CUP_POL2,13e94102-6fe7-45a1-9f48-86ccba54a018,53.69432,-115.53351,10.22281,6.06597,-1.88725,-14.87497,-0.85,3.63172,2.44666,,,,,,,,,,,,,,,,,,,,,,,,,,,,,,,,,,,,,,,,,,,,,,,,,,,High,High,High,,,,,,,,
85,2026/3/19,00:20.3,3,5,"Gomez, Rafael",1000252129,Right,CUP_POL2,"Castillo, Jeans",1000329632,Right,CUP_POL11,Undefined,3,Top,1,2,2,Slider,Slider,BallinDirt,Undefined,Undefined,StolenBase,0,0,,80.02891,-1.86514,-5.396549,2133.726619,141.20968,10:45,6.08446,1.25452,6.83586,-35.18951,7.08465,-4.6865,1.44269,-4.07266,74.09236,-8.417356,-6.246379,0.46796,,,,,,,,,,,,1.00658,4.73607,-0.90625,50,5.9521,11.10775,-115.88175,-4.72019,1.37392,20.8811,-25.70946,CUP_POL2,CUP_POL11,LAV,Diamond Solutions,DIA,20260319-LAV-1,f7c76920-239b-11f1-847e-e76328223677,80.54624,,,5.93655,,,,,,,466b64ac-6fa4-469b-a791-4c8bbffd9b8d,2026/3/19,00:20.3,2026-03-19T10:00:20.3057152-04:00,2026-03-19T14:00:20.3057152Z,,v3,,,,"Alvarado, Jesus",1000373354,Right,CUP_POL2,940de02e-275b-48a6-aef1-193bf7e342b7,53.66406,-116.54012,10.44055,6.08814,-3.90958,-12.85473,-1.25578,11.06444,0.68696,,,,,,,,,,,,,,,,,,,,,,,,,,,,,,,,,,,,,,,,,,,,,,,,,,,High,High,High,,,,,,,,
86,2026/3/19,00:55.7,3,6,"Gomez, Rafael",1000252129,Right,CUP_POL2,"Castillo, Jeans",1000329632,Right,CUP_POL11,Undefined,3,Top,1,3,2,Fastball,Four-Seam,FoulBallNotFieldable,Undefined,Undefined,Undefined,0,0,,91.41395,-1.493892,-1.758896,2280.923577,214.751788,1:15,6.5439,0.53017,7.3229,-16.31733,15.2317,9.8965,3.83335,-0.2349,83.81884,-4.664288,0.065815,0.404263,74.87985,64.740911,-177.394387,5044.105229,,,,,17.42955,,,-5.84004,8.95158,-0.43427,50,6.45565,3.74549,-133.06206,-3.82643,-10.48325,28.22268,-16.10536,CUP_POL2,CUP_POL11,LAV,Diamond Solutions,DIA,20260319-LAV-1,0cd8ef50-239c-11f1-847e-e76328223677,93.23734,35.54011,,7.59512,,,,0.38793,3.83105,0.45641,466b64ac-6fa4-469b-a791-4c8bbffd9b8d,2026/3/19,00:55.7,2026-03-19T10:00:55.7405696-04:00,2026-03-19T14:00:55.7405696Z,,v3,,,,"Alvarado, Jesus",1000373354,Right,CUP_POL2,fe33083b-ef6b-4157-af53-150580829328,53.18025,-133.7349,14.11134,6.5423,-3.44248,-8.05268,-0.52654,3.99541,-5.24162,,0.39678,-47.13941,-0.84364,,,,,,,3.85216,98.56631,-37.56344,,,,,,,0.44164,-1.59529,10.25757,,,,,,,,,,,,,,,,,,,,,,,,,,,,,High,High,High,High,Undefined,,,,55.74857,21.29839,-14.39733
87,2026/3/19,01:22.5,3,7,"Gomez, Rafael",1000252129,Right,CUP_POL2,"Castillo, Jeans",1000329632,Right,CUP_POL11,Undefined,3,Top,1,3,2,Fastball,Four-Seam,BallCalled,Walk,Undefined,Undefined,0,0,,93.03545,-3.825726,-3.82016,2284.266337,208.992202,1:00,6.36665,0.61195,7.10112,-15.21513,15.89887,8.23689,1.6142,-2.17336,84.92392,-6.771832,-2.312109,0.401466,,,,,,,,,,,,-5.44965,9.9019,-0.38587,50,6.13259,8.68079,-134.77525,-9.369,-9.99205,30.15481,-14.01865,CUP_POL2,CUP_POL11,LAV,Diamond Solutions,DIA,20260319-LAV-1,1cd3f800-239c-11f1-847e-e76328223677,93.88693,,,8.11153,,,,,,,466b64ac-6fa4-469b-a791-4c8bbffd9b8d,2026/3/19,01:22.5,2026-03-19T10:01:22.5126400-04:00,2026-03-19T14:01:22.5126400Z,,v3,,,,"Alvarado, Jesus",1000373354,Right,CUP_POL2,71ba6540-85a9-4cf1-9d46-f0b8cfeb7834,53.39867,-135.53354,15.07741,6.36375,-9.01648,-7.00933,-0.60732,8.93205,-4.99602,,,,,,,,,,,,,,,,,,,,,,,,,,,,,,,,,,,,,,,,,,,,,,,,,,,High,High,High,,,,,,,,
88,2026/3/19,02:06.5,4,1,"Gomez, Rafael",1000252129,Right,CUP_POL2,"Garcia, Geremia",1000328902,Right,CUP_POL11,Undefined,3,Top,1,0,0,Fastball,Four-Seam,BallCalled,Undefined,Undefined,Undefined,0,0,,92.29064,-3.884338,-4.414764,2296.821611,217.448064,1:15,6.36799,0.8861,7.035,-15.7565,15.79387,11.33383,1.50973,-2.1886,84.72208,-6.917841,-2.344394,0.404272,,,,,,,,,,,,-7.1854,9.77662,-0.62036,50,6.12547,9.88977,-133.66715,-9.46768,-13.04355,27.90598,-14.42673,CUP_POL2,CUP_POL11,LAV,Diamond Solutions,DIA,20260319-LAV-1,370aefd0-239c-11f1-847e-e76328223677,93.23538,,,7.56856,,,,,,,466b64ac-6fa4-469b-a791-4c8bbffd9b8d,2026/3/19,02:06.5,2026-03-19T10:02:06.5005568-04:00,2026-03-19T14:02:06.5005568Z,,v3,,,,"Alvarado, Jesus",1000373354,Right,CUP_POL2,40203c57-fe48-4f17-b0e8-dee5057c80f4,53.46661,-134.38893,13.95299,6.36553,-9.09453,-7.21336,-0.88052,10.22714,-6.52177,,,,,,,,,,,,,,,,,,,,,,,,,,,,,,,,,,,,,,,,,,,,,,,,,,,High,High,High,,,,,,,,
89,2026/3/19,02:31.2,4,2,"Gomez, Rafael",1000252129,Right,CUP_POL2,"Garcia, Geremia",1000328902,Right,CUP_POL11,Undefined,3,Top,1,1,0,Fastball,Four-Seam,BallCalled,Undefined,Undefined,Undefined,0,0,,91.09137,-0.820994,-3.877262,2297.437806,219.400201,1:15,6.37487,0.78402,7.17326,-18.06891,13.92355,10.64304,4.1234,-1.84793,83.56521,-4.304475,-1.926469,0.407095,,,,,,,,,,,,-6.67922,7.98516,-0.55979,50,6.32088,8.57587,-132.34058,-2.32432,-11.89987,27.02802,-17.94751,CUP_POL2,CUP_POL11,LAV,Diamond Solutions,DIA,20260319-LAV-1,45c75e00-239c-11f1-847e-e76328223677,92.58889,,,7.52616,,,,,,,466b64ac-6fa4-469b-a791-4c8bbffd9b8d,2026/3/19,02:31.2,2026-03-19T10:02:31.2192000-04:00,2026-03-19T14:02:31.2192000Z,,v3,,,,"Alvarado, Jesus",1000373354,Right,CUP_POL2,41761a32-091c-47f6-a14f-59d86996f4bf,53.32803,-133.01853,13.51401,6.37353,-1.87414,-8.97375,-0.77864,8.87436,-5.94993,,,,,,,,,,,,,,,,,,,,,,,,,,,,,,,,,,,,,,,,,,,,,,,,,,,High,High,High,,,,,,,,
90,2026/3/19,02:55.1,4,3,"Gomez, Rafael",1000252129,Right,CUP_POL2,"Garcia, Geremia",1000328902,Right,CUP_POL11,Undefined,3,Top,1,2,0,Fastball,Four-Seam,StrikeSwinging,Undefined,Undefined,Undefined,0,0,,92.53973,-2.510925,-2.598943,2317.589166,223.582737,1:30,6.34557,1.00398,6.85195,-17.62643,13.87233,12.24938,2.58344,-0.34656,84.70824,-5.888117,-0.361758,0.403941,,,,,,,,,,,,-7.17307,8.36095,-0.84136,50,6.17815,5.62141,-134.40062,-6.35661,-13.11979,29.14077,-16.88162,CUP_POL2,CUP_POL11,LAV,Diamond Solutions,DIA,20260319-LAV-1,53febdb0-239c-11f1-847e-e76328223677,93.31169,,,7.83149,,,,,,,466b64ac-6fa4-469b-a791-4c8bbffd9b8d,2026/3/19,02:55.1,2026-03-19T10:02:55.0996992-04:00,2026-03-19T14:02:55.0996992Z,,v3,,,,"Alvarado, Jesus",1000373354,Right,CUP_POL2,c3ff43c6-e861-4310-995f-8ec9db55776b,53.64958,-135.1896,14.57038,6.34407,-5.89954,-8.44081,-0.99837,5.97663,-6.5599,,,,,,,,,,,,,,,,,,,,,,,,,,,,,,,,,,,,,,,,,,,,,,,,,,,High,High,High,,,,,,,,
91,2026/3/19,03:36.4,4,4,"Gomez, Rafael",1000252129,Right,CUP_POL2,"Garcia, Geremia",1000328902,Right,CUP_POL11,Undefined,3,Top,1,2,1,Fastball,Four-Seam,BallCalled,Undefined,Undefined,Undefined,0,0,,90.43658,-1.047616,-1.474145,2218.610008,216.003171,1:15,6.37156,0.94886,6.9721,-18.51025,14.24135,9.60028,3.87561,0.40757,82.69793,-4.610659,0.284376,0.411896,,,,,,,,,,,,-5.45823,8.18363,-0.85994,50,6.30001,3.01608,-131.53011,-2.85891,-9.55901,27.97467,-17.84205,CUP_POL2,CUP_POL11,LAV,Diamond Solutions,DIA,20260319-LAV-1,6c9e2590-239c-11f1-847e-e76328223677,91.50963,,,7.73865,,,,,,,466b64ac-6fa4-469b-a791-4c8bbffd9b8d,2026/3/19,03:36.4,2026-03-19T10:03:36.4000000-04:00,2026-03-19T14:03:36.4000000Z,,v3,,,,"Alvarado, Jesus",1000373354,Right,CUP_POL2,2131738c-b851-4b4d-9669-74375014b3f3,53.52788,-132.27831,13.98734,6.37009,-2.38172,-8.92103,-0.94403,3.27174,-4.77951,,,,,,,,,,,,,,,,,,,,,,,,,,,,,77.07188,1.660566,0.79145,0.869116,-4.52035,3.37218,-0.44742,-4.22237,5.75482,-2.59805,63.91276,1.41919,-61.04955,-4.20417,82.73431,-5.02665,5.77308,6.39473,-13.13283,-2.65257,-75.62672,9.7377,High,High,High,,,High,High,High,,,
92,2026/3/19,04:05.2,4,5,"Gomez, Rafael",1000252129,Right,CUP_POL2,"Garcia, Geremia",1000328902,Right,CUP_POL11,Undefined,3,Top,1,3,1,Fastball,Four-Seam,InPlay,Undefined,LineDrive,Single,0,1,,92.79257,-2.630749,-2.574233,2300.18551,208.390023,1:00,6.46353,0.87047,6.73228,-14.30674,17.20288,8.74914,2.863,-0.75455,84.79518,-5.400927,-0.980719,0.404011,76.13923,17.707484,-8.024305,1366.879052,108.99899,21.69375,-14.80497,206.79853,206.79853,-7.876846,2.433413,-5.33437,10.13316,-0.70353,50,6.28372,5.71315,-134.72435,-6.53892,-9.79271,29.59101,-13.57185,CUP_POL2,CUP_POL11,LAV,Diamond Solutions,DIA,20260319-LAV-1,7dc997f0-239c-11f1-847e-e76328223677,93.29562,21.69979,,7.9974,,,,-0.51357,2.68688,0.77924,466b64ac-6fa4-469b-a791-4c8bbffd9b8d,2026/3/19,04:05.2,2026-03-19T10:04:05.1811840-04:00,2026-03-19T14:04:05.1811840Z,LineDrive,v3,,,,"Alvarado, Jesus",1000373354,Right,CUP_POL2,4847d661-948c-4243-b93f-32bceedad516,53.76958,-135.54978,14.79551,6.46084,-6.16034,-6.78593,-0.86671,5.98631,-4.89636,177.038156,-0.51357,105.33832,-12.87083,2.59253,-0.49687,0.08941,-0.01537,0.00206,-0.00014,2.68688,33.96547,-16.03915,0.90513,-0.14218,0.022,-0.00196,0.0003,-3.00E-05,0.77924,-14.84991,1.59377,-0.23537,0.03413,-0.00374,0.00062,-8.00E-05,0,,,,,,,,,,,,,,,,,,,,,,,High,High,High,High,High,,,,62.57414,11.77857,-15.18708
93,2026/3/19,04:50.6,5,1,"Gomez, Rafael",1000252129,Right,CUP_POL2,"Reina, Nicolas",1000540213,Right,CUP_POL11,Undefined,3,Top,1,0,0,Fastball,Four-Seam,BallCalled,Undefined,Undefined,Undefined,0,0,,90.15961,-3.686946,-3.263857,2232.861451,216.273153,1:15,6.16923,0.91817,7.06185,-19.93859,12.62859,8.60835,1.1494,-1.33167,83.857,-7.459999,-1.686389,0.410735,,,,,,,,,,,,-5.36051,7.93268,-0.72361,50,5.93984,7.1595,-130.91927,-8.9592,-9.44266,23.77031,-18.20052,CUP_POL2,CUP_POL11,LAV,Diamond Solutions,DIA,20260319-LAV-1,98d78ed0-239c-11f1-847e-e76328223677,91.76835,,,6.30261,,,,,,,466b64ac-6fa4-469b-a791-4c8bbffd9b8d,2026/3/19,04:50.6,2026-03-19T10:04:50.6100736-04:00,2026-03-19T14:04:50.6100736Z,,v3,,,,"Alvarado, Jesus",1000373354,Right,CUP_POL2,3a37aa65-9127-43de-953e-f6e81a7d6f44,53.44152,-131.54264,11.88516,6.16853,-8.48189,-9.10026,-0.91461,7.40714,-4.72133,,,,,,,,,,,,,,,,,,,,,,,,,,,,,,,,,,,,,,,,,,,,,,,,,,,High,High,High,,,,,,,,
94,2026/3/19,05:09.6,5,2,"Gomez, Rafael",1000252129,Right,CUP_POL2,"Reina, Nicolas",1000540213,Right,CUP_POL11,Undefined,3,Top,1,1,0,Fastball,Sinker,BallCalled,Undefined,Undefined,Undefined,0,0,,91.53829,-0.052888,-2.333279,2297.702224,227.973436,1:30,6.40805,0.90539,7.05654,-20.19155,11.22426,11.52469,4.67735,-0.25451,84.82313,-3.899934,-0.22044,0.403409,,,,,,,,,,,,-6.67032,6.29496,-0.76731,50,6.39796,5.00665,-133.30354,-0.65276,-12.18376,24.59889,-20.67588,CUP_POL2,CUP_POL11,LAV,Diamond Solutions,DIA,20260319-LAV-1,a42a4520-239c-11f1-847e-e76328223677,93.43485,,,6.71516,,,,,,,466b64ac-6fa4-469b-a791-4c8bbffd9b8d,2026/3/19,05:09.6,2026-03-19T10:05:09.5864832-04:00,2026-03-19T14:05:09.5864832Z,,v3,,,,"Alvarado, Jesus",1000373354,Right,CUP_POL2,764f2f60-6899-4ed0-834f-43a996abee5b,53.4467,-133.93806,12.29945,6.40792,-0.11943,-10.33794,-0.90051,5.32093,-6.09188,,,,,,,,,,,,,,,,,,,,,,,,,,,,,,,,,,,,,,,,,,,,,,,,,,,High,High,High,,,,,,,,
95,2026/3/19,05:27.5,5,3,"Gomez, Rafael",1000252129,Right,CUP_POL2,"Reina, Nicolas",1000540213,Right,CUP_POL11,Undefined,3,Top,1,2,0,Fastball,Four-Seam,BallCalled,Undefined,Undefined,Undefined,0,0,,89.99295,-1.253637,-1.035328,2250.949325,214.282865,1:15,6.28757,1.0843,7.03622,-18.93434,13.73591,8.73249,3.57032,0.87124,83.12467,-4.876861,0.56669,0.411384,,,,,,,,,,,,-4.88988,7.95036,-1.02353,50,6.20481,2.04804,-131.03373,-3.33604,-8.58449,25.1622,-18.21675,CUP_POL2,CUP_POL11,LAV,Diamond Solutions,DIA,20260319-LAV-1,aeda79e0-239c-11f1-847e-e76328223677,91.62343,,,6.86828,,,,,,,466b64ac-6fa4-469b-a791-4c8bbffd9b8d,2026/3/19,05:27.5,2026-03-19T10:05:27.5332096-04:00,2026-03-19T14:05:27.5332096Z,,v3,,,,"Alvarado, Jesus",1000373354,Right,CUP_POL2,d85fe9f8-a02b-4801-83d8-ff25d0d57502,53.46582,-131.69759,12.5811,6.28649,-2.85543,-9.10837,-1.08055,2.27452,-4.29224,,,,,,,,,,,,,,,,,,,,,,,,,,,,,,,,,,,,,,,,,,,,,,,,,,,High,High,High,,,,,,,,
96,2026/3/19,05:53.9,5,4,"Gomez, Rafael",1000252129,Right,CUP_POL2,"Reina, Nicolas",1000540213,Right,CUP_POL11,Undefined,3,Top,1,3,0,Fastball,Four-Seam,StrikeSwinging,Undefined,Undefined,Undefined,0,0,,91.29179,-1.918303,-2.249973,2279.626353,213.36775,1:00,6.24689,0.95107,7.19754,-16.91745,14.65985,9.06363,3.0976,-0.3326,84.3678,-5.173483,-0.583532,0.404445,,,,,,,,,,,,-5.40536,8.64571,-0.82272,50,6.13017,4.89494,-132.85081,-4.84417,-9.76081,25.68899,-16.56194,CUP_POL2,CUP_POL11,LAV,Diamond Solutions,DIA,20260319-LAV-1,be937080-239c-11f1-847e-e76328223677,93.19554,,,6.92399,,,,,,,466b64ac-6fa4-469b-a791-4c8bbffd9b8d,2026/3/19,05:53.9,2026-03-19T10:05:53.8980864-04:00,2026-03-19T14:05:53.8980864Z,,v3,,,,"Alvarado, Jesus",1000373354,Right,CUP_POL2,400b242e-d7b4-4eaf-b335-2221ebefbf77,53.30512,-133.48838,12.8445,6.2453,-4.43312,-8.28097,-0.94721,5.13719,-4.8804,,,,,,,,,,,,,,,,,,,,,,,,,,,,,,,,,,,,,,,,,,,,,,,,,,,High,High,High,,,,,,,,
97,2026/3/19,06:12.0,5,5,"Gomez, Rafael",1000252129,Right,CUP_POL2,"Reina, Nicolas",1000540213,Right,CUP_POL11,Undefined,3,Top,1,3,1,Fastball,Four-Seam,FoulBallNotFieldable,Undefined,Undefined,Undefined,0,0,,91.69448,-2.599034,-1.762035,2324.642255,221.257531,1:30,6.30759,0.69282,6.98553,-18.47308,13.20139,10.76048,2.40172,-0.01347,84.56973,-6.124065,0.210001,0.405066,63.79605,26.25743,161.997694,4007.700795,-107.3149,20.27971,24.15557,155.74074,44.87563,169.701926,2.247404,-6.22146,8.0265,-0.58751,50,6.14093,3.71427,-133.36804,-6.53252,-11.27636,26.99133,-17.62603,CUP_POL2,CUP_POL11,LAV,Diamond Solutions,DIA,20260319-LAV-1,c960ca30-239c-11f1-847e-e76328223677,93.05247,23.38041,,7.12474,,,,0.46302,2.27216,-0.01,466b64ac-6fa4-469b-a791-4c8bbffd9b8d,2026/3/19,06:12.0,2026-03-19T10:06:12.0363008-04:00,2026-03-19T14:06:12.0363008Z,LineDrive,v3,,,,"Alvarado, Jesus",1000373354,Right,CUP_POL2,a0dfe0b0-a19d-4cec-ac47-def652e7dc3f,53.51839,-134.07821,13.49566,6.3067,-6.06876,-8.81302,-0.68914,4.01096,-5.63818,298.573399,0.46293,-79.79951,4.17658,0.52485,-0.29378,0.2229,-0.06204,0.00221,0.00103,2.27222,41.39049,-21.84258,1.65413,-0.04227,-0.20532,0.12969,-0.03366,0.00329,-0.00987,25.92518,-7.70298,0.86419,0.2674,-0.41586,0.20069,-0.04247,0.00329,,,,,,,,,,,,,,,,,,,,,,,High,High,High,High,Low,,,,62.21405,3.96939,2.23923
98,2026/3/19,06:33.7,5,6,"Gomez, Rafael",1000252129,Right,CUP_POL2,"Reina, Nicolas",1000540213,Right,CUP_POL11,Undefined,3,Top,1,3,2,Slider,Slider,BallCalled,Walk,Undefined,Undefined,0,0,,82.05458,-2.253123,-3.496634,2039.98548,179.932283,12:00,6.16192,0.64788,6.89711,-31.3675,8.18725,-0.00839,1.49048,-2.54221,76.49704,-8.112734,-3.498168,0.452659,,,,,,,,,,,,-0.83795,5.26579,-0.42711,50,6.00836,7.286,-119.23557,-5.52074,-1.22219,20.10874,-24.49382,CUP_POL2,CUP_POL11,LAV,Diamond Solutions,DIA,20260319-LAV-1,d65bd950-239c-11f1-847e-e76328223677,83.26903,,,5.55754,,,,,,,466b64ac-6fa4-469b-a791-4c8bbffd9b8d,2026/3/19,06:33.7,2026-03-19T10:06:33.7221120-04:00,2026-03-19T14:06:33.7221120Z,,v3,,,,"Alvarado, Jesus",1000373354,Right,CUP_POL2,3614307f-a0bb-42b4-a9d7-973b3cd0debd,53.60636,-119.84223,10.05437,6.16377,-4.78178,-12.24691,-0.64747,7.32288,-0.6111,,,,,,,,,,,,,,,,,,,,,,,,,,,,,,,,,,,,,,,,,,,,,,,,,,,High,High,High,,,,,,,,
99,2026/3/19,07:08.9,6,1,"Gomez, Rafael",1000252129,Right,CUP_POL2,"Beltran, Jonathan Josue",1000490425,Right,CUP_POL11,Undefined,3,Top,1,0,0,Fastball,Four-Seam,BallCalled,Undefined,Undefined,StolenBase,0,1,,90.31897,-0.800247,-2.361721,2234.520076,210.468634,1:00,6.45504,0.34666,6.97487,-16.51379,16.2582,8.97382,4.35028,-1.05506,82.72207,-3.996352,-0.71948,0.412024,,,,,,,,,,,,-5.35831,9.16418,-0.20285,50,6.39921,5.07361,-131.33056,-2.21262,-9.38373,27.10657,-16.12529,CUP_POL2,CUP_POL11,LAV,Diamond Solutions,DIA,20260319-LAV-1,eb405c10-239c-11f1-847e-e76328223677,91.4811,,,7.5969,,,,,,,466b64ac-6fa4-469b-a791-4c8bbffd9b8d,2026/3/19,07:08.9,2026-03-19T10:07:08.8723456-04:00,2026-03-19T14:07:08.8723456Z,,v3,,,,"Alvarado, Jesus",1000373354,Right,CUP_POL2,97671ef3-7533-46de-980b-bfcd70c0eae2,53.52541,-132.0562,13.55328,6.45266,-1.78095,-8.06264,-0.34203,5.32481,-4.69187,,,,,,,,,,,,,,,,,,,,,,,,,,,,,,,,,,,,,,,,,,,,,,,,,,,High,High,High,,,,,,,,
100,2026/3/19,07:46.6,6,2,"Gomez, Rafael",1000252129,Right,CUP_POL2,"Beltran, Jonathan Josue",1000490425,Right,CUP_POL11,Undefined,3,Top,1,1,0,Fastball,Four-Seam,InPlay,Undefined,GroundBall,FieldersChoice,1,0,,89.60571,-2.899617,-2.038686,2240.770432,216.691651,1:15,6.31714,0.62999,7.25578,-18.2484,14.47957,10.09426,2.16913,-0.37408,82.96803,-6.396686,-0.179565,0.411747,85.31231,-5.98018,-36.687322,,,,,22.93186,21.22369,-33.136503,0.173148,-6.00803,8.85863,-0.51664,50,6.1465,4.31135,-130.37735,-7.03136,-10.44162,24.9215,-16.77826,CUP_POL2,CUP_POL11,LAV,Diamond Solutions,DIA,20260319-LAV-1,01c26230-239d-11f1-847e-e76328223677,91.54261,2.26099,,6.63768,,,,1.89434,2.26099,0.35975,466b64ac-6fa4-469b-a791-4c8bbffd9b8d,2026/3/19,07:46.6,2026-03-19T10:07:46.6064896-04:00,2026-03-19T14:07:46.6064896Z,GroundBall,v3,,,,"Alvarado, Jesus",1000373354,Right,CUP_POL2,3ed5eadc-c127-4313-ba4e-b356705bc2fc,53.24926,-130.99697,12.46075,6.31614,-6.6142,-8.38913,-0.62706,4.57095,-5.22081,180,1.88963,99.96146,,,,,,,,2.2616,-13.05813,,,,,,,,0.36326,-74.47457,,,,,,,,,,,,,,,,,,,,,,,,,,,,,,High,High,High,Low,Low,,,,60.03483,10.78291,-23.77536
101,2026/3/19,08:50.0,7,1,"Gomez, Rafael",1000252129,Right,CUP_POL2,"Garcia, Yohangel",1000430175,Right,CUP_POL11,Undefined,3,Top,2,0,0,Slider,Slider,BallCalled,Undefined,Undefined,Undefined,0,0,,81.31959,-2.590438,-4.034514,2177.484056,109.78012,9:45,6.11348,0.95558,7.18541,-36.83852,3.4304,-6.25052,0.68931,-3.22649,75.4724,-9.46811,-5.181176,0.456727,,,,,,,,,,,,2.26036,2.95858,-0.71974,50,5.95228,8.52134,-118.03768,-6.27975,3.19626,21.99114,-27.99047,CUP_POL2,CUP_POL11,LAV,Diamond Solutions,DIA,20260319-LAV-1,278ff720-239d-11f1-847e-e76328223677,82.52735,,,5.84719,,,,,,,466b64ac-6fa4-469b-a791-4c8bbffd9b8d,2026/3/19,08:50.0,2026-03-19T10:08:49.9620000-04:00,2026-03-19T14:08:49.9620000Z,,v3,,,,"Alvarado, Jesus",1000373354,Right,CUP_POL2,17da0baf-5dff-4dbb-8ae5-ba1c976b6cdd,53.31763,-118.65417,10.99557,6.11732,-5.49508,-13.99523,-0.95736,8.43174,1.59813,,,,,,,,,,,,,,,,,,,,,,,,,,,,,73.68599,,,1.37002,,,,-4.84929,5.73842,4.44305,127.28401,0.84272,-1.4099,-4.74388,105.84511,-6.98557,5.76278,13.02122,-12.14517,4.39536,-7.86068,2.67545,High,High,High,,,High,High,High,,,
102,2026/3/19,09:12.4,7,2,"Gomez, Rafael",1000252129,Right,CUP_POL2,"Garcia, Yohangel",1000430175,Right,CUP_POL11,Undefined,3,Top,2,1,0,Fastball,Four-Seam,BallCalled,Undefined,Undefined,StolenBase,0,0,,92.13353,-2.961422,-2.544779,2278.165213,218.677799,1:15,6.3394,0.8318,7.17227,-16.60068,14.71469,11.00304,2.26734,-0.55886,84.60699,-6.161653,-0.522793,0.402764,,,,,,,,,,,,-6.56752,9.00532,-0.68573,50,6.16094,5.54759,-133.8674,-7.31645,-11.94821,28.20444,-15.7908,CUP_POL2,CUP_POL11,LAV,Diamond Solutions,DIA,20260319-LAV-1,34ea8b60-239d-11f1-847e-e76328223677,93.58452,,,7.52653,,,,,,,466b64ac-6fa4-469b-a791-4c8bbffd9b8d,2026/3/19,09:12.4,2026-03-19T10:09:12.4050000-04:00,2026-03-19T14:09:12.4050000Z,,v3,,,,"Alvarado, Jesus",1000373354,Right,CUP_POL2,72b70087-675c-46de-bca3-3ae4cf065e12,53.32992,-134.56715,14.10222,6.3376,-6.92468,-7.8954,-0.82704,5.84402,-5.9741,,,,,,,,,,,,,,,,,,,,,,,,,,,,,75.35321,1.690678,0.791654,0.899023,-1.89344,1.90306,0.58534,-5.51222,5.50622,3.32096,68.86165,10.03462,56.14439,-5.30566,89.81848,-8.08452,5.5627,16.46079,-12.76189,3.31013,59.57025,-0.89497,High,High,High,,,High,High,High,,,
103,,,7,3,"Gomez, Rafael",1000252129,Right,CUP_POL2,"Garcia, Yohangel",1000430175,Right,CUP_POL11,Undefined,3,Top,2,2,0,Fastball,,FoulBallNotFieldable,Undefined,Undefined,Undefined,0,0,,,,,,,,,,,,,,,,,,,,,,,,,,,,,,,,,,,,,,,,,,CUP_POL2,CUP_POL11,LAV,Diamond Solutions,DIA,20260319-LAV-1,83476d50-239d-11f1-a145-db8ae36e65f7,,,,,,,,,,,466b64ac-6fa4-469b-a791-4c8bbffd9b8d,,,,,,v3,,,,"Alvarado, Jesus",1000373354,Right,CUP_POL2,e840e2cb-6f88-4169-8ba0-2c9384dd1c16,,,,,,,,,,,,,,,,,,,,,,,,,,,,,,,,,,,,,,,,,,,,,,,,,,,,,,,,,,,,,,,,,,,,,,
104,,,7,4,"Gomez, Rafael",1000252129,Right,CUP_POL2,"Garcia, Yohangel",1000430175,Right,CUP_POL11,Undefined,3,Top,2,2,1,Slider,,InPlay,Undefined,GroundBall,Out,1,0,,,,,,,,,,,,,,,,,,,,,,,,,,,,,,,,,,,,,,,,,,CUP_POL2,CUP_POL11,LAV,Diamond Solutions,DIA,20260319-LAV-1,88edf5d0-239d-11f1-a145-db8ae36e65f7,,,,,,,,,,,466b64ac-6fa4-469b-a791-4c8bbffd9b8d,,,,,,v3,,,,"Alvarado, Jesus",1000373354,Right,CUP_POL2,fd847adc-293c-4ec6-ba49-a75eaaa2bf49,,,,,,,,,,,,,,,,,,,,,,,,,,,,,,,,,,,,,,,,,,,,,,,,,,,,,,,,,,,,,,,,,,,,,,
105,2026/3/19,14:12.4,1,1,"Perez Pena, Jason Hideky",1000270134,Right,CUP_POL11,"Santana, Elian",1000239831,Right,CUP_POL2,Undefined,3,Bottom,0,0,0,Fastball,Four-Seam,BallCalled,Undefined,Undefined,Undefined,0,0,,89.77223,-1.450098,-0.562242,2258.501181,215.35766,1:15,6.17295,0.82075,6.14271,-18.24725,15.74698,10.48245,3.31186,1.17467,82.87314,-4.89472,1.328451,0.419637,,,,,,,,,,,,-5.53437,8.80414,-0.78301,50,6.0527,0.84833,-130.55806,-3.84318,-9.64812,24.90956,-16.82575,CUP_POL2,CUP_POL11,LAV,Diamond Solutions,DIA,20260319-LAV-1,e7b82a40-239d-11f1-a145-db8ae36e65f7,89.8215,,,6.89909,,,,,,,466b64ac-6fa4-469b-a791-4c8bbffd9b8d,2026/3/19,14:12.4,2026-03-19T10:14:12.4260000-04:00,2026-03-19T14:14:12.4260000Z,,v3,,,,"Gutierrez Cortes, Kevin",1000490424,Right,CUP_POL11,57f0fb22-1b16-4ded-8945-e0a423afa0bb,54.35964,-131.38722,12.45478,6.1713,-3.2831,-8.41287,-0.81659,1.16948,-4.82406,,,,,,,,,,,,,,,,,,,,,,,,,,,,,,,,,,,,,,,,,,,,,,,,,,,High,High,High,,,,,,,,
106,2026/3/19,14:27.6,1,2,"Perez Pena, Jason Hideky",1000270134,Right,CUP_POL11,"Santana, Elian",1000239831,Right,CUP_POL2,Undefined,3,Bottom,0,1,0,Fastball,Four-Seam,StrikeSwinging,Undefined,Undefined,Undefined,0,0,,89.32183,-3.146503,-1.631208,2427.576125,219.031668,1:15,6.15285,0.73238,6.49567,-18.4069,15.51887,11.79119,1.72636,0.21711,82.70271,-6.624777,0.509849,0.419215,,,,,,,,,,,,-6.57989,9.22414,-0.62283,50,5.92367,3.24412,-129.80278,-7.64579,-11.34958,24.36957,-16.26344,CUP_POL2,CUP_POL11,LAV,Diamond Solutions,DIA,20260319-LAV-1,f0cf6f80-239d-11f1-a145-db8ae36e65f7,89.91203,,,6.61913,,,,,,,466b64ac-6fa4-469b-a791-4c8bbffd9b8d,2026/3/19,14:27.6,2026-03-19T10:14:27.6360000-04:00,2026-03-19T14:14:27.6360000Z,,v3,,,,"Gutierrez Cortes, Kevin",1000490424,Right,CUP_POL11,711c4162-167e-4887-881a-2ff595588857,54.00788,-130.55307,12.18479,6.15137,-7.14508,-8.13172,-0.72809,3.59355,-5.67479,,,,,,,,,,,,,,,,,,,,,,,,,,,,,,,,,,,,,,,,,,,,,,,,,,,High,High,High,,,,,,,,
107,2026/3/19,14:52.0,1,3,"Perez Pena, Jason Hideky",1000270134,Right,CUP_POL11,"Santana, Elian",1000239831,Right,CUP_POL2,Undefined,3,Bottom,0,1,1,Fastball,Four-Seam,FoulBallNotFieldable,Undefined,Undefined,Undefined,0,0,,89.68928,-0.960221,-1.222793,2351.856994,213.130492,1:00,6.18545,0.64136,6.53798,-17.6584,15.87698,9.73855,3.83285,0.33111,82.75152,-4.326181,0.546391,0.416796,78.07897,4.448018,171.92183,2430.142332,,,,116.95732,43.03376,177.538939,1.173184,-5.34284,8.84485,-0.55989,50,6.11071,2.39325,-130.48653,-2.65451,-9.30839,24.75957,-16.76441,CUP_POL2,CUP_POL11,LAV,Diamond Solutions,DIA,20260319-LAV-1,ff58bfc0-239d-11f1-a145-db8ae36e65f7,90.43389,5.64829,,6.93776,,,,0.71893,3.70589,-0.73238,466b64ac-6fa4-469b-a791-4c8bbffd9b8d,2026/3/19,14:52.0,2026-03-19T10:14:51.9770000-04:00,2026-03-19T14:14:51.9770000Z,GroundBall,v3,,,,"Gutierrez Cortes, Kevin",1000490424,Right,CUP_POL11,a169462a-e6f9-4d59-ab75-79065b557d47,53.96287,-131.23633,12.37979,6.18341,-2.14683,-8.3822,-0.63663,2.67513,-4.6542,235.704859,0.61836,-111.8726,10.07835,,,,,,,3.69782,8.99211,-10.34862,,,,,,,-0.59608,14.43526,-8.30956,,,,,,,,,,,,,,,,,,,,,,,,,,,,,High,High,High,Medium,Low,,,,55.1525,-19.53596,50.31415
108,2026/3/19,15:21.3,1,4,"Perez Pena, Jason Hideky",1000270134,Right,CUP_POL11,"Santana, Elian",1000239831,Right,CUP_POL2,Undefined,3,Bottom,0,1,2,ChangeUp,Changeup,BallCalled,Undefined,Undefined,Undefined,0,0,,81.46757,-2.350838,-1.133463,1848.246893,241.942953,2:00,6.06727,0.57912,6.26479,-32.61703,8.3378,13.55265,1.17999,0.66328,76.01204,-8.37625,1.320579,0.4606,,,,,,,,,,,,-7.36418,5.2439,-0.50174,50,5.87675,1.86769,-118.51184,-5.82735,-10.61818,19.71617,-24.61302,CUP_POL2,CUP_POL11,LAV,Diamond Solutions,DIA,20260319-LAV-1,10d119a0-239e-11f1-a145-db8ae36e65f7,81.83332,,,5.45553,,,,,,,466b64ac-6fa4-469b-a791-4c8bbffd9b8d,2026/3/19,15:21.3,2026-03-19T10:15:21.3110000-04:00,2026-03-19T14:15:21.3110000Z,,v3,,,,"Gutierrez Cortes, Kevin",1000490424,Right,CUP_POL11,99925088-a425-4914-a7d4-9618ac49bb8d,54.24034,-119.21519,9.85809,6.06897,-4.9493,-12.30651,-0.57512,2.24648,-5.30909,,,,,,,,,,,,,,,,,,,,,,,,,,,,,,,,,,,,,,,,,,,,,,,,,,,High,High,High,,,,,,,,
109,2026/3/19,15:38.2,1,5,"Perez Pena, Jason Hideky",1000270134,Right,CUP_POL11,"Santana, Elian",1000239831,Right,CUP_POL2,Undefined,3,Bottom,0,2,2,ChangeUp,Changeup,FoulBallNotFieldable,Undefined,Undefined,Undefined,0,0,,81.12502,-0.877649,-0.321086,1828.570038,225.970612,1:30,6.16322,0.49782,6.55122,-29.19691,11.60418,10.85788,2.92523,1.1082,75.4102,-6.346975,1.653457,0.459735,46.0416,-48.42463,-124.682463,,,,,3.22795,1.51163,-97.83504,0.056762,-5.81162,6.66398,-0.48007,50,6.08987,0.2947,-118.14093,-2.5993,-8.32211,19.7271,-22.63135,CUP_POL2,CUP_POL11,LAV,Diamond Solutions,DIA,20260319-LAV-1,1ae00550-239e-11f1-a145-db8ae36e65f7,81.98738,2.89583,,5.71482,,,,1.02169,2.89583,-1.08543,466b64ac-6fa4-469b-a791-4c8bbffd9b8d,2026/3/19,15:38.2,2026-03-19T10:15:38.2160000-04:00,2026-03-19T14:15:38.2160000Z,GroundBall,v3,,,,"Gutierrez Cortes, Kevin",1000490424,Right,CUP_POL11,b92ba00c-623f-4472-a1ca-d22fc87e38d6,53.95313,-118.79919,9.86355,6.164,-1.84413,-11.31568,-0.49454,0.57239,-4.16106,,1.024,-25.75174,,,,,,,,2.9004,-51.01684,,,,,,,,-1.0821,-37.21456,,,,,,,,,,,,,,,,,,,,,,,,,,,,,,High,High,High,Low,Low,,,,70.04631,11.03256,-11.62904
110,2026/3/19,16:08.1,1,6,"Perez Pena, Jason Hideky",1000270134,Right,CUP_POL11,"Santana, Elian",1000239831,Right,CUP_POL2,Undefined,3,Bottom,0,2,2,Slider,Curveball,StrikeSwinging,Strikeout,Undefined,Undefined,0,0,,75.81646,-0.660534,-0.451777,2601.126151,61.194042,8:00,6.06277,0.88033,5.69792,-53.07338,-4.545,-10.7428,1.02438,-0.43593,70.7241,-10.292311,-2.379442,0.501383,,,,,,,,,,,,5.3839,-1.76516,-0.83548,50,5.97374,1.2532,-110.28503,-2.95139,6.67661,18.34625,-34.36305,CUP_POL2,CUP_POL11,LAV,Diamond Solutions,DIA,20260319-LAV-1,2cb79630-239e-11f1-a145-db8ae36e65f7,75.177,,,5.09236,,,,,,,466b64ac-6fa4-469b-a791-4c8bbffd9b8d,2026/3/19,16:08.1,2026-03-19T10:16:08.0960000-04:00,2026-03-19T14:16:08.0960000Z,,v3,,,,"Gutierrez Cortes, Kevin",1000490424,Right,CUP_POL11,d40a715e-b0a5-4053-a483-d3e72fe52541,54.80835,-111.08204,9.17313,6.06953,-1.45858,-17.18153,-0.88362,0.96315,3.33831,,,,,,,,,,,,,,,,,,,,,,,,,,,,,,,,,,,,,,,,,,,,,,,,,,,High,High,High,,,,,,,,
111,2026/3/19,16:58.4,2,1,"Perez Pena, Jason Hideky",1000270134,Right,CUP_POL11,"Javier, Yeuri",1000440210,Right,CUP_POL2,Undefined,3,Bottom,1,0,0,Fastball,Sinker,BallinDirt,Undefined,Undefined,Undefined,0,0,,90.55028,-4.991836,-1.794961,2289.074577,226.486172,1:30,6.07651,0.68342,6.4966,-18.31336,14.68946,14.51265,-0.04594,0.24451,84.39273,-8.416127,0.841352,0.413473,,,,,,,,,,,,-8.1239,9.19292,-0.56406,50,5.71749,3.5801,-131.37433,-12.00555,-14.41832,23.78342,-15.85841,CUP_POL2,CUP_POL11,LAV,Diamond Solutions,DIA,20260319-LAV-1,4a9c7ad0-239e-11f1-a145-db8ae36e65f7,91.16062,,,6.15755,,,,,,,466b64ac-6fa4-469b-a791-4c8bbffd9b8d,2026/3/19,16:58.4,2026-03-19T10:16:58.3630000-04:00,2026-03-19T14:16:58.3630000Z,,v3,,,,"Gutierrez Cortes, Kevin",1000490424,Right,CUP_POL11,6ff0b408-3404-4c41-bf26-97f95f1d231f,54.00945,-132.09819,11.89171,6.07554,-11.5229,-7.9292,-0.6797,4.01892,-7.20916,,,,,,,,,,,,,,,,,,,,,,,,,,,,,,,,,,,,,,,,,,,,,,,,,,,High,High,High,,,,,,,,
112,2026/3/19,17:24.4,2,2,"Perez Pena, Jason Hideky",1000270134,Right,CUP_POL11,"Javier, Yeuri",1000440210,Right,CUP_POL2,Undefined,3,Bottom,1,1,0,Fastball,Four-Seam,InPlay,Undefined,LineDrive,Out,1,0,,89.28746,-1.711138,-2.335015,2398.434783,212.851383,1:00,6.1832,0.81334,6.70087,-18.11568,15.56961,9.42686,3.10708,-0.53747,82.41845,-5.166117,-0.618362,0.417726,67.70722,10.606227,34.251617,3293.808548,,,,126.07315,113.66464,39.850462,1.437954,-5.57626,8.96741,-0.6614,50,6.06177,4.94671,-129.85736,-4.35457,-9.61028,24.82678,-16.71954,CUP_POL2,CUP_POL11,LAV,Diamond Solutions,DIA,20260319-LAV-1,5a20cce0-239e-11f1-a145-db8ae36e65f7,90.23244,8.59115,,6.86901,,,,0.22025,2.92289,0.89715,466b64ac-6fa4-469b-a791-4c8bbffd9b8d,2026/3/19,17:24.4,2026-03-19T10:17:24.3600000-04:00,2026-03-19T14:17:24.3600000Z,GroundBall,v3,,,,"Gutierrez Cortes, Kevin",1000490424,Right,CUP_POL11,f3cbbb8a-ee09-4be9-b489-bfbecfe36c4c,53.80276,-130.58236,12.41339,6.1818,-3.86632,-8.35977,-0.80995,5.22735,-4.80514,,0.22026,80.67938,-10.79122,1.25355,-0.20292,-0.04952,0.06857,-0.03039,0.00511,2.92289,18.27771,-15.24593,0.8857,-0.11675,0.04919,-0.02254,0.00843,-0.0014,0.89715,54.93639,0.75348,-0.28713,-0.01387,0.14103,-0.13283,0.0577,-0.00976,,,,,,,,,,,,,,,,,,,,,,,High,High,High,High,High,,,,,,
113,2026/3/19,18:01.2,3,1,"Perez Pena, Jason Hideky",1000270134,Right,CUP_POL11,"Merete, Jensy",1000442824,Left,CUP_POL2,Undefined,3,Bottom,2,0,0,ChangeUp,Changeup,StrikeSwinging,Undefined,Undefined,Undefined,0,0,L,82.29887,-2.142737,-1.812599,1734.248088,230.975082,1:45,6.04598,1.09688,6.24668,-30.5908,9.53331,10.42512,1.51848,0.29323,76.75174,-7.805892,0.07286,0.455905,,,,,,,,,,,,-5.8815,5.79528,-0.96713,50,5.87101,3.41724,-119.70369,-5.38651,-8.66439,19.79342,-23.63668,CUP_POL2,CUP_POL11,LAV,Diamond Solutions,DIA,20260319-LAV-1,70142790-239e-11f1-a145-db8ae36e65f7,82.67613,,,5.54713,,,,,,,466b64ac-6fa4-469b-a791-4c8bbffd9b8d,2026/3/19,18:01.2,2026-03-19T10:18:01.1730000-04:00,2026-03-19T14:18:01.1730000Z,,v3,,,,"Gutierrez Cortes, Kevin",1000490424,Right,CUP_POL11,0e37adc3-ce62-4578-b0be-1f9acbb13c66,54.25826,-120.40575,9.89671,6.0472,-4.54813,-11.81834,-1.09379,3.72456,-4.33219,,,,,,,,,,,,,,,,,,,,,,,,,,,,,,,,,,,,,,,,,,,,,,,,,,,High,High,High,,,,,,,,
114,2026/3/19,18:34.3,3,2,"Perez Pena, Jason Hideky",1000270134,Right,CUP_POL11,"Merete, Jensy",1000442824,Left,CUP_POL2,Undefined,3,Bottom,2,0,1,Fastball,Four-Seam,BallCalled,Undefined,Undefined,Undefined,0,0,,91.29481,-2.408307,-2.629066,2448.045335,214.892501,1:15,6.0935,0.776,6.41803,-15.8469,16.79068,11.04146,2.55518,-0.72264,84.18061,-5.429502,-0.629841,0.411178,,,,,,,,,,,,-6.40343,9.66851,-0.59265,50,5.9136,5.64373,-132.61677,-6.01085,-11.50914,25.90668,-14.79645,CUP_POL2,CUP_POL11,LAV,Diamond Solutions,DIA,20260319-LAV-1,83cb26d0-239e-11f1-a145-db8ae36e65f7,91.66933,,,7.1142,,,,,,,466b64ac-6fa4-469b-a791-4c8bbffd9b8d,2026/3/19,18:34.3,2026-03-19T10:18:34.2900000-04:00,2026-03-19T14:18:34.2900000Z,,v3,,,,"Gutierrez Cortes, Kevin",1000490424,Right,CUP_POL11,078df967-c9dd-48ee-8986-a76091cb7063,54.08463,-133.41231,12.95334,6.0912,-5.55648,-7.39823,-0.77139,5.99716,-5.75457,,,,,,,,,,,,,,,,,,,,,,,,,,,,,,,,,,,,,,,,,,,,,,,,,,,High,High,High,,,,,,,,
115,2026/3/19,18:54.1,3,3,"Perez Pena, Jason Hideky",1000270134,Right,CUP_POL11,"Merete, Jensy",1000442824,Left,CUP_POL2,Undefined,3,Bottom,2,1,1,Slider,Curveball,FoulBallNotFieldable,Undefined,Undefined,Undefined,0,0,,77.37357,0.694793,-0.113738,2614.273108,37.514733,7:15,5.9629,0.80637,5.68079,-52.75389,-6.53646,-5.92355,2.21448,0.20672,72.45843,-8.886093,-1.175176,0.489299,68.60512,-33.093284,80.815184,,,,,4.13756,3.18535,45.554532,0.043471,3.01776,-3.21453,-0.79287,50,5.98741,0.43659,-112.65688,-0.34251,3.941,17.36534,-36.37202,CUP_POL2,CUP_POL11,LAV,Diamond Solutions,DIA,20260319-LAV-1,8fa9c970-239e-11f1-a145-db8ae36e65f7,77.03354,2.39697,,4.91514,,,,2.31018,2.39697,-0.67686,466b64ac-6fa4-469b-a791-4c8bbffd9b8d,2026/3/19,18:54.1,2026-03-19T10:18:54.1320000-04:00,2026-03-19T14:18:54.1320000Z,GroundBall,v3,,,,"Gutierrez Cortes, Kevin",1000490424,Right,CUP_POL11,cfee03f9-4320-423f-9319-744399f6a4bf,54.82678,-113.39846,8.68267,5.96887,1.21073,-18.18601,-0.80792,0.26829,1.9705,180,2.30984,13.5046,,,,,,,,2.39837,-55.13913,,,,,,,,-0.67898,83.52017,,,,,,,,,,,,,,,,,,,,,,,,,,,,,,High,High,High,Low,Low,,,,63.96215,10.50019,11.27412
116,2026/3/19,19:21.5,3,4,"Perez Pena, Jason Hideky",1000270134,Right,CUP_POL11,"Merete, Jensy",1000442824,Left,CUP_POL2,Undefined,3,Bottom,2,1,2,ChangeUp,Changeup,StrikeCalled,Strikeout,Undefined,Undefined,0,0,,81.65498,-0.896567,-2.425729,1749.990912,252.950449,2:30,5.96723,0.80749,6.18995,-36.29963,4.44248,11.028,2.11362,-0.51463,76.27558,-7.588159,-0.434288,0.459402,,,,,,,,,,,,-6.27961,2.85063,-0.62994,50,5.88102,4.63413,-118.8097,-2.97524,-9.13594,18.95759,-28.02678,CUP_POL2,CUP_POL11,LAV,Diamond Solutions,DIA,20260319-LAV-1,9fff2720-239e-11f1-a145-db8ae36e65f7,82.0467,,,5.37941,,,,,,,466b64ac-6fa4-469b-a791-4c8bbffd9b8d,2026/3/19,19:21.5,2026-03-19T10:19:21.5130000-04:00,2026-03-19T14:19:21.5130000Z,,v3,,,,"Gutierrez Cortes, Kevin",1000490424,Right,CUP_POL11,06f1b390-0318-4289-b97f-a04483c84441,54.31513,-119.49624,9.47879,5.97039,-1.96025,-14.01339,-0.80376,4.96499,-4.56797,,,,,,,,,,,,,,,,,,,,,,,,,,,,,,,,,,,,,,,,,,,,,,,,,,,High,High,High,,,,,,,,
117,2026/3/19,22:20.6,1,1,"Gomez, Rafael",1000252129,Right,CUP_POL2,"Villa Camacho, Leonel",1000358451,Right,CUP_POL11,Undefined,4,Top,0,0,0,Fastball,Four-Seam,StrikeCalled,Undefined,Undefined,Undefined,0,0,,90.38719,-3.540157,-2.305883,2303.986424,213.579824,1:00,6.4459,0.75306,6.96716,-15.84792,16.89426,10.55367,1.89777,-0.46644,83.23856,-6.588154,-0.3738,0.411837,,,,,,,,,,,,-6.2102,10.24567,-0.61321,50,6.22048,4.89809,-131.26604,-8.49337,-10.89491,26.36035,-14.19951,CUP_POL2,CUP_POL11,LAV,Diamond Solutions,DIA,20260319-LAV-1,0ab71960-239f-11f1-a75b-41550e63b24f,91.52273,,,7.14863,,,,,,,466b64ac-6fa4-469b-a791-4c8bbffd9b8d,2026/3/19,22:20.6,2026-03-19T10:22:20.5880000-04:00,2026-03-19T14:22:20.5880000Z,,v3,,,,"Alvarado, Jesus",1000373354,Right,CUP_POL2,f653ce07-a932-4c5b-ae6c-2e91c80f4166,53.53538,-131.9741,13.18018,6.4435,-8.11197,-7.09976,-0.7487,5.19074,-5.44746,,,,,,,,,,,,,,,,,,,,,,,,,,,,,,,,,,,,,,,,,,,,,,,,,,,High,High,High,,,,,,,,
118,2026/3/19,22:34.6,1,2,"Gomez, Rafael",1000252129,Right,CUP_POL2,"Villa Camacho, Leonel",1000358451,Right,CUP_POL11,Undefined,4,Top,0,0,1,Fastball,Four-Seam,BallCalled,Undefined,Undefined,Undefined,0,0,,89.11832,-4.098506,-2.904436,2245.168391,215.899955,1:15,6.46589,0.87266,7.03917,-17.2821,16.24284,11.04414,1.29098,-0.848,82.46356,-7.400394,-0.88071,0.416731,,,,,,,,,,,,-6.63839,10.03938,-0.6995,50,6.21065,6.17644,-129.34825,-9.68609,-11.35443,24.55799,-15.00246,CUP_POL2,CUP_POL11,LAV,Diamond Solutions,DIA,20260319-LAV-1,1312d6d0-239f-11f1-a75b-41550e63b24f,90.44797,,,6.65476,,,,,,,466b64ac-6fa4-469b-a791-4c8bbffd9b8d,2026/3/19,22:34.6,2026-03-19T10:22:34.6190000-04:00,2026-03-19T14:22:34.6190000Z,,v3,,,,"Alvarado, Jesus",1000373354,Right,CUP_POL2,b2842ab3-2371-4dc5-be5d-f2773086082f,53.46453,-130.00435,12.279,6.46408,-9.28528,-7.50123,-0.86857,6.4798,-5.67721,,,,,,,,,,,,,,,,,,,,,,,,,,,,,,,,,,,,,,,,,,,,,,,,,,,High,High,High,,,,,,,,
119,2026/3/19,22:51.8,1,3,"Gomez, Rafael",1000252129,Right,CUP_POL2,"Villa Camacho, Leonel",1000358451,Right,CUP_POL11,Undefined,4,Top,0,1,1,Fastball,Four-Seam,BallCalled,Undefined,Undefined,Undefined,0,0,,88.91053,-1.127058,-2.841189,2184.911894,209.675967,1:00,6.39416,0.9754,7.12857,-17.64536,15.53253,8.3526,3.90013,-0.90751,82.61125,-4.510752,-1.309031,0.414568,,,,,,,,,,,,-5.1154,8.88008,-0.80947,50,6.32139,6.133,-129.42825,-2.95764,-8.82794,22.61412,-16.84922,CUP_POL2,CUP_POL11,LAV,Diamond Solutions,DIA,20260319-LAV-1,1d5359d0-239f-11f1-a75b-41550e63b24f,90.91977,,,6.29927,,,,,,,466b64ac-6fa4-469b-a791-4c8bbffd9b8d,2026/3/19,22:51.8,2026-03-19T10:22:51.8430000-04:00,2026-03-19T14:22:51.8430000Z,,v3,,,,"Alvarado, Jesus",1000373354,Right,CUP_POL2,1e307649-03a5-42a0-bdfe-b29e5dd986f9,53.37485,-130.01658,11.30706,6.39263,-2.51929,-8.42461,-0.97201,6.36266,-4.41397,,,,,,,,,,,,,,,,,,,,,,,,,,,,,,,,,,,,,,,,,,,,,,,,,,,High,High,High,,,,,,,,
120,2026/3/19,23:08.4,1,4,"Gomez, Rafael",1000252129,Right,CUP_POL2,"Villa Camacho, Leonel",1000358451,Right,CUP_POL11,Undefined,4,Top,0,2,1,Fastball,Four-Seam,BallCalled,Undefined,Undefined,Undefined,0,0,,88.44222,-2.870842,-3.851087,2222.727811,214.307885,1:15,6.17395,0.89542,7.4794,-18.32599,14.98269,9.59004,2.0526,-1.77984,82.0685,-6.39444,-2.082198,0.415384,,,,,,,,,,,,-6.10028,9.13497,-0.69263,50,6.01635,8.33517,-128.50516,-6.84414,-10.34247,23.16217,-16.68655,CUP_POL2,CUP_POL11,LAV,Diamond Solutions,DIA,20260319-LAV-1,274b8930-239f-11f1-a75b-41550e63b24f,90.74111,,,6.37372,,,,,,,466b64ac-6fa4-469b-a791-4c8bbffd9b8d,2026/3/19,23:08.4,2026-03-19T10:23:08.3660000-04:00,2026-03-19T14:23:08.3660000Z,,v3,,,,"Alvarado, Jesus",1000373354,Right,CUP_POL2,cdbc0be8-0951-4855-ac42-7eb1df9bc2b3,53.02355,-129.04898,11.58108,6.17244,-6.45236,-8.34327,-0.89118,8.57801,-5.17124,,,,,,,,,,,,,,,,,,,,,,,,,,,,,,,,,,,,,,,,,,,,,,,,,,,High,High,High,,,,,,,,
121,2026/3/19,23:26.9,1,5,"Gomez, Rafael",1000252129,Right,CUP_POL2,"Villa Camacho, Leonel",1000358451,Right,CUP_POL11,Undefined,4,Top,0,3,1,Fastball,Four-Seam,StrikeSwinging,Undefined,Undefined,Undefined,0,0,,88.61214,-2.140048,-2.822654,2156.772815,217.559633,1:15,6.3178,0.81226,7.05043,-17.14753,16.5128,11.97485,2.94172,-0.7558,82.07984,-5.43225,-0.62844,0.417571,,,,,,,,,,,,-7.04835,9.64441,-0.64453,50,6.18206,5.92932,-128.88291,-5.21491,-12.01323,23.44552,-15.73601,CUP_POL2,CUP_POL11,LAV,Diamond Solutions,DIA,20260319-LAV-1,3243ea80-239f-11f1-a75b-41550e63b24f,90.26589,,,6.5323,,,,,,,466b64ac-6fa4-469b-a791-4c8bbffd9b8d,2026/3/19,23:26.9,2026-03-19T10:23:26.9040000-04:00,2026-03-19T14:23:26.9040000Z,,v3,,,,"Alvarado, Jesus",1000373354,Right,CUP_POL2,b69bdf6d-53b4-446f-9a4c-f0509a00f509,53.45269,-129.50947,11.72276,6.31581,-4.79438,-7.868,-0.80728,6.25037,-6.00662,,,,,,,,,,,,,,,,,,,,,,,,,,,,,,,,,,,,,,,,,,,,,,,,,,,High,High,High,,,,,,,,
122,2026/3/19,23:44.9,1,6,"Gomez, Rafael",1000252129,Right,CUP_POL2,"Villa Camacho, Leonel",1000358451,Right,CUP_POL11,Undefined,4,Top,0,3,2,Slider,Slider,BallCalled,Walk,Undefined,Undefined,0,0,,78.78482,-0.508995,-2.775445,1964.487637,104.887848,9:30,6.21435,0.96394,6.83616,-40.20923,2.85862,-6.24575,2.39879,-2.0899,73.2324,-8.006323,-3.915503,0.472333,,,,,,,,,,,,2.595,2.0774,-0.78399,50,6.1675,5.75933,-114.60653,-2.08649,3.48041,19.51466,-29.38783,CUP_POL2,CUP_POL11,LAV,Diamond Solutions,DIA,20260319-LAV-1,3d005440-239f-11f1-a75b-41550e63b24f,79.80059,,,5.55242,,,,,,,466b64ac-6fa4-469b-a791-4c8bbffd9b8d,2026/3/19,23:44.9,2026-03-19T10:23:44.9280000-04:00,2026-03-19T14:23:44.9280000Z,,v3,,,,"Alvarado, Jesus",1000373354,Right,CUP_POL2,dfe964a2-e2cc-46e3-a50c-806d91d8656e,53.66704,-115.22924,9.75733,6.21912,-1.14872,-14.69392,-0.966,5.64827,1.74021,,,,,,,,,,,,,,,,,,,,,,,,,,,,,,,,,,,,,,,,,,,,,,,,,,,High,High,High,,,,,,,,
123,2026/3/19,24:32.8,2,1,"Gomez, Rafael",1000252129,Right,CUP_POL2,"Magana Iturralde, Alfredo",1000321154,Right,CUP_POL11,Undefined,4,Top,0,0,0,Fastball,Sinker,BallCalled,Undefined,Undefined,Undefined,0,0,,89.75382,-4.000916,-4.036708,2218.852687,226.275669,1:30,6.06421,1.03917,6.9244,-19.86958,13.35642,12.95516,0.75048,-1.56284,83.15501,-7.761045,-1.671544,0.414868,,,,,,,,,,,,-7.93894,8.42493,-0.79019,50,5.8055,8.72877,-130.14427,-9.64246,-13.76237,24.56417,-17.56918,CUP_POL2,CUP_POL11,LAV,Diamond Solutions,DIA,20260319-LAV-1,597e7cf0-239f-11f1-a75b-41550e63b24f,90.85395,,,6.59881,,,,,,,466b64ac-6fa4-469b-a791-4c8bbffd9b8d,2026/3/19,24:32.8,2026-03-19T10:24:32.8090000-04:00,2026-03-19T14:24:32.8090000Z,,v3,,,,"Alvarado, Jesus",1000373354,Right,CUP_POL2,0d1b5def-7a5c-4a71-8e6f-a06720b23059,53.58041,-130.81831,12.28208,6.06347,-9.16036,-8.78459,-1.03489,9.10641,-6.88118,,,,,,,,,,,,,,,,,,,,,,,,,,,,,,,,,,,,,,,,,,,,,,,,,,,High,High,High,,,,,,,,
124,2026/3/19,24:53.3,2,2,"Gomez, Rafael",1000252129,Right,CUP_POL2,"Magana Iturralde, Alfredo",1000321154,Right,CUP_POL11,Undefined,4,Top,0,1,0,Fastball,Four-Seam,BallinDirt,Undefined,Undefined,StolenBase,0,0,,89.30733,-3.878494,-6.046444,2208.633145,221.92729,1:30,6.11541,0.80513,7.25931,-18.07934,15.23146,12.79737,1.07498,-3.61891,82.59607,-7.339902,-3.708595,0.415398,,,,,,,,,,,,-8.26575,9.45461,-0.46251,50,5.88782,13.21701,-129.12277,-9.20435,-14.12322,23.84872,-16.0195,CUP_POL2,CUP_POL11,LAV,Diamond Solutions,DIA,20260319-LAV-1,65b9be80-239f-11f1-a75b-41550e63b24f,90.73822,,,6.71126,,,,,,,466b64ac-6fa4-469b-a791-4c8bbffd9b8d,2026/3/19,24:53.3,2026-03-19T10:24:53.3410000-04:00,2026-03-19T14:24:53.3410000Z,,v3,,,,"Alvarado, Jesus",1000373354,Right,CUP_POL2,501c8ff0-7fb8-4c7a-9d2f-58b60ca0b7c4,53.24228,-129.72022,11.92436,6.11338,-8.80303,-8.00975,-0.79805,13.57082,-7.06161,,,,,,,,,,,,,,,,,,,,,,,,,,,,,,,,,,,,,,,,,,,,,,,,,,,High,High,High,,,,,,,,
125,2026/3/19,25:34.4,2,3,"Gomez, Rafael",1000252129,Right,CUP_POL2,"Magana Iturralde, Alfredo",1000321154,Right,CUP_POL11,Undefined,4,Top,0,2,0,Fastball,Four-Seam,BallCalled,Undefined,Undefined,Undefined,0,0,,88.54971,-0.244005,-2.781028,2240.018038,219.131662,1:15,6.2874,0.71294,7.10756,-16.60324,17.20182,13.18438,4.68214,-0.71365,81.33249,-3.465995,-0.36321,0.418468,,,,,,,,,,,,-7.71815,9.56835,-0.55036,50,6.26678,5.78163,-128.81577,-0.90375,-13.05016,25.18111,-15.99547,CUP_POL2,CUP_POL11,LAV,Diamond Solutions,DIA,20260319-LAV-1,7e3c9db0-239f-11f1-a75b-41550e63b24f,90.07248,,,7.21722,,,,,,,466b64ac-6fa4-469b-a791-4c8bbffd9b8d,2026/3/19,25:34.4,2026-03-19T10:25:34.4450000-04:00,2026-03-19T14:25:34.4450000Z,,v3,,,,"Alvarado, Jesus",1000373354,Right,CUP_POL2,f79e5344-59ca-421a-8a5d-d61db45e1109,53.39427,-129.47759,12.59055,6.285,-0.48335,-7.99773,-0.70682,6.12462,-6.52508,,,,,,,,,,,,,,,,,,,,,,,,,,,,,,,,,,,,,,,,,,,,,,,,,,,High,High,High,,,,,,,,
126,2026/3/19,25:55.9,2,4,"Gomez, Rafael",1000252129,Right,CUP_POL2,"Magana Iturralde, Alfredo",1000321154,Right,CUP_POL11,Undefined,4,Top,0,3,0,Fastball,Four-Seam,BallCalled,Walk,Undefined,Undefined,0,0,,88.55036,-2.973266,-4.426577,2244.358501,218.378655,1:15,6.32205,0.72226,7.06969,-18.79123,15.15414,11.21363,2.04592,-2.37056,81.82426,-6.564507,-2.376734,0.419336,,,,,,,,,,,,-7.05465,9.16276,-0.45841,50,6.13618,9.54174,-128.44451,-7.13546,-11.90633,24.0483,-16.70975,CUP_POL2,CUP_POL11,LAV,Diamond Solutions,DIA,20260319-LAV-1,8b116020-239f-11f1-a75b-41550e63b24f,89.88608,,,6.72611,,,,,,,466b64ac-6fa4-469b-a791-4c8bbffd9b8d,2026/3/19,25:55.9,2026-03-19T10:25:55.8980000-04:00,2026-03-19T14:25:55.8980000Z,,v3,,,,"Alvarado, Jesus",1000373354,Right,CUP_POL2,54c27024-add1-4fa6-aa8d-7c56d92d2725,53.43264,-129.08559,12.02415,6.32046,-6.69001,-8.35488,-0.717,9.85914,-5.95317,,,,,,,,,,,,,,,,,,,,,,,,,,,,,,,,,,,,,,,,,,,,,,,,,,,High,High,High,,,,,,,,
127,2026/3/19,28:20.3,3,1,"Sevilla, Eliud",1000512774,Right,CUP_POL2,"Gutierrez Cortes, Kevin",1000490424,Right,CUP_POL11,Undefined,4,Top,0,0,0,Fastball,Four-Seam,BallCalled,Undefined,Undefined,Undefined,0,0,new pichert,85.55313,-3.014294,-1.507262,2268.924448,204.739616,12:45,6.01183,0.89164,6.64706,-19.41434,17.33517,7.50107,1.63129,0.13672,79.26456,-6.696417,-0.141418,0.436312,,,,,,,,,,,,-4.31618,10.21741,-0.79268,50,5.79999,3.00141,-124.35626,-7.04002,-6.83531,22.2957,-15.99323,CUP_POL2,CUP_POL11,LAV,Diamond Solutions,DIA,20260319-LAV-1,e11be530-239f-11f1-a75b-41550e63b24f,86.38876,,,6.28857,,,,,,,466b64ac-6fa4-469b-a791-4c8bbffd9b8d,2026/3/19,28:20.3,2026-03-19T10:28:20.2600000-04:00,2026-03-19T14:28:20.2600000Z,,v3,,,,"Alvarado, Jesus",1000373354,Right,CUP_POL2,4e10b060-fe90-4961-8440-3c14e03c3124,53.85565,-125.04562,11.14785,6.01002,-6.54553,-7.99661,-0.88875,3.21275,-3.41766,,,,,,,,,,,,,,,,,,,,,,,,,,,,,,,,,,,,,,,,,,,,,,,,,,,High,High,High,,,,,,,,
128,2026/3/19,28:37.3,3,2,"Sevilla, Eliud",1000512774,Right,CUP_POL2,"Gutierrez Cortes, Kevin",1000490424,Right,CUP_POL11,Undefined,4,Top,0,1,0,Fastball,Four-Seam,BallCalled,Undefined,Undefined,Undefined,0,0,,86.61202,-1.053744,-2.457037,2426.552058,201.001324,12:45,5.98782,1.09504,7.01393,-18.16304,17.38139,6.25926,3.51544,-0.61807,79.50867,-4.561406,-1.310967,0.429099,,,,,,,,,,,,-3.97059,9.88221,-0.9465,50,5.91669,5.1815,-125.94941,-2.72079,-6.40342,24.62672,-16.23684,CUP_POL2,CUP_POL11,LAV,Diamond Solutions,DIA,20260319-LAV-1,eb3446c0-239f-11f1-a75b-41550e63b24f,87.84097,,,7.10335,,,,,,,466b64ac-6fa4-469b-a791-4c8bbffd9b8d,2026/3/19,28:37.3,2026-03-19T10:28:37.2600000-04:00,2026-03-19T14:28:37.2600000Z,,v3,,,,"Alvarado, Jesus",1000373354,Right,CUP_POL2,9e8b6e68-cc81-4bf2-a176-54981d9f3627,53.48705,-126.62939,12.31336,5.98563,-2.27247,-8.11842,-1.09201,5.35831,-3.20171,,,,,,,,,,,,,,,,,,,,,,,,,,,,,,,,,,,,,,,,,,,,,,,,,,,High,High,High,,,,,,,,
129,2026/3/19,28:56.2,3,3,"Sevilla, Eliud",1000512774,Right,CUP_POL2,"Gutierrez Cortes, Kevin",1000490424,Right,CUP_POL11,Undefined,4,Top,0,2,0,Fastball,Four-Seam,BallCalled,Undefined,Undefined,StolenBase,0,0,,86.52665,-0.684385,-2.487659,2409.348705,201.603804,12:45,5.89232,1.17449,6.97158,-17.98462,17.6591,6.56965,3.7704,-0.54248,79.44475,-4.158338,-1.285877,0.429697,,,,,,,,,,,,-4.13697,9.91536,-1.02242,50,5.84317,5.2328,-125.83765,-1.90463,-6.66453,24.4165,-16.20064,CUP_POL2,CUP_POL11,LAV,Diamond Solutions,DIA,20260319-LAV-1,f6830570-239f-11f1-a75b-41550e63b24f,87.71855,,,7.0819,,,,,,,466b64ac-6fa4-469b-a791-4c8bbffd9b8d,2026/3/19,28:56.2,2026-03-19T10:28:56.2390000-04:00,2026-03-19T14:28:56.2390000Z,,v3,,,,"Alvarado, Jesus",1000373354,Right,CUP_POL2,6606ffd1-4d5b-4e4a-bce8-86d2af9d3af2,53.52969,-126.52067,12.20825,5.89011,-1.45144,-8.10032,-1.17141,5.41923,-3.33227,,,,,,,,,,,,,,,,,,,,,,,,,,,,,76.11738,1.565329,0.689254,0.876074,-3.36773,3.4068,0.64527,-3.92273,5.82384,-1.80489,63.81787,4.96889,-61.15153,-3.90617,81.15024,-4.41258,5.82799,9.14875,-11.56892,-1.84633,-75.19168,8.61273,High,High,High,,,High,High,High,,,
130,2026/3/19,29:29.4,3,4,"Sevilla, Eliud",1000512774,Right,CUP_POL2,"Gutierrez Cortes, Kevin",1000490424,Right,CUP_POL11,Undefined,4,Top,0,3,0,Fastball,Four-Seam,BallCalled,Walk,Undefined,Undefined,0,0,,86.43042,-2.548221,-0.452104,2339.389423,208.705899,1:00,5.90753,0.83227,6.87463,-18.63757,17.16025,8.81327,2.03036,1.15466,79.71682,-6.11425,1.160093,0.430626,,,,,,,,,,,,-4.79461,10.1228,-0.80622,50,5.73849,0.68075,-125.71771,-6.0364,-7.72059,24.01795,-15.87365,CUP_POL2,CUP_POL11,LAV,Diamond Solutions,DIA,20260319-LAV-1,0a4c7b40-23a0-11f1-a75b-41550e63b24f,87.5295,,,6.7136,,,,,,,466b64ac-6fa4-469b-a791-4c8bbffd9b8d,2026/3/19,29:29.4,2026-03-19T10:29:29.4200000-04:00,2026-03-19T14:29:29.4200000Z,,v3,,,,"Alvarado, Jesus",1000373354,Right,CUP_POL2,e9d3d519-7ed8-4fed-ab2f-24f0162408a9,53.62791,-126.40891,12.00898,5.90564,-5.57958,-7.93682,-0.82901,0.90293,-3.8603,,,,,,,,,,,,,,,,,,,,,,,,,,,,,,,,,,,,,,,,,,,,,,,,,,,High,High,High,,,,,,,,
131,2026/3/19,30:04.3,4,1,"Sevilla, Eliud",1000512774,Right,CUP_POL2,"Heureaux, Hector",1000441825,Right,CUP_POL11,Undefined,4,Top,0,0,0,Fastball,Four-Seam,BallCalled,Undefined,Undefined,Undefined,0,0,,86.26068,-1.506245,0.241569,2341.329781,208.523444,1:00,5.96896,0.62556,6.80056,-19.12533,16.88887,8.6004,3.00012,1.56274,79.46196,-5.166586,1.812131,0.431925,,,,,,,,,,,,-4.46036,9.66603,-0.64373,50,5.86367,-0.84302,-125.51655,-3.76059,-7.15895,23.95566,-16.65992,CUP_POL2,CUP_POL11,LAV,Diamond Solutions,DIA,20260319-LAV-1,1f1a1aa0-23a0-11f1-a75b-41550e63b24f,87.26618,,,6.79872,,,,,,,466b64ac-6fa4-469b-a791-4c8bbffd9b8d,2026/3/19,30:04.3,2026-03-19T10:30:04.2660000-04:00,2026-03-19T14:30:04.2660000Z,,v3,,,,"Alvarado, Jesus",1000373354,Right,CUP_POL2,da54c306-a318-4647-aa0e-b8ecd655b935,53.70078,-126.22089,11.97783,5.96704,-3.27076,-8.32996,-0.62204,-0.63253,-3.57947,,,,,,,,,,,,,,,,,,,,,,,,,,,,,,,,,,,,,,,,,,,,,,,,,,,High,High,High,,,,,,,,
132,2026/3/19,30:21.1,4,2,"Sevilla, Eliud",1000512774,Right,CUP_POL2,"Heureaux, Hector",1000441825,Right,CUP_POL11,Undefined,4,Top,0,1,0,Fastball,Four-Seam,BallCalled,Undefined,Undefined,Undefined,0,0,,85.92943,-1.023497,-0.435202,2335.383178,200.922654,12:45,5.90984,0.90921,6.84002,-18.38135,17.96741,6.44355,3.44451,1.04926,78.80918,-4.566712,0.742299,0.433927,,,,,,,,,,,,-3.49898,10.12847,-0.88308,50,5.83681,0.71283,-125.00954,-2.652,-5.55179,24.56581,-16.10333,CUP_POL2,CUP_POL11,LAV,Diamond Solutions,DIA,20260319-LAV-1,2932f160-23a0-11f1-a75b-41550e63b24f,86.86363,,,7.12024,,,,,,,466b64ac-6fa4-469b-a791-4c8bbffd9b8d,2026/3/19,30:21.1,2026-03-19T10:30:21.1480000-04:00,2026-03-19T14:30:21.1480000Z,,v3,,,,"Alvarado, Jesus",1000373354,Right,CUP_POL2,9b247f85-4b38-4161-95e2-072b0fc96725,53.66012,-125.72674,12.28291,5.90738,-2.18186,-8.05167,-0.90625,0.87492,-2.7759,,,,,,,,,,,,,,,,,,,,,,,,,,,,,,,,,,,,,,,,,,,,,,,,,,,High,High,High,,,,,,,,
133,2026/3/19,30:40.5,4,3,"Sevilla, Eliud",1000512774,Right,CUP_POL2,"Heureaux, Hector",1000441825,Right,CUP_POL11,Undefined,4,Top,0,2,0,Fastball,Four-Seam,InPlay,Undefined,LineDrive,Triple,0,3,,83.58007,-1.625516,-1.058141,2273.657782,203.161951,12:45,5.80955,0.96294,6.97713,-20.52911,17.30403,6.95855,2.61957,0.58022,77.56839,-5.546358,0.216932,0.442698,90.20962,7.82712,-18.363745,822.08035,102.36426,4.91054,-40.26838,141.18552,141.18552,-22.402535,1.209678,-4.00437,9.99201,-0.89987,50,5.70184,2.0256,-121.73472,-3.93105,-6.08702,20.99015,-16.98522,CUP_POL2,CUP_POL11,LAV,Diamond Solutions,DIA,20260319-LAV-1,34b85070-23a0-11f1-a75b-41550e63b24f,85.14256,7.27698,,6.01168,,,,1.75024,2.66985,-0.56797,466b64ac-6fa4-469b-a791-4c8bbffd9b8d,2026/3/19,30:40.5,2026-03-19T10:30:40.4990000-04:00,2026-03-19T14:30:40.4990000Z,LineDrive,v3,,,,"Alvarado, Jesus",1000373354,Right,CUP_POL2,c77a54fd-14e9-4cbf-b3b5-4450172004f4,53.52751,-122.34144,10.49508,5.80837,-3.4401,-8.49261,-0.96096,2.20155,-3.04351,91.296972,1.75024,124.39968,-17.27721,2.5254,-0.48376,0.05471,0.00696,-0.00699,0.00151,2.66985,18.0182,-18.38141,1.66219,-0.30349,0.06366,-0.00903,0.00072,1.00E-05,-0.56797,-41.29486,-3.53789,1.41217,-0.34102,0.02879,0.03336,-0.02002,0.00402,,,,,,,,,,,,,,,,,,,,,,,High,High,High,High,High,,,,,,
134,2026/3/19,31:38.0,5,1,"Sevilla, Eliud",1000512774,Right,CUP_POL2,"Gonzalez, Javier",1000297334,Right,CUP_POL11,Undefined,4,Top,0,0,0,Fastball,Four-Seam,InPlay,Undefined,LineDrive,Triple,0,1,,85.2568,-1.667217,-2.339678,2348.026128,206.008801,12:45,6.04639,0.87389,6.79769,-19.52029,17.15753,7.87473,2.89628,-0.60657,79.01836,-5.388631,-0.903179,0.435886,90.81896,10.041766,-10.104763,872.8861,107.55625,12.56617,-23.0547,204.45584,204.45584,-14.208864,1.86742,-4.76843,9.84642,-0.72497,50,5.9305,4.80069,-124.05511,-4.09143,-7.5265,21.82838,-16.63246,CUP_POL2,CUP_POL11,LAV,Diamond Solutions,DIA,20260319-LAV-1,56ed2e40-23a0-11f1-a75b-41550e63b24f,86.47311,12.61661,,6.23844,,,,0.7501,2.8986,0.62221,466b64ac-6fa4-469b-a791-4c8bbffd9b8d,2026/3/19,31:38.0,2026-03-19T10:31:37.9740000-04:00,2026-03-19T14:31:37.9740000Z,LineDrive,v3,,,,"Alvarado, Jesus",1000373354,Right,CUP_POL2,3ba28297-261f-4eeb-a725-a605d7acdab9,53.70667,-124.70562,10.91419,6.04504,-3.59576,-8.31623,-0.87138,5.02499,-3.76325,123.544722,0.7501,129.12592,-16.35465,2.8138,-0.52606,0.07887,-0.01106,0.00153,-0.00012,2.8986,23.22571,-14.36826,0.60088,-0.00941,-0.00269,0.00339,-0.00065,4.00E-05,0.62221,-23.01191,-4.12163,1.61784,-0.47303,0.10785,-0.02139,0.00314,-0.00024,,,,,,,,,,,,,,,,,,,,,,,High,High,High,High,High,,,,,,
135,2026/3/19,32:42.1,6,1,"Sevilla, Eliud",1000512774,Right,CUP_POL2,"Castillo, Jeans",1000329632,Right,CUP_POL11,Undefined,4,Top,0,0,0,Fastball,Four-Seam,BallinDirt,Undefined,Undefined,Undefined,0,0,,85.66242,-3.422122,-1.847032,2242.787683,206.461329,1:00,5.98035,0.75514,6.83755,-21.02249,15.15001,7.06343,1.10202,-0.34139,80.00125,-7.384046,-0.556128,0.432873,,,,,,,,,,,,-4.14107,9.13378,-0.63875,50,5.75241,3.76695,-124.5424,-7.9833,-6.62863,20.52256,-17.55358,CUP_POL2,CUP_POL11,LAV,Diamond Solutions,DIA,20260319-LAV-1,7d21e970-23a0-11f1-a75b-41550e63b24f,87.07499,,,5.66117,,,,,,,466b64ac-6fa4-469b-a791-4c8bbffd9b8d,2026/3/19,32:42.1,2026-03-19T10:32:42.0900000-04:00,2026-03-19T14:32:42.0900000Z,,v3,,,,"Alvarado, Jesus",1000373354,Right,CUP_POL2,9d557253-2dec-4596-b358-311db900f604,53.6652,-125.14491,10.26128,5.97922,-7.46796,-8.77679,-0.75219,3.96155,-3.31432,,,,,,,,,,,,,,,,,,,,,,,,,,,,,,,,,,,,,,,,,,,,,,,,,,,High,High,High,,,,,,,,
136,2026/3/19,33:02.0,6,2,"Sevilla, Eliud",1000512774,Right,CUP_POL2,"Castillo, Jeans",1000329632,Right,CUP_POL11,Undefined,4,Top,0,1,0,Fastball,Four-Seam,FoulBallNotFieldable,Undefined,Undefined,Undefined,0,0,,87.07907,-2.18977,-1.691678,2379.112272,210.965164,1:00,5.90291,0.89285,6.97041,-17.84599,17.06332,9.65776,2.42183,0.15826,80.75174,-5.606605,0.077216,0.425248,70.40976,19.595512,-39.09275,2738.627767,81.55713,18.12447,-73.81315,174.58653,163.738,-44.681775,2.124092,-5.59855,9.97079,-0.79128,50,5.76094,3.41824,-126.75757,-5.26914,-9.22563,22.79827,-15.74361,CUP_POL2,CUP_POL11,LAV,Diamond Solutions,DIA,20260319-LAV-1,88feb750-23a0-11f1-a75b-41550e63b24f,88.63644,19.12489,,6.32733,,,,1.63308,2.44001,-0.05938,466b64ac-6fa4-469b-a791-4c8bbffd9b8d,2026/3/19,33:02.0,2026-03-19T10:33:01.9970000-04:00,2026-03-19T14:33:01.9970000Z,LineDrive,v3,,,,"Alvarado, Jesus",1000373354,Right,CUP_POL2,d147f69e-34e7-43f1-b8a0-8a63f6580c11,53.53426,-127.39164,11.39914,5.90139,-4.83128,-7.8718,-0.88992,3.67482,-4.61282,,1.63308,75.50669,-10.9333,1.74728,-0.35097,0.05882,-0.01049,0.00164,-0.00012,2.44001,34.63361,-19.27116,1.57315,-0.30212,0.06069,-0.0086,0.00114,-0.0001,-0.05938,-61.34676,2.11798,-0.29858,0.05937,-0.00967,0.00178,-0.00028,2.00E-05,,,,,,,,,,,,,,,,,,,,,,,High,High,High,High,High,,,,59.44474,24.30398,-27.80405
137,2026/3/19,33:39.8,6,3,"Sevilla, Eliud",1000512774,Right,CUP_POL2,"Castillo, Jeans",1000329632,Right,CUP_POL11,Undefined,4,Top,0,1,1,Slider,Curveball,BallCalled,Undefined,Undefined,Undefined,0,0,,74.43645,2.624432,1.227015,2256.502964,66.819095,8:15,5.81899,1.01881,6.46214,-50.36192,-1.90232,-7.27107,4.03519,1.54019,69.48156,-6.699658,-0.091841,0.501027,,,,,,,,,,,,4.05441,-1.11929,-1.10266,50,5.98269,-2.08279,-108.34302,3.5775,4.91238,15.49583,-33.53019,CUP_POL2,CUP_POL11,LAV,Diamond Solutions,DIA,20260319-LAV-1,9f8fb190-23a0-11f1-a75b-41550e63b24f,75.23032,,,4.9549,,,,,,,466b64ac-6fa4-469b-a791-4c8bbffd9b8d,2026/3/19,33:39.8,2026-03-19T10:33:39.7770000-04:00,2026-03-19T14:33:39.7770000Z,,v3,,,,"Alvarado, Jesus",1000373354,Right,CUP_POL2,357dc037-1139-4bf8-9bf7-7da647bc1d86,54.04333,-108.91978,7.74792,5.8263,4.82551,-16.7651,-1.02173,-2.26563,2.45619,,,,,,,,,,,,,,,,,,,,,,,,,,,,,,,,,,,,,,,,,,,,,,,,,,,High,High,High,,,,,,,,
138,2026/3/19,33:58.5,6,4,"Sevilla, Eliud",1000512774,Right,CUP_POL2,"Castillo, Jeans",1000329632,Right,CUP_POL11,Undefined,4,Top,0,2,1,Fastball,Four-Seam,InPlay,Undefined,FlyBall,Sacrifice,1,1,,85.86259,-2.540387,-2.954642,2343.951738,209.885771,1:00,5.93716,0.80057,7.09402,-18.87548,16.89591,9.14193,2.05406,-1.12151,79.73428,-6.150657,-1.278504,0.430466,80.24499,43.046836,16.252787,,102.75272,86.3896,39.26635,263.18181,239.18282,24.396928,5.183887,-5.63485,10.00481,-0.62677,50,5.77887,6.14794,-124.87304,-5.97782,-9.02314,21.81321,-16.1532,CUP_POL2,CUP_POL11,LAV,Diamond Solutions,DIA,20260319-LAV-1,aaa95680-23a0-11f1-a75b-41550e63b24f,87.56187,95.9255,,6.1283,,,,0.57231,2.00302,1.13912,466b64ac-6fa4-469b-a791-4c8bbffd9b8d,2026/3/19,33:58.5,2026-03-19T10:33:58.4760000-04:00,2026-03-19T14:33:58.4760000Z,FlyBall,v3,,,,"Alvarado, Jesus",1000373354,Right,CUP_POL2,f25c8e60-3fae-43fe-8a96-8cfe1fb9c693,53.41061,-125.4674,10.9066,5.93576,-5.53768,-8.0766,-0.79763,6.3938,-4.51157,198.685214,0.57598,82.49225,-17.90002,3.91403,-0.31806,-0.10869,0.0395,-0.005,0.00023,2.00106,80.36944,-19.53123,1.431,-0.27616,0.03279,0.00455,-0.00166,0.00012,1.13945,24.06745,-0.43386,-0.19101,0.04673,0.0038,-0.00375,0.00065,-4.00E-05,,,,,,,,,,,,,,,,,,,,,,,High,High,High,High,Low,,,,60.05754,16.06577,-0.60259
139,2026/3/19,37:46.5,7,1,"Gomez, Javier",1000361544,Left,CUP_POL2,"Garcia, Geremia",1000328902,Right,CUP_POL11,Undefined,4,Top,1,0,0,Fastball,Changeup,BallCalled,Undefined,Undefined,Undefined,0,0,,84.49573,1.305012,1.917123,2142.58648,127.44081,10:15,5.45885,-1.94172,6.3332,-26.15273,12.00323,-14.25599,4.48204,-1.36369,77.76467,-3.615792,-0.660809,0.444583,,,,,,,,,,,,7.82902,6.26552,1.80784,50,5.54154,-3.56142,-122.84903,2.04401,12.07392,22.25048,-22.51137,CUP_POL2,CUP_POL11,LAV,Diamond Solutions,DIA,20260319-LAV-1,3298d660-23a1-11f1-a75b-41550e63b24f,84.78159,,,6.73106,,,,,,,466b64ac-6fa4-469b-a791-4c8bbffd9b8d,2026/3/19,37:46.5,2026-03-19T10:37:46.5290000-04:00,2026-03-19T14:37:46.5290000Z,,v3,,,,"Alvarado, Jesus",1000373354,Right,CUP_POL2,9187ca78-51e2-4b4a-954a-7261829d9bf6,54.1687,-123.60176,11.12524,5.4595,2.80556,-11.25568,1.93523,-3.96988,6.03696,,,,,,,,,,,,,,,,,,,,,,,,,,,,,,,,,,,,,,,,,,,,,,,,,,,High,High,High,,,,,,,,
140,2026/3/19,38:02.3,7,2,"Gomez, Javier",1000361544,Left,CUP_POL2,"Garcia, Geremia",1000328902,Right,CUP_POL11,Undefined,4,Top,1,1,0,Curveball,Curveball,BallCalled,Undefined,Undefined,Undefined,0,0,,67.26771,3.185669,-0.150518,2390.793137,302.688082,4:00,5.24193,-1.97623,5.87225,-67.08169,-5.58205,11.46071,2.61399,-1.16098,62.32396,-9.09816,1.906723,0.564427,,,,,,,,,,,,-5.87138,-3.07587,1.98187,50,5.46133,-0.11331,-97.72197,3.58272,-5.70775,14.63361,-35.16418,CUP_POL2,CUP_POL11,LAV,Diamond Solutions,DIA,20260319-LAV-1,3c125fe0-23a1-11f1-a75b-41550e63b24f,66.78003,,,4.94375,,,,,,,466b64ac-6fa4-469b-a791-4c8bbffd9b8d,2026/3/19,38:02.3,2026-03-19T10:38:02.2780000-04:00,2026-03-19T14:38:02.2780000Z,,v3,,,,"Alvarado, Jesus",1000373354,Right,CUP_POL2,37674677-d47e-4bea-a7a1-aaf04ddce0f3,54.63381,-98.41343,7.3168,5.25279,5.24426,-17.58209,1.98085,0.15638,-2.85387,,,,,,,,,,,,,,,,,,,,,,,,,,,,,,,,,,,,,,,,,,,,,,,,,,,High,High,High,,,,,,,,
141,2026/3/19,38:28.1,7,3,"Gomez, Javier",1000361544,Left,CUP_POL2,"Garcia, Geremia",1000328902,Right,CUP_POL11,Undefined,4,Top,1,2,0,Fastball,Changeup,StrikeSwinging,Undefined,Undefined,Undefined,0,0,,84.36464,-0.901489,1.922945,2108.714275,116.913372,10:00,5.51834,-1.92675,6.36648,-29.31931,8.83189,-15.27044,2.24492,-1.42901,78.09957,-6.372445,-0.843505,0.444555,,,,,,,,,,,,8.38571,5.1926,1.794,50,5.43944,-3.54273,-122.72091,-2.80699,12.92278,21.89604,-24.17201,CUP_POL2,CUP_POL11,LAV,Diamond Solutions,DIA,20260319-LAV-1,4b658fd0-23a1-11f1-a75b-41550e63b24f,84.78691,,,6.26506,,,,,,,466b64ac-6fa4-469b-a791-4c8bbffd9b8d,2026/3/19,38:28.1,2026-03-19T10:38:28.1200000-04:00,2026-03-19T14:38:28.1200000Z,,v3,,,,"Alvarado, Jesus",1000373354,Right,CUP_POL2,3d25b5c6-48d2-46d3-98e8-2ccd0ac9072f,54.13665,-123.45677,10.94802,5.52012,-1.99464,-12.08601,1.92035,-3.97702,6.46139,,,,,,,,,,,,,,,,,,,,,,,,,,,,,,,,,,,,,,,,,,,,,,,,,,,High,High,High,,,,,,,,
142,2026/3/19,38:49.1,7,4,"Gomez, Javier",1000361544,Left,CUP_POL2,"Garcia, Geremia",1000328902,Right,CUP_POL11,Undefined,4,Top,1,2,1,Fastball,Changeup,BallCalled,Undefined,Undefined,Undefined,0,0,,84.61388,0.525198,0.64199,2042.493542,133.180223,10:30,5.47547,-1.99118,6.52042,-24.87612,12.92064,-12.60241,3.88441,-2.45228,77.86933,-4.179073,-1.64678,0.442485,,,,,,,,,,,,6.69599,6.98512,1.95095,50,5.50109,-0.90192,-123.10777,0.44458,10.34868,22.82113,-21.37848,CUP_POL2,CUP_POL11,LAV,Diamond Solutions,DIA,20260319-LAV-1,57ed1ca0-23a1-11f1-a75b-41550e63b24f,85.18349,,,6.74455,,,,,,,466b64ac-6fa4-469b-a791-4c8bbffd9b8d,2026/3/19,38:49.1,2026-03-19T10:38:49.1350000-04:00,2026-03-19T14:38:49.1350000Z,,v3,,,,"Alvarado, Jesus",1000373354,Right,CUP_POL2,975d2242-d1e3-4412-85a9-0a36231cd9bc,53.98068,-123.84349,11.41056,5.47565,1.1338,-10.68924,1.9854,-1.23554,5.17434,,,,,,,,,,,,,,,,,,,,,,,,,,,,,,,,,,,,,,,,,,,,,,,,,,,High,High,High,,,,,,,,
143,2026/3/19,39:12.6,7,5,"Gomez, Javier",1000361544,Left,CUP_POL2,"Garcia, Geremia",1000328902,Right,CUP_POL11,Undefined,4,Top,1,3,1,Fastball,Changeup,BallCalled,Walk,Undefined,Undefined,0,0,,84.26866,0.711564,0.753666,2141.930156,128.33192,10:15,5.51339,-1.94503,6.33831,-26.17427,12.13131,-13.96981,3.98746,-2.4152,77.69058,-4.209923,-1.774611,0.445453,,,,,,,,,,,,7.39193,6.48784,1.89592,50,5.55271,-1.07566,-122.59841,0.76793,11.35322,22.1624,-22.20943,CUP_POL2,CUP_POL11,LAV,Diamond Solutions,DIA,20260319-LAV-1,65e5ecb0-23a1-11f1-a75b-41550e63b24f,84.61591,,,6.57808,,,,,,,466b64ac-6fa4-469b-a791-4c8bbffd9b8d,2026/3/19,39:12.6,2026-03-19T10:39:12.5750000-04:00,2026-03-19T14:39:12.5750000Z,,v3,,,,"Alvarado, Jesus",1000373354,Right,CUP_POL2,4ba336bb-e19d-4117-86d7-35fc075ea139,54.16349,-123.34876,11.0812,5.51398,1.51987,-11.10471,1.93885,-1.46004,5.67661,,,,,,,,,,,,,,,,,,,,,,,,,,,,,,,,,,,,,,,,,,,,,,,,,,,High,High,High,,,,,,,,
144,2026/3/19,39:45.8,8,1,"Gomez, Javier",1000361544,Left,CUP_POL2,"Reina, Nicolas",1000540213,Right,CUP_POL11,Undefined,4,Top,1,0,0,Curveball,Curveball,BallinDirt,Undefined,Undefined,Undefined,0,0,,69.51226,1.695536,0.04961,2465.698504,294.054393,3:45,5.17951,-2.11287,5.9539,-61.40188,-4.00114,12.72761,1.6357,-1.00623,64.46271,-9.558955,2.340482,0.545293,,,,,,,,,,,,-6.52016,-1.98351,2.10182,50,5.27995,-0.50077,-101.08247,1.27405,-6.7671,15.99503,-34.23268,CUP_POL2,CUP_POL11,LAV,Diamond Solutions,DIA,20260319-LAV-1,79c1d910-23a1-11f1-a75b-41550e63b24f,69.12324,,,5.04955,,,,,,,466b64ac-6fa4-469b-a791-4c8bbffd9b8d,2026/3/19,39:45.8,2026-03-19T10:39:45.7920000-04:00,2026-03-19T14:39:45.7920000Z,,v3,,,,"Alvarado, Jesus",1000373354,Right,CUP_POL2,ae0e13e1-9f3b-4356-ace4-3c1d99c45906,54.55185,-101.8002,7.99752,5.18832,2.81013,-17.11634,2.11748,-0.19712,-3.38355,,,,,,,,,,,,,,,,,,,,,,,,,,,,,,,,,,,,,,,,,,,,,,,,,,,High,High,High,,,,,,,,
145,2026/3/19,40:05.3,8,2,"Gomez, Javier",1000361544,Left,CUP_POL2,"Reina, Nicolas",1000540213,Right,CUP_POL11,Undefined,4,Top,1,1,0,Fastball,Changeup,StrikeSwinging,Undefined,Undefined,Undefined,0,0,,83.9225,-0.387839,1.988986,2071.092909,134.438807,10:30,5.43514,-2.01136,6.44965,-25.5123,13.12453,-12.20036,2.95255,-1.19983,77.13675,-5.203061,-0.223077,0.447375,,,,,,,,,,,,6.85146,7.32823,1.87511,50,5.39606,-3.7788,-122.01234,-1.53365,10.37993,22.8831,-21.07178,CUP_POL2,CUP_POL11,LAV,Diamond Solutions,DIA,20260319-LAV-1,85565350-23a1-11f1-a75b-41550e63b24f,84.25237,,,6.78575,,,,,,,466b64ac-6fa4-469b-a791-4c8bbffd9b8d,2026/3/19,40:05.3,2026-03-19T10:40:05.3350000-04:00,2026-03-19T14:40:05.3350000Z,,v3,,,,"Alvarado, Jesus",1000373354,Right,CUP_POL2,a244f972-19a6-4048-9203-14be1a43940f,54.05179,-122.76989,11.44155,5.43528,-0.83607,-10.53589,2.0059,-4.12243,5.18997,,,,,,,,,,,,,,,,,,,,,,,,,,,,,,,,,,,,,,,,,,,,,,,,,,,High,High,High,,,,,,,,
146,2026/3/19,40:27.6,8,3,"Gomez, Javier",1000361544,Left,CUP_POL2,"Reina, Nicolas",1000540213,Right,CUP_POL11,Undefined,4,Top,1,1,1,Fastball,Changeup,BallCalled,Undefined,Undefined,Undefined,0,0,,84.91852,-1.796515,4.438036,2130.095875,122.224061,10:00,5.37128,-1.92483,6.70625,-27.86293,9.43406,-13.29024,1.40128,1.03362,78.71962,-7.018769,2.023669,0.43955,,,,,,,,,,,,8.11599,5.76083,1.63435,50,5.24048,-9.10253,-123.27401,-4.64965,12.63904,21.74632,-23.20274,CUP_POL2,CUP_POL11,LAV,Diamond Solutions,DIA,20260319-LAV-1,92a7e6e0-23a1-11f1-a75b-41550e63b24f,85.75237,,,6.19891,,,,,,,466b64ac-6fa4-469b-a791-4c8bbffd9b8d,2026/3/19,40:27.7,2026-03-19T10:40:27.6540000-04:00,2026-03-19T14:40:27.6540000Z,,v3,,,,"Alvarado, Jesus",1000373354,Right,CUP_POL2,d2a6804b-f5ad-4f86-94a8-a4a06016e4da,53.79818,-123.94222,10.87316,5.37239,-3.93669,-11.60137,1.92001,-9.4909,6.31952,,,,,,,,,,,,,,,,,,,,,,,,,,,,,,,,,,,,,,,,,,,,,,,,,,,High,High,High,,,,,,,,
147,2026/3/19,40:48.6,8,4,"Gomez, Javier",1000361544,Left,CUP_POL2,"Reina, Nicolas",1000540213,Right,CUP_POL11,Undefined,4,Top,1,2,1,Curveball,Curveball,StrikeCalled,Undefined,Undefined,Undefined,0,0,,69.34158,3.261546,-0.281173,2473.275238,304.36645,4:15,5.22983,-1.94535,5.96942,-65.85421,-8.21071,14.42127,2.76936,-1.00428,64.21584,-8.811091,2.312499,0.546445,,,,,,,,,,,,-7.42319,-4.45685,1.95993,50,5.45243,0.0175,-100.76581,3.8721,-7.67253,15.56589,-36.7806,CUP_POL2,CUP_POL11,LAV,Diamond Solutions,DIA,20260319-LAV-1,9f316f80-23a1-11f1-a75b-41550e63b24f,68.97755,,,5.12574,,,,,,,466b64ac-6fa4-469b-a791-4c8bbffd9b8d,2026/3/19,40:48.6,2026-03-19T10:40:48.6040000-04:00,2026-03-19T14:40:48.6040000Z,,v3,,,,"Alvarado, Jesus",1000373354,Right,CUP_POL2,a4731165-df90-4647-b8bc-46b85af7c439,54.53771,-101.46435,7.78295,5.24162,5.52269,-18.3903,1.95142,0.36181,-3.83627,,,,,,,,,,,,,,,,,,,,,,,,,,,,,,,,,,,,,,,,,,,,,,,,,,,High,High,High,,,,,,,,
148,2026/3/19,41:12.3,8,5,"Gomez, Javier",1000361544,Left,CUP_POL2,"Reina, Nicolas",1000540213,Right,CUP_POL11,Undefined,4,Top,1,2,2,Slider,Curveball,InPlay,Undefined,GroundBall,FieldersChoice,1,0,,70.36424,1.822212,-0.168059,2550.652404,296.42709,4:00,5.28233,-1.98192,5.73666,-62.09747,-5.98142,15.10572,1.80507,-0.87961,65.65005,-9.486336,2.540317,0.539157,54.73545,-51.686438,-16.16403,,,,,1.70594,1.70594,16.16195,0.02582,-7.77071,-3.06851,1.98636,50,5.39549,-0.20117,-102.37321,1.4377,-8.32907,15.31663,-35.46304,CUP_POL2,CUP_POL11,LAV,Diamond Solutions,DIA,20260319-LAV-1,ad585470-23a1-11f1-a75b-41550e63b24f,69.91,1.63282,,4.71419,,,,0.39937,1.63282,0.83402,466b64ac-6fa4-469b-a791-4c8bbffd9b8d,2026/3/19,41:12.3,2026-03-19T10:41:12.3440000-04:00,2026-03-19T14:41:12.3440000Z,GroundBall,v3,,,,"Alvarado, Jesus",1000373354,Right,CUP_POL2,116a44be-6a40-43b7-8afb-b28bcfcd22c1,54.77098,-103.08455,7.65832,5.29048,3.08469,-17.73152,1.98672,0.18565,-4.16453,,0.39858,47.992,,,,,,,,1.63386,-63.23876,,,,,,,,0.83424,-13.9103,,,,,,,,,,,,,,,,,,,,,,,,,,,,,,High,High,High,Estimated,Estimated,,,,,,
149,2026/3/19,42:02.5,9,1,"Gomez, Javier",1000361544,Left,CUP_POL2,"Montes De Oca, Ian",1000540211,Right,CUP_POL11,Undefined,4,Top,2,0,0,Fastball,Changeup,StrikeSwinging,Undefined,Undefined,Undefined,0,0,new batter R,84.53209,-0.031756,2.951419,2084.697204,118.882554,10:00,5.46817,-1.78222,6.56686,-28.31962,9.44351,-15.16855,3.07905,-0.33812,78.0522,-5.351583,0.197287,0.442288,,,,,,,,,,,,8.64808,5.32366,1.58443,50,5.45397,-5.77776,-122.91602,-0.8744,13.36457,22.05103,-23.94698,CUP_POL2,CUP_POL11,LAV,Diamond Solutions,DIA,20260319-LAV-1,cb33c330-23a1-11f1-a75b-41550e63b24f,85.22146,,,6.47988,,,,,,,466b64ac-6fa4-469b-a791-4c8bbffd9b8d,2026/3/19,42:02.5,2026-03-19T10:42:02.5490000-04:00,2026-03-19T14:42:02.5490000Z,,v3,,,,"Alvarado, Jesus",1000373354,Right,CUP_POL2,f535eec9-debe-4643-bb29-b995c80dc878,53.93626,-123.62016,11.02552,5.46968,-0.10972,-11.97349,1.77574,-6.20453,6.68228,,,,,,,,,,,,,,,,,,,,,,,,,,,,,,,,,,,,,,,,,,,,,,,,,,,High,High,High,,,,,,,,
150,2026/3/19,42:19.9,9,2,"Gomez, Javier",1000361544,Left,CUP_POL2,"Montes De Oca, Ian",1000540211,Right,CUP_POL11,Undefined,4,Top,2,0,1,Fastball,Changeup,StrikeSwinging,Undefined,Undefined,Undefined,0,0,,84.0883,-0.888103,2.176945,2099.489763,129.469617,10:15,5.48227,-1.93349,6.16106,-26.12789,12.56745,-13.9304,2.48382,-1.08222,77.79102,-5.769665,-0.335388,0.447714,,,,,,,,,,,,7.68882,7.07374,1.77478,50,5.40127,-4.10634,-122.25708,-2.67579,11.77283,21.47131,-21.34303,CUP_POL2,CUP_POL11,LAV,Diamond Solutions,DIA,20260319-LAV-1,d5911d00-23a1-11f1-a75b-41550e63b24f,84.18867,,,6.29729,,,,,,,466b64ac-6fa4-469b-a791-4c8bbffd9b8d,2026/3/19,42:19.9,2026-03-19T10:42:19.9090000-04:00,2026-03-19T14:42:19.9090000Z,,v3,,,,"Alvarado, Jesus",1000373354,Right,CUP_POL2,e8206040-63ed-48fa-8cad-e3192e865d4c,54.34142,-123.01717,10.73566,5.48262,-1.92024,-10.67152,1.92752,-4.52311,5.88642,,,,,,,,,,,,,,,,,,,,,,,,,,,,,,,,,,,,,,,,,,,,,,,,,,,High,High,High,,,,,,,,
151,2026/3/19,42:39.1,9,3,"Gomez, Javier",1000361544,Left,CUP_POL2,"Montes De Oca, Ian",1000540211,Right,CUP_POL11,Undefined,4,Top,2,0,2,Curveball,Curveball,FoulBallNotFieldable,Undefined,Undefined,Undefined,0,0,,71.15809,1.933583,0.705999,2540.486114,298.666795,4:00,5.2136,-2.20522,5.93036,-60.11287,-5.36091,12.67091,1.99914,-0.4942,66.02571,-9.07454,2.984437,0.532563,,,,,,,,,,,,-6.35248,-2.8437,2.14142,50,5.33373,-1.6896,-103.4811,1.77311,-6.92047,16.51087,-35.272,CUP_POL2,CUP_POL11,LAV,Diamond Solutions,DIA,20260319-LAV-1,e106ebb0-23a1-11f1-a75b-41550e63b24f,70.77552,,,5.13238,,,,,,,466b64ac-6fa4-469b-a791-4c8bbffd9b8d,2026/3/19,42:39.1,2026-03-19T10:42:39.0600000-04:00,2026-03-19T14:42:39.0600000Z,,v3,,,,"Alvarado, Jesus",1000373354,Right,CUP_POL2,dd28b349-cfb5-42d1-b562-2ba71762e9c5,54.57635,-104.20872,8.25543,5.22134,3.32752,-17.636,2.20916,-1.38462,-3.46023,,,,,,,,,,,,,,,,,,,,,,,,,,,,,,,,,,,,,,,,,,,,,,,,,,,High,High,High,,,,,,,,
152,2026/3/19,43:15.9,9,4,"Gomez, Javier",1000361544,Left,CUP_POL2,"Montes De Oca, Ian",1000540211,Right,CUP_POL11,Undefined,4,Top,2,0,2,Fastball,Changeup,BallCalled,Undefined,Undefined,Undefined,0,0,,86.10696,0.755901,2.445436,2077.54973,132.660493,10:30,5.60339,-1.73531,6.15541,-23.99659,13.14052,-13.0569,4.30277,-0.56256,78.96309,-3.761304,0.09327,0.438607,,,,,,,,,,,,7.31374,6.9341,1.55539,50,5.64845,-4.81197,-125.08588,0.93605,11.65389,23.88065,-21.12508,CUP_POL2,CUP_POL11,LAV,Diamond Solutions,DIA,20260319-LAV-1,f6f51640-23a1-11f1-a75b-41550e63b24f,85.93674,,,7.14386,,,,,,,466b64ac-6fa4-469b-a791-4c8bbffd9b8d,2026/3/19,43:15.9,2026-03-19T10:43:15.8900000-04:00,2026-03-19T14:43:15.8900000Z,,v3,,,,"Alvarado, Jesus",1000373354,Right,CUP_POL2,a441da5e-26b2-4eec-9f92-7f536fbc2e45,54.34559,-125.91278,11.94033,5.60337,1.66753,-10.56254,1.72899,-5.2155,5.82694,,,,,,,,,,,,,,,,,,,,,,,,,,,,,,,,,,,,,,,,,,,,,,,,,,,High,High,High,,,,,,,,
153,2026/3/19,43:37.1,9,5,"Gomez, Javier",1000361544,Left,CUP_POL2,"Montes De Oca, Ian",1000540211,Right,CUP_POL11,Undefined,4,Top,2,1,2,Curveball,Curveball,InPlay,Undefined,GroundBall,Error,0,1,,71.70391,2.603679,0.610011,2576.535886,298.47195,4:00,5.24993,-2.06814,5.97123,-60.03877,-6.01426,14.02469,2.66253,-0.33382,66.22083,-8.418368,3.13205,0.529014,73.624,-20.225873,-27.933748,,,,,8.18966,8.02037,-21.324716,0.07098,-7.0702,-3.36756,2.01186,50,5.4226,-1.57288,-104.21145,3.01387,-7.7891,17.21622,-35.88402,CUP_POL2,CUP_POL11,LAV,Diamond Solutions,DIA,20260319-LAV-1,039c8720-23a2-11f1-a75b-41550e63b24f,71.25039,2.65882,,5.48309,,,,1.25332,2.65882,0.40233,466b64ac-6fa4-469b-a791-4c8bbffd9b8d,2026/3/19,43:37.1,2026-03-19T10:43:37.0850000-04:00,2026-03-19T14:43:37.0850000Z,GroundBall,v3,,,,"Alvarado, Jesus",1000373354,Right,CUP_POL2,1cd7e08e-9b90-4049-8187-52fbe509d01c,54.53534,-104.95803,8.60811,5.25816,4.56999,-17.94201,2.07274,-1.23511,-3.89455,180,1.24985,89.82237,,,,,,,,2.66027,-37.45856,,,,,,,,0.40418,-47.62626,,,,,,,,,,,,,,,,,,,,,,,,,,,,,,High,High,High,High,High,,,,53.98273,12.15286,-8.32214
154,2026/3/19,44:34.5,10,1,"Gomez, Javier",1000361544,Left,CUP_POL2,"Garcia, Yohangel",1000430175,Right,CUP_POL11,Undefined,4,Top,2,0,0,Curveball,Curveball,BallinDirt,Undefined,Undefined,Undefined,0,0,,74.18731,0.388323,3.599166,2618.544528,304.368832,4:15,5.17459,-2.00724,6.10116,-56.56936,-6.49225,11.48615,0.82035,2.28317,69.30157,-9.931955,5.664759,0.50932,,,,,,,,,,,,-5.04646,-3.09693,1.7238,50,5.17445,-7.15715,-107.79345,-0.90881,-5.97692,17.57528,-35.84199,CUP_POL2,CUP_POL11,LAV,Diamond Solutions,DIA,20260319-LAV-1,25cc34d0-23a2-11f1-a75b-41550e63b24f,74.00536,,,4.88574,,,,,,,466b64ac-6fa4-469b-a791-4c8bbffd9b8d,2026/3/19,44:34.5,2026-03-19T10:44:34.4630000-04:00,2026-03-19T14:44:34.4630000Z,,v3,,,,"Alvarado, Jesus",1000373354,Right,CUP_POL2,a246fcae-a357-4c6c-954e-777831f6c46d,54.40598,-108.50945,8.78764,5.18174,0.55136,-17.921,2.01042,-6.91366,-2.98846,,,,,,,,,,,,,,,,,,,,,,,,,,,,,,,,,,,,,,,,,,,,,,,,,,,High,High,High,,,,,,,,
155,2026/3/19,45:03.0,10,2,"Gomez, Javier",1000361544,Left,CUP_POL2,"Garcia, Yohangel",1000430175,Right,CUP_POL11,Undefined,4,Top,2,1,0,Curveball,Curveball,StrikeSwinging,Undefined,Undefined,Undefined,0,0,,70.47036,2.630067,1.230708,2529.196069,309.246877,4:15,5.21146,-2.15349,5.9181,-63.46405,-7.61717,11.2452,2.36601,-0.07401,65.41949,-8.980066,3.250364,0.537862,,,,,,,,,,,,-5.4354,-4.07638,2.04847,50,5.38631,-2.57347,-102.43248,2.87764,-5.81043,15.94586,-36.53169,CUP_POL2,CUP_POL11,LAV,Diamond Solutions,DIA,20260319-LAV-1,36d68aa0-23a2-11f1-a75b-41550e63b24f,70.07829,,,5.05087,,,,,,,466b64ac-6fa4-469b-a791-4c8bbffd9b8d,2026/3/19,45:03.0,2026-03-19T10:45:02.9660000-04:00,2026-03-19T14:45:02.9660000Z,,v3,,,,"Alvarado, Jesus",1000373354,Right,CUP_POL2,db213656-3ba2-41b7-b270-bb5721e896db,54.5888,-103.14435,7.97293,5.22144,4.50853,-18.26584,2.15757,-2.31407,-2.90522,,,,,,,,,,,,,,,,,,,,,,,,,,,,,,,,,,,,,,,,,,,,,,,,,,,High,High,High,,,,,,,,
156,2026/3/19,45:22.8,10,3,"Gomez, Javier",1000361544,Left,CUP_POL2,"Garcia, Yohangel",1000430175,Right,CUP_POL11,Undefined,4,Top,2,1,1,Curveball,Curveball,BallCalled,Undefined,Undefined,Undefined,0,0,,69.26975,3.197811,-1.252457,2474.450843,301.249597,4:00,5.23639,-2.24916,5.82172,-64.36968,-6.19189,13.0091,2.84928,-2.32976,63.99991,-8.58682,1.079777,0.548972,,,,,,,,,,,,-6.91937,-3.38414,2.34414,50,5.4606,1.75977,-100.5916,3.76164,-7.12241,15.61286,-35.65749,CUP_POL2,CUP_POL11,LAV,Diamond Solutions,DIA,20260319-LAV-1,42a43d50-23a2-11f1-a75b-41550e63b24f,68.66007,,,5.26984,,,,,,,466b64ac-6fa4-469b-a791-4c8bbffd9b8d,2026/3/19,45:22.8,2026-03-19T10:45:22.8240000-04:00,2026-03-19T14:45:22.8240000Z,,v3,,,,"Alvarado, Jesus",1000373354,Right,CUP_POL2,76f94660-5593-4155-9fea-6b3e6f7c4ab0,54.68421,-101.31603,7.80643,5.24768,5.41613,-17.82874,2.25482,2.09024,-3.56121,,,,,,,,,,,,,,,,,,,,,,,,,,,,,,,,,,,,,,,,,,,,,,,,,,,High,High,High,,,,,,,,
157,2026/3/19,45:42.9,10,4,"Gomez, Javier",1000361544,Left,CUP_POL2,"Garcia, Yohangel",1000430175,Right,CUP_POL11,Undefined,4,Top,2,2,1,Fastball,Changeup,BallCalled,Undefined,Undefined,Undefined,0,0,,84.59724,0.093979,4.415477,2105.739589,127.350811,10:15,5.45005,-1.96378,6.49575,-25.97671,11.80642,-14.10304,3.37186,0.92244,78.27107,-4.785617,1.865947,0.442405,,,,,,,,,,,,8.39528,6.49965,1.65929,50,5.44506,-8.96399,-122.83599,-0.52962,13.01417,21.00486,-22.09844,CUP_POL2,CUP_POL11,LAV,Diamond Solutions,DIA,20260319-LAV-1,4e88fa70-23a2-11f1-a75b-41550e63b24f,85.19889,,,6.32617,,,,,,,466b64ac-6fa4-469b-a791-4c8bbffd9b8d,2026/3/19,45:42.9,2026-03-19T10:45:42.8740000-04:00,2026-03-19T14:45:42.8740000Z,,v3,,,,"Alvarado, Jesus",1000373354,Right,CUP_POL2,c2b72c49-c84d-4ef8-af7e-6ff573f2fadd,54.00768,-123.5194,10.50243,5.45059,0.18937,-11.04922,1.95783,-9.38741,6.50709,,,,,,,,,,,,,,,,,,,,,,,,,,,,,,,,,,,,,,,,,,,,,,,,,,,High,High,High,,,,,,,,
158,2026/3/19,46:06.1,10,5,"Gomez, Javier",1000361544,Left,CUP_POL2,"Garcia, Yohangel",1000430175,Right,CUP_POL11,Undefined,4,Top,2,3,1,Fastball,Changeup,FoulBallNotFieldable,Undefined,Undefined,Undefined,0,0,,84.24632,0.019401,2.151072,2088.910462,128.320726,10:15,5.42205,-2.03911,6.40146,-26.76816,11.40473,-13.0795,3.20923,-1.1499,77.88549,-5.004399,-0.217938,0.444681,78.56926,-0.627745,177.579284,,,,,63.29896,39.33044,175.3825,0.663148,7.24244,6.30646,1.88961,50,5.41112,-4.09502,-122.52625,-0.73153,11.14551,21.41535,-22.46892,CUP_POL2,CUP_POL11,LAV,Diamond Solutions,DIA,20260319-LAV-1,5c605fd0-23a2-11f1-a75b-41550e63b24f,84.7628,3.41964,,6.36083,,,,,,,466b64ac-6fa4-469b-a791-4c8bbffd9b8d,2026/3/19,46:06.1,2026-03-19T10:46:06.1120000-04:00,2026-03-19T14:46:06.1120000Z,GroundBall,v3,,,,"Alvarado, Jesus",1000373354,Right,CUP_POL2,09914dc1-75d0-4196-b56f-a0445b28dd67,54.09962,-123.24071,10.70768,5.42302,0.01807,-11.23446,2.03243,-4.46685,5.57275,161.385909,5.77411,-114.16663,15.65663,,,,,,,3.40291,-0.91338,-6.32724,,,,,,,0.84134,5.06499,2.05614,,,,,,,,,,,,,,,,,,,,,,,,,,,,,High,High,High,Low,Medium,,,,47.08044,-16.90944,77.39536
159,2026/3/19,46:37.0,10,6,"Gomez, Javier",1000361544,Left,CUP_POL2,"Garcia, Yohangel",1000430175,Right,CUP_POL11,Undefined,4,Top,2,3,2,Fastball,Changeup,FoulBallNotFieldable,Undefined,Undefined,Undefined,0,0,,84.585,0.121895,1.980181,2028.167663,127.865869,10:15,5.5227,-1.91538,6.31896,-26.02679,11.92942,-13.98867,3.46614,-1.25645,78.22449,-4.759529,-0.549657,0.443418,79.42281,-4.91469,171.188873,,,,,42.77005,37.74278,172.081838,0.377978,7.66256,6.52445,1.77614,50,5.51908,-3.70828,-123.03466,-0.49879,11.89654,21.46847,-22.04449,CUP_POL2,CUP_POL11,LAV,Diamond Solutions,DIA,20260319-LAV-1,6ecda100-23a2-11f1-a75b-41550e63b24f,85.0044,3.48955,,6.36051,,,,,,,466b64ac-6fa4-469b-a791-4c8bbffd9b8d,2026/3/19,46:37.0,2026-03-19T10:46:37.0120000-04:00,2026-03-19T14:46:37.0120000Z,GroundBall,v3,,,,"Alvarado, Jesus",1000373354,Right,CUP_POL2,06941660-d4b3-45de-b08e-ab4f1a1714bf,54.18276,-123.76237,10.73424,5.52333,0.24844,-11.02225,1.90867,-4.11153,5.94827,,-1.93843,-114.32727,19.59383,,,,,,,3.47863,-9.58875,1.0909,,,,,,,1.31149,17.32035,-13.84676,,,,,,,,,,,,,,,,,,,,,,,,,,,,,High,High,High,Low,Medium,,,,50.40457,13.94933,-2.39561
160,2026/3/19,47:04.8,10,7,"Gomez, Javier",1000361544,Left,CUP_POL2,"Garcia, Yohangel",1000430175,Right,CUP_POL11,Undefined,4,Top,2,3,2,Fastball,Sinker,BallCalled,Walk,Undefined,Undefined,0,0,,85.26437,0.681919,1.009886,2059.114458,140.735366,10:45,5.52026,-1.91803,6.35648,-24.16761,12.99607,-9.81914,4.13408,-1.80666,79.0357,-3.86099,-0.767528,0.438764,,,,,,,,,,,,5.31922,6.93516,1.84894,50,5.55811,-1.81302,-124.1114,0.78259,8.42853,21.14296,-21.18495,CUP_POL2,CUP_POL11,LAV,Diamond Solutions,DIA,20260319-LAV-1,7f5ef640-23a2-11f1-a75b-41550e63b24f,85.90602,,,6.22867,,,,,,,466b64ac-6fa4-469b-a791-4c8bbffd9b8d,2026/3/19,47:04.8,2026-03-19T10:47:04.7640000-04:00,2026-03-19T14:47:04.7640000Z,,v3,,,,"Alvarado, Jesus",1000373354,Right,CUP_POL2,0e275dc5-b18b-447e-8e18-1b19aadca57f,54.14604,-124.8157,10.57148,5.52029,1.48828,-10.59247,1.91401,-2.09379,4.21427,,,,,,,,,,,,,,,,,,,,,,,,,,,,,,,,,,,,,,,,,,,,,,,,,,,High,High,High,,,,,,,,
161,2026/3/19,47:52.3,11,1,"Gomez, Javier",1000361544,Left,CUP_POL2,"Villa Camacho, Leonel",1000358451,Right,CUP_POL11,Undefined,4,Top,2,0,0,Curveball,Curveball,BallCalled,Undefined,Undefined,Undefined,0,0,,69.59867,5.128278,-1.339676,2525.697825,313.028723,4:30,5.1949,-2.05093,5.71079,-68.52689,-10.53111,13.06635,4.27648,-2.21048,64.10037,-7.377074,0.993222,0.548112,,,,,,,,,,,,-6.89646,-5.98406,2.15531,50,5.58375,1.90188,-100.85785,6.99977,-7.15461,15.30303,-38.38209,CUP_POL2,CUP_POL11,LAV,Diamond Solutions,DIA,20260319-LAV-1,9bba2da0-23a2-11f1-a75b-41550e63b24f,68.76772,,,5.49831,,,,,,,466b64ac-6fa4-469b-a791-4c8bbffd9b8d,2026/3/19,47:52.3,2026-03-19T10:47:52.3250000-04:00,2026-03-19T14:47:52.3250000Z,,v3,,,,"Alvarado, Jesus",1000373354,Right,CUP_POL2,93b8612c-f0e3-4a9f-82b7-342d09b27b18,54.79681,-101.58305,7.65152,5.20893,8.81868,-19.19105,2.05714,2.24094,-3.57731,,,,,,,,,,,,,,,,,,,,,,,,,,,,,,,,,,,,,,,,,,,,,,,,,,,High,High,High,,,,,,,,
162,2026/3/19,48:14.1,11,2,"Gomez, Javier",1000361544,Left,CUP_POL2,"Villa Camacho, Leonel",1000358451,Right,CUP_POL11,Undefined,4,Top,2,1,0,Fastball,Sinker,StrikeSwinging,Undefined,Undefined,Undefined,0,0,,83.88802,0.613025,2.630536,2090.316993,136.361218,10:30,5.49921,-1.85909,6.31226,-27.74561,10.77426,-9.29312,3.75242,-0.20855,77.77626,-4.57408,0.95173,0.446698,,,,,,,,,,,,5.41374,5.8065,1.67025,50,5.53076,-5.25366,-121.99621,0.4898,8.29009,20.38217,-23.28249,CUP_POL2,CUP_POL11,LAV,Diamond Solutions,DIA,20260319-LAV-1,a8abedf0-23a2-11f1-a75b-41550e63b24f,84.38019,,,6.11176,,,,,,,466b64ac-6fa4-469b-a791-4c8bbffd9b8d,2026/3/19,48:14.1,2026-03-19T10:48:14.0750000-04:00,2026-03-19T14:48:14.0750000Z,,v3,,,,"Alvarado, Jesus",1000373354,Right,CUP_POL2,9a5c0003-0a96-43f2-9b17-fa9befe50d9e,54.19034,-122.6943,10.19108,5.50033,1.28722,-11.64124,1.85505,-5.5376,4.14505,,,,,,,,,,,,,,,,,,,,,,,,,,,,,,,,,,,,,,,,,,,,,,,,,,,High,High,High,,,,,,,,
163,2026/3/19,48:35.0,11,3,"Gomez, Javier",1000361544,Left,CUP_POL2,"Villa Camacho, Leonel",1000358451,Right,CUP_POL11,Undefined,4,Top,2,1,1,Curveball,Curveball,BallCalled,Undefined,Undefined,Undefined,0,0,,70.35603,2.624986,-1.543873,2480.283768,299.754991,4:00,4.9969,-2.27751,5.73591,-61.70255,-5.91689,12.79887,2.30218,-2.64904,65.89405,-8.607409,0.747808,0.537567,,,,,,,,,,,,-6.835,-3.08788,2.39838,50,5.17782,2.3238,-102.34024,2.86338,-7.38626,13.88833,-35.51096,CUP_POL2,CUP_POL11,LAV,Diamond Solutions,DIA,20260319-LAV-1,b526d090-23a2-11f1-a75b-41550e63b24f,70.1167,,,4.46198,,,,,,,466b64ac-6fa4-469b-a791-4c8bbffd9b8d,2026/3/19,48:35.0,2026-03-19T10:48:34.9780000-04:00,2026-03-19T14:48:34.9780000Z,,v3,,,,"Alvarado, Jesus",1000373354,Right,CUP_POL2,e2bf623f-b904-4bd6-b478-9c47e4b10de0,54.77181,-102.98577,6.94416,5.00637,4.51394,-17.75548,2.2824,2.66712,-3.69313,,,,,,,,,,,,,,,,,,,,,,,,,,,,,,,,,,,,,,,,,,,,,,,,,,,High,High,High,,,,,,,,
164,2026/3/19,48:58.7,11,4,"Gomez, Javier",1000361544,Left,CUP_POL2,"Villa Camacho, Leonel",1000358451,Right,CUP_POL11,Undefined,4,Top,2,2,1,Fastball,Changeup,FoulBallNotFieldable,Undefined,Undefined,Undefined,0,0,,83.51002,0.210894,1.867545,2081.802464,133.125161,10:30,5.48355,-1.96926,6.46477,-28.30368,10.30406,-9.89969,3.31873,-1.0782,77.50123,-5.090578,0.072077,0.447207,,,,,,,,,,,,5.63488,5.67689,1.84155,50,5.48563,-3.61071,-121.56234,-0.35861,8.55842,20.47839,-23.55183,CUP_POL2,CUP_POL11,LAV,Diamond Solutions,DIA,20260319-LAV-1,c34e78d0-23a2-11f1-a75b-41550e63b24f,84.28412,,,6.0088,,,,,,,466b64ac-6fa4-469b-a791-4c8bbffd9b8d,2026/3/19,48:58.7,2026-03-19T10:48:58.7480000-04:00,2026-03-19T14:48:58.7480000Z,,v3,,,,"Alvarado, Jesus",1000373354,Right,CUP_POL2,2ed08cfb-395c-4831-8e4d-87bd09e59163,54.0394,-122.24093,10.2392,5.48458,0.42182,-11.77592,1.96589,-3.8943,4.27921,,,,,,,,,,,,,,,,,,,,,,,,,,,,,,,,,,,,,,,,,,,,,,,,,,,High,High,High,,,,,,,,
165,2026/3/19,49:24.3,11,5,"Gomez, Javier",1000361544,Left,CUP_POL2,"Villa Camacho, Leonel",1000358451,Right,CUP_POL11,Undefined,4,Top,2,2,2,Fastball,Changeup,BallCalled,Undefined,Undefined,Undefined,0,0,,85.70027,-0.07208,3.184438,2066.589803,138.878545,10:45,5.54055,-1.73664,6.41678,-22.63048,14.12056,-11.47209,3.5883,0.23809,79.49007,-4.33341,1.109309,0.436321,,,,,,,,,,,,6.68595,7.70776,1.51355,50,5.52474,-6.49762,-124.61116,-0.79227,10.69273,21.02142,-19.84712,CUP_POL2,CUP_POL11,LAV,Diamond Solutions,DIA,20260319-LAV-1,d280da50-23a2-11f1-a75b-41550e63b24f,86.38693,,,6.2102,,,,,,,466b64ac-6fa4-469b-a791-4c8bbffd9b8d,2026/3/19,49:24.3,2026-03-19T10:49:24.2840000-04:00,2026-03-19T14:49:24.2840000Z,,v3,,,,"Alvarado, Jesus",1000373354,Right,CUP_POL2,ed6e0613-43b5-4585-a5d1-e0b5286311b0,54.08614,-125.29857,10.51071,5.54004,-0.14325,-9.92356,1.73174,-6.84728,5.34637,,,,,,,,,,,,,,,,,,,,,,,,,,,,,,,,,,,,,,,,,,,,,,,,,,,High,High,High,,,,,,,,
166,2026/3/19,49:43.9,11,6,"Gomez, Javier",1000361544,Left,CUP_POL2,"Villa Camacho, Leonel",1000358451,Right,CUP_POL11,Undefined,4,Top,2,3,2,Fastball,Changeup,BallCalled,Walk,Undefined,Undefined,0,0,,83.5054,0.559144,3.856257,2073.864022,134.851139,10:30,5.44287,-2.06564,6.57287,-25.18812,13.40198,-12.41906,3.85758,0.43966,77.2938,-4.190579,1.606092,0.447105,,,,,,,,,,,,7.38016,7.24693,1.8047,50,5.47045,-7.72762,-121.33442,0.50945,11.17204,20.30295,-21.20369,CUP_POL2,CUP_POL11,LAV,Diamond Solutions,DIA,20260319-LAV-1,de3d00d0-23a2-11f1-a75b-41550e63b24f,84.30333,,,6.2116,,,,,,,466b64ac-6fa4-469b-a791-4c8bbffd9b8d,2026/3/19,49:43.9,2026-03-19T10:49:43.9310000-04:00,2026-03-19T14:49:43.9310000Z,,v3,,,,"Alvarado, Jesus",1000373354,Right,CUP_POL2,44701220-cc99-4c7b-8eb6-4dd4d1859cf0,53.92987,-121.99024,10.15147,5.44293,1.19436,-10.60185,2.06015,-8.08849,5.58602,,,,,,,,,,,,,,,,,,,,,,,,,,,,,,,,,,,,,,,,,,,,,,,,,,,High,High,High,,,,,,,,
167,2026/3/19,51:34.8,12,1,"Castillo, Esteban",1000539818,Right,CUP_POL2,"Magana Iturralde, Alfredo",1000321154,Right,CUP_POL11,Undefined,4,Top,2,0,0,Fastball,Four-Seam,BallCalled,Undefined,Undefined,Undefined,0,0,new picher ,91.40814,-1.919308,-0.703456,2363.523835,217.068807,1:15,5.80745,1.17364,6.94943,-18.33127,13.31367,9.41162,2.53233,1.3177,84.86146,-5.407501,1.020671,0.404877,,,,,,,,,,,,-5.17382,7.83646,-1.13254,50,5.68136,1.28936,-133.11885,-4.93751,-9.41697,24.73762,-17.91072,CUP_POL2,CUP_POL11,LAV,Diamond Solutions,DIA,20260319-LAV-1,2044feb0-23a3-11f1-a75b-41550e63b24f,93.09593,,,6.54669,,,,,,,466b64ac-6fa4-469b-a791-4c8bbffd9b8d,2026/3/19,51:34.8,2026-03-19T10:51:34.8090000-04:00,2026-03-19T14:51:34.8090000Z,,v3,,,,"Alvarado, Jesus",1000373354,Right,CUP_POL2,8e8d8a41-a298-4469-914c-ebbcd9847429,53.55419,-133.7777,12.36881,5.80651,-4.46049,-8.95536,-1.17022,1.54016,-4.70848,,,,,,,,,,,,,,,,,,,,,,,,,,,,,,,,,,,,,,,,,,,,,,,,,,,High,High,High,,,,,,,,
168,2026/3/19,51:46.7,12,2,"Castillo, Esteban",1000539818,Right,CUP_POL2,"Magana Iturralde, Alfredo",1000321154,Right,CUP_POL11,Undefined,4,Top,2,1,0,Fastball,Four-Seam,InPlay,Undefined,GroundBall,Single,0,1,,91.33543,-2.047601,-1.477615,2347.378708,214.824032,1:15,5.82692,0.94001,6.73048,-17.46674,14.58005,9.52146,2.49862,0.38276,84.58404,-5.370857,0.258688,0.40744,78.84068,-18.452754,-29.283573,,,,,8.0671,6.49766,-29.368691,0.066396,-5.42114,8.50882,-0.84595,50,5.68459,3.07553,-132.925,-5.22248,-9.81608,25.28259,-16.76707,CUP_POL2,CUP_POL11,LAV,Diamond Solutions,DIA,20260319-LAV-1,27661940-23a3-11f1-a75b-41550e63b24f,92.5104,2.43663,,6.75139,,,,0.66116,2.43663,-0.38452,466b64ac-6fa4-469b-a791-4c8bbffd9b8d,2026/3/19,51:46.7,2026-03-19T10:51:46.7370000-04:00,2026-03-19T14:51:46.7370000Z,GroundBall,v3,,,,"Alvarado, Jesus",1000373354,Right,CUP_POL2,f29c7a89-08a0-407f-a755-d35c1cd3fb7a,53.77396,-133.64089,12.6413,5.82575,-4.74772,-8.38353,-0.93698,3.35347,-4.90804,180,0.65842,95.92733,,,,,,,,2.43768,-36.69864,,,,,,,,-0.38298,-53.79575,,,,,,,,,,,,,,,,,,,,,,,,,,,,,,High,High,High,High,High,,,,,,
169,2026/3/19,52:29.9,13,1,"Castillo, Esteban",1000539818,Right,CUP_POL2,"Gutierrez Cortes, Kevin",1000490424,Right,CUP_POL11,Undefined,4,Top,2,0,0,Fastball,Four-Seam,StrikeCalled,Undefined,Undefined,Undefined,0,0,,91.62143,-3.039336,-1.223077,2358.397732,212.612013,1:00,5.99886,0.61515,7.16134,-16.08816,15.33989,9.23752,1.90015,0.27619,84.7441,-6.130498,0.475812,0.403488,,,,,,,,,,,,-5.24433,9.28764,-0.54562,50,5.81544,2.51312,-133.28225,-7.44817,-9.52655,26.00062,-15.30264,CUP_POL2,CUP_POL11,LAV,Diamond Solutions,DIA,20260319-LAV-1,41219f80-23a3-11f1-a75b-41550e63b24f,93.41661,,,6.87734,,,,,,,466b64ac-6fa4-469b-a791-4c8bbffd9b8d,2026/3/19,52:29.9,2026-03-19T10:52:29.9330000-04:00,2026-03-19T14:52:29.9330000Z,,v3,,,,"Alvarado, Jesus",1000373354,Right,CUP_POL2,9aaa76b0-c064-44c5-bd7b-b8d79ff69c96,53.34145,-133.93251,13.00031,5.99693,-7.06546,-7.65132,-0.61145,2.75137,-4.76327,,,,,,,,,,,,,,,,,,,,,,,,,,,,,,,,,,,,,,,,,,,,,,,,,,,High,High,High,,,,,,,,
170,2026/3/19,52:53.5,13,2,"Castillo, Esteban",1000539818,Right,CUP_POL2,"Gutierrez Cortes, Kevin",1000490424,Right,CUP_POL11,Undefined,4,Top,2,0,1,Fastball,Four-Seam,BallCalled,Undefined,Undefined,Undefined,0,0,,91.18344,-1.8851,-3.129568,2314.140972,214.675963,1:15,5.98437,0.83842,7.28828,-16.65469,14.90387,9.693,2.88886,-1.18632,84.28914,-5.096857,-1.346387,0.404324,,,,,,,,,,,,-5.9565,8.78441,-0.66386,50,5.87273,6.90645,-132.62037,-4.74135,-10.72884,25.34716,-16.35157,CUP_POL2,CUP_POL11,LAV,Diamond Solutions,DIA,20260319-LAV-1,4f48ab80-23a3-11f1-a75b-41550e63b24f,93.22327,,,6.8943,,,,,,,466b64ac-6fa4-469b-a791-4c8bbffd9b8d,2026/3/19,52:53.5,2026-03-19T10:52:53.4820000-04:00,2026-03-19T14:52:53.4820000Z,,v3,,,,"Alvarado, Jesus",1000373354,Right,CUP_POL2,d0eab107-d648-4a97-a249-2990564d2a39,53.21414,-133.23326,12.67358,5.9826,-4.34597,-8.17579,-0.83399,7.16587,-5.36442,,,,,,,,,,,,,,,,,,,,,,,,,,,,,,,,,,,,,,,,,,,,,,,,,,,High,High,High,,,,,,,,
171,2026/3/19,53:14.9,13,3,"Castillo, Esteban",1000539818,Right,CUP_POL2,"Gutierrez Cortes, Kevin",1000490424,Right,CUP_POL11,Undefined,4,Top,2,1,1,Slider,Curveball,InPlay,Undefined,GroundBall,Out,1,0,,74.50583,0.272168,-0.867716,1947.200174,70.278925,8:15,5.52621,1.04913,6.67413,-51.53861,-3.1937,-12.61509,1.48036,-0.79605,69.4637,-9.278002,-3.169933,0.500434,44.89482,-44.773581,-28.846573,,,,,3.02446,3.02446,0.772827,0.032666,6.48445,-1.39453,-0.98623,50,5.52386,2.02642,-108.54072,-0.83068,7.79178,17.70731,-33.84973,CUP_POL2,CUP_POL11,LAV,Diamond Solutions,DIA,20260319-LAV-1,5bfd89e0-23a3-11f1-a75b-41550e63b24f,75.31952,1.52323,,5.04213,,,,1.67938,1.52323,0.78153,466b64ac-6fa4-469b-a791-4c8bbffd9b8d,2026/3/19,53:14.9,2026-03-19T10:53:14.8990000-04:00,2026-03-19T14:53:14.8990000Z,GroundBall,v3,,,,"Alvarado, Jesus",1000373354,Right,CUP_POL2,ccc9d8b8-6580-4a03-82cc-3856e7d2923a,53.83249,-109.16416,8.85365,5.53213,0.3611,-16.92487,-1.05275,1.75209,3.89589,,1.6782,41.16863,,,,,,,,1.52457,-46.63072,,,,,,,,0.78219,-22.67624,,,,,,,,,,,,,,,,,,,,,,,,,,,,,,High,High,High,Estimated,Estimated,,,,55.75766,7.77551,-7.27426
172,2026/3/19,55:51.3,1,1,"Morales, Lucio",1000540212,Right,CUP_POL11,"Alvarado, Jesus",1000373354,Right,CUP_POL2,Undefined,4,Bottom,0,0,0,Fastball,Changeup,InPlay,Undefined,FlyBall,Double,0,0,,82.48131,-1.787303,-3.662969,2121.123956,225.17924,1:30,5.71837,1.78426,6.54215,-24.90194,14.80174,13.75851,2.00002,-0.43344,76.43236,-6.474389,-1.168529,0.45351,77.75007,18.967832,8.672968,3279.193932,108.05223,28.25685,20.60675,254.53279,254.53279,13.34531,3.128778,-8.16969,8.57189,-1.53599,50,5.58333,7.19941,-119.82738,-4.40742,-12.02268,20.51931,-19.55946,CUP_POL2,CUP_POL11,LAV,Diamond Solutions,DIA,20260319-LAV-1,b93a1970-23a3-11f1-a75b-41550e63b24f,83.11275,29.80609,,6.04895,,,,1.40668,2.01286,0.42904,466b64ac-6fa4-469b-a791-4c8bbffd9b8d,2026/3/19,55:51.3,2026-03-19T10:55:51.3410000-04:00,2026-03-19T14:55:51.3410000Z,LineDrive,v3,,,,"Reina, Nicolas",1000540213,Right,CUP_POL11,460dcf48-1781-49a3-9dd0-b1c1ed1a9051,53.96262,-120.50403,10.25966,5.71804,-3.76242,-9.77973,-1.77994,7.59587,-6.01134,202.994475,1.40669,106.60832,-15.19845,3.21835,-0.61407,0.12326,-0.02614,0.00393,-0.00024,2.01276,37.0668,-12.44282,-0.08467,0.19788,-0.11984,0.04358,-0.00735,0.00044,0.42901,16.26247,1.46393,-0.43354,0.14107,-0.05424,0.01741,-0.00322,0.00025,,,,,,,,,,,,,,,,,,,,,,,High,High,High,High,High,,,,60.48754,-3.08786,-7.05735
173,2026/3/19,56:47.1,2,1,"Morales, Lucio",1000540212,Right,CUP_POL11,"Lopez, Daniel",1000237872,Right,CUP_POL2,Undefined,4,Bottom,0,0,0,Fastball,Changeup,BallCalled,Undefined,Undefined,Undefined,0,0,,81.36697,-1.61611,-4.552868,2123.314161,227.955777,1:30,5.73917,1.77224,7.08777,-27.65439,12.0732,12.24367,1.96271,-1.34869,76.00531,-6.831418,-2.313696,0.453646,,,,,,,,,,,,-7.57705,7.17914,-1.5029,50,5.63319,9.03312,-118.23489,-4.00936,-10.9439,18.24531,-21.80486,CUP_POL2,CUP_POL11,LAV,Diamond Solutions,DIA,20260319-LAV-1,da779ef0-23a3-11f1-a75b-41550e63b24f,83.08772,,,5.36166,,,,,,,466b64ac-6fa4-469b-a791-4c8bbffd9b8d,2026/3/19,56:47.1,2026-03-19T10:56:47.1090000-04:00,2026-03-19T14:56:47.1090000Z,,v3,,,,"Reina, Nicolas",1000540213,Right,CUP_POL11,fb214d6a-5931-4d8d-b295-fe811f5c7177,53.41695,-118.761,9.12265,5.73973,-3.3806,-10.90243,-1.76793,9.3487,-5.47195,,,,,,,,,,,,,,,,,,,,,,,,,,,,,,,,,,,,,,,,,,,,,,,,,,,High,High,High,,,,,,,,
174,2026/3/19,57:02.5,2,2,"Morales, Lucio",1000540212,Right,CUP_POL11,"Lopez, Daniel",1000237872,Right,CUP_POL2,Undefined,4,Bottom,0,1,0,Fastball,Changeup,InPlay,Undefined,FlyBall,Out,1,0,,81.55833,-0.401608,-3.615389,2202.673818,219.113497,1:15,5.6943,1.78211,6.99396,-26.38537,13.17339,9.89343,3.1296,-0.68531,76.08841,-5.390308,-1.807106,0.452682,80.44082,42.08838,7.934573,,108.01702,85.61072,20.79214,269.27365,147.49777,13.37909,5.209249,-6.12449,7.46335,-1.56299,50,5.66031,7.19186,-118.68863,-1.47177,-8.91372,18.39107,-21.31174,CUP_POL2,CUP_POL11,LAV,Diamond Solutions,DIA,20260319-LAV-1,e39fad10-23a3-11f1-a75b-41550e63b24f,83.2648,96.57642,,5.46992,,,,1.49241,3.17799,0.67938,466b64ac-6fa4-469b-a791-4c8bbffd9b8d,2026/3/19,57:02.5,2026-03-19T10:57:02.5000000-04:00,2026-03-19T14:57:02.5000000Z,FlyBall,v3,,,,"Reina, Nicolas",1000540213,Right,CUP_POL11,d5f8b101-3138-4a6f-80a1-35b3bbd43b7a,53.51131,-119.23147,9.19554,5.69447,-0.84272,-10.65587,-1.77915,7.45496,-4.45686,193.008596,1.49611,86.63801,-17.80276,3.8537,-0.34434,-0.07767,0.0293,-0.00356,0.00015,3.17631,79.10696,-18.89446,1.315,-0.24853,0.02279,0.00635,-0.00177,0.00012,0.67947,12.08605,0.65896,-0.32507,0.05068,0.00437,-0.00342,0.00055,-3.00E-05,,,,,,,,,,,,,,,,,,,,,,,High,High,High,High,Low,,,,57.31967,12.22648,-0.91534
175,2026/3/19,57:42.0,3,1,"Morales, Lucio",1000540212,Right,CUP_POL11,"Guillen, Marcos",1000450586,Right,CUP_POL2,Undefined,4,Bottom,1,0,0,Slider,Curveball,BallCalled,Undefined,Undefined,Undefined,0,0,,68.8106,1.751396,-2.091546,2071.271616,71.024038,8:15,5.38465,1.94487,6.16893,-61.00436,-3.2711,-13.93804,1.92032,-1.14948,64.39298,-9.434683,-4.605024,0.54687,,,,,,,,,,,,6.71729,-1.64701,-1.77934,50,5.48627,4.08346,-100.10202,1.44102,6.89145,14.47988,-33.86377,CUP_POL2,CUP_POL11,LAV,Diamond Solutions,DIA,20260319-LAV-1,fb646c60-23a3-11f1-a75b-41550e63b24f,68.92388,,,4.41762,,,,,,,466b64ac-6fa4-469b-a791-4c8bbffd9b8d,2026/3/19,57:42.0,2026-03-19T10:57:41.9790000-04:00,2026-03-19T14:57:41.9790000Z,,v3,,,,"Reina, Nicolas",1000540213,Right,CUP_POL11,76f13ae8-791d-4309-96fc-64a48502600d,54.3379,-100.72755,7.23994,5.39242,2.90393,-16.93189,-1.94931,3.78575,3.44573,,,,,,,,,,,,,,,,,,,,,,,,,,,,,,,,,,,,,,,,,,,,,,,,,,,High,High,High,,,,,,,,
176,2026/3/19,57:56.2,3,2,"Morales, Lucio",1000540212,Right,CUP_POL11,"Guillen, Marcos",1000450586,Right,CUP_POL2,Undefined,4,Bottom,1,1,0,Fastball,Changeup,FoulBallNotFieldable,Undefined,Undefined,Undefined,0,0,,82.51258,-1.134552,-2.792526,2170.797366,211.803948,1:00,5.72283,1.86709,6.91073,-24.0882,14.52324,8.41906,2.68081,0.02334,77.27041,-5.682188,-1.25409,0.447228,65.92962,72.266642,135.392207,6230.648629,,,,,24.94758,,,-5.12327,8.30906,-1.69436,50,5.64251,5.59707,-120.17256,-2.97631,-7.66857,18.14049,-19.73701,CUP_POL2,CUP_POL11,LAV,Diamond Solutions,DIA,20260319-LAV-1,03ab1b30-23a4-11f1-a75b-41550e63b24f,84.28007,63.48812,,5.24217,,,,1.88953,2.55313,-0.06972,466b64ac-6fa4-469b-a791-4c8bbffd9b8d,2026/3/19,57:56.2,2026-03-19T10:57:56.2220000-04:00,2026-03-19T14:57:56.2220000Z,,v3,,,,"Reina, Nicolas",1000540213,Right,CUP_POL11,4f449d85-435e-41ec-af2b-5363ffe6f9f7,53.595,-120.71402,9.07024,5.72256,-2.38719,-9.86851,-1.86484,5.82596,-3.83428,345.643915,1.88953,-20.96823,-6.03348,2.19285,-0.49189,-0.10329,0.3529,-0.29322,0.08979,2.55313,92.102,-27.49681,3.2869,-0.64099,0.06324,0.06283,-0.06133,0.01882,-0.06972,20.68308,-3.729,0.65582,-0.1062,0.02663,-0.01914,0.01322,-0.00403,,,,,,,,,,,,,,,,,,,,,,,High,High,High,High,Undefined,,,,70.14154,13.29499,-16.15998
177,2026/3/19,58:17.7,3,3,"Morales, Lucio",1000540212,Right,CUP_POL11,"Guillen, Marcos",1000450586,Right,CUP_POL2,Undefined,4,Bottom,1,1,1,Slider,Curveball,StrikeCalled,Undefined,Undefined,Undefined,0,0,,70.02453,2.72019,-1.123605,2101.15113,69.996884,8:15,5.68476,1.64627,6.22628,-57.62641,-2.03343,-9.63504,3.39487,-0.19354,65.21149,-7.90117,-2.862949,0.536638,,,,,,,,,,,,4.71622,-1.21866,-1.55766,50,5.85978,2.30075,-101.8425,3.29286,5.01602,14.74083,-33.47017,CUP_POL2,CUP_POL11,LAV,Diamond Solutions,DIA,20260319-LAV-1,10820080-23a4-11f1-a75b-41550e63b24f,70.23812,,,4.81304,,,,,,,466b64ac-6fa4-469b-a791-4c8bbffd9b8d,2026/3/19,58:17.7,2026-03-19T10:58:17.7280000-04:00,2026-03-19T14:58:17.7280000Z,,v3,,,,"Reina, Nicolas",1000540213,Right,CUP_POL11,145087b6-9f4e-46ac-986e-cb63312041b3,54.27939,-102.46003,7.37041,5.69247,4.69502,-16.73509,-1.64964,2.09062,2.50801,,,,,,,,,,,,,,,,,,,,,,,,,,,,,,,,,,,,,,,,,,,,,,,,,,,High,High,High,,,,,,,,
178,2026/3/19,58:55.9,3,4,"Morales, Lucio",1000540212,Right,CUP_POL11,"Guillen, Marcos",1000450586,Right,CUP_POL2,Undefined,4,Bottom,1,1,2,Fastball,Changeup,StrikeCalled,Strikeout,Undefined,Undefined,0,0,,81.843,-0.94776,-3.625284,2215.494428,205.386016,12:45,5.6814,1.75367,7.01584,-25.92824,13.59083,5.93485,2.65747,-1.05129,75.9574,-5.862252,-2.540301,0.452454,,,,,,,,,,,,-4.03571,7.84906,-1.53386,50,5.61452,7.34763,-118.99938,-2.59309,-5.86635,19.89939,-20.76457,CUP_POL2,CUP_POL11,LAV,Diamond Solutions,DIA,20260319-LAV-1,273b1c30-23a4-11f1-a75b-41550e63b24f,83.30663,,,5.88559,,,,,,,466b64ac-6fa4-469b-a791-4c8bbffd9b8d,2026/3/19,58:55.9,2026-03-19T10:58:55.9430000-04:00,2026-03-19T14:58:55.9430000Z,,v3,,,,"Reina, Nicolas",1000540213,Right,CUP_POL11,194ad585-8b14-4cae-aa41-a1e0aab368b3,53.48724,-119.5811,9.9497,5.68145,-1.98608,-10.38228,-1.75116,7.51912,-2.93318,,,,,,,,,,,,,,,,,,,,,,,,,,,,,,,,,,,,,,,,,,,,,,,,,,,High,High,High,,,,,,,,
179,2026/3/19,59:24.8,4,1,"Morales, Lucio",1000540212,Right,CUP_POL11,"Rosa, Jose",1000279557,Left,CUP_POL2,Undefined,4,Bottom,2,0,0,ChangeUp,Changeup,StrikeSwinging,Undefined,Undefined,Undefined,0,0,L,77.61907,-0.980096,-3.114415,1924.855998,239.745795,2:00,5.35414,2.02604,7.01944,-35.59022,8.89634,12.82918,1.49611,0.26176,71.29683,-7.706191,-0.763348,0.480049,,,,,,,,,,,,-7.76418,5.45803,-1.83971,50,5.28259,5.74544,-112.81949,-2.78344,-9.98768,20.89451,-25.15292,CUP_POL2,CUP_POL11,LAV,Diamond Solutions,DIA,20260319-LAV-1,386e2fb0-23a4-11f1-a75b-41550e63b24f,78.51788,,,6.32224,,,,,,,466b64ac-6fa4-469b-a791-4c8bbffd9b8d,2026/3/19,59:24.8,2026-03-19T10:59:24.7610000-04:00,2026-03-19T14:59:24.7610000Z,,v3,,,,"Reina, Nicolas",1000540213,Right,CUP_POL11,d734525e-f3dc-442e-a347-cf588a366c82,53.48386,-113.46288,10.44726,5.35637,-2.00892,-12.57646,-2.02136,6.05299,-4.99384,,,,,,,,,,,,,,,,,,,,,,,,,,,,,,,,,,,,,,,,,,,,,,,,,,,High,High,High,,,,,,,,
180,2026/3/19,59:42.3,4,2,"Morales, Lucio",1000540212,Right,CUP_POL11,"Rosa, Jose",1000279557,Left,CUP_POL2,Undefined,4,Bottom,2,0,1,ChangeUp,Changeup,BallCalled,Undefined,Undefined,Undefined,0,0,,77.40645,-0.196628,-1.770246,1726.342149,255.046167,2:30,5.35443,2.11423,6.96595,-39.07522,5.68359,15.99757,1.91918,1.83627,71.08374,-7.563172,1.1629,0.481516,,,,,,,,,,,,-9.00457,3.54512,-2.00897,50,5.32938,2.97386,-112.6252,-1.3586,-11.5352,20.95874,-27.63259,CUP_POL2,CUP_POL11,LAV,Diamond Solutions,DIA,20260319-LAV-1,42e35740-23a4-11f1-a75b-41550e63b24f,78.27871,,,6.32271,,,,,,,466b64ac-6fa4-469b-a791-4c8bbffd9b8d,2026/3/19,59:42.3,2026-03-19T10:59:42.2910000-04:00,2026-03-19T14:59:42.2910000Z,,v3,,,,"Reina, Nicolas",1000540213,Right,CUP_POL11,e31ded15-cfc3-489d-9cde-f54ac7c39170,53.53699,-113.2815,10.47937,5.35838,-0.49332,-13.81629,-2.10774,3.33508,-5.7676,,,,,,,,,,,,,,,,,,,,,,,,,,,,,,,,,,,,,,,,,,,,,,,,,,,High,High,High,,,,,,,,
181,2026/3/19,00:01.7,4,3,"Morales, Lucio",1000540212,Right,CUP_POL11,"Rosa, Jose",1000279557,Left,CUP_POL2,Undefined,4,Bottom,2,1,1,Fastball,Changeup,FoulBallNotFieldable,Undefined,Undefined,Undefined,0,0,,81.72014,-0.251811,-2.988597,2310.091677,211.361354,1:00,5.68221,1.97585,7.02551,-25.49029,13.91272,7.85504,3.32888,-0.08795,76.05768,-5.087589,-1.550804,0.451789,62.06941,51.116559,-161.700553,4840.094771,,,,,32.57324,,,-4.91461,7.84213,-1.79625,50,5.65803,5.96717,-118.97558,-1.12966,-7.16811,19.06981,-20.73607,CUP_POL2,CUP_POL11,LAV,Diamond Solutions,DIA,20260319-LAV-1,4e66ba80-23a4-11f1-a75b-41550e63b24f,83.42924,36.38318,,5.66246,,,,1.12224,3.37697,0.10798,466b64ac-6fa4-469b-a791-4c8bbffd9b8d,2026/3/19,00:01.7,2026-03-19T11:00:01.6600000-04:00,2026-03-19T15:00:01.6600000Z,,v3,,,,"Reina, Nicolas",1000540213,Right,CUP_POL11,d6ab656b-5a2d-4cad-b789-7986db7bdb25,53.47933,-119.53195,9.53491,5.68217,-0.52466,-10.36804,-1.9734,6.1763,-3.58406,1.865209,1.12224,-54.25617,1.03844,1.61785,-0.55222,0.16315,-0.03758,0.00951,-0.00158,3.37697,70.86388,-28.83105,4.00754,-0.78939,0.1383,-0.0241,0.00638,-0.00109,0.10798,-17.94293,0.71066,0.59168,-0.20386,0.06054,-0.01366,0.00357,-0.00063,,,,,,,,,,,,,,,,,,,,,,,High,High,High,High,Undefined,,,,,,
182,2026/3/19,00:46.1,4,4,"Morales, Lucio",1000540212,Right,CUP_POL11,"Rosa, Jose",1000279557,Left,CUP_POL2,Undefined,4,Bottom,2,1,2,Fastball,Changeup,FoulBallNotFieldable,Undefined,Undefined,Undefined,0,0,,82.69161,-0.520804,-4.192481,2212.968339,216.728152,1:15,5.79445,1.82955,7.1429,-25.59017,12.80079,8.80418,3.18844,-1.24493,76.9808,-5.375069,-2.580777,0.44595,,,,,,,,,,,,-5.7087,7.3287,-1.58504,50,5.75548,8.54222,-120.25163,-1.69919,-8.50992,19.37622,-21.24923,CUP_POL2,CUP_POL11,LAV,Diamond Solutions,DIA,20260319-LAV-1,68e76580-23a4-11f1-a75b-41550e63b24f,84.52174,,,5.71081,,,,,,,466b64ac-6fa4-469b-a791-4c8bbffd9b8d,2026/3/19,00:46.1,2026-03-19T11:00:46.0970000-04:00,2026-03-19T15:00:46.0970000Z,,v3,,,,"Reina, Nicolas",1000540213,Right,CUP_POL11,b5ef8004-462e-423c-8626-3f8f411c33ae,53.36194,-120.79212,9.68811,5.79461,-1.10645,-10.62461,-1.82663,8.7796,-4.25496,,,,,,,,,,,,,,,,,,,,,,,,,,,,,,,,,,,,,,,,,,,,,,,,,,,High,High,High,,,,,,,,
183,2026/3/19,01:16.1,4,5,"Morales, Lucio",1000540212,Right,CUP_POL11,"Rosa, Jose",1000279557,Left,CUP_POL2,Undefined,4,Bottom,2,1,2,Slider,Curveball,FoulBallNotFieldable,Undefined,Undefined,Undefined,0,0,,70.55606,-0.027442,-0.766429,2108.426936,68.988147,8:15,5.54549,1.69421,6.65086,-56.21271,-2.74386,-10.5839,0.83598,0.11066,66.5721,-10.390708,-2.698788,0.526286,42.65267,41.486242,-144.036729,6037.667402,,,,94.73053,34.70874,-146.311655,2.240447,5.48134,-1.1276,-1.6383,50,5.52039,1.67167,-102.87233,-1.43218,5.97403,14.33802,-33.40301,CUP_POL2,CUP_POL11,LAV,Diamond Solutions,DIA,20260319-LAV-1,7acefbf0-23a4-11f1-a75b-41550e63b24f,71.61971,22.67809,,3.98396,,,,2.1256,0.89483,-0.10398,466b64ac-6fa4-469b-a791-4c8bbffd9b8d,2026/3/19,01:16.1,2026-03-19T11:01:16.1110000-04:00,2026-03-19T15:01:16.1110000Z,Popup,v3,,,,"Reina, Nicolas",1000540213,Right,CUP_POL11,a73460da-b3ec-428c-b693-0a9e350a4e8f,53.85695,-103.4085,7.16901,5.55059,-0.18307,-16.7015,-1.69664,1.44827,2.98701,25.837379,2.12563,-37.93241,-0.00813,0.4068,0.16724,-0.28799,0.17215,-0.04701,0.00488,0.8948,41.44274,-21.15676,1.72527,-0.50758,0.26398,-0.14753,0.04687,-0.0058,-0.10392,-27.52483,2.48523,-0.57223,0.40025,-0.37967,0.22739,-0.06748,0.00771,,,,,,,,,,,,,,,,,,,,,,,High,High,High,High,Low,,,,61.30965,16.63002,26.03663
184,2026/3/19,01:44.9,4,6,"Morales, Lucio",1000540212,Right,CUP_POL11,"Rosa, Jose",1000279557,Left,CUP_POL2,Undefined,4,Bottom,2,1,2,Fastball,Changeup,InPlay,Undefined,GroundBall,Error,0,0,,81.1881,-0.655286,-1.867931,2148.619596,214.186254,1:15,5.71591,1.82951,7.08857,-28.74927,10.84138,6.70516,2.72502,0.69223,76.04549,-6.077436,-0.636965,0.452864,87.89527,-5.562118,-5.084369,,,,,21.07192,20.04866,-7.283015,0.164189,-4.02618,6.27989,-1.71984,50,5.66724,3.65674,-118.3474,-2.04877,-5.8372,17.87414,-23.06939,CUP_POL2,CUP_POL11,LAV,Diamond Solutions,DIA,20260319-LAV-1,8bfb58b0-23a4-11f1-a75b-41550e63b24f,83.23124,2.59289,,5.14261,,,,0.31584,2.59289,-0.68761,466b64ac-6fa4-469b-a791-4c8bbffd9b8d,2026/3/19,01:44.9,2026-03-19T11:01:44.9330000-04:00,2026-03-19T15:01:44.9330000Z,GroundBall,v3,,,,"Reina, Nicolas",1000540213,Right,CUP_POL11,7860aa6c-7c74-40a9-b73f-0792aff1e25d,53.41681,-118.86232,8.93707,5.71669,-1.38418,-11.5347,-1.8276,3.8249,-2.9186,45.01898,0.31609,127.78129,-14.64217,,,,,,,2.59331,-12.52846,-19.91036,,,,,,,-0.68742,-11.38664,-4.24768,,,,,,,,,,,,,,,,,,,,,,,,,,,,,High,High,High,High,High,,,,65.31222,5.9888,-6.32858
185,2026/3/19,02:29.9,5,1,"Morales, Lucio",1000540212,Right,CUP_POL11,"Isaias, Jose",1000539819,Right,CUP_POL2,Undefined,4,Bottom,2,0,0,Slider,Curveball,BallCalled,Undefined,Undefined,Undefined,0,0,,69.22167,1.414733,-0.407802,1994.915052,82.273932,8:45,5.23782,2.17274,5.78168,-58.48936,-0.50622,-15.61158,1.68037,0.49232,64.49739,-9.26702,-3.207591,0.548053,,,,,,,,,,,,7.88882,-0.13567,-2.12947,50,5.31899,1.22535,-100.68488,0.83229,8.16619,15.05918,-32.31449,CUP_POL2,CUP_POL11,LAV,Diamond Solutions,DIA,20260319-LAV-1,a6d67fc0-23a4-11f1-a75b-41550e63b24f,68.77522,,,4.72428,,,,,,,466b64ac-6fa4-469b-a791-4c8bbffd9b8d,2026/3/19,02:29.9,2026-03-19T11:02:29.9020000-04:00,2026-03-19T15:02:29.9020000Z,,v3,,,,"Reina, Nicolas",1000540213,Right,CUP_POL11,e6a7dd85-3e17-4ce2-9562-12ad2f9901dd,54.72426,-101.38902,7.52959,5.24475,2.34324,-16.15724,-2.17783,0.84352,4.08309,,,,,,,,,,,,,,,,,,,,,,,,,,,,,,,,,,,,,,,,,,,,,,,,,,,High,High,High,,,,,,,,
186,2026/3/19,02:45.0,5,2,"Morales, Lucio",1000540212,Right,CUP_POL11,"Isaias, Jose",1000539819,Right,CUP_POL2,Undefined,4,Bottom,2,1,0,Fastball,Changeup,BallCalled,Undefined,Undefined,Undefined,0,0,,82.58432,1.106568,-2.241826,2138.032298,208.955321,1:00,5.8102,1.71728,7.00392,-23.29663,15.28276,7.91048,4.87574,0.33733,76.7087,-3.333728,-0.793849,0.447043,,,,,,,,,,,,-4.71292,8.23788,-1.58206,50,5.86962,4.4461,-120.25161,1.7793,-7.02867,19.27493,-19.8884,CUP_POL2,CUP_POL11,LAV,Diamond Solutions,DIA,20260319-LAV-1,afcc3340-23a4-11f1-a75b-41550e63b24f,84.31506,,,5.87561,,,,,,,466b64ac-6fa4-469b-a791-4c8bbffd9b8d,2026/3/19,02:45.0,2026-03-19T11:02:45.0390000-04:00,2026-03-19T15:02:45.0390000Z,,v3,,,,"Reina, Nicolas",1000540213,Right,CUP_POL11,7b4b49b9-21cf-4214-bc5e-9804d4076dea,53.49905,-120.81116,9.63747,5.80959,2.35666,-9.9442,-1.71409,4.65014,-3.51434,,,,,,,,,,,,,,,,,,,,,,,,,,,,,,,,,,,,,,,,,,,,,,,,,,,High,High,High,,,,,,,,
187,2026/3/19,03:03.1,5,3,"Morales, Lucio",1000540212,Right,CUP_POL11,"Isaias, Jose",1000539819,Right,CUP_POL2,Undefined,4,Bottom,2,2,0,Fastball,Changeup,BallCalled,Undefined,Undefined,Undefined,0,0,,81.3638,-1.569067,-4.908994,2243.427129,230.618978,1:45,5.51484,1.97113,7.13516,-27.60435,11.98394,13.38217,1.78598,-1.37631,76.16731,-6.773857,-2.461349,0.45285,,,,,,,,,,,,-8.26839,7.11008,-1.68478,50,5.41313,9.74643,-118.21565,-3.90439,-11.97052,17.66037,-21.88041,CUP_POL2,CUP_POL11,LAV,Diamond Solutions,DIA,20260319-LAV-1,ba8e6960-23a4-11f1-a75b-41550e63b24f,83.23376,,,5.19649,,,,,,,466b64ac-6fa4-469b-a791-4c8bbffd9b8d,2026/3/19,03:03.1,2026-03-19T11:03:03.0960000-04:00,2026-03-19T15:03:03.0960000Z,,v3,,,,"Reina, Nicolas",1000540213,Right,CUP_POL11,7c93593e-34bc-4e13-9eec-cfccfce3e77a,53.37042,-118.71809,8.83018,5.51536,-3.28189,-10.9402,-1.96691,10.08699,-5.98526,,,,,,,,,,,,,,,,,,,,,,,,,,,,,,,,,,,,,,,,,,,,,,,,,,,High,High,High,,,,,,,,
188,2026/3/19,03:21.8,5,4,"Morales, Lucio",1000540212,Right,CUP_POL11,"Isaias, Jose",1000539819,Right,CUP_POL2,Undefined,4,Bottom,2,3,0,Fastball,Changeup,BallCalled,Walk,Undefined,Undefined,0,0,,81.35755,-1.381363,-4.45089,2257.817807,220.49788,1:15,5.58189,1.87068,6.82472,-28.81254,11.0267,8.6202,1.91662,-1.47954,76.57548,-6.762254,-2.882508,0.454284,,,,,,,,,,,,-5.46622,6.45803,-1.58663,50,5.48176,8.92856,-118.27677,-3.60692,-7.96534,16.4877,-22.76345,CUP_POL2,CUP_POL11,LAV,Diamond Solutions,DIA,20260319-LAV-1,c5af6150-23a4-11f1-a75b-41550e63b24f,82.97117,,,4.78207,,,,,,,466b64ac-6fa4-469b-a791-4c8bbffd9b8d,2026/3/19,03:21.8,2026-03-19T11:03:21.7670000-04:00,2026-03-19T15:03:21.7670000Z,,v3,,,,"Reina, Nicolas",1000540213,Right,CUP_POL11,557493e5-800f-43d7-9826-96a7fe5f99bb,53.68033,-118.7887,8.24385,5.58278,-2.90014,-11.38172,-1.8677,9.17588,-3.98267,,,,,,,,,,,,,,,,,,,,,,,,,,,,,,,,,,,,,,,,,,,,,,,,,,,High,High,High,,,,,,,,
189,2026/3/19,04:00.4,6,1,"Morales, Lucio",1000540212,Right,CUP_POL11,"Arias, Nehemias",1000539821,Left,CUP_POL2,Undefined,4,Bottom,2,0,0,Slider,Curveball,StrikeCalled,Undefined,Undefined,Undefined,0,0,,69.58601,2.322366,-1.048779,2122.061009,91.040139,9:00,5.66866,1.8741,6.28525,-54.11251,1.47315,-9.24764,3.3013,0.13672,65.43258,-7.645363,-2.720201,0.536603,,,,,,,,,,,,4.58988,0.7187,-1.79245,50,5.81365,2.13672,-101.32299,2.6973,4.88448,12.87913,-31.40923,CUP_POL2,CUP_POL11,LAV,Diamond Solutions,DIA,20260319-LAV-1,dcbe8c40-23a4-11f1-a75b-41550e63b24f,70.24274,,,4.15343,,,,,,,466b64ac-6fa4-469b-a791-4c8bbffd9b8d,2026/3/19,04:00.4,2026-03-19T11:04:00.3750000-04:00,2026-03-19T15:04:00.3750000Z,,v3,,,,"Reina, Nicolas",1000540213,Right,CUP_POL11,51f997b2-4326-4421-9208-f3332dc20c2b,54.22066,-101.85806,6.43957,5.67448,4.00222,-15.70462,-1.877,1.93379,2.44224,,,,,,,,,,,,,,,,,,,,,,,,,,,,,,,,,,,,,,,,,,,,,,,,,,,High,High,High,,,,,,,,
190,2026/3/19,04:12.4,6,2,"Morales, Lucio",1000540212,Right,CUP_POL11,"Arias, Nehemias",1000539821,Left,CUP_POL2,Undefined,4,Bottom,2,0,1,Slider,Curveball,StrikeCalled,Undefined,Undefined,Undefined,0,0,,69.10525,1.763744,-0.922415,2083.256049,62.983437,8:00,5.54675,1.8411,6.27312,-61.2285,-4.71516,-11.92827,2.07108,-0.00337,65.09256,-9.468461,-3.081296,0.541062,,,,,,,,,,,,6.02772,-2.4413,-1.76712,50,5.64708,1.9775,-100.67896,1.49361,6.30605,13.39343,-34.72805,CUP_POL2,CUP_POL11,LAV,Diamond Solutions,DIA,20260319-LAV-1,e3f1f650-23a4-11f1-a75b-41550e63b24f,69.66383,,,4.01269,,,,,,,466b64ac-6fa4-469b-a791-4c8bbffd9b8d,2026/3/19,04:12.4,2026-03-19T11:04:12.4340000-04:00,2026-03-19T15:04:12.4340000Z,,v3,,,,"Reina, Nicolas",1000540213,Right,CUP_POL11,7271b61e-d1f1-4efa-ad6e-aea05b5fd829,54.23495,-101.24077,6.69671,5.55387,2.95034,-17.36403,-1.84452,1.71298,3.15303,,,,,,,,,,,,,,,,,,,,,,,,,,,,,,,,,,,,,,,,,,,,,,,,,,,High,High,High,,,,,,,,
191,2026/3/19,04:28.5,6,3,"Morales, Lucio",1000540212,Right,CUP_POL11,"Arias, Nehemias",1000539821,Left,CUP_POL2,Undefined,4,Bottom,2,0,2,Fastball,Changeup,InPlay,Undefined,Popup,Out,1,0,,81.72657,0.225956,-2.529868,2247.387427,225.584682,1:30,5.73511,1.66823,7.14361,-26.40037,12.69973,11.95556,3.74015,0.36921,76.18785,-4.786607,-0.33482,0.450049,26.4267,-21.113685,7.978932,,,,,7.42627,7.42627,4.828576,0.205235,-7.02414,7.10382,-1.52267,50,5.73985,4.89631,-119.0778,-0.14791,-10.28488,18.6276,-21.77252,CUP_POL2,CUP_POL11,LAV,Diamond Solutions,DIA,20260319-LAV-1,ed6f2950-23a4-11f1-a75b-41550e63b24f,83.75177,3.57289,,5.53872,,,,0.14532,3.57289,-0.38736,466b64ac-6fa4-469b-a791-4c8bbffd9b8d,2026/3/19,04:28.5,2026-03-19T11:04:28.4720000-04:00,2026-03-19T15:04:28.4720000Z,GroundBall,v3,,,,"Reina, Nicolas",1000540213,Right,CUP_POL11,99cf7e9e-af49-49d7-8186-8237048b58a7,53.36167,-119.60252,9.3138,5.73537,0.4654,-10.88626,-1.66467,5.18602,-5.14244,3.509248,0.1451,35.8212,-2.2961,,,,,,,3.57309,-13.97446,-16.74449,,,,,,,-0.3874,5.02123,-0.42714,,,,,,,,,,,,,,,,,,,,,,,,,,,,,High,High,High,High,High,,,,20.76572,21.49582,14.47502