PitchNo,Date,Time,PAofInning,PitchofPA,Pitcher,PitcherId,PitcherThrows,PitcherTeam,Batter,BatterId,BatterSide,BatterTeam,PitcherSet,Inning,Top/Bottom,Outs,Balls,Strikes,TaggedPitchType,AutoPitchType,PitchCall,KorBB,TaggedHitType,PlayResult,OutsOnPlay,RunsScored,Notes,RelSpeed,VertRelAngle,HorzRelAngle,SpinRate,SpinAxis,Tilt,RelHeight,RelSide,Extension,VertBreak,InducedVertBreak,HorzBreak,PlateLocHeight,PlateLocSide,ZoneSpeed,VertApprAngle,HorzApprAngle,ZoneTime,ExitSpeed,Angle,Direction,HitSpinRate,PositionAt110X,PositionAt110Y,PositionAt110Z,Distance,LastTrackedDistance,Bearing,HangTime,pfxx,pfxz,x0,y0,z0,vx0,vy0,vz0,ax0,ay0,az0,HomeTeam,AwayTeam,Stadium,Level,League,GameID,PitchUID,EffectiveVelo,MaxHeight,MeasuredDuration,SpeedDrop,PitchLastMeasuredX,PitchLastMeasuredY,PitchLastMeasuredZ,ContactPositionX,ContactPositionY,ContactPositionZ,GameUID,UTCDate,UTCTime,LocalDateTime,UTCDateTime,AutoHitType,System,HomeTeamForeignID,AwayTeamForeignID,GameForeignID,Catcher,CatcherId,CatcherThrows,CatcherTeam,PlayID,PitchTrajectoryXc0,PitchTrajectoryXc1,PitchTrajectoryXc2,PitchTrajectoryYc0,PitchTrajectoryYc1,PitchTrajectoryYc2,PitchTrajectoryZc0,PitchTrajectoryZc1,PitchTrajectoryZc2,HitSpinAxis,HitTrajectoryXc0,HitTrajectoryXc1,HitTrajectoryXc2,HitTrajectoryXc3,HitTrajectoryXc4,HitTrajectoryXc5,HitTrajectoryXc6,HitTrajectoryXc7,HitTrajectoryXc8,HitTrajectoryYc0,HitTrajectoryYc1,HitTrajectoryYc2,HitTrajectoryYc3,HitTrajectoryYc4,HitTrajectoryYc5,HitTrajectoryYc6,HitTrajectoryYc7,HitTrajectoryYc8,HitTrajectoryZc0,HitTrajectoryZc1,HitTrajectoryZc2,HitTrajectoryZc3,HitTrajectoryZc4,HitTrajectoryZc5,HitTrajectoryZc6,HitTrajectoryZc7,HitTrajectoryZc8,ThrowSpeed,PopTime,ExchangeTime,TimeToBase,CatchPositionX,CatchPositionY,CatchPositionZ,ThrowPositionX,ThrowPositionY,ThrowPositionZ,BasePositionX,BasePositionY,BasePositionZ,ThrowTrajectoryXc0,ThrowTrajectoryXc1,ThrowTrajectoryXc2,ThrowTrajectoryYc0,ThrowTrajectoryYc1,ThrowTrajectoryYc2,ThrowTrajectoryZc0,ThrowTrajectoryZc1,ThrowTrajectoryZc2,PitchReleaseConfidence,PitchLocationConfidence,PitchMovementConfidence,HitLaunchConfidence,HitLandingConfidence,CatcherThrowCatchConfidence,CatcherThrowReleaseConfidence,CatcherThrowLocationConfidence,BatSpeed,VerticalAttackAngle,HorizontalAttackAngle
1,2026/3/21,06:27.0,1,1,"Coronado Silva, Ismael",1000412298,Left,CUP_POL11,"Almonte, Jean",1000438215,Left,CUP_POL1,Undefined,1,Top,0,0,0,Fastball,Changeup,StrikeCalled,Undefined,Undefined,Undefined,0,0,L,82.87219,-2.298638,2.763445,1962.16643,143.644818,10:45,5.87859,-1.04058,7.21141,-24.35001,13.92454,-9.45926,1.76443,0.67543,76.94736,-6.929251,1.023857,0.445273,,,,,,,,,,,,5.79536,8.4176,0.88365,50,5.73844,-5.52721,-120.56264,-5.40175,8.63131,20.83191,-19.63737,CUP_POL11,CUP_POL1,LAV,Diamond Solutions,DIA,20260321-LAV-2,eab2a6a0-253f-11f1-b649-cf5e5eee1654,84.65014,,,5.92483,,,,,,,9f71fa90-affe-4f9e-97cb-91830f5cefd1,2026/3/21,06:27.0,2026-03-21T12:06:27.0460000-04:00,2026-03-21T16:06:27.0460000Z,,v3,,,,"Reina, Nicolas",1000540213,Right,CUP_POL11,a5f9c76d-e65d-49dd-b17b-d3ae4e112945,53.29287,-121.13028,10.41596,5.87834,-4.86667,-9.81868,1.03746,-5.76241,4.31565,,,,,,,,,,,,,,,,,,,,,,,,,,,,,,,,,,,,,,,,,,,,,,,,,,,High,High,High,,,,,,,,
2,2026/3/21,06:42.1,1,2,"Coronado Silva, Ismael",1000412298,Left,CUP_POL11,"Almonte, Jean",1000438215,Left,CUP_POL1,Undefined,1,Top,0,0,1,Fastball,Changeup,BallCalled,Undefined,Undefined,Undefined,0,0,,84.22699,-0.275583,3.056773,1987.912439,147.661764,11:00,6.07097,-1.29321,6.84512,-23.35395,14.38517,-8.40878,3.87315,0.7962,77.5511,-4.723506,1.523149,0.442147,,,,,,,,,,,,5.2428,8.05528,1.10008,50,6.04443,-6.24816,-122.46189,-1.17146,8.01848,22.56889,-19.85412,CUP_POL11,CUP_POL1,LAV,Diamond Solutions,DIA,20260321-LAV-2,f3ac2ab0-253f-11f1-b649-cf5e5eee1654,85.24857,,,6.67589,,,,,,,9f71fa90-affe-4f9e-97cb-91830f5cefd1,2026/3/21,06:42.1,2026-03-21T12:06:42.0711424-04:00,2026-03-21T16:06:42.0711424Z,,v3,,,,"Reina, Nicolas",1000540213,Right,CUP_POL11,5fabdfb5-5c33-413e-8957-fe0f6ce859c3,53.6574,-123.13408,11.28445,6.07051,-0.58012,-9.92706,1.28973,-6.48698,4.00924,,,,,,,,,,,,,,,,,,,,,,,,,,,,,,,,,,,,,,,,,,,,,,,,,,,High,High,High,,,,,,,,
3,2026/3/21,06:59.8,1,3,"Coronado Silva, Ismael",1000412298,Left,CUP_POL11,"Almonte, Jean",1000438215,Left,CUP_POL1,Undefined,1,Top,0,1,1,Fastball,Changeup,StrikeCalled,Undefined,Undefined,Undefined,0,0,,84.73952,-1.886738,3.262874,1899.343298,153.53527,11:00,6.09706,-1.21194,6.88128,-22.86269,14.11225,-6.52941,2.46908,1.22053,78.83422,-6.210034,2.071218,0.437648,,,,,,,,,,,,4.22949,8.2763,1.00705,50,5.96873,-6.80232,-123.21541,-4.6415,6.60765,20.75977,-19.24414,CUP_POL11,CUP_POL1,LAV,Diamond Solutions,DIA,20260321-LAV-2,fe39bc40-253f-11f1-b649-cf5e5eee1654,86.125,,,5.9053,,,,,,,9f71fa90-affe-4f9e-97cb-91830f5cefd1,2026/3/21,06:59.8,2026-03-21T12:06:59.7569536-04:00,2026-03-21T16:06:59.7569536Z,,v3,,,,"Reina, Nicolas",1000540213,Right,CUP_POL11,f52ea56d-47c3-4f20-8e81-6246ed28af17,53.62228,-123.8242,10.37988,6.09657,-4.07716,-9.62207,1.20937,-6.99609,3.30382,,,,,,,,,,,,,,,,,,,,,,,,,,,,,,,,,,,,,,,,,,,,,,,,,,,High,High,High,,,,,,,,
4,2026/3/21,07:18.4,1,4,"Coronado Silva, Ismael",1000412298,Left,CUP_POL11,"Almonte, Jean",1000438215,Left,CUP_POL1,Undefined,1,Top,0,1,2,Slider,Curveball,InPlay,Undefined,FlyBall,Out,1,0,,72.68102,1.402014,1.778643,1788.640982,271.088582,3:00,5.83966,-1.43801,6.26464,-50.60711,1.46201,5.93882,2.916,0.6974,66.9948,-7.971877,2.851709,0.519352,72.22993,38.397928,-28.068426,4410.218206,95.7313,64.62835,-54.17974,235.11439,221.49134,-29.649896,4.345109,-2.60331,0.82697,1.30331,50,5.91888,-3.47177,-105.63488,1.21202,-2.94284,17.92268,-31.23924,CUP_POL11,CUP_POL1,LAV,Diamond Solutions,DIA,20260321-LAV-2,0959f0e0-2540-11f1-b649-cf5e5eee1654,72.57594,66.9681,,5.68622,,,,0.79982,2.86056,-0.45159,9f71fa90-affe-4f9e-97cb-91830f5cefd1,2026/3/21,07:18.4,2026-03-21T12:07:18.3718912-04:00,2026-03-21T16:07:18.3718912Z,FlyBall,v3,,,,"Reina, Nicolas",1000540213,Right,CUP_POL11,f3af2e00-0e2d-4fa0-a4c5-44a3e37b5acb,54.23922,-106.3517,8.96134,5.84542,2.46143,-15.61962,1.43981,-3.35407,-1.47142,,0.8022,73.2,-13.05201,2.64143,-0.15914,-0.11852,0.04236,-0.00552,0.00025,2.86026,65.80144,-18.90518,1.21367,0.00227,-0.13036,0.05729,-0.01033,0.00068,-0.45193,-39.05736,4.94435,-0.75443,0.05375,0.01636,-0.00568,0.00067,-3.00E-05,,,,,,,,,,,,,,,,,,,,,,,High,High,High,High,Medium,,,,55.30991,6.53137,-1.19829
5,2026/3/21,07:56.6,2,1,"Coronado Silva, Ismael",1000412298,Left,CUP_POL11,"Martes, Elian",1000467100,Right,CUP_POL1,Undefined,1,Top,1,0,0,Slider,Curveball,BallCalled,Undefined,Undefined,Undefined,0,0,,70.93541,2.286496,0.972588,1751.883707,273.985165,3:15,5.6814,-1.7891,6.49333,-52.90038,1.54402,2.65788,3.37357,-0.67464,64.98091,-7.58481,1.45503,0.531066,,,,,,,,,,,,-1.10165,0.72098,1.71987,50,5.81933,-1.83343,-103.05378,2.75583,-1.17999,17.76498,-31.4018,CUP_POL11,CUP_POL1,LAV,Diamond Solutions,DIA,20260321-LAV-2,201e0910-2540-11f1-b649-cf5e5eee1654,70.97512,,,5.9545,,,,,,,9f71fa90-affe-4f9e-97cb-91830f5cefd1,2026/3/21,07:56.6,2026-03-21T12:07:56.5686784-04:00,2026-03-21T16:07:56.5686784Z,,v3,,,,"Reina, Nicolas",1000540213,Right,CUP_POL11,ea5589e9-f67f-450b-8f4f-fcf1688f5ccf,54.00862,-103.74251,8.88249,5.68889,3.97324,-15.7009,1.79006,-1.78768,-0.59,,,,,,,,,,,,,,,,,,,,,,,,,,,,,,,,,,,,,,,,,,,,,,,,,,,High,High,High,,,,,,,,
6,2026/3/21,08:12.0,2,2,"Coronado Silva, Ismael",1000412298,Left,CUP_POL11,"Martes, Elian",1000467100,Right,CUP_POL1,Undefined,1,Top,1,1,0,Slider,Curveball,StrikeSwinging,Undefined,Undefined,Undefined,0,0,,70.68719,1.461986,0.698092,1825.342165,294.982605,3:45,5.77661,-1.50606,6.30876,-54.82928,0.00728,3.50673,2.55478,-0.57067,65.32112,-8.687943,1.333159,0.532975,,,,,,,,,,,,-1.62787,0.15445,1.4533,50,5.85805,-1.36408,-102.79063,1.16384,-1.74546,16.69382,-32.00843,CUP_POL11,CUP_POL1,LAV,Diamond Solutions,DIA,20260321-LAV-2,294ef0d0-2540-11f1-b649-cf5e5eee1654,70.72089,,,5.36607,,,,,,,9f71fa90-affe-4f9e-97cb-91830f5cefd1,2026/3/21,08:12.0,2026-03-21T12:08:11.9936512-04:00,2026-03-21T16:08:11.9936512Z,,v3,,,,"Reina, Nicolas",1000540213,Right,CUP_POL11,a24bb25d-bf06-44bd-b03b-29903d1db457,54.19459,-103.46961,8.34691,5.78424,2.46571,-16.00421,1.50734,-1.29309,-0.87273,,,,,,,,,,,,,,,,,,,,,,,,,,,,,,,,,,,,,,,,,,,,,,,,,,,High,High,High,,,,,,,,
7,2026/3/21,08:28.3,2,3,"Coronado Silva, Ismael",1000412298,Left,CUP_POL11,"Martes, Elian",1000467100,Right,CUP_POL1,Undefined,1,Top,1,1,1,ChangeUp,Changeup,BallCalled,Undefined,Undefined,Undefined,0,0,,73.0195,1.146878,0.375328,1368.416977,108.185412,9:30,5.72701,-1.41411,7.14516,-44.54672,5.26016,-11.40721,3.05479,-2.02441,67.21938,-7.275663,-1.722811,0.507944,,,,,,,,,,,,6.18792,3.02425,1.39448,50,5.78148,-0.36245,-106.30235,1.11465,7.08134,18.2039,-28.71315,CUP_POL11,CUP_POL1,LAV,Diamond Solutions,DIA,20260321-LAV-2,33081b60-2540-11f1-b649-cf5e5eee1654,74.20584,,,5.80012,,,,,,,9f71fa90-affe-4f9e-97cb-91830f5cefd1,2026/3/21,08:28.3,2026-03-21T12:08:28.3167232-04:00,2026-03-21T16:08:28.3167232Z,,v3,,,,"Reina, Nicolas",1000540213,Right,CUP_POL11,6294b933-2506-42aa-bbb0-4a0940837e96,53.3571,-106.87569,9.10195,5.73214,2.01899,-14.35658,1.4094,-0.58548,3.54067,,,,,,,,,,,,,,,,,,,,,,,,,,,,,,,,,,,,,,,,,,,,,,,,,,,High,High,High,,,,,,,,
8,2026/3/21,08:57.7,2,4,"Coronado Silva, Ismael",1000412298,Left,CUP_POL11,"Martes, Elian",1000467100,Right,CUP_POL1,Undefined,1,Top,1,2,1,Fastball,Changeup,BallCalled,Undefined,Undefined,Undefined,0,0,,83.02014,0.249821,0.749155,1846.6159,136.646129,10:30,6.02888,-1.05603,6.7039,-26.32143,12.57556,-10.83178,4.06388,-1.27363,76.62797,-4.730957,-1.225116,0.448879,,,,,,,,,,,,5.87776,6.93331,1.00984,50,6.03489,-1.19777,-120.85736,-0.16385,8.77164,21.57337,-21.8272,CUP_POL11,CUP_POL1,LAV,Diamond Solutions,DIA,20260321-LAV-2,4481fbe0-2540-11f1-b649-cf5e5eee1654,83.97013,,,6.39218,,,,,,,9f71fa90-affe-4f9e-97cb-91830f5cefd1,2026/3/21,08:57.7,2026-03-21T12:08:57.7299968-04:00,2026-03-21T16:08:57.7299968Z,,v3,,,,"Reina, Nicolas",1000540213,Right,CUP_POL11,6c06ce1e-4464-44ad-8949-b6478a8310a7,53.79837,-121.53348,10.78669,6.0293,0.52023,-10.9136,1.05169,-1.47268,4.38582,,,,,,,,,,,,,,,,,,,,,,,,,,,,,,,,,,,,,,,,,,,,,,,,,,,High,High,High,,,,,,,,
9,2026/3/21,09:20.9,2,5,"Coronado Silva, Ismael",1000412298,Left,CUP_POL11,"Martes, Elian",1000467100,Right,CUP_POL1,Undefined,1,Top,1,3,1,Fastball,Changeup,StrikeSwinging,Undefined,Undefined,Undefined,0,0,,82.5301,-1.51308,1.488143,1785.863651,137.87988,10:30,5.98784,-1.16711,6.81045,-26.30202,13.02552,-10.72827,2.41452,-0.70288,76.19018,-6.489053,-0.472129,0.451356,,,,,,,,,,,,6.06713,7.67284,1.0744,50,5.88007,-2.7541,-120.07841,-3.84155,8.91422,21.87857,-20.90062,CUP_POL11,CUP_POL1,LAV,Diamond Solutions,DIA,20260321-LAV-2,5262fe30-2540-11f1-b649-cf5e5eee1654,83.50924,,,6.33992,,,,,,,9f71fa90-affe-4f9e-97cb-91830f5cefd1,2026/3/21,09:20.9,2026-03-21T12:09:20.9073664-04:00,2026-03-21T16:09:20.9073664Z,,v3,,,,"Reina, Nicolas",1000540213,Right,CUP_POL11,041be640-25fe-4574-9f5b-95043624e3fa,53.69224,-120.74927,10.93929,5.98803,-3.20068,-10.45031,1.16303,-3.02743,4.45711,,,,,,,,,,,,,,,,,,,,,,,,,,,,,,,,,,,,,,,,,,,,,,,,,,,High,High,High,,,,,,,,
10,2026/3/21,09:45.1,2,6,"Coronado Silva, Ismael",1000412298,Left,CUP_POL11,"Martes, Elian",1000467100,Right,CUP_POL1,Undefined,1,Top,1,3,2,Fastball,Changeup,StrikeCalled,Strikeout,Undefined,Undefined,0,0,,84.57348,-2.149394,2.235221,1872.816001,145.914632,10:45,6.02436,-1.07016,6.4212,-23.91308,13.90544,-8.70063,2.05322,0.26069,78.55547,-6.631468,0.65832,0.442613,,,,,,,,,,,,5.11315,8.12705,0.91445,50,5.85964,-4.48845,-122.97951,-5.29011,7.9376,21.26539,-19.5577,CUP_POL11,CUP_POL1,LAV,Diamond Solutions,DIA,20260321-LAV-2,60c3dee0-2540-11f1-b649-cf5e5eee1654,85.15899,,,6.01802,,,,,,,9f71fa90-affe-4f9e-97cb-91830f5cefd1,2026/3/21,09:45.1,2026-03-21T12:09:45.1190000-04:00,2026-03-21T16:09:45.1190000Z,,v3,,,,"Reina, Nicolas",1000540213,Right,CUP_POL11,04d8c10c-1753-46c1-99af-cc004e16f3a8,54.08318,-123.68355,10.63269,6.02406,-4.64261,-9.77885,1.0674,-4.75125,3.9688,,,,,,,,,,,,,,,,,,,,,,,,,,,,,66.61312,2.74401,1.733683,1.010327,0.55462,1.95237,-0.2704,-1.21624,4.33785,-1.77653,72.86794,5.21884,-52.12896,-1.1848,78.10292,-4.7614,4.38197,16.16605,-15.18545,-1.82182,-55.15653,5.31369,High,High,High,,,High,High,High,,,
11,2026/3/21,10:18.1,3,1,"Coronado Silva, Ismael",1000412298,Left,CUP_POL11,"Feliz, Sariel",1000347580,Right,CUP_POL1,Undefined,1,Top,2,0,0,Slider,Curveball,StrikeCalled,Undefined,Undefined,Undefined,0,0,,71.18054,0.57888,1.632215,1868.452824,267.924331,3:00,5.85955,-1.37974,6.77981,-51.20723,1.54579,2.23154,2.12106,0.29692,66.31294,-8.956281,2.039907,0.522751,,,,,,,,,,,,-0.77122,1.14583,1.27269,50,5.87824,-3.01816,-103.63773,-0.19543,-0.84626,15.87502,-30.91672,CUP_POL11,CUP_POL1,LAV,Diamond Solutions,DIA,20260321-LAV-2,749d0c20-2540-11f1-b649-cf5e5eee1654,72.10398,,,4.8676,,,,,,,9f71fa90-affe-4f9e-97cb-91830f5cefd1,2026/3/21,10:18.1,2026-03-21T12:10:18.1443072-04:00,2026-03-21T16:10:18.1443072Z,,v3,,,,"Reina, Nicolas",1000540213,Right,CUP_POL11,0a542b4c-8f81-4998-87c1-df56323982d8,53.72458,-104.20669,7.93751,5.86539,0.91263,-15.45836,1.38032,-2.98783,-0.42313,,,,,,,,,,,,,,,,,,,,,,,,,,,,,,,,,,,,,,,,,,,,,,,,,,,High,High,High,,,,,,,,
12,2026/3/21,10:37.9,3,2,"Coronado Silva, Ismael",1000412298,Left,CUP_POL11,"Feliz, Sariel",1000347580,Right,CUP_POL1,Undefined,1,Top,2,0,1,ChangeUp,Changeup,BallCalled,Undefined,Undefined,Undefined,0,0,,72.90828,-1.084745,1.820018,1428.437561,111.579118,9:45,5.68181,-1.23524,6.80374,-44.1225,6.09571,-11.84205,1.01434,-0.56051,67.99502,-9.306826,-0.346493,0.510038,,,,,,,,,,,,6.79618,3.91536,1.12165,50,5.59493,-3.03182,-106.14858,-3.0728,7.82713,16.56825,-27.66476,CUP_POL11,CUP_POL1,LAV,Diamond Solutions,DIA,20260321-LAV-2,804a3e80-2540-11f1-b649-cf5e5eee1654,73.9013,,,4.91326,,,,,,,9f71fa90-affe-4f9e-97cb-91830f5cefd1,2026/3/21,10:37.9,2026-03-21T12:10:37.8604032-04:00,2026-03-21T16:10:37.8604032Z,,v3,,,,"Reina, Nicolas",1000540213,Right,CUP_POL11,7ac1a03c-0e20-4b25-99a8-0221f775cb51,53.70148,-106.72476,8.28412,5.68507,-2.11072,-13.83238,1.23182,-3.30402,3.91356,,,,,,,,,,,,,,,,,,,,,,,,,,,,,,,,,,,,,,,,,,,,,,,,,,,High,High,High,,,,,,,,
13,2026/3/21,10:58.5,3,3,"Coronado Silva, Ismael",1000412298,Left,CUP_POL11,"Feliz, Sariel",1000347580,Right,CUP_POL1,Undefined,1,Top,2,1,1,Fastball,Changeup,InPlay,Undefined,GroundBall,Error,0,0,,83.24402,-1.655077,1.717848,1648.872234,163.582912,11:30,5.95997,-1.24042,6.64485,-21.77686,16.8871,-4.66122,2.62907,-0.05586,77.24952,-5.779903,0.869503,0.447532,60.4864,4.125046,2.259172,1562.602052,,,,55.14155,52.12747,3.79203,0.649547,2.87854,9.65465,1.12627,50,5.83898,-3.47289,-121.13656,-4.05289,4.33514,20.66043,-17.63391,CUP_POL11,CUP_POL1,LAV,Diamond Solutions,DIA,20260321-LAV-2,8c881820-2540-11f1-b649-cf5e5eee1654,84.22283,3.1907,,5.9945,,,,0.71046,2.56662,0.06463,9f71fa90-affe-4f9e-97cb-91830f5cefd1,2026/3/21,10:58.5,2026-03-21T12:10:58.4544256-04:00,2026-03-21T16:10:58.4544256Z,GroundBall,v3,,,,"Reina, Nicolas",1000540213,Right,CUP_POL11,06520eb1-7b31-4eac-9519-20f3e2a7908c,53.85878,-121.79292,10.33021,5.95884,-3.49268,-8.81696,1.23878,-3.61061,2.16757,267.655094,0.71924,88.23173,-7.15132,,,,,,,2.57702,6.16798,-15.62767,,,,,,,0.05785,3.62892,2.93448,,,,,,,,,,,,,,,,,,,,,,,,,,,,,High,High,High,High,High,,,,67.88589,2.93651,1.07457
14,2026/3/21,11:43.2,4,1,"Coronado Silva, Ismael",1000412298,Left,CUP_POL11,"Wilmore, Axel",1000399907,Left,CUP_POL1,Undefined,1,Top,2,0,0,Fastball,Changeup,StrikeSwinging,Undefined,Undefined,Undefined,0,0,L,82.60614,-3.308325,3.098651,1736.67395,159.621865,11:15,6.01483,-0.89759,6.8047,-24.39655,14.95395,-5.12674,0.95478,1.50581,76.57941,-7.904896,2.163686,0.451488,,,,,,,,,,,,3.53815,9.15115,0.69885,50,5.79089,-6.32706,-119.94385,-7.5531,5.19817,21.3522,-18.72945,CUP_POL11,CUP_POL1,LAV,Diamond Solutions,DIA,20260321-LAV-2,a7217b40-2540-11f1-b649-cf5e5eee1654,83.48485,,,6.02673,,,,,,,9f71fa90-affe-4f9e-97cb-91830f5cefd1,2026/3/21,11:43.2,2026-03-21T12:11:43.1730000-04:00,2026-03-21T16:11:43.1730000Z,,v3,,,,"Reina, Nicolas",1000540213,Right,CUP_POL11,a7f8483f-6eff-4881-96d1-7700034c1fef,53.69985,-120.60069,10.6761,6.01438,-6.97694,-9.36472,0.89594,-6.48697,2.59908,,,,,,,,,,,,,,,,,,,,,,,,,,,,,,,,,,,,,,,,,,,,,,,,,,,High,High,High,,,,,,,,
15,2026/3/21,12:05.3,4,2,"Coronado Silva, Ismael",1000412298,Left,CUP_POL11,"Wilmore, Axel",1000399907,Left,CUP_POL1,Undefined,1,Top,2,0,1,Fastball,Changeup,InPlay,Undefined,FlyBall,Out,1,0,,82.16574,-2.180114,2.327788,1664.33633,163.729016,11:30,5.98919,-1.1794,6.55937,-23.80442,15.90623,-4.33516,2.00393,0.59485,76.64303,-6.650394,1.540397,0.45355,77.12485,33.957228,13.347547,2803.284729,106.54435,59.74788,27.3548,281.49002,275.59911,16.257916,4.506614,2.82437,9.21548,1.02059,50,5.82819,-4.71197,-119.5218,-5.17754,4.15863,19.17733,-18.60512,CUP_POL11,CUP_POL1,LAV,Diamond Solutions,DIA,20260321-LAV-2,b4657a40-2540-11f1-b649-cf5e5eee1654,83.10542,67.50608,,5.52271,,,,1.3386,2.10716,-0.57666,9f71fa90-affe-4f9e-97cb-91830f5cefd1,2026/3/21,12:05.3,2026-03-21T12:12:05.3366272-04:00,2026-03-21T16:12:05.3366272Z,FlyBall,v3,,,,"Reina, Nicolas",1000540213,Right,CUP_POL11,bbfb74ac-d2aa-4d1b-818d-fb77eaaf8ac4,53.94505,-120.15312,9.58867,5.98855,-4.56506,-9.30256,1.17797,-4.84887,2.07931,192.746086,1.34,91.25918,-15.01437,3.22616,-0.49459,0.04709,-0.00362,0.00068,-7.00E-05,2.10664,63.19009,-16.69162,0.781,0.03928,-0.09795,0.03821,-0.00636,0.00039,-0.57664,21.65967,-1.35638,0.13061,0.00699,-0.00538,0.00011,0.00018,-2.00E-05,,,,,,,,,,,,,,,,,,,,,,,High,High,High,High,High,,,,65.57297,25.36582,13.57394
16,2026/3/21,14:20.3,1,1,"Escalante, Nelson",10911539,Right,CUP_POL1,"Magana Iturralde, Alfredo",1000321154,Right,CUP_POL11,Undefined,1,Bottom,0,0,0,Fastball,Four-Seam,BallCalled,Undefined,Undefined,Undefined,0,0,,90.3379,-0.188564,-0.434924,2185.672547,207.299541,1:00,6.43629,0.81874,5.72025,-18.66001,15.60072,7.52292,4.70563,1.04049,82.86788,-3.699905,0.910909,0.421279,,,,,,,,,,,,-3.9128,8.28752,-0.78694,50,6.40896,0.6619,-131.2639,-1.02927,-6.86438,26.35353,-17.63494,CUP_POL11,CUP_POL1,LAV,Diamond Solutions,DIA,20260321-LAV-2,04c9ec00-2541-11f1-b649-cf5e5eee1654,89.4715,,,7.47002,,,,,,,9f71fa90-affe-4f9e-97cb-91830f5cefd1,2026/3/21,14:20.3,2026-03-21T12:14:20.3400704-04:00,2026-03-21T16:14:20.3400704Z,,v3,,,,"Alacayo, Jose",1000319841,Right,CUP_POL1,b76bbddd-b2bd-4e3d-af41-7df3926e15ec,54.78062,-132.2202,13.17677,6.4347,-0.38934,-8.81747,-0.81547,0.91099,-3.43219,,,,,,,,,,,,,,,,,,,,,,,,,,,,,,,,,,,,,,,,,,,,,,,,,,,High,High,High,,,,,,,,
17,2026/3/21,14:35.4,1,2,"Escalante, Nelson",10911539,Right,CUP_POL1,"Magana Iturralde, Alfredo",1000321154,Right,CUP_POL11,Undefined,1,Bottom,0,1,0,Fastball,Four-Seam,InPlay,Undefined,FlyBall,Out,1,0,,88.51499,-2.496792,-0.879824,2268.243234,197.69424,12:30,6.35518,1.06478,5.81881,-17.63753,17.95202,5.38248,2.56208,0.69518,81.44424,-5.819654,0.085073,0.429371,71.01612,40.013164,-16.350714,,105.55451,70.28671,-30.95499,240.6625,238.38062,-16.174954,4.630118,-3.00193,10.18237,-0.99606,50,6.14021,1.75277,-128.55028,-6.1415,-5.05083,25.27942,-15.04194,CUP_POL11,CUP_POL1,LAV,Diamond Solutions,DIA,20260321-LAV-2,0dc3e540-2541-11f1-b649-cf5e5eee1654,87.78525,73.82494,,7.07075,,,,1.00794,2.62524,-0.67992,9f71fa90-affe-4f9e-97cb-91830f5cefd1,2026/3/21,14:35.4,2026-03-21T12:14:35.3912832-04:00,2026-03-21T16:14:35.3912832Z,FlyBall,v3,,,,"Alacayo, Jose",1000319841,Right,CUP_POL1,517146ca-4d30-4aa7-a070-fb66c3a6fc37,54.68461,-129.46824,12.63971,6.3533,-5.59529,-7.52097,-1.06304,1.93617,-2.52542,181.367611,1.00951,76.51336,-12.5621,2.64186,-0.33163,-0.00426,0.00824,-0.00092,2.00E-05,2.62474,66.97403,-17.38015,0.98083,-0.0926,-0.03344,0.01908,-0.00345,0.00022,-0.68037,-22.44795,3.92241,-0.85857,0.11592,-0.00143,-0.00238,0.00031,-1.00E-05,,,,,,,,,,,,,,,,,,,,,,,High,High,High,High,Medium,,,,60.18649,12.66986,-15.50689
18,2026/3/21,15:09.1,2,1,"Escalante, Nelson",10911539,Right,CUP_POL1,"Garcia, Yohangel",1000430175,Right,CUP_POL11,Undefined,1,Bottom,1,0,0,Fastball,Four-Seam,FoulBallNotFieldable,Undefined,Undefined,Undefined,0,0,,89.1969,-2.843982,-2.480495,2306.484714,189.431866,12:15,6.28014,1.11194,5.90089,-19.15639,16.01442,2.47473,2.03881,-0.98613,81.77419,-6.442927,-2.036759,0.426837,62.71149,1.909889,134.63875,6843.318146,,,,35.80278,28.53189,130.648901,0.395321,-1.95528,9.33642,-0.91371,50,6.03998,5.50022,-129.34328,-7.02147,-3.31553,26.73512,-16.34235,CUP_POL11,CUP_POL1,LAV,Diamond Solutions,DIA,20260321-LAV-2,21ee8de0-2541-11f1-b649-cf5e5eee1654,88.30634,1.82158,,7.42271,,,,1.41746,1.69615,1.05127,9f71fa90-affe-4f9e-97cb-91830f5cefd1,2026/3/21,15:09.1,2026-03-21T12:15:09.0548736-04:00,2026-03-21T16:15:09.0548736Z,GroundBall,v3,,,,"Alacayo, Jose",1000319841,Right,CUP_POL1,1d28b598-a812-4a5c-9613-d8926d5bf9ec,54.60136,-130.2909,13.36756,6.27859,-6.44221,-8.17118,-1.11075,5.61774,-1.65777,,1.41784,-64.60244,5.10471,,,,,,,1.69721,3.02992,-18.53128,,,,,,,1.04992,65.45467,1.53511,,,,,,,,,,,,,,,,,,,,,,,,,,,,,High,High,High,High,High,,,,61.25994,8.76315,13.6044
19,2026/3/21,15:31.9,2,2,"Escalante, Nelson",10911539,Right,CUP_POL1,"Garcia, Yohangel",1000430175,Right,CUP_POL11,Undefined,1,Bottom,1,0,1,Slider,Curveball,StrikeSwinging,Undefined,Undefined,Undefined,0,0,,74.94317,0.844869,-1.970798,2687.40486,41.307321,7:30,6.20701,1.09084,5.63753,-59.15113,-8.81835,-9.11516,2.06653,-1.5082,69.15437,-9.908936,-3.601129,0.510619,,,,,,,,,,,,4.03406,-4.17067,-0.91738,50,6.24142,4.08249,-108.83441,-0.30371,4.82148,19.7288,-37.15883,CUP_POL11,CUP_POL1,LAV,Diamond Solutions,DIA,20260321-LAV-2,2f8540c0-2541-11f1-b649-cf5e5eee1654,73.81716,,,5.7888,,,,,,,9f71fa90-affe-4f9e-97cb-91830f5cefd1,2026/3/21,15:31.9,2026-03-21T12:15:31.9188480-04:00,2026-03-21T16:15:31.9188480Z,,v3,,,,"Alacayo, Jose",1000319841,Right,CUP_POL1,d6352d60-ee66-46a7-a7fe-f8613abb9f36,54.86754,-109.71322,9.8644,6.21808,1.35151,-18.57941,-1.09445,3.86772,2.41074,,,,,,,,,,,,,,,,,,,,,,,,,,,,,,,,,,,,,,,,,,,,,,,,,,,High,High,High,,,,,,,,
20,2026/3/21,15:48.5,2,3,"Escalante, Nelson",10911539,Right,CUP_POL1,"Garcia, Yohangel",1000430175,Right,CUP_POL11,Undefined,1,Bottom,1,0,2,Curveball,Curveball,StrikeSwinging,Strikeout,Undefined,Undefined,0,0,DROPPE,74.31545,-0.313293,-0.259433,2693.309984,34.440701,7:15,6.22731,0.98587,5.56531,-62.3498,-10.96434,-8.63398,0.7388,0.02399,68.70966,-11.598562,-1.80733,0.515931,,,,,,,,,,,,4.33882,-5.10575,-0.95751,50,6.15857,0.79597,-107.98773,-2.57498,5.08785,20.02337,-38.16125,CUP_POL11,CUP_POL1,LAV,Diamond Solutions,DIA,20260321-LAV-2,39663ea0-2541-11f1-b649-cf5e5eee1654,73.05713,,,5.60579,,,,,,,9f71fa90-affe-4f9e-97cb-91830f5cefd1,2026/3/21,15:48.5,2026-03-21T12:15:48.4850000-04:00,2026-03-21T16:15:48.4850000Z,,v3,,,,"Alacayo, Jose",1000319841,Right,CUP_POL1,004ca5cf-13ab-4aaa-9b30-2e095a9486c5,54.94147,-108.90013,10.01169,6.23629,-0.83609,-19.08062,-0.98849,0.56414,2.54393,,,,,,,,,,,,,,,,,,,,,,,,,,,,,,,,,,,,,,,,,,,,,,,,,,,High,High,High,,,,,,,,
21,2026/3/21,16:44.6,3,1,"Escalante, Nelson",10911539,Right,CUP_POL1,"Gutierrez Cortes, Kevin",1000490424,Right,CUP_POL11,Undefined,1,Bottom,1,0,0,Fastball,Four-Seam,StrikeSwinging,Undefined,Undefined,Undefined,0,0,,88.73904,-2.814798,-1.558655,2285.857871,199.303784,12:45,6.36888,0.98041,5.84717,-16.63434,18.99749,6.24796,2.36375,0.05222,81.12818,-5.972419,-0.438492,0.429626,,,,,,,,,,,,-3.63382,10.85418,-0.85723,50,6.12985,3.23941,-128.71547,-6.81236,-6.09127,26.92134,-13.97949,CUP_POL11,CUP_POL1,LAV,Diamond Solutions,DIA,20260321-LAV-2,5aca10d0-2541-11f1-b649-cf5e5eee1654,87.73315,,,7.61086,,,,,,,9f71fa90-affe-4f9e-97cb-91830f5cefd1,2026/3/21,16:44.6,2026-03-21T12:16:44.5780000-04:00,2026-03-21T16:16:44.5780000Z,,v3,,,,"Alacayo, Jose",1000319841,Right,CUP_POL1,a7b63c19-5c1c-47b0-ba6b-e1c9f8295313,54.65451,-129.68533,13.46067,6.3662,-6.30874,-6.98974,-0.97789,3.45886,-3.04563,,,,,,,,,,,,,,,,,,,,,,,,,,,,,,,,,,,,,,,,,,,,,,,,,,,High,High,High,,,,,,,,
22,2026/3/21,17:03.2,3,2,"Escalante, Nelson",10911539,Right,CUP_POL1,"Gutierrez Cortes, Kevin",1000490424,Right,CUP_POL11,Undefined,1,Bottom,1,0,1,Fastball,Four-Seam,BallinDirt,Undefined,Undefined,Undefined,0,0,,87.83102,-4.592483,-1.514748,2278.133619,198.885426,12:45,6.36131,1.16401,5.76814,-17.71458,18.66336,5.99957,0.60018,0.25386,81.00784,-7.904504,-0.440231,0.434101,,,,,,,,,,,,-3.48941,11.10123,-1.04244,50,5.96967,3.1213,-127.24493,-10.76445,-5.75453,24.67665,-13.86652,CUP_POL11,CUP_POL1,LAV,Diamond Solutions,DIA,20260321-LAV-2,65f5de30-2541-11f1-b649-cf5e5eee1654,86.8288,,,6.82318,,,,,,,9f71fa90-affe-4f9e-97cb-91830f5cefd1,2026/3/21,17:03.2,2026-03-21T12:17:03.1710000-04:00,2026-03-21T16:17:03.1710000Z,,v3,,,,"Alacayo, Jose",1000319841,Right,CUP_POL1,70fc1e7f-8c8a-406d-b278-ccec08224850,54.73583,-128.16006,12.33833,6.35933,-10.25021,-6.93326,-1.16216,3.3347,-2.87727,,,,,,,,,,,,,,,,,,,,,,,,,,,,,,,,,,,,,,,,,,,,,,,,,,,High,High,High,,,,,,,,
23,2026/3/21,17:26.2,3,3,"Escalante, Nelson",10911539,Right,CUP_POL1,"Gutierrez Cortes, Kevin",1000490424,Right,CUP_POL11,Undefined,1,Bottom,1,1,1,Curveball,Curveball,FoulBallNotFieldable,Undefined,Undefined,Undefined,0,0,,71.55689,1.768828,-1.469144,2601.785899,19.870389,6:45,6.10812,1.21511,5.47442,-65.42295,-10.27453,-4.28862,2.31261,-0.51744,66.4517,-10.078678,-2.23421,0.534488,55.53049,33.5517,140.384218,5580.35275,,,,,37.095,,,1.78102,-5.2213,-1.08291,50,6.21841,2.8172,-103.98342,1.17005,1.95789,16.77588,-37.9139,CUP_POL11,CUP_POL1,LAV,Diamond Solutions,DIA,20260321-LAV-2,73a15190-2541-11f1-b649-cf5e5eee1654,70.52065,19.37005,,5.10519,,,,0.36852,1.94239,0.91811,9f71fa90-affe-4f9e-97cb-91830f5cefd1,2026/3/21,17:26.2,2026-03-21T12:17:26.1750000-04:00,2026-03-21T16:17:26.1750000Z,,v3,,,,"Alacayo, Jose",1000319841,Right,CUP_POL1,0b9926f1-3916-4be2-9303-3a6ea8cc4ce4,55.03288,-104.79224,8.38794,6.11793,2.99801,-18.95695,-1.21646,2.7228,0.97895,,0.36852,-52.28659,-0.85616,2.24541,-0.67911,-0.09743,-1.15538,1.51723,-0.53429,1.94239,45.01355,-25.01192,2.25821,-0.041,0.17172,0.37474,-0.90469,0.44234,0.91811,43.27951,-1.22463,1.82607,0.42101,0.04589,-0.56164,-0.25259,0.40091,,,,,,,,,,,,,,,,,,,,,,,High,High,High,High,Undefined,,,,58.73929,1.51173,12.49766
24,2026/3/21,17:48.7,3,4,"Escalante, Nelson",10911539,Right,CUP_POL1,"Gutierrez Cortes, Kevin",1000490424,Right,CUP_POL11,Undefined,1,Bottom,1,1,2,Fastball,Four-Seam,BallinDirt,Undefined,Undefined,CaughtStealing,1,0,,88.09386,-4.940289,-2.154393,2219.221959,205.573999,12:45,6.33854,0.88654,5.96294,-21.58631,14.6654,6.44016,-0.0561,-0.5755,80.7583,-8.956912,-0.99658,0.433347,,,,,,,,,,,,-3.9665,9.33335,-0.71924,50,5.93319,4.53831,-127.45224,-11.69355,-6.50302,26.99613,-16.87206,CUP_POL11,CUP_POL1,LAV,Diamond Solutions,DIA,20260321-LAV-2,80f8ffa0-2541-11f1-b649-cf5e5eee1654,86.9798,,,7.33556,,,,,,,9f71fa90-affe-4f9e-97cb-91830f5cefd1,2026/3/21,17:48.7,2026-03-21T12:17:48.6530000-04:00,2026-03-21T16:17:48.6530000Z,,v3,,,,"Alacayo, Jose",1000319841,Right,CUP_POL1,bd7223b4-c9a2-4186-8745-165ebb72c106,54.54045,-128.41037,13.49806,6.33758,-11.09474,-8.43603,-0.8844,4.76911,-3.25151,,,,,,,,,,,,,,,,,,,,,,,,,,,,,75.30454,,,0.813892,,,,1.787,5.54302,-6.49785,62.77989,1.46603,-62.17901,1.8027,79.33006,-5.4477,5.55471,5.56251,-13.03027,-6.53212,-75.76463,9.14836,High,High,High,,,High,High,High,,,
25,2026/3/21,18:26.0,3,5,"Escalante, Nelson",10911539,Right,CUP_POL1,"Gutierrez Cortes, Kevin",1000490424,Right,CUP_POL11,Undefined,1,Bottom,2,2,2,Slider,Curveball,BallCalled,Undefined,Undefined,Undefined,0,0,,75.83228,0.474371,-2.612254,2528.873045,53.196546,7:45,6.11149,1.06938,5.53485,-55.40483,-5.61248,-9.72497,1.93833,-2.1846,69.40797,-9.6073,-4.345923,0.50787,,,,,,,,,,,,4.07752,-2.43004,-0.83588,50,6.1162,5.38648,-109.94649,-0.90684,4.93391,21.57866,-35.11447,CUP_POL11,CUP_POL1,LAV,Diamond Solutions,DIA,20260321-LAV-2,974b1c20-2541-11f1-b649-cf5e5eee1654,74.21669,,,6.4243,,,,,,,9f71fa90-affe-4f9e-97cb-91830f5cefd1,2026/3/21,18:26.0,2026-03-21T12:18:26.0386304-04:00,2026-03-21T16:18:26.0386304Z,,v3,,,,"Alacayo, Jose",1000319841,Right,CUP_POL1,1006c87a-cdfb-412d-95b4-b2d85edbf5d5,54.96803,-110.91725,10.78933,6.12146,0.67286,-17.55723,-1.07321,5.16452,2.46695,,,,,,,,,,,,,,,,,,,,,,,,,,,,,,,,,,,,,,,,,,,,,,,,,,,High,High,High,,,,,,,,
26,2026/3/21,18:42.4,3,6,"Escalante, Nelson",10911539,Right,CUP_POL1,"Gutierrez Cortes, Kevin",1000490424,Right,CUP_POL11,Undefined,1,Bottom,2,3,2,Fastball,Four-Seam,StrikeSwinging,Strikeout,Undefined,Undefined,0,0,,90.17642,-1.131186,-2.441322,2257.631543,213.137818,1:00,6.23957,1.39516,5.63192,-20.45726,14.30835,8.61044,3.47821,-0.16663,82.3099,-4.96439,-0.904997,0.424372,,,,,,,,,,,,-5.01551,7.89717,-1.19266,50,6.13017,5.18928,-130.79862,-3.26459,-8.6854,27.68869,-18.49844,CUP_POL11,CUP_POL1,LAV,Diamond Solutions,DIA,20260321-LAV-2,a1013970-2541-11f1-b649-cf5e5eee1654,88.81938,,,7.86652,,,,,,,9f71fa90-affe-4f9e-97cb-91830f5cefd1,2026/3/21,18:42.4,2026-03-21T12:18:42.4291840-04:00,2026-03-21T16:18:42.4291840Z,,v3,,,,"Alacayo, Jose",1000319841,Right,CUP_POL1,ed0430c6-2f8e-4207-8048-2c2cd32fce9c,54.86846,-131.82519,13.84434,6.23849,-2.57875,-9.24922,-1.39102,5.5113,-4.3427,,,,,,,,,,,,,,,,,,,,,,,,,,,,,,,,,,,,,,,,,,,,,,,,,,,High,High,High,,,,,,,,
27,2026/3/21,21:00.3,1,1,"Covarrubias, Jose",1000355250,Right,CUP_POL11,"Soto, Gary",1000320134,Right,CUP_POL1,Undefined,2,Top,0,0,0,Fastball,Changeup,BallinDirt,Undefined,Undefined,Undefined,0,0,,85.12548,-3.343327,-4.465292,2245.247159,223.854059,1:30,5.53186,1.41552,6.43931,-23.61312,14.78186,12.89091,0.47876,-1.62213,77.33816,-7.812285,-2.135666,0.445973,,,,,,,,,,,,-8.07512,9.15237,-1.10286,50,5.28262,9.12274,-123.10361,-7.85467,-12.27015,26.6749,-18.267,CUP_POL11,CUP_POL1,LAV,Diamond Solutions,DIA,20260321-LAV-2,f343ba00-2541-11f1-b649-cf5e5eee1654,84.51731,,,7.78732,,,,,,,9f71fa90-affe-4f9e-97cb-91830f5cefd1,2026/3/21,21:00.3,2026-03-21T12:21:00.3499520-04:00,2026-03-21T16:21:00.3499520Z,,v3,,,,"Reina, Nicolas",1000540213,Right,CUP_POL11,f626caf0-6c4e-485e-af77-e89b7aefb329,54.06125,-123.9805,13.33745,5.53096,-7.25417,-9.1335,-1.40939,9.52611,-6.13508,,,,,,,,,,,,,,,,,,,,,,,,,,,,,,,,,,,,,,,,,,,,,,,,,,,High,High,High,,,,,,,,
28,2026/3/21,21:16.8,1,2,"Covarrubias, Jose",1000355250,Right,CUP_POL11,"Soto, Gary",1000320134,Right,CUP_POL1,Undefined,2,Top,0,1,0,Fastball,Changeup,BallCalled,Undefined,Undefined,Undefined,0,0,,84.64923,-1.493101,-4.184783,2233.915014,217.780604,1:15,5.54528,1.37219,6.40096,-22.80458,15.99843,11.33548,2.26777,-1.53863,76.62972,-5.840579,-2.138182,0.448337,,,,,,,,,,,,-7.18028,9.20414,-1.07624,50,5.42733,8.53589,-122.59379,-3.80978,-10.8073,26.7227,-18.32054,CUP_POL11,CUP_POL1,LAV,Diamond Solutions,DIA,20260321-LAV-2,fd20e750-2541-11f1-b649-cf5e5eee1654,84.07176,,,8.01951,,,,,,,9f71fa90-affe-4f9e-97cb-91830f5cefd1,2026/3/21,21:16.8,2026-03-21T12:21:16.8069632-04:00,2026-03-21T16:21:16.8069632Z,,v3,,,,"Reina, Nicolas",1000540213,Right,CUP_POL11,9b9111ea-7432-4ea5-9858-226265fee42b,54.099,-123.48405,13.36135,5.54408,-3.19944,-9.16027,-1.36661,8.89593,-5.40365,,,,,,,,,,,,,,,,,,,,,,,,,,,,,,,,,,,,,,,,,,,,,,,,,,,High,High,High,,,,,,,,
29,2026/3/21,21:31.5,1,3,"Covarrubias, Jose",1000355250,Right,CUP_POL11,"Soto, Gary",1000320134,Right,CUP_POL1,Undefined,2,Top,0,2,0,Fastball,Four-Seam,FoulBallNotFieldable,Undefined,Undefined,Undefined,0,0,,85.11918,-0.861755,-1.812815,2266.090182,219.582743,1:15,5.69776,1.40957,6.50486,-22.27741,15.63824,11.87072,3.0499,0.73435,77.34265,-5.117302,0.341982,0.443181,93.03429,26.656908,-42.25722,3477.029027,80.19096,47.70067,-75.2953,328.83499,220.07996,-47.969452,4.167577,-6.78422,8.8376,-1.28769,50,5.62763,3.47527,-123.65485,-2.44719,-10.41686,26.57063,-18.60429,CUP_POL11,CUP_POL1,LAV,Diamond Solutions,DIA,20260321-LAV-2,05d12d60-2542-11f1-b649-cf5e5eee1654,85.04984,59.50236,,7.77654,,,,1.66158,3.02718,-0.54887,9f71fa90-affe-4f9e-97cb-91830f5cefd1,2026/3/21,21:31.5,2026-03-21T12:21:31.5376640-04:00,2026-03-21T16:21:31.5376640Z,FlyBall,v3,,,,"Reina, Nicolas",1000540213,Right,CUP_POL11,41088973-bfa5-41a0-8f76-e25b9b9dae0b,53.99701,-124.51075,13.28532,5.69681,-1.8479,-9.30215,-1.40505,3.81082,-5.20843,,1.66128,90.26414,-17.01018,3.62799,-0.81382,0.18536,-0.036,0.00454,-0.00025,3.0283,61.18701,-18.68531,1.23097,0.07263,-0.13457,0.04455,-0.0064,0.00034,-0.54845,-82.01707,12.0584,-3.13287,0.85603,-0.2378,0.05197,-0.00704,0.00041,,,,,,,,,,,,,,,,,,,,,,,High,High,High,Medium,Low,,,,67.82134,13.31464,-35.05252
30,2026/3/21,21:58.1,1,4,"Covarrubias, Jose",1000355250,Right,CUP_POL11,"Soto, Gary",1000320134,Right,CUP_POL1,Undefined,2,Top,0,2,1,Curveball,Curveball,BallCalled,Undefined,Undefined,Undefined,0,0,,70.43199,3.017778,0.212783,2108.180886,39.20517,7:15,5.58949,1.40432,6.32753,-59.22858,-4.2211,-4.71225,3.43556,1.2076,65.2032,-7.934491,-0.640144,0.533805,,,,,,,,,,,,2.48925,-2.39949,-1.41783,50,5.78261,-0.22973,-102.39397,3.80418,2.66259,15.71896,-34.74065,CUP_POL11,CUP_POL1,LAV,Diamond Solutions,DIA,20260321-LAV-2,15c57f50-2542-11f1-b649-cf5e5eee1654,70.61094,,,5.22879,,,,,,,9f71fa90-affe-4f9e-97cb-91830f5cefd1,2026/3/21,21:58.1,2026-03-21T12:21:58.1270528-04:00,2026-03-21T16:21:58.1270528Z,,v3,,,,"Reina, Nicolas",1000540213,Right,CUP_POL11,fb2b41d1-ea21-495e-a0f4-fbb6224b3644,54.17739,-103.03327,7.85948,5.59916,5.21709,-17.37032,-1.40628,-0.33802,1.33129,,,,,,,,,,,,,,,,,,,,,,,,,,,,,,,,,,,,,,,,,,,,,,,,,,,High,High,High,,,,,,,,
31,2026/3/21,22:13.2,1,5,"Covarrubias, Jose",1000355250,Right,CUP_POL11,"Soto, Gary",1000320134,Right,CUP_POL1,Undefined,2,Top,0,3,1,Slider,Curveball,InPlay,Undefined,FlyBall,Double,0,0,,69.02723,1.641681,-0.917217,2188.639161,53.914758,7:45,5.54803,1.29381,6.33411,-60.26767,-3.01118,-6.37776,2.03803,-0.08235,64.14959,-9.480142,-2.073003,0.544608,89.03153,29.100028,-18.505006,2858.637603,104.46286,53.90425,-34.46023,346.343,342.51795,-18.761164,4.78405,3.10087,-1.55465,-1.22395,50,5.63904,1.79881,-100.43695,1.3256,3.18361,15.49039,-33.77019,CUP_POL11,CUP_POL1,LAV,Diamond Solutions,DIA,20260321-LAV-2,1eb5b490-2542-11f1-b649-cf5e5eee1654,69.21028,71.50541,,4.87764,,,,1.50766,2.16281,0.05672,9f71fa90-affe-4f9e-97cb-91830f5cefd1,2026/3/21,22:13.2,2026-03-21T12:22:13.1781632-04:00,2026-03-21T16:22:13.1781632Z,FlyBall,v3,,,,"Reina, Nicolas",1000540213,Right,CUP_POL11,8c2978a4-e4b4-4f4e-b22c-e5f631edf164,54.17182,-101.07832,7.7452,5.55521,2.72384,-16.8851,-1.2957,1.66699,1.5918,179.911017,1.50806,108.19085,-17.27101,3.72458,-0.76694,0.15757,-0.02948,0.0037,-0.0002,2.16336,63.48997,-16.02496,0.7655,0.03615,-0.07792,0.02669,-0.00395,0.00022,0.05657,-36.21016,5.76213,-1.27972,0.26213,-0.05172,0.00906,-0.00109,6.00E-05,,,,,,,,,,,,,,,,,,,,,,,High,High,High,High,Medium,,,,63.68455,9.51909,-23.07825
32,2026/3/21,23:03.1,2,1,"Covarrubias, Jose",1000355250,Right,CUP_POL11,"Acosta, Roberto",1000515883,Right,CUP_POL1,Undefined,2,Top,0,0,0,Slider,Curveball,StrikeCalled,Undefined,Undefined,Undefined,0,0,,67.34489,2.271189,-0.075408,2064.569433,65.589999,8:15,5.68484,1.4041,6.09155,-61.04448,-0.48614,-4.7902,2.69989,0.93515,62.64777,-8.958699,-0.939091,0.560091,,,,,,,,,,,,2.45595,-0.30201,-1.39577,50,5.82768,0.27573,-97.93873,2.28421,2.40747,14.12893,-32.47008,CUP_POL11,CUP_POL1,LAV,Diamond Solutions,DIA,20260321-LAV-2,3c7e85b0-2542-11f1-b649-cf5e5eee1654,67.29704,,,4.69712,,,,,,,9f71fa90-affe-4f9e-97cb-91830f5cefd1,2026/3/21,23:03.1,2026-03-21T12:23:03.1424512-04:00,2026-03-21T16:23:03.1424512Z,,v3,,,,"Reina, Nicolas",1000540213,Right,CUP_POL11,2d6d8947-78ca-40f0-b1d6-46972aba3eec,54.41346,-98.57338,7.06447,5.69232,3.7427,-16.23504,-1.40573,0.16759,1.20374,,,,,,,,,,,,,,,,,,,,,,,,,,,,,,,,,,,,,,,,,,,,,,,,,,,High,High,High,,,,,,,,
33,2026/3/21,23:19.5,2,2,"Covarrubias, Jose",1000355250,Right,CUP_POL11,"Acosta, Roberto",1000515883,Right,CUP_POL1,Undefined,2,Top,0,0,1,ChangeUp,Changeup,BallinDirt,Undefined,Undefined,StolenBase,0,0,,79.72598,-2.494644,-3.740071,2006.315718,229.23831,1:45,5.54004,1.37129,6.86179,-28.93498,13.2828,13.93906,0.84834,-0.88149,73.74568,-7.947898,-1.196027,0.467648,,,,,,,,,,,,-8.34918,8.10839,-1.13698,50,5.37008,7.11067,-115.74389,-5.76341,-11.40875,20.12692,-21.09435,CUP_POL11,CUP_POL1,LAV,Diamond Solutions,DIA,20260321-LAV-2,463c4420-2542-11f1-b649-cf5e5eee1654,80.60003,,,5.9803,,,,,,,9f71fa90-affe-4f9e-97cb-91830f5cefd1,2026/3/21,23:19.5,2026-03-21T12:23:19.4855424-04:00,2026-03-21T16:23:19.4855424Z,,v3,,,,"Reina, Nicolas",1000540213,Right,CUP_POL11,6e2d7934-5aa9-460f-8388-e2ecf8e746f6,53.64115,-116.37534,10.06346,5.54052,-5.10161,-10.54718,-1.36568,7.4686,-5.70438,,,,,,,,,,,,,,,,,,,,,,,,,,,,,,,,,,,,,,,,,,,,,,,,,,,High,High,High,,,,,,,,
34,2026/3/21,23:40.8,2,3,"Covarrubias, Jose",1000355250,Right,CUP_POL11,"Acosta, Roberto",1000515883,Right,CUP_POL1,Undefined,2,Top,0,1,1,ChangeUp,Changeup,InPlay,Undefined,GroundBall,Out,1,0,,78.58804,-0.671317,-2.079213,1685.891012,231.518519,1:45,5.62419,1.27358,6.51118,-32.31773,11.48753,12.85406,2.31452,0.43575,72.68816,-6.72755,0.255304,0.476359,70.54628,-12.368476,-32.924007,,,,,12.05636,12.05636,-30.877776,0.104312,-7.31008,6.58784,-1.1338,50,5.56304,3.72449,-114.32606,-2.19726,-9.75175,19.51244,-23.3858,CUP_POL11,CUP_POL1,LAV,Diamond Solutions,DIA,20260321-LAV-2,52e589c0-2542-11f1-b649-cf5e5eee1654,79.12608,2.31897,,5.89989,,,,1.47094,2.31897,-0.43961,9f71fa90-affe-4f9e-97cb-91830f5cefd1,2026/3/21,23:40.8,2026-03-21T12:23:40.7813120-04:00,2026-03-21T16:23:40.7813120Z,GroundBall,v3,,,,"Reina, Nicolas",1000540213,Right,CUP_POL11,8b5a422d-f5d0-4230-afd4-3242d689aabc,53.99289,-115.00553,9.75622,5.62537,-1.38292,-11.6929,-1.26941,4.06407,-4.87588,,1.46652,85.09697,,,,,,,,2.32013,-22.23121,,,,,,,,-0.43676,-55.10229,,,,,,,,,,,,,,,,,,,,,,,,,,,,,,High,High,High,Estimated,Estimated,,,,66.43739,13.02837,-9.57639
35,2026/3/21,24:12.2,3,1,"Covarrubias, Jose",1000355250,Right,CUP_POL11,"Sandoval, Jose",1000541147,Right,CUP_POL1,Undefined,2,Top,1,0,0,Fastball,Four-Seam,BallCalled,Undefined,Undefined,Undefined,0,0,,85.21464,-0.853788,-4.731448,2313.643092,220.216951,1:15,5.44272,1.45338,6.35083,-21.60588,16.25654,12.75198,2.85354,-1.84934,78.08209,-4.950677,-2.434639,0.442869,,,,,,,,,,,,-7.86363,9.04378,-1.1146,50,5.37011,9.73289,-123.51138,-2.43242,-12.19785,23.63965,-18.14558,CUP_POL11,CUP_POL1,LAV,Diamond Solutions,DIA,20260321-LAV-2,65b0c970-2542-11f1-b649-cf5e5eee1654,85.10963,,,7.13255,,,,,,,9f71fa90-affe-4f9e-97cb-91830f5cefd1,2026/3/21,24:12.2,2026-03-21T12:24:12.1660928-04:00,2026-03-21T16:24:12.1660928Z,,v3,,,,"Reina, Nicolas",1000540213,Right,CUP_POL11,b0e59b97-cbc4-4ff5-a917-86dacaf4956a,54.15094,-124.30332,11.81983,5.44141,-1.82454,-9.07279,-1.4475,10.14152,-6.09892,,,,,,,,,,,,,,,,,,,,,,,,,,,,,,,,,,,,,,,,,,,,,,,,,,,High,High,High,,,,,,,,
36,2026/3/21,24:28.4,3,2,"Covarrubias, Jose",1000355250,Right,CUP_POL11,"Sandoval, Jose",1000541147,Right,CUP_POL1,Undefined,2,Top,1,1,0,Slider,Curveball,BallinDirt,Undefined,Undefined,Undefined,0,0,,71.4778,0.07268,-0.792899,2088.440575,39.484934,7:15,5.63896,1.19461,6.33485,-57.58365,-4.42205,-4.84284,0.90726,0.06088,66.87527,-10.504614,-1.672191,0.524772,,,,,,,,,,,,2.35579,-1.99791,-1.13448,50,5.61646,1.58645,-104.09619,-1.39848,2.607,16.0745,-34.38502,CUP_POL11,CUP_POL1,LAV,Diamond Solutions,DIA,20260321-LAV-2,6f507890-2542-11f1-b649-cf5e5eee1654,71.82635,,,4.60253,,,,,,,9f71fa90-affe-4f9e-97cb-91830f5cefd1,2026/3/21,24:28.4,2026-03-21T12:24:28.4495872-04:00,2026-03-21T16:24:28.4495872Z,,v3,,,,"Reina, Nicolas",1000540213,Right,CUP_POL11,97e980db-20f6-493f-b00e-d86af7b1de98,54.1722,-104.73848,8.03725,5.6449,-0.02456,-17.19251,-1.19579,1.48228,1.3035,,,,,,,,,,,,,,,,,,,,,,,,,,,,,,,,,,,,,,,,,,,,,,,,,,,High,High,High,,,,,,,,
37,2026/3/21,24:46.7,3,3,"Covarrubias, Jose",1000355250,Right,CUP_POL11,"Sandoval, Jose",1000541147,Right,CUP_POL1,Undefined,2,Top,1,2,0,Slider,Curveball,BallCalled,Undefined,Undefined,Undefined,0,0,,69.30493,0.433739,-0.879413,2161.677711,38.069698,7:15,5.54452,1.42431,6.44473,-60.11732,-3.87969,-4.2267,0.93337,0.26393,64.95801,-10.6311,-1.648186,0.53974,,,,,,,,,,,,2.01961,-1.78563,-1.35999,50,5.54782,1.67107,-100.95318,-0.75273,2.10502,14.89853,-34.0352,CUP_POL11,CUP_POL1,LAV,Diamond Solutions,DIA,20260321-LAV-2,7a3e0470-2542-11f1-b649-cf5e5eee1654,69.8344,,,4.34692,,,,,,,9f71fa90-affe-4f9e-97cb-91830f5cefd1,2026/3/21,24:46.7,2026-03-21T12:24:46.6861056-04:00,2026-03-21T16:24:46.6861056Z,,v3,,,,"Reina, Nicolas",1000540213,Right,CUP_POL11,e1ec06a7-6441-472f-b916-4a244925a4e1,54.06237,-101.55093,7.44927,5.55063,0.61281,-17.0176,-1.42534,1.58661,1.05251,,,,,,,,,,,,,,,,,,,,,,,,,,,,,,,,,,,,,,,,,,,,,,,,,,,High,High,High,,,,,,,,
38,2026/3/21,25:04.8,3,4,"Covarrubias, Jose",1000355250,Right,CUP_POL11,"Sandoval, Jose",1000541147,Right,CUP_POL1,Undefined,2,Top,1,3,0,Fastball,Four-Seam,BallCalled,Walk,Undefined,Undefined,0,0,,85.33244,-0.269111,-2.267538,2361.744761,216.720987,1:15,5.69212,1.49413,6.67969,-21.24757,15.77158,10.94312,3.67511,0.33064,78.40573,-4.32424,-0.275882,0.43791,,,,,,,,,,,,-6.33937,8.72686,-1.34619,50,5.66523,4.51466,-124.0983,-1.12215,-9.94093,23.54084,-18.48927,CUP_POL11,CUP_POL1,LAV,Diamond Solutions,DIA,20260321-LAV-2,84f5da50-2542-11f1-b649-cf5e5eee1654,86.07355,,,6.92671,,,,,,,9f71fa90-affe-4f9e-97cb-91830f5cefd1,2026/3/21,25:04.8,2026-03-21T12:25:04.7788032-04:00,2026-03-21T16:25:04.7788032Z,,v3,,,,"Reina, Nicolas",1000540213,Right,CUP_POL11,f64b6f8f-4b63-4740-99d7-4febe531eab5,53.82235,-124.82128,11.77042,5.69098,-0.55431,-9.24463,-1.48953,4.81995,-4.97046,,,,,,,,,,,,,,,,,,,,,,,,,,,,,,,,,,,,,,,,,,,,,,,,,,,High,High,High,,,,,,,,
39,2026/3/21,26:19.9,4,1,"Covarrubias, Jose",1000355250,Right,CUP_POL11,"Alacayo, Jose",1000319841,Right,CUP_POL1,Undefined,2,Top,1,0,0,Fastball,Changeup,BallCalled,Undefined,Undefined,Undefined,0,0,,83.57481,-2.070824,-4.478709,2310.998646,217.436379,1:15,5.60632,1.49047,6.5542,-22.31982,16.69875,11.86197,1.84077,-1.63633,76.84935,-6.303619,-2.331981,0.44958,,,,,,,,,,,,-7.385,9.68107,-1.18512,50,5.45301,9.06143,-121.16579,-4.96678,-11.03672,22.50274,-17.70593,CUP_POL11,CUP_POL1,LAV,Diamond Solutions,DIA,20260321-LAV-2,b1aed3d0-2542-11f1-b649-cf5e5eee1654,83.83919,,,6.72546,,,,,,,9f71fa90-affe-4f9e-97cb-91830f5cefd1,2026/3/21,26:19.9,2026-03-21T12:26:19.8589440-04:00,2026-03-21T16:26:19.8589440Z,,v3,,,,"Reina, Nicolas",1000540213,Right,CUP_POL11,87d85524-0c0d-46a0-ae92-46b4f4ccc3ed,53.94801,-121.89681,11.25137,5.60501,-4.39159,-8.85296,-1.48531,9.41997,-5.51836,,,,,,,,,,,,,,,,,,,,,,,,,,,,,,,,,,,,,,,,,,,,,,,,,,,High,High,High,,,,,,,,
40,2026/3/21,26:38.3,4,2,"Covarrubias, Jose",1000355250,Right,CUP_POL11,"Alacayo, Jose",1000319841,Right,CUP_POL1,Undefined,2,Top,1,1,0,Slider,Curveball,BallinDirt,Undefined,Undefined,StolenBase,0,1,,70.0248,-1.793002,-2.702236,2106.147265,42.692383,7:30,5.69055,1.40134,6.37787,-58.85476,-3.28213,-4.45122,-0.86606,-1.45767,65.86172,-12.528978,-3.510944,0.53654,,,,,,,,,,,,1.66496,-0.9526,-1.20416,50,5.53304,4.93308,-101.81956,-4.69331,1.75875,15.74425,-33.18032,CUP_POL11,CUP_POL1,LAV,Diamond Solutions,DIA,20260321-LAV-2,bcbabd20-2542-11f1-b649-cf5e5eee1654,70.25096,,,4.16308,,,,,,,9f71fa90-affe-4f9e-97cb-91830f5cefd1,2026/3/21,26:38.3,2026-03-21T12:26:38.3377920-04:00,2026-03-21T16:26:38.3377920Z,,v3,,,,"Reina, Nicolas",1000540213,Right,CUP_POL11,581b4a08-b53a-41dd-b552-87cb70d7e8fa,54.12935,-102.45609,7.87212,5.69567,-3.35186,-16.59016,-1.40216,4.86198,0.87938,,,,,,,,,,,,,,,,,,,,,,,,,,,,,,,,,,,,,,,,,,,,,,,,,,,High,High,High,,,,,,,,
41,2026/3/21,27:12.7,4,3,"Covarrubias, Jose",1000355250,Right,CUP_POL11,"Alacayo, Jose",1000319841,Right,CUP_POL1,Undefined,2,Top,1,2,0,Fastball,Changeup,BallCalled,Undefined,Undefined,Undefined,0,0,,84.11951,-0.452019,-3.401441,2266.215143,216.172626,1:15,5.74655,1.41098,6.55482,-22.06903,16.47588,11.15595,3.49223,-0.78206,76.89466,-4.662846,-1.378939,0.446843,,,,,,,,,,,,-6.76748,9.13516,-1.18006,50,5.70558,6.84772,-122.13056,-1.52856,-10.22598,23.95439,-18.37041,CUP_POL11,CUP_POL1,LAV,Diamond Solutions,DIA,20260321-LAV-2,d1268d70-2542-11f1-b649-cf5e5eee1654,84.35278,,,7.22485,,,,,,,9f71fa90-affe-4f9e-97cb-91830f5cefd1,2026/3/21,27:12.7,2026-03-21T12:27:12.6980096-04:00,2026-03-21T16:27:12.6980096Z,,v3,,,,"Reina, Nicolas",1000540213,Right,CUP_POL11,3c8db2c6-60ef-4440-a639-9cd660e29968,53.94649,-122.90218,11.9772,5.74529,-0.93681,-9.18521,-1.40594,7.17712,-5.11299,,,,,,,,,,,,,,,,,,,,,,,,,,,,,,,,,,,,,,,,,,,,,,,,,,,High,High,High,,,,,,,,
42,2026/3/21,27:31.8,4,4,"Covarrubias, Jose",1000355250,Right,CUP_POL11,"Alacayo, Jose",1000319841,Right,CUP_POL1,Undefined,2,Top,1,3,0,Fastball,Four-Seam,BallCalled,Walk,Undefined,Undefined,0,0,,85.20588,0.242258,-2.850184,2330.425465,219.784649,1:15,5.68732,1.51639,6.56383,-21.37104,16.30489,12.55253,4.12878,-0.05282,77.4958,-3.853543,-0.572359,0.441777,,,,,,,,,,,,-7.3591,8.84158,-1.32443,50,5.69465,5.68403,-123.7231,-0.01957,-11.36074,25.6158,-18.52469,CUP_POL11,CUP_POL1,LAV,Diamond Solutions,DIA,20260321-LAV-2,dc8d19e0-2542-11f1-b649-cf5e5eee1654,85.32,,,7.71007,,,,,,,9f71fa90-affe-4f9e-97cb-91830f5cefd1,2026/3/21,27:31.8,2026-03-21T12:27:31.7897728-04:00,2026-03-21T16:27:31.7897728Z,,v3,,,,"Reina, Nicolas",1000540213,Right,CUP_POL11,bffac52d-06fe-4d9b-b841-f705c277620c,53.93657,-124.53546,12.8079,5.68595,0.56791,-9.26235,-1.5104,6.04432,-5.68037,,,,,,,,,,,,,,,,,,,,,,,,,,,,,,,,,,,,,,,,,,,,,,,,,,,High,High,High,,,,,,,,
43,2026/3/21,28:21.3,5,1,"Covarrubias, Jose",1000355250,Right,CUP_POL11,"Severino, Jean Carlos",1000518694,Right,CUP_POL1,Undefined,2,Top,1,0,0,Slider,Curveball,StrikeSwinging,Undefined,Undefined,Undefined,0,0,,69.29995,1.076792,-1.150782,2057.072343,52.308128,7:45,5.61713,1.36628,6.16994,-59.42279,-2.75185,-5.46674,1.66017,-0.1524,65.01429,-9.816364,-2.138827,0.541816,,,,,,,,,,,,2.57079,-1.23697,-1.27632,50,5.66812,2.19438,-100.90244,0.30882,2.68883,14.18569,-33.46784,CUP_POL11,CUP_POL1,LAV,Diamond Solutions,DIA,20260321-LAV-2,fa1fbfd0-2542-11f1-b649-cf5e5eee1654,69.5669,,,4.28566,,,,,,,9f71fa90-affe-4f9e-97cb-91830f5cefd1,2026/3/21,28:21.3,2026-03-21T12:28:21.3250000-04:00,2026-03-21T16:28:21.3250000Z,,v3,,,,"Reina, Nicolas",1000540213,Right,CUP_POL11,e3f72d12-d007-46d9-a2ba-43bee22d5f62,54.33651,-101.51028,7.09284,5.62417,1.74285,-16.73392,-1.36787,2.07917,1.34442,,,,,,,,,,,,,,,,,,,,,,,,,,,,,,,,,,,,,,,,,,,,,,,,,,,High,High,High,,,,,,,,
44,2026/3/21,28:59.0,5,2,"Covarrubias, Jose",1000355250,Right,CUP_POL11,"Severino, Jean Carlos",1000518694,Right,CUP_POL1,Undefined,2,Top,1,0,1,Slider,Curveball,BallCalled,Undefined,Undefined,Undefined,0,0,,70.45562,0.438333,-2.32335,2158.751096,67.520496,8:15,5.61373,1.34576,6.20457,-55.44499,-0.74689,-5.15146,1.39828,-1.22935,66.2539,-9.71878,-3.253826,0.532301,,,,,,,,,,,,2.15394,-0.08205,-1.16848,50,5.61845,4.31867,-102.55128,-0.70063,2.33237,14.28629,-32.26289,CUP_POL11,CUP_POL1,LAV,Diamond Solutions,DIA,20260321-LAV-2,109542d0-2543-11f1-b649-cf5e5eee1654,70.81035,,,4.20171,,,,,,,9f71fa90-affe-4f9e-97cb-91830f5cefd1,2026/3/21,28:59.0,2026-03-21T12:28:58.9820000-04:00,2026-03-21T16:28:58.9820000Z,,v3,,,,"Reina, Nicolas",1000540213,Right,CUP_POL11,8a381235-56d4-450c-ac51-ae82dcbbfd08,54.30169,-103.14881,7.14314,5.61954,0.64876,-16.13145,-1.34707,4.22112,1.16618,,,,,,,,,,,,,,,,,,,,,,,,,,,,,,,,,,,,,,,,,,,,,,,,,,,High,High,High,,,,,,,,
45,2026/3/21,29:18.6,5,3,"Covarrubias, Jose",1000355250,Right,CUP_POL11,"Severino, Jean Carlos",1000518694,Right,CUP_POL1,Undefined,2,Top,1,1,1,ChangeUp,Changeup,BallinDirt,Undefined,Undefined,StolenBase,0,0,,79.12822,-2.846204,-4.404166,1980.803479,227.059784,1:30,5.53359,1.51813,6.6334,-28.92128,14.243,13.95524,0.50763,-1.35936,73.47201,-8.261384,-1.871579,0.472861,,,,,,,,,,,,-8.43638,8.60823,-1.22475,50,5.3282,8.37682,-114.75607,-6.46001,-11.3814,18.91024,-20.5608,CUP_POL11,CUP_POL1,LAV,Diamond Solutions,DIA,20260321-LAV-2,1c388a20-2543-11f1-b649-cf5e5eee1654,79.71142,,,5.65621,,,,,,,9f71fa90-affe-4f9e-97cb-91830f5cefd1,2026/3/21,29:18.6,2026-03-21T12:29:18.5560000-04:00,2026-03-21T16:29:18.5560000Z,,v3,,,,"Reina, Nicolas",1000540213,Right,CUP_POL11,d4b9d7ec-103e-409b-b1ac-8baa20e9a164,53.87029,-115.39207,9.45512,5.53384,-5.76848,-10.2804,-1.51292,8.75961,-5.6907,,,,,,,,,,,,,,,,,,,,,,,,,,,,,,,,,,,,,,,,,,,,,,,,,,,High,High,High,,,,,,,,
46,2026/3/21,29:44.0,5,4,"Covarrubias, Jose",1000355250,Right,CUP_POL11,"Severino, Jean Carlos",1000518694,Right,CUP_POL1,Undefined,2,Top,1,2,1,Fastball,Changeup,FoulBallNotFieldable,Undefined,Undefined,Undefined,0,0,,83.25918,-0.580171,-2.066051,2237.989819,214.98492,1:15,5.64214,1.35372,6.54568,-22.59828,16.33001,10.64796,3.22649,0.34539,76.85824,-4.866988,-0.132507,0.44906,64.77649,20.615068,166.814906,2804.16606,-108.89656,12.86099,15.5404,143.98432,45.47394,173.656098,1.947098,-6.1302,9.07867,-1.21503,50,5.59199,3.99546,-121.13078,-1.81355,-9.19401,21.57213,-18.55798,CUP_POL11,CUP_POL1,LAV,Diamond Solutions,DIA,20260321-LAV-2,2b6175c0-2543-11f1-b649-cf5e5eee1654,83.93633,17.36852,,6.40094,,,,1.04046,3.15748,-0.35394,9f71fa90-affe-4f9e-97cb-91830f5cefd1,2026/3/21,29:44.0,2026-03-21T12:29:43.9840000-04:00,2026-03-21T16:29:43.9840000Z,LineDrive,v3,,,,"Reina, Nicolas",1000540213,Right,CUP_POL11,2a38f6b5-9e37-4d40-b2d8-099234176eae,53.95793,-121.83361,10.78607,5.64123,-1.20892,-9.27899,-1.35008,4.295,-4.59701,288.638179,1.04052,-86.58184,5.25368,0.63532,0.11186,0.01938,-0.12171,0.05758,-0.00866,3.15745,33.45252,-21.16857,1.93088,-0.45353,0.34756,-0.15426,0.03256,-0.00265,-0.354,20.28722,-7.20006,0.84436,-0.41185,0.19236,-0.00931,-0.01879,0.00417,,,,,,,,,,,,,,,,,,,,,,,High,High,High,High,Low,,,,,,
47,2026/3/21,30:04.4,5,5,"Covarrubias, Jose",1000355250,Right,CUP_POL11,"Severino, Jean Carlos",1000518694,Right,CUP_POL1,Undefined,2,Top,1,2,2,Fastball,Changeup,BallCalled,Undefined,Undefined,Undefined,0,0,,81.88863,-0.66756,-3.96574,2090.356097,227.25056,1:30,5.66225,1.21418,6.30084,-29.36482,11.27611,10.96879,2.59859,-1.53167,75.88165,-6.144597,-1.987826,0.458832,,,,,,,,,,,,-6.65355,6.39237,-0.92738,50,5.59879,7.84611,-118.91625,-2.23364,-9.65385,19.96877,-22.89917,CUP_POL11,CUP_POL1,LAV,Diamond Solutions,DIA,20260321-LAV-2,37833be0-2543-11f1-b649-cf5e5eee1654,82.14876,,,6.00698,,,,,,,9f71fa90-affe-4f9e-97cb-91830f5cefd1,2026/3/21,30:04.4,2026-03-21T12:30:04.3670000-04:00,2026-03-21T16:30:04.3670000Z,,v3,,,,"Reina, Nicolas",1000540213,Right,CUP_POL11,f8bc738c-9d83-44d3-be66-2d432a4bc9ee,54.20255,-119.61988,9.98439,5.66328,-1.42676,-11.44959,-1.20984,8.18628,-4.82692,,,,,,,,,,,,,,,,,,,,,,,,,,,,,,,,,,,,,,,,,,,,,,,,,,,High,High,High,,,,,,,,
48,2026/3/21,30:25.9,5,6,"Covarrubias, Jose",1000355250,Right,CUP_POL11,"Severino, Jean Carlos",1000518694,Right,CUP_POL1,Undefined,2,Top,1,3,2,Fastball,Changeup,BallCalled,Walk,Undefined,Undefined,0,0,,83.39029,-1.868993,-3.704607,1962.944321,209.142987,1:00,5.4599,1.3626,6.39439,-24.07974,15.12867,7.79422,1.72999,-1.40004,77.04511,-6.39622,-2.296312,0.450673,,,,,,,,,,,,-4.99599,8.73221,-1.09947,50,5.31399,7.55226,-121.03941,-4.61704,-7.48076,21.56197,-19.09884,CUP_POL11,CUP_POL1,LAV,Diamond Solutions,DIA,20260321-LAV-2,44520ae0-2543-11f1-b649-cf5e5eee1654,83.63597,,,6.34518,,,,,,,9f71fa90-affe-4f9e-97cb-91830f5cefd1,2026/3/21,30:25.9,2026-03-21T12:30:25.8640000-04:00,2026-03-21T16:30:25.8640000Z,,v3,,,,"Reina, Nicolas",1000540213,Right,CUP_POL11,90d175c4-e069-45ad-ab25-847d27090207,54.10815,-121.76903,10.78098,5.45928,-3.97076,-9.54942,-1.3593,7.80539,-3.74038,,,,,,,,,,,,,,,,,,,,,,,,,,,,,,,,,,,,,,,,,,,,,,,,,,,High,High,High,,,,,,,,
49,2026/3/21,33:18.3,6,1,"Cantera, Christopher",1000403468,Right,CUP_POL11,"Rojas, Ernesto",1000539816,Right,CUP_POL1,Undefined,2,Top,1,0,0,Fastball,Changeup,HitByPitch,Undefined,Undefined,StolenBase,0,1,,77.72953,0.822462,0.467018,1936.070476,195.841409,12:30,6.74052,0.93874,6.19822,-29.90647,15.3069,3.98351,5.00769,1.70186,71.80881,-4.785522,1.185915,0.483955,,,,,,,,,,,,-1.96165,8.12815,-0.97592,50,6.78713,-1.05826,-113.08451,0.81399,-2.56543,18.70365,-21.54415,CUP_POL11,CUP_POL1,LAV,Diamond Solutions,DIA,20260321-LAV-2,ab234d10-2543-11f1-b649-cf5e5eee1654,77.88423,,,5.92072,,,,,,,9f71fa90-affe-4f9e-97cb-91830f5cefd1,2026/3/21,33:18.3,2026-03-21T12:33:18.3185920-04:00,2026-03-21T16:33:18.3185920Z,,v3,,,,"Reina, Nicolas",1000540213,Right,CUP_POL11,3ec1f6c2-c66f-4808-89db-b43234979684,54.30505,-113.79432,9.35182,6.74072,1.63159,-10.77207,-0.93761,-0.9609,-1.28272,,,,,,,,,,,,,,,,,,,,,,,,,,,,,,,,,,,,,,,,,,,,,,,,,,,High,High,High,,,,,,,,
50,2026/3/21,33:55.8,7,1,"Cantera, Christopher",1000403468,Right,CUP_POL11,"Almonte, Jean",1000438215,Left,CUP_POL1,Undefined,2,Top,1,0,0,Fastball,Changeup,BallCalled,Undefined,Undefined,Undefined,0,0,,75.78426,-4.425195,-0.772363,1989.959378,188.786282,12:15,6.62553,0.95481,6.68987,-30.42348,16.67958,2.35524,0.03445,0.44462,70.42979,-10.100164,-0.342386,0.493965,,,,,,,,,,,,-1.47158,10.44048,-0.90427,50,6.31745,1.41311,-110.00146,-9.23925,-1.81188,18.62187,-19.31911,CUP_POL11,CUP_POL1,LAV,Diamond Solutions,DIA,20260321-LAV-2,c1740a00-2543-11f1-b649-cf5e5eee1654,76.30596,,,5.35447,,,,,,,9f71fa90-affe-4f9e-97cb-91830f5cefd1,2026/3/21,33:55.8,2026-03-21T12:33:55.8152192-04:00,2026-03-21T16:33:55.8152192Z,,v3,,,,"Reina, Nicolas",1000540213,Right,CUP_POL11,44929a97-eb37-4a4d-8a7f-c20b1f30bead,53.81492,-110.64539,9.31094,6.62539,-8.57121,-9.65955,-0.95421,1.47577,-0.90594,,,,,,,,,,,,,,,,,,,,,,,,,,,,,,,,,,,,,,,,,,,,,,,,,,,High,High,High,,,,,,,,
51,2026/3/21,34:20.0,7,2,"Cantera, Christopher",1000403468,Right,CUP_POL11,"Almonte, Jean",1000438215,Left,CUP_POL1,Undefined,2,Top,1,1,0,Fastball,Changeup,InPlay,Undefined,GroundBall,Out,1,1,,75.65307,-0.604574,-0.263067,1968.076437,180.090457,12:00,6.65936,0.87087,6.79083,-32.26813,14.30308,0.02051,3.41843,0.63243,70.2453,-6.686817,-0.259316,0.491168,71.70878,-22.370122,20.2772,,,,,9.41901,9.41845,13.528174,0.08465,-0.07579,8.14792,-0.8538,50,6.60764,0.50525,-110.17813,-1.92753,-0.09418,17.54637,-22.04762,CUP_POL11,CUP_POL1,LAV,Diamond Solutions,DIA,20260321-LAV-2,cfe8e7e0-2543-11f1-b649-cf5e5eee1654,76.74039,3.404,,5.40777,,,,1.39929,3.404,-0.66308,9f71fa90-affe-4f9e-97cb-91830f5cefd1,2026/3/21,34:20.0,2026-03-21T12:34:20.0039936-04:00,2026-03-21T16:34:20.0039936Z,GroundBall,v3,,,,"Reina, Nicolas",1000540213,Right,CUP_POL11,861bc2c5-a9d1-4557-9e46-af9f65201e43,53.71272,-110.76783,8.77319,6.65997,-1.18656,-11.02381,-0.87083,0.50842,-0.04709,180,1.39354,91.65218,,,,,,,,3.40652,-40.21249,,,,,,,,-0.6652,33.86171,,,,,,,,,,,,,,,,,,,,,,,,,,,,,,High,High,High,High,High,,,,,,
52,2026/3/21,35:01.8,8,1,"Cantera, Christopher",1000403468,Right,CUP_POL11,"Martes, Elian",1000467100,Right,CUP_POL1,Undefined,2,Top,2,0,0,Fastball,Changeup,BallCalled,Undefined,Undefined,Undefined,0,0,,76.30132,0.951694,-2.225554,1987.111069,182.519918,12:00,6.734,0.61044,6.46118,-34.94726,11.60162,0.45264,4.6967,-1.39728,70.52175,-5.596666,-2.143559,0.49105,,,,,,,,,,,,-0.79201,6.26477,-0.45326,50,6.7857,4.29592,-110.93261,0.9285,-0.99663,18.01976,-24.2908,CUP_POL11,CUP_POL1,LAV,Diamond Solutions,DIA,20260321-LAV-2,e8db03a0-2543-11f1-b649-cf5e5eee1654,76.75881,,,5.77958,,,,,,,9f71fa90-affe-4f9e-97cb-91830f5cefd1,2026/3/21,35:01.8,2026-03-21T12:35:01.8438656-04:00,2026-03-21T16:35:01.8438656Z,,v3,,,,"Reina, Nicolas",1000540213,Right,CUP_POL11,f9953ea7-6df1-4739-bc65-52e9912f6fbf,54.04019,-111.58696,9.00988,6.73597,1.81058,-12.1454,-0.60992,4.33211,-0.49832,,,,,,,,,,,,,,,,,,,,,,,,,,,,,,,,,,,,,,,,,,,,,,,,,,,High,High,High,,,,,,,,
53,2026/3/21,35:20.8,8,2,"Cantera, Christopher",1000403468,Right,CUP_POL11,"Martes, Elian",1000467100,Right,CUP_POL1,Undefined,2,Top,2,1,0,Curveball,Curveball,BallCalled,Undefined,Undefined,StolenBase,0,0,,64.55558,1.291137,1.638269,2274.471257,33.984823,7:15,6.42183,1.00082,5.71852,-72.93681,-5.53288,-5.11402,1.54725,2.10123,60.07204,-11.968299,0.720616,0.5909,,,,,,,,,,,,3.0578,-2.52681,-1.13467,50,6.48473,-2.52337,-93.79571,0.14339,2.72333,14.22085,-34.42448,CUP_POL11,CUP_POL1,LAV,Diamond Solutions,DIA,20260321-LAV-2,f43a8b30-2543-11f1-b649-cf5e5eee1654,63.78818,,,4.48354,,,,,,,9f71fa90-affe-4f9e-97cb-91830f5cefd1,2026/3/21,35:20.8,2026-03-21T12:35:20.8157696-04:00,2026-03-21T16:35:20.8157696Z,,v3,,,,"Reina, Nicolas",1000540213,Right,CUP_POL11,390490cc-179b-46c1-be53-be3725ac7573,54.78716,-94.51873,7.11042,6.43295,1.8936,-17.21224,-1.00285,-2.66183,1.36167,,,,,,,,,,,,,,,,,,,,,,,,,,,,,,,,,,,,,,,,,,,,,,,,,,,High,High,High,,,,,,,,
54,2026/3/21,35:43.1,8,3,"Cantera, Christopher",1000403468,Right,CUP_POL11,"Martes, Elian",1000467100,Right,CUP_POL1,Undefined,2,Top,2,2,0,Curveball,Curveball,BallCalled,Undefined,Undefined,Undefined,0,0,,65.88742,3.40829,0.454582,2311.140913,49.450464,7:45,6.45185,0.8485,6.02942,-70.80921,-6.23256,-9.76701,3.71148,0.4556,60.33376,-9.636432,-1.304042,0.578375,,,,,,,,,,,,5.11733,-3.49071,-0.879,50,6.68115,-0.44949,-95.58894,3.81345,4.69486,15.89441,-35.37657,CUP_POL11,CUP_POL1,LAV,Diamond Solutions,DIA,20260321-LAV-2,017848a0-2544-11f1-b649-cf5e5eee1654,65.1696,,,5.55366,,,,,,,9f71fa90-affe-4f9e-97cb-91830f5cefd1,2026/3/21,35:43.1,2026-03-21T12:35:43.0686720-04:00,2026-03-21T16:35:43.0686720Z,,v3,,,,"Reina, Nicolas",1000540213,Right,CUP_POL11,bbda4f9c-7840-4fba-bf2c-9842d7a64566,54.47487,-96.33014,7.9472,6.46485,5.46316,-17.68829,-0.85293,-0.66843,2.34743,,,,,,,,,,,,,,,,,,,,,,,,,,,,,,,,,,,,,,,,,,,,,,,,,,,High,High,High,,,,,,,,
55,2026/3/21,35:58.6,8,4,"Cantera, Christopher",1000403468,Right,CUP_POL11,"Martes, Elian",1000467100,Right,CUP_POL1,Undefined,2,Top,2,3,0,Slider,Changeup,StrikeSwinging,Undefined,Undefined,Undefined,0,0,,74.21848,-2.668217,-2.028846,1948.326306,183.84767,12:15,6.54702,0.68663,7.01218,-32.5899,15.45139,0.9491,1.40253,-1.07925,69.31945,-8.790745,-1.854773,0.49886,,,,,,,,,,,,-0.99689,9.35256,-0.56299,50,6.37274,3.79693,-107.95102,-5.75539,-1.19196,16.45468,-20.99122,CUP_POL11,CUP_POL1,LAV,Diamond Solutions,DIA,20260321-LAV-2,0aadc440-2544-11f1-b649-cf5e5eee1654,75.55714,,,4.89903,,,,,,,9f71fa90-affe-4f9e-97cb-91830f5cefd1,2026/3/21,35:58.6,2026-03-21T12:35:58.5797120-04:00,2026-03-21T16:35:58.5797120Z,,v3,,,,"Reina, Nicolas",1000540213,Right,CUP_POL11,447b8b0c-d603-478e-8f13-f55aa661f0e5,53.4909,-108.48183,8.22734,6.54748,-5.07825,-10.49561,-0.68609,3.83538,-0.59598,,,,,,,,,,,,,,,,,,,,,,,,,,,,,,,,,,,,,,,,,,,,,,,,,,,High,High,High,,,,,,,,
56,2026/3/21,36:14.4,8,5,"Cantera, Christopher",1000403468,Right,CUP_POL11,"Martes, Elian",1000467100,Right,CUP_POL1,Undefined,2,Top,2,3,1,Fastball,Changeup,BallCalled,Walk,Undefined,Undefined,0,0,,75.33656,0.794366,1.102247,1978.519191,186.007375,12:15,6.64721,0.75782,6.76473,-31.30084,15.90989,1.53138,4.76449,1.89225,69.50447,-5.139969,1.381504,0.494529,,,,,,,,,,,,-0.52299,8.65205,-0.83034,50,6.68693,-2.1581,-109.60973,0.79086,-0.64145,17.88875,-21.56202,CUP_POL11,CUP_POL1,LAV,Diamond Solutions,DIA,20260321-LAV-2,14139eb0-2544-11f1-b649-cf5e5eee1654,76.21888,,,5.83209,,,,,,,9f71fa90-affe-4f9e-97cb-91830f5cefd1,2026/3/21,36:14.4,2026-03-21T12:36:14.3815168-04:00,2026-03-21T16:36:14.3815168Z,,v3,,,,"Reina, Nicolas",1000540213,Right,CUP_POL11,3f4f6023-5b02-454d-9d53-7a3b07a2b538,53.7355,-110.2177,8.94437,6.6476,1.52365,-10.78101,-0.75737,-2.1363,-0.32073,,,,,,,,,,,,,,,,,,,,,,,,,,,,,,,,,,,,,,,,,,,,,,,,,,,High,High,High,,,,,,,,
57,2026/3/21,37:26.6,9,1,"Cantera, Christopher",1000403468,Right,CUP_POL11,"Feliz, Sariel",1000347580,Right,CUP_POL1,Undefined,2,Top,2,0,0,Slider,Changeup,InPlay,Undefined,FlyBall,Out,1,0,,74.0309,-1.0567,-1.116171,1901.06844,188.514944,12:15,6.59693,0.83726,6.317,-34.43116,15.19477,2.06264,2.75402,-0.01912,68.7402,-7.479765,-0.742762,0.507021,67.86423,50.802257,6.502016,,108.10632,87.4041,20.32222,191.39062,188.70382,11.202471,4.881352,-1.35807,8.62457,-0.75654,50,6.50289,2.0322,-107.69435,-2.8702,-1.61134,16.90439,-21.94113,CUP_POL11,CUP_POL1,LAV,Diamond Solutions,DIA,20260321-LAV-2,3f1f5d60-2544-11f1-b649-cf5e5eee1654,74.34101,87.46707,,5.29071,,,,1.25664,2.86235,0.03131,9f71fa90-affe-4f9e-97cb-91830f5cefd1,2026/3/21,37:26.6,2026-03-21T12:37:26.5732608-04:00,2026-03-21T16:37:26.5732608Z,Popup,v3,,,,"Reina, Nicolas",1000540213,Right,CUP_POL11,b0ebeb32-c672-4896-b122-8274fa5ce95a,54.18599,-108.34941,8.4522,6.59764,-2.01996,-10.97057,-0.8365,2.09464,-0.80567,194.836612,1.25896,62.43564,-11.80859,2.20623,0.12261,-0.25072,0.07901,-0.01097,0.00058,2.85687,77.25362,-20.61622,2.39886,-0.9065,0.28458,-0.0513,0.00457,-0.00015,0.03052,7.14731,1.39931,-0.37776,-0.11287,0.10921,-0.03404,0.00482,-0.00026,,,,,,,,,,,,,,,,,,,,,,,High,High,High,High,Medium,,,,61.92268,3.46894,-11.5065
58,2026/3/21,39:33.7,1,1,"Escalante, Nelson",10911539,Right,CUP_POL1,"Heureaux, Hector",1000441825,Right,CUP_POL11,Undefined,2,Bottom,0,0,0,Fastball,Four-Seam,InPlay,Undefined,GroundBall,Out,1,0,,89.51759,-1.634974,-1.903232,2165.548651,219.427214,1:15,6.30971,0.89905,5.59229,-21.58379,13.39583,10.17481,2.98311,-0.0309,82.58199,-5.642057,-0.087553,0.425676,83.19735,-27.599474,7.622974,,,,,5.25178,5.25178,8.005772,0.04814,-5.6465,7.51737,-0.74246,50,6.15524,3.8796,-130.01934,-4.45143,-9.7555,24.88955,-19.18623,CUP_POL11,CUP_POL1,LAV,Diamond Solutions,DIA,20260321-LAV-2,8ad14390-2544-11f1-b649-cf5e5eee1654,88.5473,2.72896,,6.9356,,,,0.02659,2.72896,0.03896,9f71fa90-affe-4f9e-97cb-91830f5cefd1,2026/3/21,39:33.7,2026-03-21T12:39:33.6669696-04:00,2026-03-21T16:39:33.6669696Z,GroundBall,v3,,,,"Alacayo, Jose",1000319841,Right,CUP_POL1,0fa88423-f167-416d-a14a-9975fbcc4411,54.91104,-130.95608,12.44477,6.30918,-3.72934,-9.59312,-0.89538,4.24676,-4.87775,180,0.02429,107.4782,,,,,,,,2.73017,-56.68797,,,,,,,,0.03865,14.38452,,,,,,,,,,,,,,,,,,,,,,,,,,,,,,High,High,High,Medium,High,,,,65.56854,3.80545,5.74833
59,2026/3/21,40:25.2,2,1,"Escalante, Nelson",10911539,Right,CUP_POL1,"Reina, Nicolas",1000540213,Right,CUP_POL11,Undefined,2,Bottom,1,0,0,Fastball,Changeup,BallCalled,Undefined,Undefined,Undefined,0,0,,79.64285,-0.874039,-4.35135,1797.032438,245.535386,2:15,5.82283,1.50904,6.25956,-36.65447,6.51394,11.60237,1.95993,-1.54433,73.84098,-7.658783,-2.260815,0.472884,,,,,,,,,,,,-7.08973,4.0041,-1.19099,50,5.73983,8.38095,-115.57521,-2.84219,-9.69377,19.34757,-26.69928,CUP_POL11,CUP_POL1,LAV,Diamond Solutions,DIA,20260321-LAV-2,a9a17290-2544-11f1-b649-cf5e5eee1654,79.70762,,,5.80187,,,,,,,9f71fa90-affe-4f9e-97cb-91830f5cefd1,2026/3/21,40:25.2,2026-03-21T12:40:25.2467200-04:00,2026-03-21T16:40:25.2467200Z,,v3,,,,"Alacayo, Jose",1000319841,Right,CUP_POL1,ad7d436f-5795-458a-a3d4-0c87034f4938,54.24405,-116.2835,9.67378,5.82599,-1.86476,-13.34964,-1.50431,8.73583,-4.84688,,,,,,,,,,,,,,,,,,,,,,,,,,,,,,,,,,,,,,,,,,,,,,,,,,,High,High,High,,,,,,,,
60,2026/3/21,40:37.5,2,2,"Escalante, Nelson",10911539,Right,CUP_POL1,"Reina, Nicolas",1000540213,Right,CUP_POL11,Undefined,2,Bottom,1,1,0,Fastball,Four-Seam,BallCalled,Undefined,Undefined,Undefined,0,0,,89.36775,-2.038061,-3.508564,2084.633981,203.003002,12:45,6.4549,0.88364,5.90641,-20.49001,14.03032,5.5624,2.85114,-1.91387,83.08,-5.848736,-2.512635,0.422872,,,,,,,,,,,,-3.64138,7.95741,-0.60448,50,6.27884,7.72148,-129.73643,-5.28473,-6.31712,22.59673,-18.36936,CUP_POL11,CUP_POL1,LAV,Diamond Solutions,DIA,20260321-LAV-2,b0d5ee10-2544-11f1-b649-cf5e5eee1654,89.13442,,,6.28775,,,,,,,9f71fa90-affe-4f9e-97cb-91830f5cefd1,2026/3/21,40:37.5,2026-03-21T12:40:37.4676992-04:00,2026-03-21T16:40:37.4676992Z,,v3,,,,"Alacayo, Jose",1000319841,Right,CUP_POL1,cf7ce528-fbde-4b44-a83f-a253f0d64ccf,54.59655,-130.53458,11.29837,6.45405,-4.6359,-9.18468,-0.88116,7.94461,-3.15856,,,,,,,,,,,,,,,,,,,,,,,,,,,,,,,,,,,,,,,,,,,,,,,,,,,High,High,High,,,,,,,,
61,2026/3/21,40:52.7,2,3,"Escalante, Nelson",10911539,Right,CUP_POL1,"Reina, Nicolas",1000540213,Right,CUP_POL11,Undefined,2,Bottom,1,2,0,Slider,Curveball,InPlay,Undefined,GroundBall,Out,1,0,,73.45331,0.765376,-0.730519,2280.020312,43.6023,7:30,6.07204,1.19588,5.98063,-56.98346,-5.91489,-6.97607,2.03302,-0.06269,68.48401,-9.651544,-1.987712,0.514337,75.89129,-28.029951,-43.770327,,,,,5.03768,1.54094,-31.055185,0.039027,3.42784,-2.8691,-1.13416,50,6.10047,1.59487,-106.90582,-0.24423,3.9999,16.99855,-35.52195,CUP_POL11,CUP_POL1,LAV,Diamond Solutions,DIA,20260321-LAV-2,b9fdd520-2544-11f1-b649-cf5e5eee1654,73.28349,2.04651,,4.9693,,,,1.53976,2.04651,0.06045,9f71fa90-affe-4f9e-97cb-91830f5cefd1,2026/3/21,40:52.7,2026-03-21T12:40:52.7243264-04:00,2026-03-21T16:40:52.7243264Z,GroundBall,v3,,,,"Alacayo, Jose",1000319841,Right,CUP_POL1,a513e3e6-4e87-4477-a976-9f2f40b68924,54.52616,-107.62309,8.49927,6.07915,1.25466,-17.76097,-1.1979,1.42609,1.99995,,1.53864,71.12691,,,,,,,,2.04733,-52.43814,,,,,,,,0.06153,-68.13757,,,,,,,,,,,,,,,,,,,,,,,,,,,,,,High,High,High,Estimated,Estimated,,,,64.58328,7.82758,-12.79589
62,2026/3/21,41:21.9,3,1,"Escalante, Nelson",10911539,Right,CUP_POL1,"Beltran, Jonathan Josue",1000490425,Right,CUP_POL11,Undefined,2,Bottom,2,0,0,Fastball,Four-Seam,StrikeSwinging,Undefined,Undefined,Undefined,0,0,,89.66781,-3.067969,-2.85151,2133.338299,207.417186,1:00,6.25365,0.93596,5.78501,-21.70481,12.87749,6.17492,1.58417,-1.20473,83.20566,-7.08244,-1.746616,0.423251,,,,,,,,,,,,-3.84095,7.62095,-0.70439,50,5.9869,6.22022,-130.09957,-7.70847,-6.67344,23.78485,-18.93306,CUP_POL11,CUP_POL1,LAV,Diamond Solutions,DIA,20260321-LAV-2,cb575c60-2544-11f1-b649-cf5e5eee1654,89.05449,,,6.46215,,,,,,,9f71fa90-affe-4f9e-97cb-91830f5cefd1,2026/3/21,41:21.9,2026-03-21T12:41:21.9041792-04:00,2026-03-21T16:41:21.9041792Z,,v3,,,,"Alacayo, Jose",1000319841,Right,CUP_POL1,48937467-1bab-463a-a408-3ce515d8431e,54.71854,-130.95937,11.89242,6.25319,-7.02406,-9.46653,-0.9336,6.46146,-3.33672,,,,,,,,,,,,,,,,,,,,,,,,,,,,,,,,,,,,,,,,,,,,,,,,,,,High,High,High,,,,,,,,
63,2026/3/21,41:35.1,3,2,"Escalante, Nelson",10911539,Right,CUP_POL1,"Beltran, Jonathan Josue",1000490425,Right,CUP_POL11,Undefined,2,Bottom,2,0,1,ChangeUp,Changeup,BallCalled,Undefined,Undefined,Undefined,0,0,,81.01584,-2.483183,-3.873219,1791.798129,248.275932,2:15,5.85497,1.40289,6.09708,-35.62474,6.24225,12.75087,0.58269,-1.12259,75.54669,-9.024768,-1.577975,0.465701,,,,,,,,,,,,-7.53567,4.18079,-1.11083,50,5.64414,7.49836,-117.56767,-6.20098,-10.69446,19.37317,-26.24073,CUP_POL11,CUP_POL1,LAV,Diamond Solutions,DIA,20260321-LAV-2,d346c370-2544-11f1-b649-cf5e5eee1654,80.93699,,,5.46915,,,,,,,9f71fa90-affe-4f9e-97cb-91830f5cefd1,2026/3/21,41:35.1,2026-03-21T12:41:35.1472128-04:00,2026-03-21T16:41:35.1472128Z,,v3,,,,"Alacayo, Jose",1000319841,Right,CUP_POL1,9ad13063-cf9a-42a5-8bb4-685fca87c002,54.4078,-118.29177,9.68659,5.85759,-5.22019,-13.12037,-1.39856,7.89808,-5.34723,,,,,,,,,,,,,,,,,,,,,,,,,,,,,,,,,,,,,,,,,,,,,,,,,,,High,High,High,,,,,,,,
64,2026/3/21,41:47.6,3,3,"Escalante, Nelson",10911539,Right,CUP_POL1,"Beltran, Jonathan Josue",1000490425,Right,CUP_POL11,Undefined,2,Bottom,2,1,1,Fastball,Four-Seam,InPlay,Undefined,FlyBall,Out,1,0,,89.3677,-2.252844,-2.364107,2177.349499,210.592598,1:00,6.12724,1.19572,5.984,-19.87651,14.52123,8.03059,2.37976,-0.32769,83.00432,-5.962594,-0.921276,0.42212,70.414,62.246122,11.198638,,107.83722,83.45617,21.70512,140.05611,56.99937,11.370861,5.269848,-4.70941,8.30567,-1.01342,50,5.93786,5.03827,-129.87716,-5.74115,-8.17106,23.17444,-17.76327,CUP_POL11,CUP_POL1,LAV,Diamond Solutions,DIA,20260321-LAV-2,daa3ae80-2544-11f1-b649-cf5e5eee1654,89.29314,111.36186,,6.36339,,,,0.96042,2.42915,0.33867,9f71fa90-affe-4f9e-97cb-91830f5cefd1,2026/3/21,41:47.6,2026-03-21T12:41:47.5928064-04:00,2026-03-21T16:41:47.5928064Z,Popup,v3,,,,"Alacayo, Jose",1000319841,Right,CUP_POL1,ebd35cd7-1f23-4b30-aee5-848b5906a109,54.52055,-130.68129,11.58722,6.12638,-5.12478,-8.88164,-1.19316,5.3218,-4.08553,180.134463,0.96808,47.0208,-11.87607,2.37496,0.30111,-0.32579,0.08748,-0.01079,0.00052,2.42407,91.47355,-22.84938,2.34293,-0.4982,0.06213,0.00353,-0.00218,0.00018,0.3402,9.30914,-2.30952,0.45687,0.06139,-0.06427,0.01718,-0.00211,0.0001,,,,,,,,,,,,,,,,,,,,,,,High,High,High,High,Low,,,,62.22744,6.4542,-14.7638
65,2026/3/21,44:51.4,1,1,"Salsa, Alain",,Left,CUP_POL11,"Wilmore, Axel",1000399907,Left,CUP_POL1,Undefined,3,Top,0,0,0,Fastball,Four-Seam,StrikeSwinging,Undefined,Undefined,Undefined,0,0,,81.64599,-1.175799,3.153507,2057.414663,168.858228,11:45,5.76227,-1.83181,6.26554,-24.45367,16.42001,-3.01047,2.63855,0.82786,75.72267,-5.762268,2.610685,0.460143,,,,,,,,,,,,2.32008,9.18123,1.59937,50,5.66279,-6.42733,-118.63087,-3.10878,3.35157,19.78189,-18.911,CUP_POL11,CUP_POL1,LAV,Diamond Solutions,DIA,20260321-LAV-2,483f86d0-2545-11f1-b649-cf5e5eee1654,81.91454,,,5.92332,,,,,,,9f71fa90-affe-4f9e-97cb-91830f5cefd1,2026/3/21,44:51.4,2026-03-21T12:44:51.3590272-04:00,2026-03-21T16:44:51.3590272Z,,v3,,,,"Reina, Nicolas",1000540213,Right,CUP_POL11,e712572e-9dce-4f18-b6fd-3710c0fe6e01,54.23726,-119.33535,9.89095,5.76151,-2.43532,-9.4555,1.83039,-6.54668,1.67579,,,,,,,,,,,,,,,,,,,,,,,,,,,,,,,,,,,,,,,,,,,,,,,,,,,High,High,High,,,,,,,,
66,2026/3/21,45:06.0,1,2,"Salsa, Alain",,Left,CUP_POL11,"Wilmore, Axel",1000399907,Left,CUP_POL1,Undefined,3,Top,0,0,1,Fastball,Four-Seam,StrikeSwinging,Undefined,Undefined,Undefined,0,0,,82.82742,-1.259389,3.007137,2090.031201,168.498834,11:30,5.87564,-1.75271,5.93943,-23.50509,16.71115,-3.17217,2.74673,0.77527,76.76759,-5.647295,2.43851,0.456428,,,,,,,,,,,,2.34579,9.23749,1.51438,50,5.76157,-6.19774,-120.30201,-3.33945,3.48529,20.31584,-18.44944,CUP_POL11,CUP_POL1,LAV,Diamond Solutions,DIA,20260321-LAV-2,50ea0080-2545-11f1-b649-cf5e5eee1654,82.58137,,,6.05983,,,,,,,9f71fa90-affe-4f9e-97cb-91830f5cefd1,2026/3/21,45:06.0,2026-03-21T12:45:05.9765248-04:00,2026-03-21T16:45:05.9765248Z,,v3,,,,"Reina, Nicolas",1000540213,Right,CUP_POL11,3568f769-75f2-4585-b1ff-13becf52f350,54.56307,-121.07014,10.15792,5.87465,-2.64189,-9.22472,1.7512,-6.32951,1.74264,,,,,,,,,,,,,,,,,,,,,,,,,,,,,,,,,,,,,,,,,,,,,,,,,,,High,High,High,,,,,,,,
67,2026/3/21,45:26.5,1,3,"Salsa, Alain",,Left,CUP_POL11,"Wilmore, Axel",1000399907,Left,CUP_POL1,Undefined,3,Top,0,0,2,Fastball,Four-Seam,BallCalled,Undefined,Undefined,Undefined,0,0,"L
",82.82224,-1.374945,3.689274,2258.859444,160.326355,11:15,6.05607,-1.43134,6.21818,-22.97442,16.86091,-5.63122,2.86979,1.50875,76.76914,-5.686901,2.675628,0.454261,,,,,,,,,,,,3.80024,9.43056,1.15731,50,5.94109,-7.54607,-120.25934,-3.52932,5.64303,20.26838,-18.17038,CUP_POL11,CUP_POL1,LAV,Diamond Solutions,DIA,20260321-LAV-2,5d4db1a0-2545-11f1-b649-cf5e5eee1654,82.97524,,,6.0531,,,,,,,9f71fa90-affe-4f9e-97cb-91830f5cefd1,2026/3/21,45:26.5,2026-03-21T12:45:26.4800000-04:00,2026-03-21T16:45:26.4800000Z,,v3,,,,"Reina, Nicolas",1000540213,Right,CUP_POL11,9c389577-62af-49cb-9a77-a252f2e3cace,54.28462,-120.97931,10.13419,6.05499,-2.88388,-9.08519,1.42892,-7.74652,2.82152,,,,,,,,,,,,,,,,,,,,,,,,,,,,,,,,,,,,,,,,,,,,,,,,,,,High,High,High,,,,,,,,
68,2026/3/21,45:42.5,1,4,"Salsa, Alain",,Left,CUP_POL11,"Wilmore, Axel",1000399907,Left,CUP_POL1,Undefined,3,Top,0,1,2,Slider,Curveball,BallCalled,Undefined,Undefined,Undefined,0,0,,63.51666,2.263829,1.089474,2106.160628,308.227148,4:15,5.57371,-1.67817,5.34949,-76.5754,-6.62185,10.81103,1.31742,0.24481,59.6239,-11.533495,3.014089,0.601972,,,,,,,,,,,,-5.20855,-3.42965,1.57182,50,5.72186,-2.09121,-92.3288,1.52405,-4.54113,12.45538,-35.16425,CUP_POL11,CUP_POL1,LAV,Diamond Solutions,DIA,20260321-LAV-2,66bfc110-2545-11f1-b649-cf5e5eee1654,62.61494,,,3.89277,,,,,,,9f71fa90-affe-4f9e-97cb-91830f5cefd1,2026/3/21,45:42.5,2026-03-21T12:45:42.4775168-04:00,2026-03-21T16:45:42.4775168Z,,v3,,,,"Reina, Nicolas",1000540213,Right,CUP_POL11,06a72984-4857-4a87-93d3-eee5513fae35,55.15876,-93.02212,6.22769,5.58254,3.48146,-17.58212,1.68119,-1.83843,-2.27056,,,,,,,,,,,,,,,,,,,,,,,,,,,,,,,,,,,,,,,,,,,,,,,,,,,High,High,High,,,,,,,,
69,2026/3/21,45:58.8,1,5,"Salsa, Alain",,Left,CUP_POL11,"Wilmore, Axel",1000399907,Left,CUP_POL1,Undefined,3,Top,0,2,2,Slider,Curveball,BallCalled,Undefined,Undefined,Undefined,0,0,,65.5655,1.423906,2.735257,2024.070516,281.051237,3:15,5.52844,-1.40058,6.01301,-64.19196,-0.54386,10.83973,1.50004,2.03868,61.86408,-10.275327,4.68333,0.574201,,,,,,,,,,,,-4.97315,-0.08972,1.17983,50,5.60496,-4.87761,-95.36593,0.7134,-4.66172,12.21084,-32.25815,CUP_POL11,CUP_POL1,LAV,Diamond Solutions,DIA,20260321-LAV-2,70843640-2545-11f1-b649-cf5e5eee1654,65.64325,,,3.70142,,,,,,,9f71fa90-affe-4f9e-97cb-91830f5cefd1,2026/3/21,45:58.8,2026-03-21T12:45:58.8169728-04:00,2026-03-21T16:45:58.8169728Z,,v3,,,,"Reina, Nicolas",1000540213,Right,CUP_POL11,2953449f-d7c2-40f3-afe0-fb788e8f807a,54.49343,-95.93956,6.10542,5.53585,2.22877,-16.12907,1.40382,-4.65862,-2.33086,,,,,,,,,,,,,,,,,,,,,,,,,,,,,,,,,,,,,,,,,,,,,,,,,,,High,High,High,,,,,,,,
70,2026/3/21,46:18.7,1,6,"Salsa, Alain",,Left,CUP_POL11,"Wilmore, Axel",1000399907,Left,CUP_POL1,Undefined,3,Top,0,3,2,Slider,Curveball,BallCalled,Walk,Undefined,Undefined,0,0,,66.05709,0.811633,4.553861,2051.024114,321.438214,4:45,5.46073,-1.47539,5.86828,-69.86823,-6.19284,6.28146,0.39479,3.28733,62.21537,-11.827135,5.677337,0.574324,,,,,,,,,,,,-2.13099,-3.03488,1.10181,50,5.48491,-7.82052,-95.86786,-0.48592,-2.00339,13.40733,-35.02721,CUP_POL11,CUP_POL1,LAV,Diamond Solutions,DIA,20260321-LAV-2,7c4f02c0-2545-11f1-b649-cf5e5eee1654,65.62919,,,3.84172,,,,,,,9f71fa90-affe-4f9e-97cb-91830f5cefd1,2026/3/21,46:18.7,2026-03-21T12:46:18.6794496-04:00,2026-03-21T16:46:18.6794496Z,,v3,,,,"Reina, Nicolas",1000540213,Right,CUP_POL11,5f772236-8ce9-42cd-b177-23ebb27cec5d,54.63981,-96.51457,6.70366,5.4676,1.20364,-17.51361,1.4767,-7.72388,-1.00169,,,,,,,,,,,,,,,,,,,,,,,,,,,,,,,,,,,,,,,,,,,,,,,,,,,High,High,High,,,,,,,,
71,2026/3/21,47:10.8,2,1,"Salsa, Alain",,Left,CUP_POL11,"Soto, Gary",1000320134,Right,CUP_POL1,Undefined,3,Top,0,0,0,Fastball,Slider,BallCalled,Undefined,Undefined,Undefined,0,0,,80.85588,0.30052,4.118911,2164.826693,161.141771,11:15,5.7646,-1.84634,6.47547,-27.37214,14.04091,-4.40764,3.76029,1.57553,74.86802,-4.841908,3.322784,0.46317,,,,,,,,,,,,3.34012,7.6439,1.55778,50,5.77339,-8.31086,-117.44619,-0.11169,4.72367,19.6369,-21.36389,CUP_POL11,CUP_POL1,LAV,Diamond Solutions,DIA,20260321-LAV-2,9b4d1f90-2545-11f1-b649-cf5e5eee1654,81.37935,,,5.98786,,,,,,,9f71fa90-affe-4f9e-97cb-91830f5cefd1,2026/3/21,47:10.8,2026-03-21T12:47:10.8030976-04:00,2026-03-21T16:47:10.8030976Z,,v3,,,,"Reina, Nicolas",1000540213,Right,CUP_POL11,25a5ea2e-ee5c-402f-aeb4-abad7fbaf2a9,54.02947,-118.118,9.81845,5.76471,0.6192,-10.68195,1.84487,-8.47246,2.36184,,,,,,,,,,,,,,,,,,,,,,,,,,,,,,,,,,,,,,,,,,,,,,,,,,,High,High,High,,,,,,,,
72,2026/3/21,47:29.4,2,2,"Salsa, Alain",,Left,CUP_POL11,"Soto, Gary",1000320134,Right,CUP_POL1,Undefined,3,Top,0,1,0,Fastball,Changeup,FoulBallNotFieldable,Undefined,Undefined,Undefined,0,0,,80.45959,-0.443445,3.19511,2188.858939,168.680698,11:30,5.72343,-1.8546,6.28242,-25.16769,16.70088,-3.12327,3.21674,0.83321,74.87994,-5.16029,2.631941,0.46571,61.09015,46.003057,-178.149251,4717.019669,,,,,19.8403,,,2.36114,9.15473,1.62011,50,5.67813,-6.42215,-116.98526,-1.5887,3.33098,18.34413,-19.25895,CUP_POL11,CUP_POL1,LAV,Diamond Solutions,DIA,20260321-LAV-2,a66739b0-2545-11f1-b649-cf5e5eee1654,80.93543,21.69254,,5.57965,,,,1.10957,3.21053,-0.8628,9f71fa90-affe-4f9e-97cb-91830f5cefd1,2026/3/21,47:29.4,2026-03-21T12:47:29.3783040-04:00,2026-03-21T16:47:29.3783040Z,,v3,,,,"Reina, Nicolas",1000540213,Right,CUP_POL11,1a4cc1d1-51f6-4474-8157-b7bf11f47704,54.22167,-117.64538,9.17207,5.72283,-0.89566,-9.62948,1.85337,-6.54201,1.66549,347.628037,1.11259,-62.3258,0.53946,,,,,,,3.21645,64.22038,-27.46147,,,,,,,-0.86107,-2.07899,-2.46746,,,,,,,,,,,,,,,,,,,,,,,,,,,,,High,High,High,High,Undefined,,,,62.8505,17.81234,-28.6762
73,2026/3/21,47:56.0,2,3,"Salsa, Alain",,Left,CUP_POL11,"Soto, Gary",1000320134,Right,CUP_POL1,Undefined,3,Top,0,1,1,Fastball,Changeup,FoulBallNotFieldable,Undefined,Undefined,Undefined,0,0,,79.62936,-0.741016,2.672821,2152.675754,165.18487,11:30,5.84969,-1.82383,6.15512,-25.25694,18.01312,-4.43339,3.0595,0.27807,73.54398,-5.488674,1.874489,0.47344,,,,,,,,,,,,2.95866,9.89772,1.62272,50,5.7801,-5.24077,-115.69509,-2.17879,4.04978,19.58808,-18.62611,CUP_POL11,CUP_POL1,LAV,Diamond Solutions,DIA,20260321-LAV-2,b640fec0-2545-11f1-b649-cf5e5eee1654,79.61392,,,6.08538,,,,,,,9f71fa90-affe-4f9e-97cb-91830f5cefd1,2026/3/21,47:56.0,2026-03-21T12:47:56.0061952-04:00,2026-03-21T16:47:56.0061952Z,,v3,,,,"Reina, Nicolas",1000540213,Right,CUP_POL11,a454bd4c-97d6-488a-aa25-838b6a2b449f,54.34672,-116.42869,9.79404,5.84864,-1.48121,-9.31305,1.82183,-5.39244,2.02489,,,,,,,,,,,,,,,,,,,,,,,,,,,,,,,,,,,,,,,,,,,,,,,,,,,High,High,High,,,,,,,,
74,2026/3/21,48:26.8,2,4,"Salsa, Alain",,Left,CUP_POL11,"Soto, Gary",1000320134,Right,CUP_POL1,Undefined,3,Top,0,1,2,Slider,Curveball,HitByPitch,Undefined,Undefined,Undefined,0,0,,65.0979,-0.606175,4.353094,2005.07799,327.457555,5:00,5.59284,-1.57988,5.75297,-72.17768,-6.21985,5.11044,-0.98795,2.9064,61.56603,-13.571588,5.267799,0.584527,,,,,,,,,,,,-1.54484,-2.72736,1.21441,50,5.49694,-7.34001,-94.47639,-2.90709,-1.40702,13.3559,-34.65811,CUP_POL11,CUP_POL1,LAV,Diamond Solutions,DIA,20260321-LAV-2,c8a0f980-2545-11f1-b649-cf5e5eee1654,64.48366,,,3.53187,,,,,,,9f71fa90-affe-4f9e-97cb-91830f5cefd1,2026/3/21,48:26.7,2026-03-21T12:48:26.7512832-04:00,2026-03-21T16:48:26.7512832Z,,v3,,,,"Reina, Nicolas",1000540213,Right,CUP_POL11,e969f9ca-ec18-439b-82c5-634c301fff7a,54.75532,-95.14626,6.67795,5.59916,-1.16879,-17.32906,1.58079,-7.26944,-0.70351,,,,,,,,,,,,,,,,,,,,,,,,,,,,,,,,,,,,,,,,,,,,,,,,,,,High,High,High,,,,,,,,
75,2026/3/21,49:02.6,3,1,"Salsa, Alain",,Left,CUP_POL11,"Acosta, Roberto",1000515883,Right,CUP_POL1,Undefined,3,Top,0,0,0,Fastball,Changeup,InPlay,Undefined,FlyBall,Out,1,0,,80.02025,-1.651041,1.340818,1994.178678,167.435572,11:30,5.87734,-1.80401,5.84928,-26.55482,16.55753,-3.42461,2.1293,-0.84316,74.37574,-6.580489,0.72654,0.472577,60.25907,72.111114,44.475695,5096.504451,,,,94.98182,36.42771,58.127659,4.761492,2.08516,9.25461,1.697,50,5.72724,-2.59777,-116.34834,-4.13739,2.89944,18.88163,-19.3054,CUP_POL11,CUP_POL1,LAV,Diamond Solutions,DIA,20260321-LAV-2,de12a110-2545-11f1-b649-cf5e5eee1654,79.75942,93.54897,,5.6445,,,,1.97728,2.19369,0.8503,9f71fa90-affe-4f9e-97cb-91830f5cefd1,2026/3/21,49:02.6,2026-03-21T12:49:02.6354176-04:00,2026-03-21T16:49:02.6354176Z,Popup,v3,,,,"Reina, Nicolas",1000540213,Right,CUP_POL11,a95fff3b-8b04-429b-ad5f-02a8bae4e852,54.6546,-117.10128,9.44082,5.87688,-3.36755,-9.6527,1.8029,-2.71339,1.44972,,1.97667,19.36491,-5.97202,1.51918,0.01399,-0.17638,0.0675,-0.01109,0.00069,2.18615,84.27289,-23.3697,3.38655,-1.42518,0.50953,-0.11633,0.01413,-0.00069,0.85267,18.97277,-0.47427,-0.29374,0.24177,-0.08556,0.01546,-0.0013,4.00E-05,,,,,,,,,,,,,,,,,,,,,,,High,High,High,Medium,Low,,,,65.71242,17.65113,-11.7717
76,2026/3/21,49:40.1,4,1,"Salsa, Alain",,Left,CUP_POL11,"Sandoval, Jose",1000541147,Right,CUP_POL1,Undefined,3,Top,1,0,0,Fastball,Changeup,BallCalled,Undefined,Undefined,Undefined,0,0,,80.65914,0.050754,3.99344,2236.208953,161.5399,11:30,5.96066,-1.76285,6.08272,-27.33962,14.84536,-4.5724,3.72943,1.5569,74.78153,-5.047763,3.17337,0.467466,,,,,,,,,,,,3.33465,8.01863,1.45628,50,5.94984,-8.01434,-117.12349,-0.67952,4.69863,19.14336,-20.87549,CUP_POL11,CUP_POL1,LAV,Diamond Solutions,DIA,20260321-LAV-2,f45c5920-2545-11f1-b649-cf5e5eee1654,80.63134,,,5.8776,,,,,,,9f71fa90-affe-4f9e-97cb-91830f5cefd1,2026/3/21,49:40.1,2026-03-21T12:49:40.0768000-04:00,2026-03-21T16:49:40.0768000Z,,v3,,,,"Reina, Nicolas",1000540213,Right,CUP_POL11,73de91b3-88ec-4873-8e64-00b43f647f15,54.42183,-117.84401,9.57168,5.96063,0.10619,-10.43775,1.76125,-8.19119,2.34931,,,,,,,,,,,,,,,,,,,,,,,,,,,,,,,,,,,,,,,,,,,,,,,,,,,High,High,High,,,,,,,,
77,2026/3/21,49:58.7,4,2,"Salsa, Alain",,Left,CUP_POL11,"Sandoval, Jose",1000541147,Right,CUP_POL1,Undefined,3,Top,1,1,0,Fastball,Changeup,BallCalled,Undefined,Undefined,Undefined,0,0,,79.41358,0.646428,2.791242,2155.035102,164.173411,11:30,5.73303,-1.94283,6.22587,-25.45198,17.78257,-4.70532,4.20923,0.24261,73.46872,-4.144579,1.943361,0.473246,,,,,,,,,,,,3.09894,9.44323,1.73617,50,5.76844,-5.45882,-115.42006,0.628,4.23869,18.67373,-19.25763,CUP_POL11,CUP_POL1,LAV,Diamond Solutions,DIA,20260321-LAV-2,ff618bb0-2545-11f1-b649-cf5e5eee1654,79.64663,,,5.94486,,,,,,,9f71fa90-affe-4f9e-97cb-91830f5cefd1,2026/3/21,49:58.7,2026-03-21T12:49:58.6849280-04:00,2026-03-21T16:49:58.6849280Z,,v3,,,,"Reina, Nicolas",1000540213,Right,CUP_POL11,7dffb57e-cad7-4c1d-a578-1968eccc4a0f,54.27606,-116.10982,9.33686,5.7321,1.33933,-9.62881,1.9407,-5.61538,2.11935,,,,,,,,,,,,,,,,,,,,,,,,,,,,,,,,,,,,,,,,,,,,,,,,,,,High,High,High,,,,,,,,
78,2026/3/21,50:42.9,4,3,"Salsa, Alain",,Left,CUP_POL11,"Sandoval, Jose",1000541147,Right,CUP_POL1,Undefined,3,Top,1,2,0,Fastball,Changeup,StrikeCalled,Undefined,Undefined,Undefined,0,0,,80.82233,-1.713799,1.93354,2085.310254,168.218156,11:30,5.73725,-1.65151,6.20684,-25.44277,16.21339,-3.14575,2.03373,-0.12823,75.21113,-6.466431,1.365799,0.464527,,,,,,,,,,,,2.08532,9.18032,1.50778,50,5.59537,-3.85552,-117.5357,-4.22558,2.9638,18.93618,-19.12642,CUP_POL11,CUP_POL1,LAV,Diamond Solutions,DIA,20260321-LAV-2,19c93070-2546-11f1-b649-cf5e5eee1654,81.14152,,,5.61121,,,,,,,9f71fa90-affe-4f9e-97cb-91830f5cefd1,2026/3/21,50:42.9,2026-03-21T12:50:42.8983808-04:00,2026-03-21T16:50:42.8983808Z,,v3,,,,"Reina, Nicolas",1000540213,Right,CUP_POL11,2dccbafc-f752-487c-aea2-a641aca13ecc,54.29639,-118.22586,9.46809,5.73668,-3.52848,-9.56321,1.65027,-3.96354,1.4819,,,,,,,,,,,,,,,,,,,,,,,,,,,,,,,,,,,,,,,,,,,,,,,,,,,High,High,High,,,,,,,,
79,2026/3/21,51:02.8,4,4,"Salsa, Alain",,Left,CUP_POL11,"Sandoval, Jose",1000541147,Right,CUP_POL1,Undefined,3,Top,1,2,1,Fastball,Changeup,BallCalled,Undefined,Undefined,StolenBase,0,0,,79.11097,-0.914844,3.718145,2141.834079,162.741534,11:30,5.80756,-1.81362,6.33031,-26.78462,16.63194,-4.79721,2.73119,1.21544,73.46854,-5.933958,2.852899,0.474241,,,,,,,,,,,,3.36599,9.26378,1.54412,50,5.72765,-7.29932,-114.90201,-2.54768,4.56877,18.238,-19.59993,CUP_POL11,CUP_POL1,LAV,Diamond Solutions,DIA,20260321-LAV-2,25a75de0-2546-11f1-b649-cf5e5eee1654,79.47951,,,5.64244,,,,,,,9f71fa90-affe-4f9e-97cb-91830f5cefd1,2026/3/21,51:02.8,2026-03-21T12:51:02.7650000-04:00,2026-03-21T16:51:02.7650000Z,,v3,,,,"Reina, Nicolas",1000540213,Right,CUP_POL11,a4dfa0ed-afc4-4ee5-ab26-ea16793475f0,54.17196,-115.56231,9.119,5.80705,-1.83807,-9.79996,1.81138,-7.46473,2.28439,,,,,,,,,,,,,,,,,,,,,,,,,,,,,74.55934,,0.838349,,-2.59162,2.29897,-1.41288,-2.62785,5.23491,1.755,,,,-2.55758,107.57695,-7.6735,5.26636,10.61185,-13.20875,1.71003,-8.83078,3.62077,High,High,High,,,High,High,Medium,,,
80,2026/3/21,51:43.2,4,5,"Salsa, Alain",,Left,CUP_POL11,"Sandoval, Jose",1000541147,Right,CUP_POL1,Undefined,3,Top,1,3,1,Fastball,Changeup,BallCalled,Walk,Undefined,Undefined,0,0,,79.00422,-0.651599,4.006392,2030.491438,174.77007,11:45,5.77637,-1.97401,6.52998,-27.65198,15.47922,-1.31252,2.87277,1.59811,73.56862,-5.83606,3.769013,0.47268,,,,,,,,,,,,1.63221,8.6589,1.69582,50,5.71871,-7.99953,-114.811,-2.01951,2.21377,18.04477,-20.43006,CUP_POL11,CUP_POL1,LAV,Diamond Solutions,DIA,20260321-LAV-2,3da7edb0-2546-11f1-b649-cf5e5eee1654,79.74195,,,5.4356,,,,,,,9f71fa90-affe-4f9e-97cb-91830f5cefd1,2026/3/21,51:43.2,2026-03-21T12:51:43.1927296-04:00,2026-03-21T16:51:43.1927296Z,,v3,,,,"Reina, Nicolas",1000540213,Right,CUP_POL11,0fd3c1e8-4d29-41f1-8792-85201b5b3c0f,53.97541,-115.43412,9.02239,5.77627,-1.31402,-10.21503,1.97338,-8.07597,1.10688,,,,,,,,,,,,,,,,,,,,,,,,,,,,,,,,,,,,,,,,,,,,,,,,,,,High,High,High,,,,,,,,
81,2026/3/21,52:18.6,5,1,"Salsa, Alain",,Left,CUP_POL11,"Alacayo, Jose",1000319841,Right,CUP_POL1,Undefined,3,Top,1,0,0,Fastball,Four-Seam,InPlay,Undefined,LineDrive,Out,2,0,,82.11024,-1.917723,2.072019,2153.422249,177.064297,12:00,5.75392,-1.59991,6.1771,-23.56584,16.86237,-0.80839,2.01714,0.24721,76.38113,-6.324304,1.926253,0.457629,82.8084,8.881141,10.736631,2500.817597,106.9402,5.63925,25.76294,144.88868,130.25721,14.642029,1.380353,0.90669,9.55426,1.44355,50,5.59651,-4.2904,-119.39006,-4.66103,1.329,19.6446,-18.16989,CUP_POL11,CUP_POL1,LAV,Diamond Solutions,DIA,20260321-LAV-2,52c9c790-2546-11f1-b649-cf5e5eee1654,82.36462,7.66613,,5.72911,,,,0.67407,1.92496,-0.27531,9f71fa90-affe-4f9e-97cb-91830f5cefd1,2026/3/21,52:18.6,2026-03-21T12:52:18.6159616-04:00,2026-03-21T16:52:18.6159616Z,GroundBall,v3,,,,"Reina, Nicolas",1000540213,Right,CUP_POL11,f8b50e3b-bb1e-4bd4-af4d-2bd8996f8a18,54.32687,-120.0999,9.8223,5.75307,-4.00448,-9.08494,1.59945,-4.33842,0.6645,250.519245,0.67407,117.89534,-13.64287,1.37958,-0.28184,0.03784,-0.00491,0.00069,-5.00E-05,1.92496,18.75041,-15.97704,1.17059,-0.16603,0.03898,-0.00608,0.00068,-5.00E-05,-0.27531,22.35463,4.24215,-1.01119,0.2269,-0.05,0.00835,-0.00137,0.00013,,,,,,,,,,,,,,,,,,,,,,,High,High,High,High,High,,,,83.77657,0.72552,2.96945
82,2026/3/21,54:36.7,1,1,"Escalante, Nelson",10911539,Right,CUP_POL1,"Gonzalez, Javier",1000297334,Right,CUP_POL11,Undefined,3,Bottom,0,0,0,Fastball,Four-Seam,BallCalled,Undefined,Undefined,Undefined,0,0,,90.27302,-2.982177,-3.923878,2094.996853,212.854787,1:00,6.27412,0.66184,5.7578,-16.74627,17.47714,10.6526,2.0935,-2.10885,83.53275,-6.121754,-2.022996,0.421049,,,,,,,,,,,,-6.35248,9.9241,-0.34236,50,6.01568,8.51409,-130.83393,-7.3535,-11.16509,23.9826,-14.7315,CUP_POL11,CUP_POL1,LAV,Diamond Solutions,DIA,20260321-LAV-2,a530c010-2546-11f1-b649-cf5e5eee1654,89.52024,,,6.74026,,,,,,,9f71fa90-affe-4f9e-97cb-91830f5cefd1,2026/3/21,54:36.7,2026-03-21T12:54:36.6871552-04:00,2026-03-21T16:54:36.6871552Z,,v3,,,,"Alacayo, Jose",1000319841,Right,CUP_POL1,cb8f0ccf-4502-4934-afba-f2e0ebe06cc7,54.74531,-131.7009,11.9913,6.27188,-6.82096,-7.36575,-0.65744,8.91771,-5.58254,,,,,,,,,,,,,,,,,,,,,,,,,,,,,,,,,,,,,,,,,,,,,,,,,,,High,High,High,,,,,,,,
83,2026/3/21,54:50.4,1,2,"Escalante, Nelson",10911539,Right,CUP_POL1,"Gonzalez, Javier",1000297334,Right,CUP_POL11,Undefined,3,Bottom,0,1,0,Fastball,Four-Seam,FoulBallNotFieldable,Undefined,Undefined,Undefined,0,0,,88.13887,-1.679414,-1.416888,2114.842084,209.578517,1:00,6.27813,1.09325,5.79429,-18.5767,17.04174,9.11272,3.16688,0.53432,81.66854,-5.159298,0.215486,0.429545,64.50521,48.808242,171.99269,4648.524514,,,,,18.14238,,,-5.02402,9.43276,-0.98229,50,6.12866,2.79733,-128.15051,-4.33866,-8.47234,22.98857,-16.26694,CUP_POL11,CUP_POL1,LAV,Diamond Solutions,DIA,20260321-LAV-2,ad32ebd0-2546-11f1-b649-cf5e5eee1654,87.74965,22.5614,,6.47033,,,,1.04836,3.21273,-0.54331,9f71fa90-affe-4f9e-97cb-91830f5cefd1,2026/3/21,54:50.4,2026-03-21T12:54:50.3552512-04:00,2026-03-21T16:54:50.3552512Z,,v3,,,,"Alacayo, Jose",1000319841,Right,CUP_POL1,d47db79d-08b5-4270-8637-f393d818daef,54.71007,-128.99267,11.49428,6.27668,-3.74274,-8.13347,-1.09045,3.1077,-4.23617,329.87771,1.05082,-61.80595,0.79472,,,,,,,3.21799,70.9679,-28.18967,,,,,,,-0.5398,8.52851,-6.91626,,,,,,,,,,,,,,,,,,,,,,,,,,,,,High,High,High,High,Undefined,,,,62.35231,13.16276,-25.48649
84,2026/3/21,55:17.1,1,3,"Escalante, Nelson",10911539,Right,CUP_POL1,"Gonzalez, Javier",1000297334,Right,CUP_POL11,Undefined,3,Bottom,0,1,1,Fastball,Four-Seam,StrikeSwinging,Undefined,Undefined,Undefined,0,0,,90.62462,-1.652335,-2.060178,2399.879952,193.725385,12:30,6.44431,0.54099,5.87359,-16.77056,17.19269,3.94311,3.51055,-1.04487,83.07727,-4.828226,-1.353352,0.419446,,,,,,,,,,,,-2.55551,9.54375,-0.37642,50,6.30065,4.56047,-131.55546,-4.30015,-4.49561,26.91127,-15.38484,CUP_POL11,CUP_POL1,LAV,Diamond Solutions,DIA,20260321-LAV-2,bd2d0a20-2546-11f1-b649-cf5e5eee1654,89.86243,,,7.54735,,,,,,,9f71fa90-affe-4f9e-97cb-91830f5cefd1,2026/3/21,55:17.1,2026-03-21T12:55:17.1470336-04:00,2026-03-21T16:55:17.1470336Z,,v3,,,,"Alacayo, Jose",1000319841,Right,CUP_POL1,aa3aa9f7-c8f7-4378-b2bb-f779405e1810,54.62726,-132.49864,13.45564,6.44191,-3.76095,-7.69242,-0.53902,4.71803,-2.2478,,,,,,,,,,,,,,,,,,,,,,,,,,,,,,,,,,,,,,,,,,,,,,,,,,,High,High,High,,,,,,,,
85,2026/3/21,55:40.2,1,4,"Escalante, Nelson",10911539,Right,CUP_POL1,"Gonzalez, Javier",1000297334,Right,CUP_POL11,Undefined,3,Bottom,0,1,2,Fastball,Four-Seam,HitByPitch,Undefined,Undefined,Undefined,0,0,,91.6142,-1.947962,0.19007,2377.839605,199.375771,12:45,6.36984,0.61705,5.76322,-14.60855,18.73025,6.22579,3.3386,1.31278,84.00731,-4.726779,1.304774,0.415572,,,,,,,,,,,,-3.12929,10.39221,-0.63666,50,6.19962,-0.71321,-133.06241,-4.96046,-5.62922,27.65572,-13.47968,CUP_POL11,CUP_POL1,LAV,Diamond Solutions,DIA,20260321-LAV-2,caf22000-2546-11f1-b649-cf5e5eee1654,90.70013,,,7.60689,,,,,,,9f71fa90-affe-4f9e-97cb-91830f5cefd1,2026/3/21,55:40.2,2026-03-21T12:55:40.2094080-04:00,2026-03-21T16:55:40.2094080Z,,v3,,,,"Alacayo, Jose",1000319841,Right,CUP_POL1,c0b8ec8a-d2c7-497d-8ece-ab425efb3e47,54.73921,-134.04378,13.82786,6.36715,-4.48213,-6.73984,-0.6149,-0.51345,-2.81461,,,,,,,,,,,,,,,,,,,,,,,,,,,,,,,,,,,,,,,,,,,,,,,,,,,High,High,High,,,,,,,,
86,2026/3/21,57:09.5,2,1,"Escalante, Nelson",10911539,Right,CUP_POL1,"Castillo, Jeans",1000329632,Right,CUP_POL11,Undefined,3,Bottom,0,0,0,Fastball,Four-Seam,InPlay,Undefined,FlyBall,Out,1,0,,89.18619,-1.977765,-2.170952,2431.898332,203.057889,12:45,6.27953,0.92542,5.97094,-18.7071,16.30442,6.47036,2.88485,-0.54917,81.68813,-5.511294,-1.00879,0.42587,84.48819,42.539774,-2.994105,3894.825252,109.96853,89.18307,-2.6156,293.86002,152.74343,-0.051809,5.453099,-3.9317,9.2617,-0.757,50,6.11225,4.64088,-129.46146,-5.03759,-6.68081,26.71808,-16.43633,CUP_POL11,CUP_POL1,LAV,Diamond Solutions,DIA,20260321-LAV-2,002868b0-2547-11f1-b649-cf5e5eee1654,88.50694,105.94724,,7.49806,,,,0.61448,2.87107,0.56698,9f71fa90-affe-4f9e-97cb-91830f5cefd1,2026/3/21,57:09.5,2026-03-21T12:57:09.5115776-04:00,2026-03-21T16:57:09.5115776Z,FlyBall,v3,,,,"Alacayo, Jose",1000319841,Right,CUP_POL1,72954987-f869-4e62-9e5b-d82f06460a85,54.53156,-130.39332,13.35904,6.27796,-4.46432,-8.21816,-0.92292,4.87389,-3.34041,187.29008,0.61994,91.07433,-17.46231,3.82564,-0.49494,0.01288,0.00597,-0.00072,2.00E-05,2.86916,83.80373,-19.60072,1.34844,-0.06784,-0.0713,0.02648,-0.00376,0.00019,0.56628,-4.75574,2.5382,-0.66935,0.12024,-0.01457,0.00098,-3.00E-05,0,,,,,,,,,,,,,,,,,,,,,,,High,High,High,High,Low,,,,58.7648,18.98166,-8.07394
87,2026/3/21,57:45.8,3,1,"Escalante, Nelson",10911539,Right,CUP_POL1,"Montes De Oca, Ian",1000540211,Right,CUP_POL11,Undefined,3,Bottom,1,0,0,Fastball,Four-Seam,BallCalled,Undefined,Undefined,Undefined,0,0,,89.23446,-3.21217,-2.623207,2356.793615,195.121915,12:30,6.2533,0.72745,6.02632,-18.00903,16.87414,4.26866,1.7712,-1.34814,82.07512,-6.604336,-1.856109,0.425088,,,,,,,,,,,,-2.89307,9.87339,-0.52432,50,5.99151,5.75331,-129.40365,-7.80264,-4.92879,25.80725,-15.35321,CUP_POL11,CUP_POL1,LAV,Diamond Solutions,DIA,20260321-LAV-2,15c82520-2547-11f1-b649-cf5e5eee1654,88.66964,,,7.15934,,,,,,,9f71fa90-affe-4f9e-97cb-91830f5cefd1,2026/3/21,57:45.8,2026-03-21T12:57:45.7987072-04:00,2026-03-21T16:57:45.7987072Z,,v3,,,,"Alacayo, Jose",1000319841,Right,CUP_POL1,f65a47ee-995f-4d17-a901-30c355dd9702,54.47597,-130.29325,12.90363,6.25135,-7.2734,-7.6766,-0.72557,5.92321,-2.4644,,,,,,,,,,,,,,,,,,,,,,,,,,,,,,,,,,,,,,,,,,,,,,,,,,,High,High,High,,,,,,,,
88,2026/3/21,58:08.3,3,2,"Escalante, Nelson",10911539,Right,CUP_POL1,"Montes De Oca, Ian",1000540211,Right,CUP_POL11,Undefined,3,Bottom,1,1,0,Fastball,Four-Seam,StrikeSwinging,Undefined,Undefined,Undefined,0,0,,90.34488,-0.867967,-1.122763,2405.761566,210.373875,1:00,6.24921,0.85066,5.68825,-18.20029,16.18119,8.86252,3.92327,0.54254,82.74384,-4.296508,0.461664,0.422021,,,,,,,,,,,,-4.7852,8.76882,-0.76171,50,6.1648,2.17884,-131.21678,-2.56855,-8.36985,26.9252,-16.83635,CUP_POL11,CUP_POL1,LAV,Diamond Solutions,DIA,20260321-LAV-2,2352ca10-2547-11f1-b649-cf5e5eee1654,89.31422,,,7.60104,,,,,,,9f71fa90-affe-4f9e-97cb-91830f5cefd1,2026/3/21,58:08.3,2026-03-21T12:58:08.3083776-04:00,2026-03-21T16:58:08.3083776Z,,v3,,,,"Alacayo, Jose",1000319841,Right,CUP_POL1,62430538-b9c0-4708-8649-bfca144db332,54.81306,-132.20071,13.4626,6.24742,-1.9533,-8.41818,-0.84692,2.4847,-4.18492,,,,,,,,,,,,,,,,,,,,,,,,,,,,,,,,,,,,,,,,,,,,,,,,,,,High,High,High,,,,,,,,
89,2026/3/21,58:48.2,3,3,"Escalante, Nelson",10911539,Right,CUP_POL1,"Montes De Oca, Ian",1000540211,Right,CUP_POL11,Undefined,3,Bottom,1,1,1,Fastball,Four-Seam,HitByPitch,Undefined,Undefined,Undefined,0,0,,89.21714,-0.971452,0.823089,2378.385179,193.250852,12:30,6.36004,0.76735,5.80199,-16.47883,18.58198,4.12516,4.08306,1.87673,81.82748,-4.098868,1.561981,0.42617,,,,,,,,,,,,-1.90713,10.10792,-0.83758,50,6.27053,-2.03339,-129.65398,-2.69289,-3.25723,26.25677,-14.91061,CUP_POL11,CUP_POL1,LAV,Diamond Solutions,DIA,20260321-LAV-2,3af2c350-2547-11f1-b649-cf5e5eee1654,88.4447,,,7.38967,,,,,,,9f71fa90-affe-4f9e-97cb-91830f5cefd1,2026/3/21,58:48.2,2026-03-21T12:58:48.2032128-04:00,2026-03-21T16:58:48.2032128Z,,v3,,,,"Alacayo, Jose",1000319841,Right,CUP_POL1,2ed24b44-9f4e-4ea7-b1fe-ad262aecfd2b,54.70159,-130.60265,13.12838,6.35809,-2.15417,-7.4553,-0.76624,-1.91571,-1.62861,,,,,,,,,,,,,,,,,,,,,,,,,,,,,,,,,,,,,,,,,,,,,,,,,,,High,High,High,,,,,,,,
90,2026/3/21,59:41.0,4,1,"Escalante, Nelson",10911539,Right,CUP_POL1,"Magana Iturralde, Alfredo",1000321154,Right,CUP_POL11,Undefined,3,Bottom,1,0,0,Fastball,Four-Seam,BallinDirt,Undefined,Undefined,StolenBase,0,0,,90.69088,-2.365012,-2.865194,2350.616223,181.021829,12:00,6.2996,0.49867,5.82592,-16.9104,17.09147,0.2863,2.68766,-2.14345,83.32921,-5.550968,-2.813982,0.419684,,,,,,,,,,,,-0.89969,9.6628,-0.2644,50,6.09582,6.57015,-131.52458,-5.95532,-1.58416,26.53279,-15.15967,CUP_POL11,CUP_POL1,LAV,Diamond Solutions,DIA,20260321-LAV-2,5a77ea70-2547-11f1-b649-cf5e5eee1654,89.81141,,,7.36167,,,,,,,9f71fa90-affe-4f9e-97cb-91830f5cefd1,2026/3/21,59:41.1,2026-03-21T12:59:41.0590720-04:00,2026-03-21T16:59:41.0590720Z,,v3,,,,"Alacayo, Jose",1000319841,Right,CUP_POL1,d02a91c6-6a83-493e-bf64-e2e83a7e969b,54.67517,-132.46436,13.26639,6.29724,-5.41838,-7.57984,-0.4981,6.62626,-0.79208,,,,,,,,,,,,,,,,,,,,,,,,,,,,,,,,,,,,,,,,,,,,,,,,,,,High,High,High,,,,,,,,
91,2026/3/21,00:55.5,4,2,"Escalante, Nelson",10911539,Right,CUP_POL1,"Magana Iturralde, Alfredo",1000321154,Right,CUP_POL11,Undefined,3,Bottom,1,1,0,Fastball,Four-Seam,BallCalled,Undefined,Undefined,Undefined,0,0,,88.49903,-0.352919,0.888428,2227.961552,187.755406,12:15,6.30701,0.61136,5.87324,-17.29147,18.16092,2.33079,4.5382,1.6309,81.30038,-3.631155,1.306444,0.428543,,,,,,,,,,,,-0.95425,9.6863,-0.68457,50,6.26825,-2.094,-128.61505,-1.29572,-1.60952,24.94144,-15.83656,CUP_POL11,CUP_POL1,LAV,Diamond Solutions,DIA,20260321-LAV-2,86da3870-2547-11f1-b649-cf5e5eee1654,87.95492,,,7.19865,,,,,,,9f71fa90-affe-4f9e-97cb-91830f5cefd1,2026/3/21,00:55.5,2026-03-21T13:00:55.5200000-04:00,2026-03-21T17:00:55.5200000Z,,v3,,,,"Alacayo, Jose",1000319841,Right,CUP_POL1,b4f51a3a-ce32-4fb7-8678-0946adc59ded,54.62742,-129.50931,12.47072,6.30452,-0.72792,-7.91828,-0.61053,-2.03629,-0.80476,,,,,,,,,,,,,,,,,,,,,,,,,,,,,,,,,,,,,,,,,,,,,,,,,,,High,High,High,,,,,,,,
92,2026/3/21,01:18.3,4,3,"Escalante, Nelson",10911539,Right,CUP_POL1,"Magana Iturralde, Alfredo",1000321154,Right,CUP_POL11,Undefined,3,Bottom,1,2,0,Curveball,Curveball,StrikeCalled,Undefined,Undefined,Undefined,0,0,,76.10165,1.174793,-0.8514,2486.275606,47.397013,7:30,5.99608,1.11956,5.68627,-53.31416,-5.02177,-6.97445,2.64858,-0.25532,70.49118,-8.548962,-2.100196,0.500162,,,,,,,,,,,,3.31425,-2.39772,-1.04348,50,6.06157,1.90182,-110.63565,0.55283,4.13046,18.72055,-35.16226,CUP_POL11,CUP_POL1,LAV,Diamond Solutions,DIA,20260321-LAV-2,947ece00-2547-11f1-b649-cf5e5eee1654,75.36047,,,5.61046,,,,,,,9f71fa90-affe-4f9e-97cb-91830f5cefd1,2026/3/21,01:18.3,2026-03-21T13:01:18.2865920-04:00,2026-03-21T17:01:18.2865920Z,,v3,,,,"Alacayo, Jose",1000319841,Right,CUP_POL1,1033066d-97c1-46c6-8b11-996286fe7985,54.81873,-111.44804,9.36028,6.00447,2.07872,-17.58113,-1.12212,1.72258,2.06523,,,,,,,,,,,,,,,,,,,,,,,,,,,,,,,,,,,,,,,,,,,,,,,,,,,High,High,High,,,,,,,,
93,2026/3/21,01:35.3,4,4,"Escalante, Nelson",10911539,Right,CUP_POL1,"Magana Iturralde, Alfredo",1000321154,Right,CUP_POL11,Undefined,3,Bottom,1,2,1,Curveball,Curveball,FoulBallNotFieldable,Undefined,Undefined,Undefined,0,0,,74.10488,2.164128,0.258699,2526.02023,62.568721,8:00,5.99663,0.96331,5.66875,-57.28027,-6.12776,-14.74308,3.24218,-0.02405,68.35781,-8.296025,-2.379287,0.51476,,,,,,,,,,,,7.57922,-3.27114,-0.97557,50,6.14304,0.04033,-107.68341,2.2792,8.91487,18.39465,-36.02168,CUP_POL11,CUP_POL1,LAV,Diamond Solutions,DIA,20260321-LAV-2,9ebabd20-2547-11f1-b649-cf5e5eee1654,73.22333,,,5.74707,,,,,,,9f71fa90-affe-4f9e-97cb-91830f5cefd1,2026/3/21,01:35.3,2026-03-21T13:01:35.2803328-04:00,2026-03-21T17:01:35.2803328Z,,v3,,,,"Alacayo, Jose",1000319841,Right,CUP_POL1,4490ee98-e62a-413e-a547-037f564d9f55,54.83752,-108.50661,9.19733,6.00497,3.89126,-18.01084,-0.96844,-0.35863,4.45743,,,,,,,,,,,,,,,,,,,,,,,,,,,,,,,,,,,,,,,,,,,,,,,,,,,High,High,High,,,,,,,,
94,2026/3/21,01:57.6,4,5,"Escalante, Nelson",10911539,Right,CUP_POL1,"Magana Iturralde, Alfredo",1000321154,Right,CUP_POL11,Undefined,3,Bottom,1,2,2,Fastball,Four-Seam,StrikeSwinging,Strikeout,Undefined,Undefined,0,0,,90.33149,-1.124399,-0.900015,2338.480658,193.982024,12:30,6.36393,0.44003,5.91218,-15.65001,18.04532,4.26599,4.01584,-0.03992,83.70407,-4.082648,-0.134186,0.417788,,,,,,,,,,,,-2.38996,9.79839,-0.37019,50,6.26451,1.88296,-131.3968,-3.04225,-4.24468,23.69863,-14.77182,CUP_POL11,CUP_POL1,LAV,Diamond Solutions,DIA,20260321-LAV-2,abe0d3e0-2547-11f1-b649-cf5e5eee1654,90.21898,,,6.62742,,,,,,,9f71fa90-affe-4f9e-97cb-91830f5cefd1,2026/3/21,01:57.6,2026-03-21T13:01:57.5983104-04:00,2026-03-21T17:01:57.5983104Z,,v3,,,,"Alacayo, Jose",1000319841,Right,CUP_POL1,63cdd6cf-b3b5-4ccb-93a2-5941d1eaff83,54.59048,-132.22214,11.84931,6.3615,-2.5278,-7.38591,-0.43834,2.03079,-2.12234,,,,,,,,,,,,,,,,,,,,,,,,,,,,,,,,,,,,,,,,,,,,,,,,,,,High,High,High,,,,,,,,
95,2026/3/21,02:24.1,5,1,"Escalante, Nelson",10911539,Right,CUP_POL1,"Garcia, Yohangel",1000430175,Right,CUP_POL11,Undefined,3,Bottom,2,0,0,Fastball,Four-Seam,BallCalled,Undefined,Undefined,Undefined,0,0,,89.55952,-0.509765,-1.021966,2260.382838,196.370304,12:30,6.26799,0.52099,5.80036,-17.39485,17.02828,4.72922,4.34418,-0.03558,82.95012,-3.780085,-0.174828,0.422276,,,,,,,,,,,,-2.64914,9.10729,-0.4398,50,6.21554,2.12252,-130.27048,-1.69913,-4.62386,23.33819,-16.27804,CUP_POL11,CUP_POL1,LAV,Diamond Solutions,DIA,20260321-LAV-2,bbbeb7a0-2547-11f1-b649-cf5e5eee1654,89.26014,,,6.6094,,,,,,,9f71fa90-affe-4f9e-97cb-91830f5cefd1,2026/3/21,02:24.1,2026-03-21T13:02:24.1384960-04:00,2026-03-21T17:02:24.1384960Z,,v3,,,,"Alacayo, Jose",1000319841,Right,CUP_POL1,dc671a2b-f9eb-4e54-8f09-6a30697f217f,54.70247,-131.11023,11.66909,6.26614,-1.11342,-8.13902,-0.51916,2.2889,-2.31193,,,,,,,,,,,,,,,,,,,,,,,,,,,,,,,,,,,,,,,,,,,,,,,,,,,High,High,High,,,,,,,,
96,2026/3/21,02:44.9,5,2,"Escalante, Nelson",10911539,Right,CUP_POL1,"Garcia, Yohangel",1000430175,Right,CUP_POL11,Undefined,3,Bottom,2,1,0,Fastball,Four-Seam,StrikeSwinging,Undefined,Undefined,Undefined,0,0,,90.53986,-2.129935,-2.783126,2301.181108,215.989521,1:15,6.17257,0.91821,5.9479,-17.69068,15.87871,10.86481,2.71944,-0.75996,84.00185,-5.447132,-0.83356,0.417007,,,,,,,,,,,,-6.22244,8.94252,-0.70251,50,5.99255,5.93878,-131.53435,-5.4484,-11.07967,23.62273,-16.25105,CUP_POL11,CUP_POL1,LAV,Diamond Solutions,DIA,20260321-LAV-2,c80a25d0-2547-11f1-b649-cf5e5eee1654,90.38803,,,6.53801,,,,,,,9f71fa90-affe-4f9e-97cb-91830f5cefd1,2026/3/21,02:44.9,2026-03-21T13:02:44.9070592-04:00,2026-03-21T17:02:44.9070592Z,,v3,,,,"Alacayo, Jose",1000319841,Right,CUP_POL1,ae9d5fd8-8dc4-47de-aef6-7085d5171c8f,54.55591,-132.35003,11.81136,6.171,-4.88725,-8.12552,-0.91417,6.32135,-5.53983,,,,,,,,,,,,,,,,,,,,,,,,,,,,,,,,,,,,,,,,,,,,,,,,,,,High,High,High,,,,,,,,
97,2026/3/21,03:09.1,5,3,"Escalante, Nelson",10911539,Right,CUP_POL1,"Garcia, Yohangel",1000430175,Right,CUP_POL11,Undefined,3,Bottom,2,1,1,Fastball,Four-Seam,InPlay,Undefined,FlyBall,Out,1,0,,89.54254,-3.198949,-0.965151,2328.234584,205.116983,12:45,6.19217,0.81003,5.71004,-17.42072,17.29769,7.64796,1.7564,0.54802,83.00496,-6.451424,0.403265,0.424083,77.13425,31.342934,-6.941117,1586.602046,109.00009,51.07159,-14.796,293.29067,286.12488,-8.926985,4.088211,-4.14709,9.90158,-0.73409,50,5.91306,1.86858,-130.03537,-7.82353,-7.19547,23.86347,-14.99416,CUP_POL11,CUP_POL1,LAV,Diamond Solutions,DIA,20260321-LAV-2,d6860890-2547-11f1-b649-cf5e5eee1654,88.87978,57.34827,,6.53758,,,,1.08514,1.83365,-0.55874,9f71fa90-affe-4f9e-97cb-91830f5cefd1,2026/3/21,03:09.1,2026-03-21T13:03:09.1353600-04:00,2026-03-21T17:03:09.1353600Z,FlyBall,v3,,,,"Alacayo, Jose",1000319841,Right,CUP_POL1,62407138-5179-4e48-a823-b271e8394444,54.79397,-130.91218,11.93174,6.19039,-7.2726,-7.49708,-0.80761,2.13297,-3.59774,173.167146,1.08582,95.89481,-12.01341,2.42104,-0.34007,0.03158,-0.00647,0.0018,-0.00017,1.83328,58.85554,-17.20794,1.16693,-0.19592,-0.01344,0.02149,-0.00484,0.00035,-0.55886,-11.6724,0.70299,-0.18391,-0.00577,0.01794,-0.00643,0.00103,-6.00E-05,,,,,,,,,,,,,,,,,,,,,,,High,High,High,High,High,,,,56.90679,23.0969,-6.00012
98,2026/3/21,06:20.2,1,1,"Montanez, Santiago",1000540214,Right,CUP_POL11,"Severino, Jean Carlos",1000518694,Right,CUP_POL1,Undefined,4,Top,0,0,0,Fastball,Changeup,BallCalled,Undefined,Undefined,Undefined,0,0,,84.61651,1.002551,-2.695396,2209.234568,218.42582,1:15,5.4371,2.05903,6.23416,-24.61564,13.37859,9.80697,4.31183,0.38775,78.32702,-3.615102,-0.927101,0.44364,,,,,,,,,,,,-5.70937,7.03248,-1.86238,50,5.49954,5.41998,-123.03088,1.43769,-8.88749,20.84068,-21.22696,CUP_POL11,CUP_POL1,LAV,Diamond Solutions,DIA,20260321-LAV-2,48747220-2548-11f1-b649-cf5e5eee1654,84.96184,,,6.28949,,,,,,,9f71fa90-affe-4f9e-97cb-91830f5cefd1,2026/3/21,06:20.2,2026-03-21T13:06:20.1800000-04:00,2026-03-21T17:06:20.1800000Z,,v3,,,,"Reina, Nicolas",1000540213,Right,CUP_POL11,e21f2d09-f74b-4dff-afde-3cd1ccc8fe6d,54.26912,-123.75193,10.42034,5.4371,2.17211,-10.61348,-2.05522,5.72747,-4.44375,,,,,,,,,,,,,,,,,,,,,,,,,,,,,,,,,,,,,,,,,,,,,,,,,,,High,High,High,,,,,,,,
99,2026/3/21,06:34.1,1,2,"Montanez, Santiago",1000540214,Right,CUP_POL11,"Severino, Jean Carlos",1000518694,Right,CUP_POL1,Undefined,4,Top,0,1,0,Fastball,Changeup,BallCalled,Undefined,Undefined,Undefined,0,0,,83.50268,1.141112,-4.90637,2138.374199,237.231609,2:00,5.37671,2.10111,6.16158,-29.50092,9.66949,13.43457,3.97652,-1.32314,77.51269,-4.337356,-2.496824,0.450454,,,,,,,,,,,,-8.03886,5.07843,-1.73454,50,5.44828,9.89501,-121.14848,1.52553,-12.18235,19.30221,-24.47801,CUP_POL11,CUP_POL1,LAV,Diamond Solutions,DIA,20260321-LAV-2,50b6db30-2548-11f1-b649-cf5e5eee1654,83.67653,,,5.98999,,,,,,,9f71fa90-affe-4f9e-97cb-91830f5cefd1,2026/3/21,06:34.1,2026-03-21T13:06:34.1450000-04:00,2026-03-21T17:06:34.1450000Z,,v3,,,,"Reina, Nicolas",1000540213,Right,CUP_POL11,f6c977a3-c637-4754-8ad4-ac7631cb097b,54.34294,-121.83846,9.65111,5.37811,2.40053,-12.239,-2.09603,10.33048,-6.09117,,,,,,,,,,,,,,,,,,,,,,,,,,,,,,,,,,,,,,,,,,,,,,,,,,,High,High,High,,,,,,,,
100,2026/3/21,06:50.4,1,3,"Montanez, Santiago",1000540214,Right,CUP_POL11,"Severino, Jean Carlos",1000518694,Right,CUP_POL1,Undefined,4,Top,0,2,0,Fastball,Changeup,InPlay,Undefined,LineDrive,Out,1,0,,84.54446,-1.042013,-3.170722,2174.056271,234.462683,1:45,5.48984,2.05315,6.12813,-28.82958,9.33528,11.65087,2.12253,0.08998,78.70653,-6.384368,-1.072909,0.444635,80.39896,19.150278,26.297049,4408.471787,95.05216,27.24869,55.36199,242.65871,229.37602,35.543388,2.862565,-6.78863,5.38378,-1.81655,50,5.39473,6.37361,-122.91154,-3.13278,-10.56498,20.40599,-23.79538,CUP_POL11,CUP_POL1,LAV,Diamond Solutions,DIA,20260321-LAV-2,5a6d6db0-2548-11f1-b649-cf5e5eee1654,84.77172,28.0728,,5.83793,,,,0.59997,2.04353,-0.10061,9f71fa90-affe-4f9e-97cb-91830f5cefd1,2026/3/21,06:50.5,2026-03-21T13:06:50.4550000-04:00,2026-03-21T17:06:50.4550000Z,LineDrive,v3,,,,"Reina, Nicolas",1000540213,Right,CUP_POL11,f5c75848-4a60-426b-af9e-81912995858d,54.37698,-123.63608,10.203,5.49096,-2.2879,-11.89769,-2.0495,6.74873,-5.28249,229.091668,0.60009,99.85928,-17.8154,3.74072,-0.65128,0.09632,-0.01531,0.00239,-0.0002,2.04326,38.69518,-15.27966,0.96079,-0.32834,0.09738,-0.01378,4.00E-05,0.00016,-0.10065,49.35169,-0.30423,0.14029,-0.02392,0.00417,0.00059,-0.00044,6.00E-05,,,,,,,,,,,,,,,,,,,,,,,High,High,High,High,Medium,,,,,,
101,2026/3/21,07:30.4,2,1,"Montanez, Santiago",1000540214,Right,CUP_POL11,"Rojas, Ernesto",1000539816,Right,CUP_POL1,Undefined,4,Top,1,0,0,Slider,Curveball,StrikeSwinging,Undefined,Undefined,Undefined,0,0,,73.01349,1.150693,-3.138023,2250.536935,53.890666,7:45,5.32997,2.1879,5.82165,-56.60731,-4.56236,-8.15788,1.68432,-1.41248,68.20043,-9.153478,-4.597969,0.519231,,,,,,,,,,,,3.4137,-2.2087,-1.92593,50,5.39031,6.09321,-106.09339,0.44189,3.93392,16.2672,-34.71933,CUP_POL11,CUP_POL1,LAV,Diamond Solutions,DIA,20260321-LAV-2,725a7580-2548-11f1-b649-cf5e5eee1654,72.59281,,,4.81306,,,,,,,9f71fa90-affe-4f9e-97cb-91830f5cefd1,2026/3/21,07:30.4,2026-03-21T13:07:30.4536576-04:00,2026-03-21T17:07:30.4536576Z,,v3,,,,"Reina, Nicolas",1000540213,Right,CUP_POL11,ab346d46-f02e-4a26-8e15-9788ae2f2851,54.6848,-106.80929,8.1336,5.33724,1.96985,-17.35967,-2.19027,5.92008,1.96696,,,,,,,,,,,,,,,,,,,,,,,,,,,,,,,,,,,,,,,,,,,,,,,,,,,High,High,High,,,,,,,,
102,2026/3/21,07:45.6,2,2,"Montanez, Santiago",1000540214,Right,CUP_POL11,"Rojas, Ernesto",1000539816,Right,CUP_POL1,Undefined,4,Top,1,0,1,Slider,Curveball,BallCalled,Undefined,Undefined,Undefined,0,0,,72.28548,2.846773,-2.337006,2207.865808,79.163451,8:45,5.33018,2.16854,6.30719,-52.79318,-0.82988,-11.25312,3.55782,-0.92348,67.39181,-6.896097,-4.367182,0.518824,,,,,,,,,,,,5.30744,-0.66921,-1.99184,50,5.51405,4.64634,-105.08411,3.79831,6.02487,15.27174,-32.93372,CUP_POL11,CUP_POL1,LAV,Diamond Solutions,DIA,20260321-LAV-2,7b50c540-2548-11f1-b649-cf5e5eee1654,72.64978,,,4.89366,,,,,,,9f71fa90-affe-4f9e-97cb-91830f5cefd1,2026/3/21,07:45.6,2026-03-21T13:07:45.5733248-04:00,2026-03-21T17:07:45.5733248Z,,v3,,,,"Reina, Nicolas",1000540213,Right,CUP_POL11,6fe2b64c-5dfe-4acf-a08a-713a98990d08,54.19866,-105.69253,7.63587,5.33658,5.11038,-16.46686,-2.17217,4.40631,3.01243,,,,,,,,,,,,,,,,,,,,,,,,,,,,,,,,,,,,,,,,,,,,,,,,,,,High,High,High,,,,,,,,
103,2026/3/21,08:01.2,2,3,"Montanez, Santiago",1000540214,Right,CUP_POL11,"Rojas, Ernesto",1000539816,Right,CUP_POL1,Undefined,4,Top,1,1,1,Fastball,Changeup,InPlay,Undefined,GroundBall,Out,1,0,,84.01114,-0.212573,-4.336318,2187.818836,234.750908,1:45,5.42528,2.11555,6.34837,-28.45848,10.14284,12.81032,2.85748,-0.81648,77.67213,-5.529551,-2.026267,0.44717,88.62955,-18.233418,-7.497441,,,,,9.94167,9.94167,-2.205072,0.07245,-7.77477,5.67193,-1.80594,50,5.39617,8.78472,-121.97231,-1.28573,-11.85134,21.32726,-23.52815,CUP_POL11,CUP_POL1,LAV,Diamond Solutions,DIA,20260321-LAV-2,84a3b3f0-2548-11f1-b649-cf5e5eee1654,84.29108,2.85565,,6.33901,,,,1.1912,2.85565,0.82726,9f71fa90-affe-4f9e-97cb-91830f5cefd1,2026/3/21,08:01.2,2026-03-21T13:08:01.1898880-04:00,2026-03-21T17:08:01.1898880Z,GroundBall,v3,,,,"Reina, Nicolas",1000540213,Right,CUP_POL11,79237bd6-8092-44ca-9176-356fd699fdc5,54.15632,-122.6969,10.66363,5.42627,-0.48636,-11.76408,-2.11125,9.18737,-5.92567,156.017087,1.19128,122.39313,-23.70812,,,,,,,2.85548,-40.64092,16.99613,,,,,,,0.82733,-16.12322,-7.96224,,,,,,,,,,,,,,,,,,,,,,,,,,,,,High,High,High,High,High,,,,74.23887,4.50929,-1.77396
104,2026/3/21,08:33.2,3,1,"Montanez, Santiago",1000540214,Right,CUP_POL11,"Almonte, Jean",1000438215,Left,CUP_POL1,Undefined,4,Top,2,0,0,Fastball,Changeup,BallCalled,Undefined,Undefined,Undefined,0,0,,80.96834,-0.486125,-4.986977,2180.372022,244.84674,2:15,5.24836,2.06293,6.78525,-33.17695,7.78477,14.08871,2.0381,-1.32741,74.94037,-6.705723,-2.42751,0.460639,,,,,,,,,,,,-8.68626,4.62118,-1.74252,50,5.20409,9.7834,-117.50277,-1.88003,-12.27882,19.95267,-25.6416,CUP_POL11,CUP_POL1,LAV,Diamond Solutions,DIA,20260321-LAV-2,97b26540-2548-11f1-b649-cf5e5eee1654,81.82648,,,6.02797,,,,,,,9f71fa90-affe-4f9e-97cb-91830f5cefd1,2026/3/21,08:33.2,2026-03-21T13:08:33.2174336-04:00,2026-03-21T17:08:33.2174336Z,,v3,,,,"Reina, Nicolas",1000540213,Right,CUP_POL11,90916d7b-dc42-4445-bd59-7c94f527bc48,53.71893,-118.13257,9.97634,5.25067,-1.07065,-12.8208,-2.05745,10.17098,-6.13941,,,,,,,,,,,,,,,,,,,,,,,,,,,,,,,,,,,,,,,,,,,,,,,,,,,High,High,High,,,,,,,,
105,2026/3/21,08:47.5,3,2,"Montanez, Santiago",1000540214,Right,CUP_POL11,"Almonte, Jean",1000438215,Left,CUP_POL1,Undefined,4,Top,2,1,0,Fastball,Changeup,BallCalled,Undefined,Undefined,Undefined,0,0,,82.73861,-1.000029,-4.636813,2181.130427,210.604592,1:00,5.19166,2.39517,6.2017,-25.5999,14.33288,7.83465,2.13205,-1.24173,76.83061,-5.776776,-3.229686,0.454816,,,,,,,,,,,,-5.13733,8.01351,-2.04956,50,5.10307,9.44697,-120.04106,-2.83766,-7.61904,19.66534,-20.28941,CUP_POL11,CUP_POL1,LAV,Diamond Solutions,DIA,20260321-LAV-2,a0255430-2548-11f1-b649-cf5e5eee1654,82.87396,,,5.908,,,,,,,9f71fa90-affe-4f9e-97cb-91830f5cefd1,2026/3/21,08:47.5,2026-03-21T13:08:47.4642432-04:00,2026-03-21T17:08:47.4642432Z,,v3,,,,"Reina, Nicolas",1000540213,Right,CUP_POL11,94f7f3a1-a09c-4368-96f6-14092b3651d5,54.30167,-120.74371,9.83267,5.19151,-2.11271,-10.14471,-2.39197,9.7192,-3.80952,,,,,,,,,,,,,,,,,,,,,,,,,,,,,,,,,,,,,,,,,,,,,,,,,,,High,High,High,,,,,,,,
106,2026/3/21,09:07.2,3,3,"Montanez, Santiago",1000540214,Right,CUP_POL11,"Almonte, Jean",1000438215,Left,CUP_POL1,Undefined,4,Top,2,2,0,Fastball,Changeup,StrikeCalled,Undefined,Undefined,Undefined,0,0,,84.45272,-0.335049,-3.228734,2181.419496,229.872722,1:45,5.38843,2.19157,6.09515,-26.72368,11.77449,12.67831,2.85105,0.25836,78.0587,-5.319718,-0.948599,0.446572,,,,,,,,,,,,-7.34012,6.50229,-1.94913,50,5.3483,6.43554,-122.70479,-1.53261,-11.32288,21.59784,-22.1436,CUP_POL11,CUP_POL1,LAV,Diamond Solutions,DIA,20260321-LAV-2,abf9e4b0-2548-11f1-b649-cf5e5eee1654,84.40394,,,6.39402,,,,,,,9f71fa90-affe-4f9e-97cb-91830f5cefd1,2026/3/21,09:07.2,2026-03-21T13:09:07.2335872-04:00,2026-03-21T17:09:07.2335872Z,,v3,,,,"Reina, Nicolas",1000540213,Right,CUP_POL11,ce25fa62-1611-4e6d-9a47-e58067c807c7,54.40858,-123.47833,10.79892,5.38899,-0.73953,-11.0718,-2.18689,6.84107,-5.66144,,,,,,,,,,,,,,,,,,,,,,,,,,,,,,,,,,,,,,,,,,,,,,,,,,,High,High,High,,,,,,,,
107,2026/3/21,09:21.3,3,4,"Montanez, Santiago",1000540214,Right,CUP_POL11,"Almonte, Jean",1000438215,Left,CUP_POL1,Undefined,4,Top,2,2,1,Slider,Curveball,BallCalled,Undefined,Undefined,Undefined,0,0,,70.25597,2.123817,2.146991,2050.560766,64.295231,8:15,5.21067,2.14259,5.34677,-61.09145,-3.85252,-11.31733,2.1143,3.21443,65.32876,-8.942681,0.135361,0.544524,,,,,,,,,,,,6.19729,-1.93264,-2.32782,50,5.35824,-3.42376,-102.03983,1.88875,6.60516,15.0783,-34.23388,CUP_POL11,CUP_POL1,LAV,Diamond Solutions,DIA,20260321-LAV-2,b4920ee0-2548-11f1-b649-cf5e5eee1654,69.22087,,,4.92721,,,,,,,9f71fa90-affe-4f9e-97cb-91830f5cefd1,2026/3/21,09:21.3,2026-03-21T13:09:21.3260288-04:00,2026-03-21T17:09:21.3260288Z,,v3,,,,"Reina, Nicolas",1000540213,Right,CUP_POL11,07e1f2a8-2fc9-4860-a79e-56abceb9606d,55.15916,-102.79936,7.53915,5.21966,3.6132,-17.11694,-2.14698,-3.75648,3.30258,,,,,,,,,,,,,,,,,,,,,,,,,,,,,,,,,,,,,,,,,,,,,,,,,,,High,High,High,,,,,,,,
108,2026/3/21,09:38.0,3,5,"Montanez, Santiago",1000540214,Right,CUP_POL11,"Almonte, Jean",1000438215,Left,CUP_POL1,Undefined,4,Top,2,3,1,Fastball,Changeup,InPlay,Undefined,FlyBall,Out,1,0,,83.15218,-0.470006,-3.189621,2165.313755,235.716364,1:45,5.42288,2.20534,6.34199,-28.5249,10.76839,14.18544,2.6124,0.44778,77.0002,-5.801239,-0.625653,0.45116,65.66485,41.149389,-27.351632,5040.218035,91.74384,60.64005,-60.6878,218.75054,150.80804,-35.275331,4.289598,-8.2017,6.06796,-1.97966,50,5.37495,6.22613,-120.88519,-1.81855,-12.28667,20.83267,-23.08385,CUP_POL11,CUP_POL1,LAV,Diamond Solutions,DIA,20260321-LAV-2,be766820-2548-11f1-b649-cf5e5eee1654,83.54562,60.82905,,6.15199,,,,0.67016,2.62452,-0.43354,9f71fa90-affe-4f9e-97cb-91830f5cefd1,2026/3/21,09:38.0,2026-03-21T13:09:37.9748352-04:00,2026-03-21T17:09:37.9748352Z,FlyBall,v3,,,,"Reina, Nicolas",1000540213,Right,CUP_POL11,001dbb35-bffb-4622-990a-169d626f3b5b,54.16268,-121.60044,10.41634,5.42378,-1.026,-11.54193,-2.20066,6.64797,-6.14334,139.665555,0.67384,64.16546,-10.00907,-2.28295,5.78655,-4.0031,1.35192,-0.22106,0.01402,2.60423,63.86921,-22.21942,6.09243,-4.22651,1.94307,-0.48268,0.06018,-0.00297,-0.40864,-34.00408,3.00764,-6.41013,7.21748,-4.02277,1.18132,-0.17448,0.01023,,,,,,,,,,,,,,,,,,,,,,,High,High,High,High,Medium,,,,64.98855,5.87012,0.90689
109,2026/3/21,11:33.3,1,1,"Escalante, Nelson",10911539,Right,CUP_POL1,"Gutierrez Cortes, Kevin",1000490424,Right,CUP_POL11,Undefined,4,Bottom,0,0,0,Fastball,Four-Seam,BallCalled,Undefined,Undefined,Undefined,0,0,,90.21637,-1.640792,-1.361916,2304.086022,213.289912,1:00,6.21796,1.04148,5.90546,-16.21658,17.70741,10.99627,3.34257,0.69332,83.36186,-4.704595,0.611952,0.419204,,,,,,,,,,,,-5.94225,9.76611,-0.93816,50,6.07654,2.64809,-131.14577,-4.24014,-10.4759,24.54933,-14.95684,CUP_POL11,CUP_POL1,LAV,Diamond Solutions,DIA,20260321-LAV-2,030055f0-2549-11f1-b649-cf5e5eee1654,89.91439,,,6.85451,,,,,,,9f71fa90-affe-4f9e-97cb-91830f5cefd1,2026/3/21,11:33.3,2026-03-21T13:11:33.3251584-04:00,2026-03-21T17:11:33.3251584Z,,v3,,,,"Alacayo, Jose",1000319841,Right,CUP_POL1,9c5a9855-9947-4f94-aa4b-21d8857cf1a4,54.59717,-132.00351,12.27467,6.21556,-3.71755,-7.47842,-1.03707,3.01411,-5.23795,,,,,,,,,,,,,,,,,,,,,,,,,,,,,,,,,,,,,,,,,,,,,,,,,,,High,High,High,,,,,,,,
110,2026/3/21,11:52.9,1,2,"Escalante, Nelson",10911539,Right,CUP_POL1,"Gutierrez Cortes, Kevin",1000490424,Right,CUP_POL11,Undefined,4,Bottom,0,1,0,Slider,Curveball,StrikeCalled,Undefined,Undefined,Undefined,0,0,,73.28154,0.568258,0.735024,2268.811326,67.095471,8:15,6.00501,1.04017,5.55268,-55.66105,-3.835,-12.263,1.89767,0.70515,68.68708,-9.518083,-1.457696,0.518138,,,,,,,,,,,,6.41008,-1.68402,-1.09536,50,6.01675,-0.93734,-106.65999,-0.6831,7.49871,15.68051,-34.14404,CUP_POL11,CUP_POL1,LAV,Diamond Solutions,DIA,20260321-LAV-2,0ebcca90-2549-11f1-b649-cf5e5eee1654,72.74596,,,4.59446,,,,,,,9f71fa90-affe-4f9e-97cb-91830f5cefd1,2026/3/21,11:52.9,2026-03-21T13:11:52.9153024-04:00,2026-03-21T17:11:52.9153024Z,,v3,,,,"Alacayo, Jose",1000319841,Right,CUP_POL1,56b0502e-3fb0-4aa8-8791-f666ae1ef20c,54.95439,-107.38589,7.84025,6.01178,0.89752,-17.07202,-1.04394,-1.28447,3.74935,,,,,,,,,,,,,,,,,,,,,,,,,,,,,,,,,,,,,,,,,,,,,,,,,,,High,High,High,,,,,,,,
111,2026/3/21,12:09.2,1,3,"Escalante, Nelson",10911539,Right,CUP_POL1,"Gutierrez Cortes, Kevin",1000490424,Right,CUP_POL11,Undefined,4,Bottom,0,1,1,Fastball,Four-Seam,BallCalled,Undefined,Undefined,Undefined,0,0,,88.27768,-5.10228,-3.172471,2226.061378,210.840495,1:00,6.10855,0.85437,6.05401,-18.24651,17.14867,9.64638,-0.15505,-1.28158,82.23469,-8.496967,-1.43831,0.428197,,,,,,,,,,,,-5.7778,10.38217,-0.61282,50,5.70013,6.71463,-127.83769,-11.98018,-9.71813,22.3032,-14.71142,CUP_POL11,CUP_POL1,LAV,Diamond Solutions,DIA,20260321-LAV-2,1863f3c0-2549-11f1-b649-cf5e5eee1654,88.02598,,,6.04299,,,,,,,9f71fa90-affe-4f9e-97cb-91830f5cefd1,2026/3/21,12:09.2,2026-03-21T13:12:09.1887616-04:00,2026-03-21T17:12:09.1887616Z,,v3,,,,"Alacayo, Jose",1000319841,Right,CUP_POL1,e849cfb5-5e74-45c0-9974-19827aa2a793,54.45162,-128.612,11.1516,6.10719,-11.46944,-7.35571,-0.85179,7.05201,-4.85907,,,,,,,,,,,,,,,,,,,,,,,,,,,,,,,,,,,,,,,,,,,,,,,,,,,High,High,High,,,,,,,,
112,2026/3/21,12:28.4,1,4,"Escalante, Nelson",10911539,Right,CUP_POL1,"Gutierrez Cortes, Kevin",1000490424,Right,CUP_POL11,Undefined,4,Bottom,0,2,1,Fastball,Four-Seam,InPlay,Undefined,GroundBall,Single,0,0,,86.99168,-2.371594,-1.31113,2032.556753,208.731482,1:00,6.10651,0.84395,5.84006,-19.73434,16.79359,8.64855,2.25587,0.34582,80.7034,-6.056983,0.239883,0.434995,82.98773,5.293206,3.873298,1675.494762,,,,97.38449,55.08292,6.499445,0.869059,-4.75713,9.48969,-0.74229,50,5.90135,2.54529,-126.43497,-5.84762,-7.81015,22.33851,-16.59405,CUP_POL11,CUP_POL1,LAV,Diamond Solutions,DIA,20260321-LAV-2,2400d270-2549-11f1-b649-cf5e5eee1654,86.65034,4.13343,,6.28828,,,,0.56877,2.20661,-0.34547,9f71fa90-affe-4f9e-97cb-91830f5cefd1,2026/3/21,12:28.4,2026-03-21T13:12:28.4246016-04:00,2026-03-21T17:12:28.4246016Z,GroundBall,v3,,,,"Alacayo, Jose",1000319841,Right,CUP_POL1,877b0a08-c8a6-429d-b5c3-be63590a618c,54.6639,-127.25632,11.16926,6.10513,-5.23748,-8.29702,-0.84115,2.83246,-3.90508,265.703936,0.60665,120.32862,-11.19573,,,,,,,2.23348,10.81267,-15.43267,,,,,,,-0.37979,8.72522,5.09982,,,,,,,,,,,,,,,,,,,,,,,,,,,,,High,High,High,High,Medium,,,,,,
113,2026/3/21,13:45.8,2,1,"Escalante, Nelson",10911539,Right,CUP_POL1,"Heureaux, Hector",1000441825,Right,CUP_POL11,Undefined,4,Bottom,0,0,0,Slider,Curveball,InPlay,Undefined,FlyBall,Out,1,0,,71.37777,2.95063,0.426142,2345.850838,62.903875,8:00,6.00022,1.13689,5.711,-59.15161,-4.42516,-11.61481,3.82253,0.56604,66.18412,-7.855293,-1.651876,0.532439,74.44795,46.141554,4.130943,,109.24582,91.63121,12.85599,234.79085,226.84702,8.783195,5.17667,6.04807,-2.58638,-1.16507,50,6.2102,-0.37875,-103.72782,3.59206,6.65191,15.80929,-35.01867,CUP_POL11,CUP_POL1,LAV,Diamond Solutions,DIA,20260321-LAV-2,52047460-2549-11f1-b649-cf5e5eee1654,70.79202,95.80021,,5.19366,,,,0.68269,3.75724,-0.53765,9f71fa90-affe-4f9e-97cb-91830f5cefd1,2026/3/21,13:45.8,2026-03-21T13:13:45.7606656-04:00,2026-03-21T17:13:45.7606656Z,FlyBall,v3,,,,"Alacayo, Jose",1000319841,Right,CUP_POL1,13a20370-4a98-4389-8661-e59c6a36a3a6,54.79569,-104.45618,7.90464,6.00754,5.20543,-17.50934,-1.14056,-0.68521,3.32595,191.484279,0.68683,75.37229,-14.47151,2.98405,-0.24056,-0.07015,0.02531,-0.00311,0.00014,3.7543,78.78379,-19.34512,1.55354,-0.28323,0.01724,0.00886,-0.00211,0.00014,-0.53791,5.45587,1.42125,-0.47663,0.09665,-0.01173,2.00E-05,0.00016,-1.00E-05,,,,,,,,,,,,,,,,,,,,,,,High,High,High,High,High,,,,64.18464,7.29039,-4.86121
114,2026/3/21,14:20.1,3,1,"Escalante, Nelson",10911539,Right,CUP_POL1,"Reina, Nicolas",1000540213,Right,CUP_POL11,Undefined,4,Bottom,1,0,0,Slider,Curveball,BallinDirt,Undefined,Undefined,StolenBase,0,0,,72.0942,-0.438608,-1.62439,2449.784778,60.202747,8:00,6.01637,1.12559,5.61764,-59.11251,-5.30461,-11.83894,0.68079,-1.37749,67.5558,-11.119534,-3.744251,0.527952,,,,,,,,,,,,5.62032,-2.14358,-0.97902,50,5.94042,3.38013,-104.84532,-2.60789,6.30623,16.39463,-34.57923,CUP_POL11,CUP_POL1,LAV,Diamond Solutions,DIA,20260321-LAV-2,6683a5a0-2549-11f1-b649-cf5e5eee1654,71.39367,,,4.53839,,,,,,,9f71fa90-affe-4f9e-97cb-91830f5cefd1,2026/3/21,14:20.1,2026-03-21T13:14:20.1292800-04:00,2026-03-21T17:14:20.1292800Z,,v3,,,,"Alacayo, Jose",1000319841,Right,CUP_POL1,e0e9fb4a-ad3e-480b-ac0a-a378c8845e51,54.88912,-105.60706,8.19732,6.02427,-1.00123,-17.28962,-1.12927,3.08713,3.15311,,,,,,,,,,,,,,,,,,,,,,,,,,,,,,,,,,,,,,,,,,,,,,,,,,,High,High,High,,,,,,,,
115,2026/3/21,14:48.4,3,2,"Escalante, Nelson",10911539,Right,CUP_POL1,"Reina, Nicolas",1000540213,Right,CUP_POL11,Undefined,4,Bottom,1,1,0,Fastball,Four-Seam,BallCalled,Undefined,Undefined,Undefined,0,0,,88.14177,-3.062007,-1.8752,2310.17233,218.029217,1:15,6.16998,1.04982,5.95226,-19.9706,15.6295,11.41493,1.66156,0.26121,81.56125,-6.792937,0.176068,0.429434,,,,,,,,,,,,-6.34678,9.11863,-0.90708,50,5.91472,3.72816,-127.9826,-7.46616,-10.63927,23.76953,-16.8883,CUP_POL11,CUP_POL1,LAV,Diamond Solutions,DIA,20260321-LAV-2,7750f270-2549-11f1-b649-cf5e5eee1654,87.77228,,,6.58052,,,,,,,9f71fa90-affe-4f9e-97cb-91830f5cefd1,2026/3/21,14:48.4,2026-03-21T13:14:48.4100096-04:00,2026-03-21T17:14:48.4100096Z,,v3,,,,"Alacayo, Jose",1000319841,Right,CUP_POL1,3eca8084-60ec-4251-8341-670dad6e2e0f,54.55152,-128.82516,11.88476,6.16876,-6.86752,-8.44415,-1.04591,4.10529,-5.31963,,,,,,,,,,,,,,,,,,,,,,,,,,,,,,,,,,,,,,,,,,,,,,,,,,,High,High,High,,,,,,,,
116,2026/3/21,15:18.3,3,3,"Escalante, Nelson",10911539,Right,CUP_POL1,"Reina, Nicolas",1000540213,Right,CUP_POL11,Undefined,4,Bottom,1,2,0,Fastball,Four-Seam,StrikeCalled,Undefined,Undefined,Undefined,0,0,,87.26508,-2.700133,-3.143884,2320.554778,206.012487,12:45,6.08502,1.12634,6.11985,-19.88848,16.1569,7.38705,1.92558,-1.16773,80.89358,-6.427847,-1.814786,0.432112,,,,,,,,,,,,-4.57516,9.32697,-0.88899,50,5.86705,6.66704,-126.67142,-6.56836,-7.53424,22.59608,-16.81474,CUP_POL11,CUP_POL1,LAV,Diamond Solutions,DIA,20260321-LAV-2,89274ad0-2549-11f1-b649-cf5e5eee1654,87.22846,,,6.37151,,,,,,,9f71fa90-affe-4f9e-97cb-91830f5cefd1,2026/3/21,15:18.4,2026-03-21T13:15:18.3528960-04:00,2026-03-21T17:15:18.3528960Z,,v3,,,,"Alacayo, Jose",1000319841,Right,CUP_POL1,c265929b-5406-4cfb-8758-c450c12d0f00,54.38349,-127.45097,11.29804,6.08365,-5.98827,-8.40737,-1.12348,6.92696,-3.76712,,,,,,,,,,,,,,,,,,,,,,,,,,,,,,,,,,,,,,,,,,,,,,,,,,,High,High,High,,,,,,,,
117,2026/3/21,15:41.9,3,4,"Escalante, Nelson",10911539,Right,CUP_POL1,"Reina, Nicolas",1000540213,Right,CUP_POL11,Undefined,4,Bottom,1,2,1,Fastball,Four-Seam,BallinDirt,Undefined,Undefined,StolenBase,0,0,,88.38021,-4.842038,-4.161615,2302.809346,208.772072,1:00,5.99002,1.06491,6.18196,-19.73722,15.58367,7.99414,-0.14881,-2.11886,82.05116,-8.517007,-2.723697,0.427747,,,,,,,,,,,,-5.18705,9.5939,-0.75411,50,5.6122,8.99597,-127.85876,-11.4463,-8.69467,23.25362,-16.09248,CUP_POL11,CUP_POL1,LAV,Diamond Solutions,DIA,20260321-LAV-2,972f3610-2549-11f1-b649-cf5e5eee1654,88.11852,,,6.32905,,,,,,,9f71fa90-affe-4f9e-97cb-91830f5cefd1,2026/3/21,15:41.9,2026-03-21T13:15:41.9270144-04:00,2026-03-21T17:15:41.9270144Z,,v3,,,,"Alacayo, Jose",1000319841,Right,CUP_POL1,47696a4d-3626-4748-b7cf-ded464d5a45c,54.32264,-128.64252,11.62681,5.98885,-10.90391,-8.04624,-1.06226,9.28902,-4.34734,,,,,,,,,,,,,,,,,,,,,,,,,,,,,,,,,,,,,,,,,,,,,,,,,,,High,High,High,,,,,,,,
118,2026/3/21,16:20.1,3,5,"Escalante, Nelson",10911539,Right,CUP_POL1,"Reina, Nicolas",1000540213,Right,CUP_POL11,Undefined,4,Bottom,1,3,1,Slider,Curveball,FoulBallNotFieldable,Undefined,Undefined,Undefined,0,0,,72.47241,2.331209,-0.166675,2408.757992,53.703011,7:45,6.12608,1.17488,5.44959,-58.72771,-5.64319,-9.47784,3.41595,0.22901,67.8978,-8.304032,-1.85521,0.524391,56.3208,28.771484,160.320067,4509.778231,,,,129.90501,40.26028,163.978857,2.067662,4.77339,-3.01784,-1.15328,50,6.2907,0.63893,-105.43934,2.44779,5.47706,14.6963,-35.63677,CUP_POL11,CUP_POL1,LAV,Diamond Solutions,DIA,20260321-LAV-2,adff8340-2549-11f1-b649-cf5e5eee1654,71.87847,21.69069,,4.57461,,,,0.47212,3.22949,-0.19832,9f71fa90-affe-4f9e-97cb-91830f5cefd1,2026/3/21,16:20.1,2026-03-21T13:16:20.1165312-04:00,2026-03-21T17:16:20.1165312Z,LineDrive,v3,,,,"Alacayo, Jose",1000319841,Right,CUP_POL1,df741d35-f0aa-4831-9cc5-7b3ba1cd28eb,55.05819,-106.14201,7.34815,6.13293,4.15169,-17.81839,-1.17758,0.37706,2.73853,327.916234,0.47216,-68.17971,3.02031,0.24312,0.2649,-0.41369,0.29603,-0.09839,0.01236,3.22948,39.7594,-23.06029,2.1258,-0.49573,0.15703,-0.0626,0.02094,-0.00301,-0.19835,24.38585,-4.36484,0.82243,-0.37797,0.28305,-0.17213,0.05617,-0.00715,,,,,,,,,,,,,,,,,,,,,,,High,High,High,High,Low,,,,58.03207,11.44181,3.97629
119,2026/3/21,16:50.7,3,6,"Escalante, Nelson",10911539,Right,CUP_POL1,"Reina, Nicolas",1000540213,Right,CUP_POL11,Undefined,4,Bottom,1,3,2,Slider,Curveball,StrikeSwinging,Strikeout,Undefined,Undefined,0,0,,71.85116,2.506473,-0.008525,2469.11193,67.391332,8:15,5.95284,1.03187,5.98418,-56.52117,-3.38689,-11.44835,3.56756,0.06994,67.02048,-7.856389,-2.067805,0.524637,,,,,,,,,,,,5.87485,-1.86788,-1.02494,50,6.11955,0.39676,-104.537,2.94703,6.59921,15.12566,-34.27226,CUP_POL11,CUP_POL1,LAV,Diamond Solutions,DIA,20260321-LAV-2,c0587920-2549-11f1-b649-cf5e5eee1654,71.84481,,,4.83068,,,,,,,9f71fa90-affe-4f9e-97cb-91830f5cefd1,2026/3/21,16:50.7,2026-03-21T13:16:50.7342848-04:00,2026-03-21T17:16:50.7342848Z,,v3,,,,"Alacayo, Jose",1000319841,Right,CUP_POL1,48ea64a7-467f-40aa-811f-462f3c801000,54.52224,-105.1893,7.56283,5.96059,4.42503,-17.13613,-1.03591,0.11216,3.2996,,,,,,,,,,,,,,,,,,,,,,,,,,,,,,,,,,,,,,,,,,,,,,,,,,,High,High,High,,,,,,,,
120,2026/3/21,17:19.8,4,1,"Escalante, Nelson",10911539,Right,CUP_POL1,"Beltran, Jonathan Josue",1000490425,Right,CUP_POL11,Undefined,4,Bottom,2,0,0,Fastball,Four-Seam,InPlay,Undefined,GroundBall,Out,1,0,,89.32443,-2.286353,-1.61331,2324.45959,199.968208,12:45,6.15327,0.80847,6.05703,-19.46682,14.37154,4.9417,2.41268,-0.27349,84.12623,-5.897075,-0.723684,0.418674,93.11143,-15.547852,-16.974471,,,,,9.28989,9.28989,-13.65174,0.064466,-2.88469,8.13977,-0.68579,50,5.96465,3.47065,-130.05683,-5.81186,-5.09286,19.39961,-17.80336,CUP_POL11,CUP_POL1,LAV,Diamond Solutions,DIA,20260321-LAV-2,d18f5d30-2549-11f1-b649-cf5e5eee1654,90.02811,2.36401,,5.1982,,,,0.90082,2.36401,0.288,9f71fa90-affe-4f9e-97cb-91830f5cefd1,2026/3/21,17:19.8,2026-03-21T13:17:19.8484480-04:00,2026-03-21T17:17:19.8484480Z,GroundBall,v3,,,,"Alacayo, Jose",1000319841,Right,CUP_POL1,1331a7f1-2de8-4b49-a45b-3e808975e510,54.44896,-130.71877,9.6998,6.15259,-5.2044,-8.90168,-0.80718,3.64442,-2.54643,180,0.89846,126.06114,,,,,,,,2.36469,-36.67082,,,,,,,,0.28872,-38.47935,,,,,,,,,,,,,,,,,,,,,,,,,,,,,,High,High,High,High,High,,,,,,
121,2026/3/21,20:32.9,1,1,"Talamantes, Daniel",1000540209,Right,CUP_POL11,"Martes, Elian",1000467100,Right,CUP_POL1,Undefined,5,Top,0,0,0,Fastball,Changeup,StrikeSwinging,Undefined,Undefined,Undefined,0,0,,80.34799,-1.7753,-2.655581,2224.389294,233.146792,1:45,6.19154,1.38665,6.55817,-28.52687,13.64946,16.43666,2.18423,0.31969,73.83434,-7.151026,0.331284,0.467418,,,,,,,,,,,,-9.3804,8.06709,-1.20986,50,6.05665,4.8503,-116.72794,-4.36731,-12.9531,21.79981,-21.0345,CUP_POL11,CUP_POL1,LAV,Diamond Solutions,DIA,20260321-LAV-2,44b50e40-254a-11f1-b649-cf5e5eee1654,80.63962,,,6.51365,,,,,,,9f71fa90-affe-4f9e-97cb-91830f5cefd1,2026/3/21,20:32.9,2026-03-21T13:20:32.9379840-04:00,2026-03-21T17:20:32.9379840Z,,v3,,,,"Beltran, Jonathan Josue",1000490425,Right,CUP_POL11,ad7d038a-26ea-415b-8f81-5fea2eb72795,53.94502,-117.46239,10.89991,6.19185,-3.65864,-10.51725,-1.38062,5.2867,-6.47655,,,,,,,,,,,,,,,,,,,,,,,,,,,,,,,,,,,,,,,,,,,,,,,,,,,High,High,High,,,,,,,,
122,2026/3/21,20:51.0,1,2,"Talamantes, Daniel",1000540209,Right,CUP_POL11,"Martes, Elian",1000467100,Right,CUP_POL1,Undefined,5,Top,0,0,1,Fastball,Changeup,BallinDirt,Undefined,Undefined,Undefined,0,0,,78.02841,-3.627077,-5.220045,1976.40536,231.001163,1:45,6.0649,1.75537,6.94059,-30.57525,13.34698,14.92957,0.19727,-1.76518,72.74592,-9.350484,-2.49845,0.476995,,,,,,,,,,,,-9.23567,8.39367,-1.43382,50,5.82681,9.87043,-113.02252,-7.92155,-12.11348,17.90011,-21.16492,CUP_POL11,CUP_POL1,LAV,Diamond Solutions,DIA,20260321-LAV-2,4f7ff6f0-254a-11f1-b649-cf5e5eee1654,79.02068,,,5.28249,,,,,,,9f71fa90-affe-4f9e-97cb-91830f5cefd1,2026/3/21,20:51.0,2026-03-21T13:20:51.0299648-04:00,2026-03-21T17:20:51.0299648Z,,v3,,,,"Beltran, Jonathan Josue",1000490425,Right,CUP_POL11,88f503a7-254b-43ff-a3dd-593bec203858,53.56404,-113.58558,8.95006,6.06552,-7.2558,-10.58246,-1.75029,10.25146,-6.05674,,,,,,,,,,,,,,,,,,,,,,,,,,,,,,,,,,,,,,,,,,,,,,,,,,,High,High,High,,,,,,,,
123,2026/3/21,21:14.7,1,3,"Talamantes, Daniel",1000540209,Right,CUP_POL11,"Martes, Elian",1000467100,Right,CUP_POL1,Undefined,5,Top,0,1,1,Slider,Changeup,InPlay,Undefined,FlyBall,Out,1,0,,79.35015,-2.091923,-2.955457,2182.163427,215.355555,1:15,6.22617,1.5727,6.78363,-26.88009,15.67355,10.24379,2.07289,-0.27432,73.52961,-7.167891,-1.087564,0.469504,74.50639,34.100809,-11.537369,3387.783726,107.78977,58.62633,-21.93862,279.96182,275.44515,-11.422593,4.508885,-6.22843,9.23233,-1.38404,50,6.07937,5.63342,-115.34984,-4.87047,-8.47032,19.57508,-19.61861,CUP_POL11,CUP_POL1,LAV,Diamond Solutions,DIA,20260321-LAV-2,5d8c7610-254a-11f1-b649-cf5e5eee1654,80.28132,65.77459,,5.82054,,,,1.86852,2.11682,0.25769,9f71fa90-affe-4f9e-97cb-91830f5cefd1,2026/3/21,21:14.7,2026-03-21T13:21:14.6582528-04:00,2026-03-21T17:21:14.6582528Z,FlyBall,v3,,,,"Beltran, Jonathan Josue",1000490425,Right,CUP_POL11,15a4ada2-538c-4ff5-bf22-56903abd3509,53.72091,-115.97957,9.78754,6.2259,-4.23934,-9.8093,-1.56965,5.90591,-4.23516,176.659956,1.86982,88.62911,-12.85698,2.56056,-0.29073,-0.02646,0.016,-0.00217,0.0001,2.11606,61.27754,-16.08389,0.86305,-0.15809,0.01985,0.00444,-0.00163,0.00013,0.25728,-18.08802,2.0668,-0.2581,-0.00973,0.01834,-0.00406,0.00033,-1.00E-05,,,,,,,,,,,,,,,,,,,,,,,High,High,High,High,High,,,,65.73873,16.13693,-21.32027
124,2026/3/21,21:47.8,2,1,"Talamantes, Daniel",1000540209,Right,CUP_POL11,"Feliz, Sariel",1000347580,Right,CUP_POL1,Undefined,5,Top,1,0,0,Slider,Slider,BallCalled,Undefined,Undefined,Undefined,0,0,,72.77907,-1.47984,-2.552479,2085.023119,122.720279,10:00,5.9467,1.79625,6.59241,-47.06093,3.20732,-3.12784,0.66731,-0.80484,68.90406,-10.132184,-3.121884,0.510292,,,,,,,,,,,,1.12736,2.30815,-1.62026,50,5.82506,4.81376,-105.98379,-3.92582,1.31119,14.28238,-29.48953,CUP_POL11,CUP_POL1,LAV,Diamond Solutions,DIA,20260321-LAV-2,714e23b0-254a-11f1-b649-cf5e5eee1654,73.86452,,,3.87501,,,,,,,9f71fa90-affe-4f9e-97cb-91830f5cefd1,2026/3/21,21:47.8,2026-03-21T13:21:47.7699072-04:00,2026-03-21T17:21:47.7699072Z,,v3,,,,"Beltran, Jonathan Josue",1000490425,Right,CUP_POL11,03bed6b7-a02b-4d2b-adc6-a9c359603b0b,53.91457,-106.51001,7.14119,5.94969,-2.83931,-14.74476,-1.79673,4.76545,0.65559,,,,,,,,,,,,,,,,,,,,,,,,,,,,,,,,,,,,,,,,,,,,,,,,,,,High,High,High,,,,,,,,
125,2026/3/21,22:03.4,2,2,"Talamantes, Daniel",1000540209,Right,CUP_POL11,"Feliz, Sariel",1000347580,Right,CUP_POL1,Undefined,5,Top,1,1,0,Slider,Slider,StrikeCalled,Undefined,Undefined,Undefined,0,0,,72.0587,0.359309,-0.742244,2135.047174,146.220837,10:45,6.07917,1.68275,6.69635,-45.17939,5.69492,-3.01126,2.64284,0.75299,67.94063,-8.028429,-1.291574,0.513359,,,,,,,,,,,,1.44669,3.31933,-1.63221,50,6.08491,1.44804,-105.06123,-0.4483,1.65722,13.64378,-28.3717,CUP_POL11,CUP_POL1,LAV,Diamond Solutions,DIA,20260321-LAV-2,7aa9c4f0-254a-11f1-b649-cf5e5eee1654,73.42321,,,4.11807,,,,,,,9f71fa90-affe-4f9e-97cb-91830f5cefd1,2026/3/21,22:03.4,2026-03-21T13:22:03.3777664-04:00,2026-03-21T17:22:03.3777664Z,,v3,,,,"Beltran, Jonathan Josue",1000490425,Right,CUP_POL11,5c1749e8-84e0-4824-94c0-8c9d9a17725c,53.80911,-105.55474,6.82189,6.08257,0.57793,-14.18585,-1.68351,1.3881,0.82861,,,,,,,,,,,,,,,,,,,,,,,,,,,,,,,,,,,,,,,,,,,,,,,,,,,High,High,High,,,,,,,,
126,2026/3/21,22:21.5,2,3,"Talamantes, Daniel",1000540209,Right,CUP_POL11,"Feliz, Sariel",1000347580,Right,CUP_POL1,Undefined,5,Top,1,1,1,Fastball,Changeup,InPlay,Undefined,LineDrive,Single,0,0,,76.83087,0.417373,-2.665875,2020.271494,240.034382,2:00,6.08665,1.75658,7.35235,-34.17502,9.94461,15.19115,3.61605,0.61334,71.39762,-6.074419,0.135214,0.478065,73.97253,16.286292,-38.595145,1427.308351,87.21856,17.15023,-67.02888,184.69142,184.69142,-37.617019,2.08607,-8.94867,5.64677,-1.61304,50,6.10016,4.79632,-111.93448,0.07927,-11.50529,17.67211,-24.914,CUP_POL11,CUP_POL1,LAV,Diamond Solutions,DIA,20260321-LAV-2,855a47d0-254a-11f1-b649-cf5e5eee1654,78.84367,17.66595,,5.43325,,,,2.73033,3.44631,-0.32565,9f71fa90-affe-4f9e-97cb-91830f5cefd1,2026/3/21,22:21.5,2026-03-21T13:22:21.4592512-04:00,2026-03-21T17:22:21.4592512Z,LineDrive,v3,,,,"Beltran, Jonathan Josue",1000490425,Right,CUP_POL11,f1cb8583-6595-468f-aa9e-1d079b487ec6,53.15342,-112.43123,8.83605,6.08809,0.77959,-12.457,-1.75241,5.11973,-5.75264,,2.73033,81.3925,-8.43085,1.59301,-0.28529,0.04984,-0.00933,0.00144,-0.00012,3.44632,30.42454,-17.31222,1.27372,-0.18074,-0.03831,0.04467,-0.01479,0.00183,-0.32565,-64.96339,7.37874,-1.37387,0.24062,-0.03372,0.00251,0.00046,-0.0001,,,,,,,,,,,,,,,,,,,,,,,High,High,High,Medium,High,,,,,,
127,2026/3/21,23:02.7,3,1,"Talamantes, Daniel",1000540209,Right,CUP_POL11,"Wilmore, Axel",1000399907,Left,CUP_POL1,Undefined,5,Top,1,0,0,ChangeUp,Changeup,BallCalled,Undefined,Undefined,Undefined,0,0,,76.23914,-2.961356,-2.306853,1930.67694,221.329385,1:30,6.08881,1.78332,6.47327,-34.8536,11.74339,9.16126,0.46001,0.427,71.12253,-9.421812,-0.642606,0.491304,,,,,,,,,,,,-5.44099,7.27989,-1.62485,50,5.86399,4.17766,-110.78834,-6.64291,-6.83711,17.74701,-23.02621,CUP_POL11,CUP_POL1,LAV,Diamond Solutions,DIA,20260321-LAV-2,9df4a6a0-254a-11f1-b649-cf5e5eee1654,76.71917,,,5.11661,,,,,,,9f71fa90-affe-4f9e-97cb-91830f5cefd1,2026/3/21,23:02.7,2026-03-21T13:23:02.7096064-04:00,2026-03-21T17:23:02.7096064Z,,v3,,,,"Beltran, Jonathan Josue",1000490425,Right,CUP_POL11,8de80bd9-6cb1-4edf-a03e-91423046282b,54.03197,-111.43234,8.8735,6.08989,-5.80734,-11.51311,-1.78095,4.42576,-3.41856,,,,,,,,,,,,,,,,,,,,,,,,,,,,,,,,,,,,,,,,,,,,,,,,,,,High,High,High,,,,,,,,
128,2026/3/21,23:23.1,3,2,"Talamantes, Daniel",1000540209,Right,CUP_POL11,"Wilmore, Axel",1000399907,Left,CUP_POL1,Undefined,5,Top,1,1,0,Fastball,Changeup,InPlay,Undefined,GroundBall,Out,2,0,,80.65604,-1.447374,-2.115561,2209.36128,230.035967,1:45,6.08231,1.63358,7.1543,-27.8284,12.70127,13.77009,2.45005,0.86243,74.70483,-6.732976,0.416253,0.458203,71.95539,8.708945,10.84713,1838.782222,,,,89.97984,89.97984,11.650413,0.919204,-7.99138,7.5637,-1.51325,50,5.98864,3.92117,-117.43188,-3.61105,-11.25476,20.45498,-21.52162,CUP_POL11,CUP_POL1,LAV,Diamond Solutions,DIA,20260321-LAV-2,aa1fe2a0-254a-11f1-b649-cf5e5eee1654,82.26144,5.41252,,5.9512,,,,0.92862,2.37805,-0.86448,9f71fa90-affe-4f9e-97cb-91830f5cefd1,2026/3/21,23:23.2,2026-03-21T13:23:23.1559168-04:00,2026-03-21T17:23:23.1559168Z,GroundBall,v3,,,,"Beltran, Jonathan Josue",1000490425,Right,CUP_POL11,e60b82c6-3503-4480-a375-7334108d32b3,53.35042,-118.01404,10.22749,6.08269,-2.99854,-10.76081,-1.6294,4.24148,-5.62738,322.365847,0.92862,102.45375,-9.01398,0.98789,-0.19835,0.0221,-0.00511,0.00156,-0.00025,2.37805,15.97951,-21.734,1.9699,-0.38994,0.07983,-0.013,0.00255,-0.00034,-0.86448,19.63145,1.55631,-0.50737,0.11655,-0.02563,0.00467,-0.0009,0.0001,,,,,,,,,,,,,,,,,,,,,,,High,High,High,High,High,,,,68.72321,20.6188,4.17257
129,2026/3/21,25:53.2,1,1,"Felix, Alan",1000402430,Right,CUP_POL1,"Gonzalez, Javier",1000297334,Right,CUP_POL11,Undefined,5,Bottom,0,0,0,Fastball,Four-Seam,BallCalled,Undefined,Undefined,Undefined,0,0,,86.21838,-0.952321,-2.868823,2318.841766,212.816689,1:00,5.8659,0.91144,6.0175,-21.5169,15.58347,9.35792,3.18946,-0.9685,79.53718,-4.99237,-1.188014,0.43839,,,,,,,,,,,,-5.50658,8.58658,-0.69123,50,5.7792,5.89876,-125.23545,-2.72671,-8.83666,22.81837,-18.39483,CUP_POL11,CUP_POL1,LAV,Diamond Solutions,DIA,20260321-LAV-2,0389bf50-254b-11f1-b649-cf5e5eee1654,85.97926,,,6.6812,,,,,,,9f71fa90-affe-4f9e-97cb-91830f5cefd1,2026/3/21,25:53.2,2026-03-21T13:25:53.1921920-04:00,2026-03-21T17:25:53.1921920Z,,v3,,,,"Alacayo, Jose",1000319841,Right,CUP_POL1,1e3a72c2-76b8-4424-b719-5b0bf27d6ccc,54.48464,-126.04992,11.40918,5.86481,-2.07013,-9.19741,-0.9074,6.21417,-4.41833,,,,,,,,,,,,,,,,,,,,,,,,,,,,,,,,,,,,,,,,,,,,,,,,,,,High,High,High,,,,,,,,
130,2026/3/21,26:11.7,1,2,"Felix, Alan",1000402430,Right,CUP_POL1,"Gonzalez, Javier",1000297334,Right,CUP_POL11,Undefined,5,Bottom,0,1,0,Fastball,Four-Seam,FoulBallNotFieldable,Undefined,Undefined,Undefined,0,0,,85.8897,-1.171766,-2.513171,2277.017645,216.799924,1:15,5.75632,0.91677,6.49794,-23.13706,13.52607,9.33501,2.75141,-0.6138,79.37571,-5.534475,-0.819955,0.435799,,,,,,,,,,,,-5.54957,7.71855,-0.74463,50,5.6638,5.14396,-124.90517,-3.20158,-8.8536,22.83564,-19.8601,CUP_POL11,CUP_POL1,LAV,Diamond Solutions,DIA,20260321-LAV-2,0e9a1570-254b-11f1-b649-cf5e5eee1654,86.49044,,,6.51399,,,,,,,9f71fa90-affe-4f9e-97cb-91830f5cefd1,2026/3/21,26:11.7,2026-03-21T13:26:11.7038080-04:00,2026-03-21T17:26:11.7038080Z,,v3,,,,"Alacayo, Jose",1000319841,Right,CUP_POL1,ed4728ca-3440-4867-b36d-7356ad2f8d1d,54.00614,-125.63545,11.41782,5.75603,-2.56645,-9.93005,-0.91366,5.42709,-4.4268,,,,,,,,,,,,,,,,,,,,,,,,,,,,,,,,,,,,,,,,,,,,,,,,,,,High,High,High,,,,,,,,
131,2026/3/21,26:36.1,1,3,"Felix, Alan",1000402430,Right,CUP_POL1,"Gonzalez, Javier",1000297334,Right,CUP_POL11,Undefined,5,Bottom,0,1,1,Fastball,Four-Seam,StrikeCalled,Undefined,Undefined,Undefined,0,0,,86.99395,-1.193534,-2.833382,2342.373462,226.079277,1:30,5.8763,0.44157,6.21352,-23.34773,12.53288,12.03264,2.8276,-1.17285,80.94932,-5.552353,-0.663057,0.431123,,,,,,,,,,,,-6.88386,7.08012,-0.23478,50,5.77472,5.79645,-126.51377,-3.34814,-11.36373,21.32713,-20.48631,CUP_POL11,CUP_POL1,LAV,Diamond Solutions,DIA,20260321-LAV-2,1d278460-254b-11f1-b649-cf5e5eee1654,87.42849,,,6.04463,,,,,,,9f71fa90-affe-4f9e-97cb-91830f5cefd1,2026/3/21,26:36.1,2026-03-21T13:26:36.1063424-04:00,2026-03-21T17:26:36.1063424Z,,v3,,,,"Alacayo, Jose",1000319841,Right,CUP_POL1,9232e6a7-b757-4bdb-81e2-da19df4d59b0,54.2908,-127.23504,10.66357,5.87624,-2.65531,-10.24316,-0.43731,6.18076,-5.68187,,,,,,,,,,,,,,,,,,,,,,,,,,,,,,,,,,,,,,,,,,,,,,,,,,,High,High,High,,,,,,,,
132,2026/3/21,26:55.3,1,4,"Felix, Alan",1000402430,Right,CUP_POL1,"Gonzalez, Javier",1000297334,Right,CUP_POL11,Undefined,5,Bottom,0,1,1,Fastball,Changeup,FoulBallNotFieldable,Undefined,Undefined,Undefined,0,0,,85.49613,-0.051261,-3.129726,2393.364813,229.587769,1:45,5.81647,0.85448,6.01407,-25.85289,11.593,12.46001,3.61451,-1.00949,79.442,-4.857264,-0.892289,0.440426,,,,,,,,,,,,-7.14284,6.29548,-0.61552,50,5.79806,6.31303,-124.30048,-0.92246,-11.37965,20.64321,-22.14439,CUP_POL11,CUP_POL1,LAV,Diamond Solutions,DIA,20260321-LAV-2,288b9fd0-254b-11f1-b649-cf5e5eee1654,85.58169,,,6.05413,,,,,,,9f71fa90-affe-4f9e-97cb-91830f5cefd1,2026/3/21,26:55.3,2026-03-21T13:26:55.2945152-04:00,2026-03-21T17:26:55.2945152Z,,v3,,,,"Alacayo, Jose",1000319841,Right,CUP_POL1,f6a8376c-d304-4a82-8b71-69b96e02d82a,54.49059,-125.04403,10.3216,5.81693,-0.12484,-11.07219,-0.85029,6.72291,-5.68983,,,,,,,,,,,,,,,,,,,,,,,,,,,,,,,,,,,,,,,,,,,,,,,,,,,High,High,High,,,,,,,,
133,2026/3/21,27:19.0,1,5,"Felix, Alan",1000402430,Right,CUP_POL1,"Gonzalez, Javier",1000297334,Right,CUP_POL11,Undefined,5,Bottom,0,1,2,Fastball,Changeup,BallCalled,Undefined,Undefined,Undefined,0,0,,79.49967,-2.718513,-3.140563,1945.282557,250.055861,2:15,5.93945,0.7915,6.49425,-37.36801,5.86059,12.47363,0.32414,-1.05506,73.52338,-9.644843,-0.874351,0.473213,,,,,,,,,,,,-7.40682,4.22559,-0.57628,50,5.73217,5.90651,-115.3823,-6.53235,-10.0056,21.05447,-26.46586,CUP_POL11,CUP_POL1,LAV,Diamond Solutions,DIA,20260321-LAV-2,36bd8140-254b-11f1-b649-cf5e5eee1654,79.65211,,,5.97628,,,,,,,9f71fa90-affe-4f9e-97cb-91830f5cefd1,2026/3/21,27:19.0,2026-03-21T13:27:19.0383616-04:00,2026-03-21T17:27:19.0383616Z,,v3,,,,"Alacayo, Jose",1000319841,Right,CUP_POL1,24d0c0c9-f945-4723-9da9-d72bb9bd9b63,54.0094,-116.11161,10.52723,5.94257,-5.61558,-13.23293,-0.78688,6.2531,-5.0028,,,,,,,,,,,,,,,,,,,,,,,,,,,,,,,,,,,,,,,,,,,,,,,,,,,High,High,High,,,,,,,,
134,2026/3/21,27:39.3,1,6,"Felix, Alan",1000402430,Right,CUP_POL1,"Gonzalez, Javier",1000297334,Right,CUP_POL11,Undefined,5,Bottom,0,2,2,Fastball,Four-Seam,BallCalled,Undefined,Undefined,Undefined,0,0,,85.88345,0.094979,-3.641563,2361.073201,228.203468,1:30,5.80369,0.55741,6.44031,-23.93552,12.99201,13.30946,3.89652,-1.68448,78.92386,-4.425028,-1.234576,0.437368,,,,,,,,,,,,-7.86099,7.10453,-0.3038,50,5.79947,7.43145,-124.72715,-0.46795,-12.47073,23.42905,-20.90338,CUP_POL11,CUP_POL1,LAV,Diamond Solutions,DIA,20260321-LAV-2,42c2beb0-254b-11f1-b649-cf5e5eee1654,86.18023,,,6.95958,,,,,,,9f71fa90-affe-4f9e-97cb-91830f5cefd1,2026/3/21,27:39.3,2026-03-21T13:27:39.2801280-04:00,2026-03-21T17:27:39.2801280Z,,v3,,,,"Alacayo, Jose",1000319841,Right,CUP_POL1,a296671c-b5ef-44f1-be55-62ba6f3f4386,54.0622,-125.48788,11.71452,5.80365,0.21078,-10.45169,-0.55167,7.83637,-6.23536,,,,,,,,,,,,,,,,,,,,,,,,,,,,,,,,,,,,,,,,,,,,,,,,,,,High,High,High,,,,,,,,
135,2026/3/21,28:01.5,1,7,"Felix, Alan",1000402430,Right,CUP_POL1,"Gonzalez, Javier",1000297334,Right,CUP_POL11,Undefined,5,Bottom,0,3,2,Curveball,Curveball,BallCalled,Walk,Undefined,Undefined,0,0,,67.56603,1.085519,2.161451,2242.40521,80.337799,8:45,5.78817,1.00615,6.46753,-60.32755,-1.15473,-16.30564,1.75875,1.63357,63.17344,-10.052753,-0.802017,0.553646,,,,,,,,,,,,9.18634,-0.4974,-1.15135,50,5.83743,-3.25705,-98.36174,0.39867,9.09337,14.08312,-32.66642,CUP_POL11,CUP_POL1,LAV,Diamond Solutions,DIA,20260321-LAV-2,50153ca0-254b-11f1-b649-cf5e5eee1654,68.08034,,,4.39259,,,,,,,9f71fa90-affe-4f9e-97cb-91830f5cefd1,2026/3/21,28:01.5,2026-03-21T13:28:01.5193088-04:00,2026-03-21T17:28:01.5193088Z,,v3,,,,"Alacayo, Jose",1000319841,Right,CUP_POL1,b1e1d7ea-2316-42dc-a054-fe296e8bd276,54.03998,-98.93848,7.04156,5.79371,1.73645,-16.33321,-1.01033,-3.62945,4.54669,,,,,,,,,,,,,,,,,,,,,,,,,,,,,,,,,,,,,,,,,,,,,,,,,,,High,High,High,,,,,,,,
136,2026/3/21,28:51.0,2,1,"Felix, Alan",1000402430,Right,CUP_POL1,"Castillo, Jeans",1000329632,Right,CUP_POL11,Undefined,5,Bottom,0,0,0,Fastball,Changeup,BallCalled,Undefined,Undefined,Undefined,0,0,,84.45281,-2.514457,-3.10844,2302.512739,218.132745,1:15,5.76847,0.94401,6.55987,-22.58604,15.13245,11.06808,1.57595,-0.98653,78.56212,-6.761779,-1.099427,0.442027,,,,,,,,,,,,-6.55611,8.87985,-0.73391,50,5.58481,6.2735,-122.72662,-6.00274,-10.15923,20.64418,-18.41395,CUP_POL11,CUP_POL1,LAV,Diamond Solutions,DIA,20260321-LAV-2,6da65bf0-254b-11f1-b649-cf5e5eee1654,85.27184,,,5.89069,,,,,,,9f71fa90-affe-4f9e-97cb-91830f5cefd1,2026/3/21,28:51.0,2026-03-21T13:28:51.0100000-04:00,2026-03-21T17:28:51.0100000Z,,v3,,,,"Alacayo, Jose",1000319841,Right,CUP_POL1,edbd52ce-3651-40a1-9e5f-029eff28c5c1,53.94438,-123.38833,10.32209,5.76776,-5.41252,-9.20698,-0.94022,6.59913,-5.07962,,,,,,,,,,,,,,,,,,,,,,,,,,,,,71.36599,1.716471,0.802458,0.914014,0.29493,1.44193,1.00764,-4.93695,4.04183,4.17837,64.66368,1.46719,60.30272,-4.90812,84.28658,-8.99288,4.05497,10.03036,-14.09813,4.1664,60.77786,0.7221,High,High,High,,,High,High,High,,,
137,2026/3/21,29:24.3,2,2,"Felix, Alan",1000402430,Right,CUP_POL1,"Castillo, Jeans",1000329632,Right,CUP_POL11,Undefined,5,Bottom,0,1,0,Fastball,Changeup,StrikeCalled,Undefined,Undefined,Undefined,0,0,,84.00301,-1.694579,-3.164158,2309.635768,224.42752,1:30,5.88196,0.91641,6.30428,-24.60344,13.79194,12.51583,2.26754,-0.95886,78.2257,-6.291187,-0.903393,0.445975,,,,,,,,,,,,-7.24292,7.89941,-0.68973,50,5.74523,6.29176,-122.11171,-4.3247,-11.13531,19.94193,-20.02938,CUP_POL11,CUP_POL1,LAV,Diamond Solutions,DIA,20260321-LAV-2,81639cc0-254b-11f1-b649-cf5e5eee1654,84.51687,,,5.7773,,,,,,,9f71fa90-affe-4f9e-97cb-91830f5cefd1,2026/3/21,29:24.3,2026-03-21T13:29:24.3151360-04:00,2026-03-21T17:29:24.3151360Z,,v3,,,,"Alacayo, Jose",1000319841,Right,CUP_POL1,14abf117-146b-4bff-890a-4b8f9948a0b4,54.2001,-122.79571,9.97096,5.88179,-3.6377,-10.01469,-0.91209,6.67369,-5.56765,,,,,,,,,,,,,,,,,,,,,,,,,,,,,,,,,,,,,,,,,,,,,,,,,,,High,High,High,,,,,,,,
138,2026/3/21,29:43.7,2,3,"Felix, Alan",1000402430,Right,CUP_POL1,"Castillo, Jeans",1000329632,Right,CUP_POL11,Undefined,5,Bottom,0,1,1,Fastball,Four-Seam,InPlay,Undefined,FlyBall,Triple,0,2,,85.52512,-1.245153,-2.593708,2400.997229,219.339436,1:15,5.86553,0.85788,6.18791,-22.32741,15.01922,11.45056,2.85381,-0.58452,79.16532,-5.436595,-0.52913,0.439842,89.42962,27.695432,4.933969,2362.099982,109.12041,51.47652,13.88204,356.62753,356.09327,10.606277,4.589143,-6.60075,8.42449,-0.66794,50,5.75998,5.20129,-124.3389,-3.35649,-10.46179,22.03052,-18.82172,CUP_POL11,CUP_POL1,LAV,Diamond Solutions,DIA,20260321-LAV-2,8cf33500-254b-11f1-b649-cf5e5eee1654,85.69532,67.14559,,6.3598,,,,0.72816,2.87457,0.59702,9f71fa90-affe-4f9e-97cb-91830f5cefd1,2026/3/21,29:43.7,2026-03-21T13:29:43.7405696-04:00,2026-03-21T17:29:43.7405696Z,LineDrive,v3,,,,"Alacayo, Jose",1000319841,Right,CUP_POL1,ec649db3-0bff-4190-9bc8-42e1f96c99cb,54.31648,-125.10136,11.01526,5.86488,-2.70509,-9.41086,-0.85422,5.56337,-5.2309,203.49606,0.72916,115.68258,-18.18932,3.85464,-0.62059,0.07466,-0.00943,0.00146,-0.00011,2.87493,60.94905,-15.45464,0.4275,0.15236,-0.13075,0.04556,-0.00723,0.00043,0.59682,9.99391,2.82712,-0.87169,0.17299,-0.02427,0.00268,-0.00028,2.00E-05,,,,,,,,,,,,,,,,,,,,,,,High,High,High,High,High,,,,61.1798,16.26483,-4.55569
139,2026/3/21,31:52.9,3,1,"Felix, Alan",1000402430,Right,CUP_POL1,"Montes De Oca, Ian",1000540211,Right,CUP_POL11,Undefined,5,Bottom,0,0,0,Fastball,Four-Seam,StrikeSwinging,Undefined,Undefined,Undefined,0,0,,87.13915,-1.421802,-2.339062,2350.086041,209.627503,1:00,5.77366,1.0031,6.73312,-17.86198,17.60481,9.40312,2.98449,-0.35208,80.07038,-4.852695,-0.625993,0.42863,,,,,,,,,,,,-5.56666,10.00473,-0.85191,50,5.67237,4.82822,-126.68692,-3.57698,-9.09222,24.66612,-15.83295,CUP_POL11,CUP_POL1,LAV,Diamond Solutions,DIA,20260321-LAV-2,d9f4f3c0-254b-11f1-b649-cf5e5eee1654,87.93707,,,7.06877,,,,,,,9f71fa90-affe-4f9e-97cb-91830f5cefd1,2026/3/21,31:52.9,2026-03-21T13:31:52.9000960-04:00,2026-03-21T17:31:52.9000960Z,,v3,,,,"Alacayo, Jose",1000319841,Right,CUP_POL1,1335a303-8aec-47d9-a927-d595949d061f,53.76893,-127.41862,12.33306,5.77152,-3.10731,-7.91648,-0.99913,5.09793,-4.54611,,,,,,,,,,,,,,,,,,,,,,,,,,,,,,,,,,,,,,,,,,,,,,,,,,,High,High,High,,,,,,,,
140,2026/3/21,32:10.7,3,2,"Felix, Alan",1000402430,Right,CUP_POL1,"Montes De Oca, Ian",1000540211,Right,CUP_POL11,Undefined,5,Bottom,0,0,1,Fastball,Four-Seam,StrikeSwinging,Undefined,Undefined,Undefined,0,0,,86.42545,-1.605908,-2.809437,2340.36352,219.895401,1:15,5.67328,0.86596,6.27455,-20.2184,16.47395,12.8478,2.50582,-0.6554,79.50468,-5.433712,-0.489695,0.435973,,,,,,,,,,,,-7.37508,9.31126,-0.66394,50,5.54429,5.65788,-125.5276,-4.0851,-11.84451,23.85366,-17.22006,CUP_POL11,CUP_POL1,LAV,Diamond Solutions,DIA,20260321-LAV-2,e4943890-254b-11f1-b649-cf5e5eee1654,86.456,,,6.92077,,,,,,,9f71fa90-affe-4f9e-97cb-91830f5cefd1,2026/3/21,32:10.7,2026-03-21T13:32:10.6780672-04:00,2026-03-21T17:32:10.6780672Z,,v3,,,,"Alacayo, Jose",1000319841,Right,CUP_POL1,9ed1c065-2e9d-4dd0-81e2-1bd5aeb46a33,54.22775,-126.32843,11.92683,5.67173,-3.50698,-8.61003,-0.86057,6.05554,-5.92226,,,,,,,,,,,,,,,,,,,,,,,,,,,,,,,,,,,,,,,,,,,,,,,,,,,High,High,High,,,,,,,,
141,2026/3/21,32:26.1,3,3,"Felix, Alan",1000402430,Right,CUP_POL1,"Montes De Oca, Ian",1000540211,Right,CUP_POL11,Undefined,5,Bottom,0,0,2,Fastball,Changeup,BallCalled,Undefined,Undefined,Undefined,0,0,,87.13734,-0.634522,-3.495963,2469.047343,231.324633,1:45,5.8035,0.91599,6.08748,-22.86686,13.53627,15.53383,3.3098,-1.02777,79.99964,-4.93088,-0.703687,0.434251,,,,,,,,,,,,-8.87536,7.4828,-0.65361,50,5.7422,7.09429,-126.4842,-2.09833,-14.46326,24.36608,-19.98011,CUP_POL11,CUP_POL1,LAV,Diamond Solutions,DIA,20260321-LAV-2,edc01740-254b-11f1-b649-cf5e5eee1654,86.79877,,,7.1377,,,,,,,9f71fa90-affe-4f9e-97cb-91830f5cefd1,2026/3/21,32:26.1,2026-03-21T13:32:26.1146624-04:00,2026-03-21T17:32:26.1146624Z,,v3,,,,"Alacayo, Jose",1000319841,Right,CUP_POL1,e1aa4522-7db1-45ce-93fe-fef90a05c664,54.41488,-127.33185,12.18304,5.80311,-1.40326,-9.99006,-0.90916,7.59743,-7.23163,,,,,,,,,,,,,,,,,,,,,,,,,,,,,,,,,,,,,,,,,,,,,,,,,,,High,High,High,,,,,,,,
142,2026/3/21,32:52.0,3,4,"Felix, Alan",1000402430,Right,CUP_POL1,"Montes De Oca, Ian",1000540211,Right,CUP_POL11,Undefined,5,Bottom,0,1,2,Fastball,Sinker,BallCalled,Undefined,Undefined,Undefined,0,0,,86.90416,-2.119743,-4.153524,2344.313097,223.183533,1:30,5.84328,0.73614,6.03952,-21.07123,15.48635,13.53918,2.11846,-1.98837,80.31777,-6.067394,-1.724917,0.435171,,,,,,,,,,,,-7.95996,8.82221,-0.41858,50,5.66578,8.60687,-126.03219,-5.30939,-12.9587,22.69716,-17.8116,CUP_POL11,CUP_POL1,LAV,Diamond Solutions,DIA,20260321-LAV-2,fd69f2b0-254b-11f1-b649-cf5e5eee1654,86.61521,,,6.58639,,,,,,,9f71fa90-affe-4f9e-97cb-91830f5cefd1,2026/3/21,32:52.0,2026-03-21T13:32:51.9986688-04:00,2026-03-21T17:32:51.9986688Z,,v3,,,,"Alacayo, Jose",1000319841,Right,CUP_POL1,01a72fe2-508a-4797-ab6d-96e08ab01c38,54.46354,-126.83348,11.34858,5.84212,-4.68058,-8.9058,-0.73051,9.06436,-6.47935,,,,,,,,,,,,,,,,,,,,,,,,,,,,,,,,,,,,,,,,,,,,,,,,,,,High,High,High,,,,,,,,
143,2026/3/21,33:05.7,3,5,"Felix, Alan",1000402430,Right,CUP_POL1,"Montes De Oca, Ian",1000540211,Right,CUP_POL11,Undefined,5,Bottom,0,2,2,Slider,Curveball,BallinDirt,Undefined,Undefined,Undefined,0,0,,70.06565,-1.527964,-1.610187,2297.088379,90.959,9:00,5.823,1.21616,5.6574,-55.5718,2.02295,-12.29969,-0.23392,-1.31093,65.03223,-11.607795,-3.814193,0.546214,,,,,,,,,,,,5.85709,1.93067,-1.07155,50,5.65788,3.26342,-101.71963,-4.30893,6.11043,17.35131,-30.1599,CUP_POL11,CUP_POL1,LAV,Diamond Solutions,DIA,20260321-LAV-2,055e14b0-254c-11f1-b649-cf5e5eee1654,69.0067,,,5.03341,,,,,,,9f71fa90-affe-4f9e-97cb-91830f5cefd1,2026/3/21,33:05.7,2026-03-21T13:33:05.6710656-04:00,2026-03-21T17:33:05.6710656Z,,v3,,,,"Alacayo, Jose",1000319841,Right,CUP_POL1,d8584b33-2de9-4e93-9a0d-39ff837bc2c4,54.84727,-102.54314,8.67566,5.82842,-2.87751,-15.07995,-1.21955,2.97341,3.05522,,,,,,,,,,,,,,,,,,,,,,,,,,,,,,,,,,,,,,,,,,,,,,,,,,,High,High,High,,,,,,,,
144,2026/3/21,33:30.5,3,6,"Felix, Alan",1000402430,Right,CUP_POL1,"Montes De Oca, Ian",1000540211,Right,CUP_POL11,Undefined,5,Bottom,0,3,2,Fastball,Changeup,FoulBallNotFieldable,Undefined,Undefined,Undefined,0,0,,85.67974,-1.455245,-3.402417,2413.307332,231.371276,1:45,5.7644,1.02066,6.44,-23.71608,13.62965,15.56158,2.44807,-0.81298,78.40323,-5.941246,-0.585167,0.439837,,,,,,,,,,,,-9.11304,7.89473,-0.78541,50,5.64999,6.81609,-124.37565,-3.8264,-14.26772,25.06238,-19.81376,CUP_POL11,CUP_POL1,LAV,Diamond Solutions,DIA,20260321-LAV-2,1427c950-254c-11f1-b649-cf5e5eee1654,85.69634,,,7.27651,,,,,,,9f71fa90-affe-4f9e-97cb-91830f5cefd1,2026/3/21,33:30.5,2026-03-21T13:33:30.5480704-04:00,2026-03-21T17:33:30.5480704Z,,v3,,,,"Alacayo, Jose",1000319841,Right,CUP_POL1,c663b8e9-eca1-4df7-9450-6ec3d35618e7,54.06333,-125.19175,12.53119,5.76409,-3.18121,-9.90688,-1.01492,7.28069,-7.13386,,,,,,,,,,,,,,,,,,,,,,,,,,,,,,,,,,,,,,,,,,,,,,,,,,,High,High,High,,,,,,,,
145,2026/3/21,33:51.1,3,7,"Felix, Alan",1000402430,Right,CUP_POL1,"Montes De Oca, Ian",1000540211,Right,CUP_POL11,Undefined,5,Bottom,0,3,2,Fastball,Changeup,BallCalled,Walk,Undefined,Undefined,0,0,,86.2465,-3.063856,-3.53374,2352.388366,235.82782,1:45,5.77162,1.1796,6.08065,-24.56438,12.84603,17.15946,0.88165,-0.66419,79.18365,-7.64963,-0.446591,0.440218,,,,,,,,,,,,-9.75233,7.82957,-0.91467,50,5.52099,7.02389,-124.97381,-7.45366,-15.45328,24.73197,-19.7675,CUP_POL11,CUP_POL1,LAV,Diamond Solutions,DIA,20260321-LAV-2,206506b0-254c-11f1-b649-cf5e5eee1654,85.62225,,,7.06285,,,,,,,9f71fa90-affe-4f9e-97cb-91830f5cefd1,2026/3/21,33:51.1,2026-03-21T13:33:51.0730240-04:00,2026-03-21T17:33:51.0730240Z,,v3,,,,"Alacayo, Jose",1000319841,Right,CUP_POL1,3d1abfde-60cb-473a-af76-92b30a711018,54.42145,-125.84577,12.36598,5.7715,-6.75674,-9.88375,-1.17191,7.56871,-7.72664,,,,,,,,,,,,,,,,,,,,,,,,,,,,,,,,,,,,,,,,,,,,,,,,,,,High,High,High,,,,,,,,
146,2026/3/21,36:15.7,4,1,"Chivilli, Julio",1000190038,Right,CUP_POL1,"Garcia, Geremia",1000328902,Right,CUP_POL11,Undefined,5,Bottom,0,0,0,Fastball,Four-Seam,BallCalled,Undefined,Undefined,Undefined,0,0,,92.21568,-0.640542,-0.583683,2546.015376,194.560583,12:30,5.96345,0.1197,5.89993,-18.89481,13.58111,3.2898,3.79415,-0.14806,85.10608,-4.183167,0.006917,0.410159,,,,,,,,,,,,-1.81894,7.39906,-0.07456,50,5.90093,1.22149,-134.09795,-2.11684,-3.34958,25.92438,-18.54869,CUP_POL11,CUP_POL1,LAV,Diamond Solutions,DIA,20260321-LAV-2,76995ae0-254c-11f1-b649-cf5e5eee1654,91.89715,,,7.1096,,,,,,,9f71fa90-affe-4f9e-97cb-91830f5cefd1,2026/3/21,36:15.7,2026-03-21T13:36:15.7220352-04:00,2026-03-21T17:36:15.7220352Z,,v3,,,,"Alacayo, Jose",1000319841,Right,CUP_POL1,8d0ed546-343b-4d13-93d2-80ba7d8f2b7a,54.60188,-134.98467,12.96219,5.96248,-1.4824,-9.27434,-0.1183,1.33606,-1.67479,,,,,,,,,,,,,,,,,,,,,,,,,,,,,,,,,,,,,,,,,,,,,,,,,,,High,High,High,,,,,,,,
147,2026/3/21,36:34.3,4,2,"Chivilli, Julio",1000190038,Right,CUP_POL1,"Garcia, Geremia",1000328902,Right,CUP_POL11,Undefined,5,Bottom,0,1,0,Fastball,Four-Seam,FoulBallNotFieldable,Undefined,Undefined,Undefined,0,0,,92.4615,-1.078919,-0.084041,2444.885289,195.084352,12:30,5.75488,0.15085,6.16247,-19.24044,12.76119,3.19469,3.15467,0.33944,85.35596,-4.696261,0.492435,0.407153,58.0542,42.949961,53.873952,4604.489596,53.44597,57.21359,96.14305,198.3079,88.63208,64.006027,4.091819,-1.67492,7.16252,-0.14607,50,5.66298,0.06399,-134.50825,-3.14086,-3.09927,26.43788,-18.92049,CUP_POL11,CUP_POL1,LAV,Diamond Solutions,DIA,20260321-LAV-2,81b040b0-254c-11f1-b649-cf5e5eee1654,92.57566,57.51109,,7.10554,,,,-0.91481,3.13077,-0.00737,9f71fa90-affe-4f9e-97cb-91830f5cefd1,2026/3/21,36:34.3,2026-03-21T13:36:34.3251968-04:00,2026-03-21T17:36:34.3251968Z,Popup,v3,,,,"Alacayo, Jose",1000319841,Right,CUP_POL1,6237ba33-a3c1-4835-ad69-797aaf6383ea,54.34051,-135.3587,13.21894,5.75423,-2.53222,-9.46024,-0.14973,0.16368,-1.54964,,-0.91479,36.73474,-7.74262,1.55635,0.01418,-0.20255,0.08336,-0.01426,0.00091,3.12949,58.05579,-16.97692,1.36828,-0.71183,0.34334,-0.08943,0.01159,-0.0006,-0.00754,50.34246,-2.98906,0.4936,-0.02946,-0.03702,0.01928,-0.00373,0.00026,,,,,,,,,,,,,,,,,,,,,,,High,High,High,High,Low,,,,62.31566,1.94677,0.54577
148,2026/3/21,37:04.3,4,3,"Chivilli, Julio",1000190038,Right,CUP_POL1,"Garcia, Geremia",1000328902,Right,CUP_POL11,Undefined,5,Bottom,0,1,1,Fastball,Four-Seam,BallCalled,Undefined,Undefined,Undefined,0,0,,92.02573,-0.780748,-1.317127,2468.239091,203.708368,12:45,5.7533,0.17021,5.71612,-17.90651,14.79367,6.1104,3.5335,-0.54785,85.29134,-4.127069,-0.224302,0.411573,,,,,,,,,,,,-3.41469,7.99327,-0.06381,50,5.67678,2.80821,-133.83834,-2.42218,-6.29398,24.50503,-17.44085,CUP_POL11,CUP_POL1,LAV,Diamond Solutions,DIA,20260321-LAV-2,93864af0-254c-11f1-b649-cf5e5eee1654,91.58149,,,6.73438,,,,,,,9f71fa90-affe-4f9e-97cb-91830f5cefd1,2026/3/21,37:04.3,2026-03-21T13:37:04.2786304-04:00,2026-03-21T17:37:04.2786304Z,,v3,,,,"Alacayo, Jose",1000319841,Right,CUP_POL1,b9968ca6-fe4d-43ba-a7f4-bd7169adf856,54.78718,-134.71199,12.25251,5.75205,-1.80038,-8.72042,-0.16793,3.0326,-3.14699,,,,,,,,,,,,,,,,,,,,,,,,,,,,,,,,,,,,,,,,,,,,,,,,,,,High,High,High,,,,,,,,
149,2026/3/21,37:25.2,4,4,"Chivilli, Julio",1000190038,Right,CUP_POL1,"Garcia, Geremia",1000328902,Right,CUP_POL11,Undefined,5,Bottom,0,2,1,Fastball,Four-Seam,BallCalled,Undefined,Undefined,Undefined,0,0,,92.12323,-0.29445,-0.499109,2474.719362,209.236384,1:00,5.82944,-0.01032,6.16094,-17.2643,14.83457,7.81906,4.11871,0.18015,85.28067,-3.554736,0.911372,0.407771,,,,,,,,,,,,-4.14855,8.01851,0.04441,50,5.79795,0.83945,-134.07905,-1.2119,-7.66284,24.99992,-17.36295,CUP_POL11,CUP_POL1,LAV,Diamond Solutions,DIA,20260321-LAV-2,a0032960-254c-11f1-b649-cf5e5eee1654,92.43531,,,6.84256,,,,,,,9f71fa90-affe-4f9e-97cb-91830f5cefd1,2026/3/21,37:25.2,2026-03-21T13:37:25.2280832-04:00,2026-03-21T17:37:25.2280832Z,,v3,,,,"Alacayo, Jose",1000319841,Right,CUP_POL1,00d2fe98-cab4-4947-999d-5d4af78f7ed4,54.34192,-134.8862,12.49996,5.82803,-0.65131,-8.68148,0.01332,1.08685,-3.83142,,,,,,,,,,,,,,,,,,,,,,,,,,,,,,,,,,,,,,,,,,,,,,,,,,,High,High,High,,,,,,,,
150,2026/3/21,37:45.3,4,5,"Chivilli, Julio",1000190038,Right,CUP_POL1,"Garcia, Geremia",1000328902,Right,CUP_POL11,Undefined,5,Bottom,0,3,1,Fastball,Four-Seam,BallCalled,Walk,Undefined,Undefined,0,0,,91.40843,-1.733372,0.039589,2395.810634,221.88264,1:30,5.71602,0.32172,5.62339,-22.42875,10.76209,8.87406,2.22883,1.09817,85.14411,-5.863264,1.625335,0.414649,,,,,,,,,,,,-4.5226,6.13611,-0.33103,50,5.55358,-0.47588,-132.96728,-4.82722,-8.24419,23.64737,-20.98855,CUP_POL11,CUP_POL1,LAV,Diamond Solutions,DIA,20260321-LAV-2,ac1c6400-254c-11f1-b649-cf5e5eee1654,90.90208,,,6.26433,,,,,,,9f71fa90-affe-4f9e-97cb-91830f5cefd1,2026/3/21,37:45.4,2026-03-21T13:37:45.3576192-04:00,2026-03-21T17:37:45.3576192Z,,v3,,,,"Alacayo, Jose",1000319841,Right,CUP_POL1,88af7617-3808-497e-8d37-ea64434f8928,54.88139,-133.83259,11.82368,5.71616,-4.05921,-10.49428,-0.31914,-0.17421,-4.1221,,,,,,,,,,,,,,,,,,,,,,,,,,,,,,,,,,,,,,,,,,,,,,,,,,,High,High,High,,,,,,,,
151,2026/3/21,38:28.1,5,1,"Chivilli, Julio",1000190038,Right,CUP_POL1,"Magana Iturralde, Alfredo",1000321154,Right,CUP_POL11,Undefined,5,Bottom,0,0,0,Fastball,Four-Seam,BallCalled,Undefined,Undefined,Undefined,0,0,,92.5088,-3.372092,-1.537654,2303.187814,195.221258,12:30,5.6979,-0.00222,5.88605,-15.58158,16.73158,4.30559,1.26321,-1.0717,85.76928,-6.2958,-0.765087,0.40913,,,,,,,,,,,,-2.56288,9.65438,0.12391,50,5.41616,3.41771,-134.30849,-8.40031,-4.74939,25.13005,-14.2831,CUP_POL11,CUP_POL1,LAV,Diamond Solutions,DIA,20260321-LAV-2,c57d6e30-254c-11f1-b649-cf5e5eee1654,92.12831,,,6.73952,,,,,,,9f71fa90-affe-4f9e-97cb-91830f5cefd1,2026/3/21,38:28.1,2026-03-21T13:38:28.0725504-04:00,2026-03-21T17:38:28.0725504Z,,v3,,,,"Alacayo, Jose",1000319841,Right,CUP_POL1,704cb679-26f4-4100-b4c4-8e95098db544,54.61665,-135.16954,12.56502,5.6956,-7.91092,-7.14155,0.00402,3.58044,-2.37469,,,,,,,,,,,,,,,,,,,,,,,,,,,,,,,,,,,,,,,,,,,,,,,,,,,High,High,High,,,,,,,,
152,2026/3/21,38:50.9,5,2,"Chivilli, Julio",1000190038,Right,CUP_POL1,"Magana Iturralde, Alfredo",1000321154,Right,CUP_POL11,Undefined,5,Bottom,0,1,0,Fastball,Four-Seam,BallCalled,Undefined,Undefined,Undefined,0,0,,90.83944,-1.964249,0.991236,2282.134921,213.098333,1:00,5.77343,0.01564,5.74273,-20.43918,13.14139,7.97323,2.24016,1.60315,84.36311,-5.753148,2.418277,0.417076,,,,,,,,,,,,-3.85418,7.46142,-0.10318,50,5.59729,-2.6237,-132.07476,-5.22422,-6.90826,24.24111,-18.80009,CUP_POL11,CUP_POL1,LAV,Diamond Solutions,DIA,20260321-LAV-2,d31fb9d0-254c-11f1-b649-cf5e5eee1654,90.37304,,,6.47634,,,,,,,9f71fa90-affe-4f9e-97cb-91830f5cefd1,2026/3/21,38:50.9,2026-03-21T13:38:50.9468672-04:00,2026-03-21T17:38:50.9468672Z,,v3,,,,"Alacayo, Jose",1000319841,Right,CUP_POL1,f26cd005-3d91-48fc-870e-41f0843d6108,54.76156,-132.94583,12.12056,5.77287,-4.54866,-9.40005,-0.01336,-2.37546,-3.45413,,,,,,,,,,,,,,,,,,,,,,,,,,,,,,,,,,,,,,,,,,,,,,,,,,,High,High,High,,,,,,,,
153,2026/3/21,39:17.2,5,3,"Chivilli, Julio",1000190038,Right,CUP_POL1,"Magana Iturralde, Alfredo",1000321154,Right,CUP_POL11,Undefined,5,Bottom,0,2,0,Fastball,Four-Seam,InPlay,Undefined,FlyBall,HomeRun,0,3,,90.44244,-2.247927,-1.022856,2444.948565,200.330663,12:45,5.74665,0.32429,5.8273,-17.78603,15.95162,5.57114,2.17324,-0.16246,83.99399,-5.572086,-0.023988,0.418051,95.21317,24.528037,-19.982012,2889.572342,102.24492,45.66204,-40.56892,373.87348,343.47777,-26.310491,4.489835,-3.11563,8.99725,-0.24414,50,5.55223,2.11774,-131.50807,-5.73477,-5.54269,23.74699,-16.16808,CUP_POL11,CUP_POL1,LAV,Diamond Solutions,DIA,20260321-LAV-2,e2c57690-254c-11f1-b649-cf5e5eee1654,90.1624,63.33333,,6.44845,,,,1.62506,2.18538,0.16993,9f71fa90-affe-4f9e-97cb-91830f5cefd1,2026/3/21,39:17.2,2026-03-21T13:39:17.2403712-04:00,2026-03-21T17:39:17.2403712Z,LineDrive,v3,,,,"Alacayo, Jose",1000319841,Right,CUP_POL1,9257f26f-911d-4edb-9ec2-417b29a6271d,54.67754,-132.35002,11.8735,5.7454,-5.16153,-8.08404,-0.32271,2.31425,-2.77134,155.793461,1.62498,119.39784,-21.55632,4.95462,-1.00853,0.20805,-0.0408,0.00544,-0.00031,2.1865,57.9442,-14.14925,-0.04302,0.31657,-0.17732,0.05274,-0.00762,0.00042,0.17007,-43.41752,2.34032,-0.2919,0.03623,-0.00953,0.00285,-0.00047,3.00E-05,,,,,,,,,,,,,,,,,,,,,,,High,High,High,High,Medium,,,,65.2573,10.17957,-13.66958
154,2026/3/21,40:20.4,6,1,"Chivilli, Julio",1000190038,Right,CUP_POL1,"Garcia, Yohangel",1000430175,Right,CUP_POL11,Undefined,5,Bottom,0,0,0,Fastball,Four-Seam,FoulBallNotFieldable,Undefined,Undefined,Undefined,0,0,,92.28455,-1.42766,-0.426291,2490.257549,213.782231,1:15,5.68726,0.38649,6.18508,-18.22532,14.07296,8.7591,2.84984,0.72276,84.71049,-4.874281,1.154954,0.409036,72.28841,20.192498,173.343014,3334.674404,-109.88592,14.55195,5.00806,154.2718,45.41154,178.65688,1.820979,-4.67473,7.98343,-0.35876,50,5.57013,0.63781,-134.17542,-3.90116,-8.54856,28.1846,-17.57498,CUP_POL11,CUP_POL1,LAV,Diamond Solutions,DIA,20260321-LAV-2,087daec0-254d-11f1-b649-cf5e5eee1654,92.14953,17.59177,,7.57406,,,,1.00746,2.83064,-0.7077,9f71fa90-affe-4f9e-97cb-91830f5cefd1,2026/3/21,40:20.4,2026-03-21T13:40:20.4284416-04:00,2026-03-21T17:40:20.4284416Z,LineDrive,v3,,,,"Alacayo, Jose",1000319841,Right,CUP_POL1,2ac0c9db-e7b1-4c28-8bf3-f9f077507385,54.31827,-135.07946,14.0923,5.68622,-3.33743,-8.78749,-0.38361,0.91201,-4.27428,311.422957,0.95782,-98.4399,7.26803,,,,,,,3.2675,33.2843,-19.37761,,,,,,,-0.4521,9.56386,-4.08853,,,,,,,,,,,,,,,,,,,,,,,,,,,,,High,High,High,High,Medium,,,,60.04745,18.21087,-11.6249
155,2026/3/21,40:41.3,6,2,"Chivilli, Julio",1000190038,Right,CUP_POL1,"Garcia, Yohangel",1000430175,Right,CUP_POL11,Undefined,5,Bottom,0,0,1,Fastball,Four-Seam,InPlay,Undefined,FlyBall,Out,1,0,,91.51284,-1.932056,-0.092014,2472.476968,197.45147,12:30,5.68822,0.34627,6.15806,-18.1984,14.96477,4.36008,2.38598,0.6246,83.37691,-5.388167,0.694779,0.414476,85.85091,54.859981,-36.856154,,80.96,127.28156,-74.46792,247.46151,87.21553,-46.831453,5.924238,-2.29386,8.64563,-0.34152,50,5.53206,0.0334,-132.90319,-5.02668,-4.08035,29.93542,-16.79498,CUP_POL11,CUP_POL1,LAV,Diamond Solutions,DIA,20260321-LAV-2,14e9c450-254d-11f1-b649-cf5e5eee1654,90.93995,136.05862,,8.13593,,,,1.8674,2.27549,-0.22742,9f71fa90-affe-4f9e-97cb-91830f5cefd1,2026/3/21,40:41.3,2026-03-21T13:40:41.3135872-04:00,2026-03-21T17:40:41.3135872Z,FlyBall,v3,,,,"Alacayo, Jose",1000319841,Right,CUP_POL1,d605097a-5bb7-4713-a578-582cb191a1d8,54.34409,-133.87809,14.96771,5.68685,-4.47973,-8.39749,-0.34477,0.16628,-2.04017,,1.87371,57.86772,-15.02658,3.55184,-0.4345,-0.01986,0.01629,-0.00217,0.0001,2.27153,103.01793,-24.46683,2.56876,-0.35967,-0.01438,0.0185,-0.00314,0.00017,-0.22886,-43.4447,5.2771,-1.00296,0.11964,-0.00912,0.00157,-0.00032,2.00E-05,,,,,,,,,,,,,,,,,,,,,,,High,High,High,Medium,Low,,,,68.23652,30.82785,-31.17442
156,2026/3/21,41:25.8,7,1,"Chivilli, Julio",1000190038,Right,CUP_POL1,"Gutierrez Cortes, Kevin",1000490424,Right,CUP_POL11,Undefined,5,Bottom,1,0,0,Slider,Slider,BallCalled,Undefined,Undefined,Undefined,0,0,,83.65876,0.130946,-1.186602,2717.448993,59.327545,8:00,5.52262,0.3658,5.82141,-42.05447,-2.20772,-5.71292,2.13987,-1.21371,77.16568,-7.575429,-2.211714,0.454326,,,,,,,,,,,,2.5865,-0.75445,-0.26536,50,5.5086,2.74868,-121.59741,-1.17444,3.88552,23.0958,-33.30743,CUP_POL11,CUP_POL1,LAV,Diamond Solutions,DIA,20260321-LAV-2,2f7e4570-254d-11f1-b649-cf5e5eee1654,82.96336,,,6.49308,,,,,,,9f71fa90-affe-4f9e-97cb-91830f5cefd1,2026/3/21,41:25.8,2026-03-21T13:41:25.8386432-04:00,2026-03-21T17:41:25.8386432Z,,v3,,,,"Alacayo, Jose",1000319841,Right,CUP_POL1,61bc03c8-621c-4156-ab33-9f13641bacda,54.68188,-122.48345,11.5479,5.52915,0.10334,-16.65371,-0.36795,2.59962,1.94276,,,,,,,,,,,,,,,,,,,,,,,,,,,,,,,,,,,,,,,,,,,,,,,,,,,High,High,High,,,,,,,,
157,2026/3/21,41:44.6,7,2,"Chivilli, Julio",1000190038,Right,CUP_POL1,"Gutierrez Cortes, Kevin",1000490424,Right,CUP_POL11,Undefined,5,Bottom,1,1,0,Fastball,Four-Seam,StrikeSwinging,Undefined,Undefined,Undefined,0,0,,91.11678,-1.366068,-0.840106,2475.87665,205.045953,12:45,5.73502,0.37109,6.1558,-15.9495,17.19363,7.56654,3.14336,0.22537,83.64309,-4.406878,0.524722,0.414351,,,,,,,,,,,,-4.11744,9.55044,-0.31092,50,5.62273,1.62432,-132.44504,-3.60815,-7.34931,26.9996,-15.12731,CUP_POL11,CUP_POL1,LAV,Diamond Solutions,DIA,20260321-LAV-2,3a981170-254d-11f1-b649-cf5e5eee1654,90.96748,,,7.47369,,,,,,,9f71fa90-affe-4f9e-97cb-91830f5cefd1,2026/3/21,41:44.6,2026-03-21T13:41:44.5900800-04:00,2026-03-21T17:41:44.5900800Z,,v3,,,,"Alacayo, Jose",1000319841,Right,CUP_POL1,7b7b79e6-c426-4feb-b554-5f3353f8c2bb,54.34586,-133.32803,13.4998,5.73264,-3.11344,-7.56366,-0.36797,1.86467,-3.67466,,,,,,,,,,,,,,,,,,,,,,,,,,,,,,,,,,,,,,,,,,,,,,,,,,,High,High,High,,,,,,,,
158,2026/3/21,42:05.0,7,3,"Chivilli, Julio",1000190038,Right,CUP_POL1,"Gutierrez Cortes, Kevin",1000490424,Right,CUP_POL11,Undefined,5,Bottom,1,1,1,Fastball,Sinker,StrikeCalled,Undefined,Undefined,Undefined,0,0,,90.51035,-1.713987,-2.670202,2471.545456,233.362087,1:45,5.64509,0.49367,5.98963,-24.81513,8.93764,10.693,1.98637,-1.09189,83.53894,-6.320195,-0.748524,0.418144,,,,,,,,,,,,-6.17851,5.33988,-0.28871,50,5.49586,5.68372,-131.45977,-4.77523,-10.9039,25.65219,-22.75018,CUP_POL11,CUP_POL1,LAV,Diamond Solutions,DIA,20260321-LAV-2,46e7c560-254d-11f1-b649-cf5e5eee1654,90.14218,,,6.97141,,,,,,,9f71fa90-affe-4f9e-97cb-91830f5cefd1,2026/3/21,42:05.0,2026-03-21T13:42:04.9775616-04:00,2026-03-21T17:42:04.9775616Z,,v3,,,,"Alacayo, Jose",1000319841,Right,CUP_POL1,da5602f6-4ab0-42d3-8b33-15d6f5637857,54.51383,-132.33764,12.8261,5.64595,-3.99667,-11.37509,-0.48961,6.05687,-5.45195,,,,,,,,,,,,,,,,,,,,,,,,,,,,,,,,,,,,,,,,,,,,,,,,,,,High,High,High,,,,,,,,
159,2026/3/21,42:22.4,7,4,"Chivilli, Julio",1000190038,Right,CUP_POL1,"Gutierrez Cortes, Kevin",1000490424,Right,CUP_POL11,Undefined,5,Bottom,1,1,2,Slider,Slider,BallCalled,Undefined,Undefined,Undefined,0,0,,80.81604,0.91933,1.752257,2640.974753,68.235968,8:15,5.47102,0.63853,5.79258,-45.91817,-3.71,-12.01796,2.50022,1.26763,75.41295,-7.462121,-0.402822,0.467595,,,,,,,,,,,,6.57256,-1.80039,-0.77541,50,5.51865,-3.14667,-117.61627,0.36003,9.36249,18.77192,-34.73866,CUP_POL11,CUP_POL1,LAV,Diamond Solutions,DIA,20260321-LAV-2,51480560-254d-11f1-b649-cf5e5eee1654,80.6092,,,5.40308,,,,,,,9f71fa90-affe-4f9e-97cb-91830f5cefd1,2026/3/21,42:22.5,2026-03-21T13:42:22.4587776-04:00,2026-03-21T17:42:22.4587776Z,,v3,,,,"Alacayo, Jose",1000319841,Right,CUP_POL1,bd0c6d92-3213-4e61-b8ce-63dc0ebfab6c,54.71433,-118.3663,9.38596,5.47654,1.74801,-17.36933,-0.64221,-3.52075,4.68125,,,,,,,,,,,,,,,,,,,,,,,,,,,,,,,,,,,,,,,,,,,,,,,,,,,High,High,High,,,,,,,,
160,2026/3/21,42:44.0,7,5,"Chivilli, Julio",1000190038,Right,CUP_POL1,"Gutierrez Cortes, Kevin",1000490424,Right,CUP_POL11,Undefined,5,Bottom,1,2,2,Fastball,Sinker,FoulBallNotFieldable,Undefined,Undefined,Undefined,0,0,,90.09309,-1.930079,-0.994991,2354.555511,236.72712,2:00,5.74499,0.36075,6.00676,-24.59009,9.38725,12.81312,1.90657,0.50652,83.28507,-6.493408,1.311778,0.419533,,,,,,,,,,,,-6.89048,5.62355,-0.28971,50,5.57957,1.75254,-130.98654,-5.23389,-12.07153,25.4993,-22.32208,CUP_POL11,CUP_POL1,LAV,Diamond Solutions,DIA,20260321-LAV-2,5e02b020-254d-11f1-b649-cf5e5eee1654,89.84376,,,6.80802,,,,,,,9f71fa90-affe-4f9e-97cb-91830f5cefd1,2026/3/21,42:44.0,2026-03-21T13:42:44.0104448-04:00,2026-03-21T17:42:44.0104448Z,,v3,,,,"Alacayo, Jose",1000319841,Right,CUP_POL1,7bbcd598-10ec-436a-814f-d53746cc59f3,54.49775,-131.85921,12.74965,5.74562,-4.46995,-11.16104,-0.35676,2.16566,-6.03576,,,,,,,,,,,,,,,,,,,,,,,,,,,,,,,,,,,,,,,,,,,,,,,,,,,High,High,High,,,,,,,,
161,2026/3/21,43:10.7,7,6,"Chivilli, Julio",1000190038,Right,CUP_POL1,"Gutierrez Cortes, Kevin",1000490424,Right,CUP_POL11,Undefined,5,Bottom,1,2,2,Slider,Curveball,StrikeCalled,Strikeout,Undefined,Undefined,0,0,,81.64141,1.400102,1.376152,2583.997977,54.23313,7:45,5.59045,0.44312,5.82973,-46.75975,-5.23481,-8.84642,2.99602,0.98548,75.72259,-7.153832,-0.211132,0.463795,,,,,,,,,,,,4.85429,-2.6461,-0.55033,50,5.67712,-2.51036,-118.74976,1.3201,7.00954,20.34303,-35.995,CUP_POL11,CUP_POL1,LAV,Diamond Solutions,DIA,20260321-LAV-2,6dfddfe0-254d-11f1-b649-cf5e5eee1654,81.26965,,,5.91882,,,,,,,9f71fa90-affe-4f9e-97cb-91830f5cefd1,2026/3/21,43:10.7,2026-03-21T13:43:10.7072000-04:00,2026-03-21T17:43:10.7072000Z,,v3,,,,"Alacayo, Jose",1000319841,Right,CUP_POL1,326fe203-35cc-4b8f-9380-5ee9995db999,54.676,-119.54812,10.17152,5.59759,2.73272,-17.9975,-0.44641,-2.78545,3.50477,,,,,,,,,,,,,,,,,,,,,,,,,,,,,,,,,,,,,,,,,,,,,,,,,,,High,High,High,,,,,,,,
162,2026/3/21,43:51.2,8,1,"Chivilli, Julio",1000190038,Right,CUP_POL1,"Heureaux, Hector",1000441825,Right,CUP_POL11,Undefined,5,Bottom,2,0,0,Fastball,Sinker,BallCalled,Undefined,Undefined,Undefined,0,0,,86.77422,-2.204087,-0.467716,2185.041689,245.47702,2:15,5.36805,0.5048,6.18046,-27.24647,9.40918,18.14013,1.06094,1.58452,79.82527,-7.273803,2.809835,0.435754,,,,,,,,,,,,-9.60997,5.82347,-0.47881,50,5.18744,0.33507,-126.11605,-5.70144,-15.47528,25.68263,-22.79627,CUP_POL11,CUP_POL1,LAV,Diamond Solutions,DIA,20260321-LAV-2,860d8ae0-254d-11f1-b649-cf5e5eee1654,86.49927,,,6.94895,,,,,,,9f71fa90-affe-4f9e-97cb-91830f5cefd1,2026/3/21,43:51.2,2026-03-21T13:43:51.1615488-04:00,2026-03-21T17:43:51.1615488Z,,v3,,,,"Alacayo, Jose",1000319841,Right,CUP_POL1,7042ccb8-4c4a-4e20-86bb-aaa7eef97e82,54.32416,-126.99358,12.84132,5.36895,-4.92253,-11.39813,-0.49929,0.86383,-7.73764,,,,,,,,,,,,,,,,,,,,,,,,,,,,,,,,,,,,,,,,,,,,,,,,,,,High,High,High,,,,,,,,
163,2026/3/21,44:07.5,8,2,"Chivilli, Julio",1000190038,Right,CUP_POL1,"Heureaux, Hector",1000441825,Right,CUP_POL11,Undefined,5,Bottom,2,1,0,Slider,Curveball,StrikeSwinging,Undefined,Undefined,Undefined,0,0,,82.08997,0.042247,0.138398,2720.679242,59.210287,8:00,5.34175,0.46635,5.57748,-47.72636,-6.27264,-12.42343,1.40402,-0.43967,76.41001,-8.618587,-2.083787,0.463397,,,,,,,,,,,,6.32548,-2.81795,-0.47001,50,5.31393,0.20819,-119.43641,-1.60276,9.23118,20.7839,-36.28648,CUP_POL11,CUP_POL1,LAV,Diamond Solutions,DIA,20260321-LAV-2,8fdad9b0-254d-11f1-b649-cf5e5eee1654,81.33941,,,5.67996,,,,,,,9f71fa90-affe-4f9e-97cb-91830f5cefd1,2026/3/21,44:07.5,2026-03-21T13:44:07.5359744-04:00,2026-03-21T17:44:07.5359744Z,,v3,,,,"Alacayo, Jose",1000319841,Right,CUP_POL1,d1f0301f-1eb7-404d-8508-50055a129464,54.92879,-120.29104,10.39195,5.34916,-0.11066,-18.14324,-0.47077,-0.17139,4.61559,,,,,,,,,,,,,,,,,,,,,,,,,,,,,,,,,,,,,,,,,,,,,,,,,,,High,High,High,,,,,,,,
164,2026/3/21,44:25.6,8,3,"Chivilli, Julio",1000190038,Right,CUP_POL1,"Heureaux, Hector",1000441825,Right,CUP_POL11,Undefined,5,Bottom,2,1,1,Fastball,Four-Seam,FoulBallNotFieldable,Undefined,Undefined,Undefined,0,0,,90.22679,-1.183963,-0.20137,2477.551072,200.537661,12:45,5.66844,0.41193,6.06157,-16.21343,17.59355,6.22189,3.2213,0.74403,83.08216,-4.264401,0.918959,0.41848,61.90609,65.969177,160.629415,5484.525707,,,,,16.94319,,,-3.2804,9.7026,-0.39969,50,5.56775,0.20823,-131.2214,-3.18334,-5.76288,25.80506,-15.12882,CUP_POL11,CUP_POL1,LAV,Diamond Solutions,DIA,20260321-LAV-2,9a9b3b10-254d-11f1-b649-cf5e5eee1654,90.0699,34.71667,,7.14463,,,,0.93313,3.19822,-0.59918,9f71fa90-affe-4f9e-97cb-91830f5cefd1,2026/3/21,44:25.6,2026-03-21T13:44:25.6270848-04:00,2026-03-21T17:44:25.6270848Z,,v3,,,,"Alacayo, Jose",1000319841,Right,CUP_POL1,04c0b791-0e56-4506-9fc1-fc520d84774b,54.44207,-132.09205,12.90253,5.66655,-2.6729,-7.56441,-0.40999,0.40267,-2.88144,4.139211,0.94786,-35.31763,-2.14698,,,,,,,3.22717,82.08656,-31.17271,,,,,,,-0.60855,12.5398,2.29301,,,,,,,,,,,,,,,,,,,,,,,,,,,,,High,High,High,High,Undefined,,,,62.30002,7.19002,-11.83161
165,2026/3/21,44:45.8,8,4,"Chivilli, Julio",1000190038,Right,CUP_POL1,"Heureaux, Hector",1000441825,Right,CUP_POL11,Undefined,5,Bottom,2,1,2,Slider,Slider,InPlay,Undefined,FlyBall,Out,1,0,,82.54414,-0.478931,0.670505,2638.683634,86.581632,9:00,5.4604,0.40184,5.72428,-39.93168,0.79158,-5.3374,1.68661,0.58164,76.78364,-7.773952,-0.286144,0.459296,84.14476,30.832041,-16.440023,3423.875383,104.89537,56.52249,-33.11999,330.98493,325.71429,-19.253127,4.822084,2.90717,0.81559,-0.4544,50,5.39526,-1.20054,-120.09359,-2.35114,4.29701,20.62302,-30.96852,CUP_POL11,CUP_POL1,LAV,Diamond Solutions,DIA,20260321-LAV-2,a6a35eb0-254d-11f1-b649-cf5e5eee1654,82.06572,72.20452,,5.76049,,,,1.93377,1.84875,-0.58956,9f71fa90-affe-4f9e-97cb-91830f5cefd1,2026/3/21,44:45.8,2026-03-21T13:44:45.8048000-04:00,2026-03-21T17:44:45.8048000Z,FlyBall,v3,,,,"Alacayo, Jose",1000319841,Right,CUP_POL1,01f134fc-07e8-4d51-b8e7-fb686374604a,54.7812,-120.91185,10.31151,5.46417,-1.1224,-15.48426,-0.40339,-1.37104,2.1485,169.540126,1.93515,101.61113,-16.54693,3.50169,-0.58061,0.06972,-0.00699,0.00081,-6.00E-05,1.84841,63.2522,-15.33831,0.53968,0.03684,-0.05845,0.02165,-0.00346,0.0002,-0.58989,-29.98419,2.83724,-0.45248,0.04972,-0.00314,0.00096,-0.00027,2.00E-05,,,,,,,,,,,,,,,,,,,,,,,High,High,High,High,High,,,,63.69928,8.04937,-21.95758
166,2026/3/21,47:53.7,1,1,"Morales, Hassan",1000540210,Right,CUP_POL11,"Soto, Gary",1000320134,Right,CUP_POL1,Undefined,6,Top,0,0,0,Fastball,Changeup,BallCalled,Undefined,Undefined,Undefined,0,0,,80.47845,0.578794,-0.58397,1879.43117,212.806663,1:00,5.82818,0.70799,6.02498,-25.97836,16.72824,9.9565,4.19946,0.99679,73.8525,-4.311151,1.207057,0.470348,,,,,,,,,,,,-5.25563,8.84477,-0.6675,50,5.85926,0.8159,-116.97264,0.45335,-7.31355,21.16025,-19.86596,CUP_POL11,CUP_POL1,LAV,Diamond Solutions,DIA,20260321-LAV-2,16ae8950-254e-11f1-b649-cf5e5eee1654,80.1374,,,6.62595,,,,,,,9f71fa90-affe-4f9e-97cb-91830f5cefd1,2026/3/21,47:53.7,2026-03-21T13:47:53.7385472-04:00,2026-03-21T17:47:53.7385472Z,,v3,,,,"Beltran, Jonathan Josue",1000490425,Right,CUP_POL11,398c9c58-9980-4f2b-8a6c-df473152385f,54.4761,-117.77958,10.58012,5.82752,1.21094,-9.93298,-0.70394,1.0948,-3.65678,,,,,,,,,,,,,,,,,,,,,,,,,,,,,,,,,,,,,,,,,,,,,,,,,,,High,High,High,,,,,,,,
167,2026/3/21,48:09.7,1,2,"Morales, Hassan",1000540210,Right,CUP_POL11,"Soto, Gary",1000320134,Right,CUP_POL1,Undefined,6,Top,0,1,0,Fastball,Changeup,BallCalled,Undefined,Undefined,Undefined,0,0,,81.22816,-1.426411,-0.485654,1934.42038,214.722954,1:15,5.70511,0.70351,6.64074,-25.29312,15.548,9.94083,2.29119,1.0873,74.98743,-6.211236,1.324978,0.45996,,,,,,,,,,,,-5.3813,8.94981,-0.67447,50,5.59816,0.66497,-118.19839,-3.5842,-7.66028,21.21707,-19.43407,CUP_POL11,CUP_POL1,LAV,Diamond Solutions,DIA,20260321-LAV-2,20274f80-254e-11f1-b649-cf5e5eee1654,81.94718,,,6.24073,,,,,,,9f71fa90-affe-4f9e-97cb-91830f5cefd1,2026/3/21,48:09.7,2026-03-21T13:48:09.6539136-04:00,2026-03-21T17:48:09.6539136Z,,v3,,,,"Beltran, Jonathan Josue",1000490425,Right,CUP_POL11,772f6a36-4423-461f-ba8d-73bb52b23434,53.86235,-118.88967,10.60854,5.70462,-2.951,-9.71704,-0.7002,0.91455,-3.83014,,,,,,,,,,,,,,,,,,,,,,,,,,,,,,,,,,,,,,,,,,,,,,,,,,,High,High,High,,,,,,,,
168,2026/3/21,48:25.9,1,3,"Morales, Hassan",1000540210,Right,CUP_POL11,"Soto, Gary",1000320134,Right,CUP_POL1,Undefined,6,Top,0,2,0,Fastball,Changeup,BallCalled,Undefined,Undefined,Undefined,0,0,,82.28022,-2.706019,0.027959,1878.044087,211.803698,1:00,5.69071,0.6452,6.29533,-22.00895,18.64576,10.75851,1.36116,1.56751,75.53859,-6.868337,1.974592,0.458909,,,,,,,,,,,,-5.63583,10.87339,-0.65247,50,5.48078,-0.44349,-119.51843,-6.22808,-8.14679,23.17298,-16.45615,CUP_POL11,CUP_POL1,LAV,Diamond Solutions,DIA,20260321-LAV-2,29cec6d0-254e-11f1-b649-cf5e5eee1654,82.13481,,,6.74163,,,,,,,9f71fa90-affe-4f9e-97cb-91830f5cefd1,2026/3/21,48:25.9,2026-03-21T13:48:25.8514944-04:00,2026-03-21T17:48:25.8514944Z,,v3,,,,"Beltran, Jonathan Josue",1000490425,Right,CUP_POL11,5abd9b50-6af3-4d4d-a178-c195976c0e97,54.20786,-120.33151,11.58649,5.68918,-5.65068,-8.22807,-0.64192,-0.15763,-4.0734,,,,,,,,,,,,,,,,,,,,,,,,,,,,,,,,,,,,,,,,,,,,,,,,,,,High,High,High,,,,,,,,
169,2026/3/21,48:46.8,1,4,"Morales, Hassan",1000540210,Right,CUP_POL11,"Soto, Gary",1000320134,Right,CUP_POL1,Undefined,6,Top,0,3,0,Fastball,Changeup,BallCalled,Walk,Undefined,Undefined,0,0,,82.25682,-1.350016,-0.126656,1990.898496,199.464323,12:45,5.70292,0.85734,6.45615,-22.14769,18.34225,6.0167,2.61679,1.24237,75.13949,-5.575998,0.965037,0.457978,,,,,,,,,,,,-3.17662,10.37776,-0.85085,50,5.59724,0.04586,-119.54168,-3.37274,-4.58134,23.76149,-17.20718,CUP_POL11,CUP_POL1,LAV,Diamond Solutions,DIA,20260321-LAV-2,36498260-254e-11f1-b649-cf5e5eee1654,82.30177,,,7.11733,,,,,,,9f71fa90-affe-4f9e-97cb-91830f5cefd1,2026/3/21,48:46.8,2026-03-21T13:48:46.7816448-04:00,2026-03-21T17:48:46.7816448Z,,v3,,,,"Beltran, Jonathan Josue",1000490425,Right,CUP_POL11,c57ac672-c175-402b-a866-ae0621d90d6e,54.04462,-120.34295,11.88075,5.70119,-2.79249,-8.60359,-0.855,0.20035,-2.29067,,,,,,,,,,,,,,,,,,,,,,,,,,,,,,,,,,,,,,,,,,,,,,,,,,,High,High,High,,,,,,,,
170,2026/3/21,49:34.1,2,1,"Morales, Hassan",1000540210,Right,CUP_POL11,"Acosta, Roberto",1000515883,Right,CUP_POL1,Undefined,6,Top,0,0,0,Fastball,Changeup,StrikeCalled,Undefined,Undefined,Undefined,0,0,,82.13708,-1.256989,-0.77192,1867.99202,204.943779,12:45,5.77854,0.51102,6.54518,-22.20588,18.32371,7.90044,2.77493,0.46139,74.90947,-5.505815,0.663903,0.458203,,,,,,,,,,,,-4.34803,10.3743,-0.46055,50,5.68172,1.32199,-119.35645,-3.16162,-6.24258,23.9882,-17.27944,CUP_POL11,CUP_POL1,LAV,Diamond Solutions,DIA,20260321-LAV-2,52996f20-254e-11f1-b649-cf5e5eee1654,82.26152,,,7.22761,,,,,,,9f71fa90-affe-4f9e-97cb-91830f5cefd1,2026/3/21,49:34.1,2026-03-21T13:49:34.0781568-04:00,2026-03-21T17:49:34.0781568Z,,v3,,,,"Beltran, Jonathan Josue",1000490425,Right,CUP_POL11,1e11dc54-b3c9-424c-ab40-4cf7e660b4f9,53.95495,-120.14869,11.9941,5.77671,-2.59095,-8.63972,-0.50762,1.52816,-3.12129,,,,,,,,,,,,,,,,,,,,,,,,,,,,,,,,,,,,,,,,,,,,,,,,,,,High,High,High,,,,,,,,
171,2026/3/21,49:52.3,2,2,"Morales, Hassan",1000540210,Right,CUP_POL11,"Acosta, Roberto",1000515883,Right,CUP_POL1,Undefined,6,Top,0,0,1,Fastball,Changeup,BallCalled,Undefined,Undefined,Undefined,0,0,,82.85823,-1.844007,-2.536657,1963.137022,208.006268,1:00,5.70074,0.20153,6.55645,-22.61241,17.02981,8.39697,2.12328,-1.42622,76.05709,-6.141419,-1.011943,0.453159,,,,,,,,,,,,-5.09756,9.82839,-0.02962,50,5.56342,5.0325,-120.35596,-4.45208,-7.49115,22.94942,-17.73064,CUP_POL11,CUP_POL1,LAV,Diamond Solutions,DIA,20260321-LAV-2,5d562700-254e-11f1-b649-cf5e5eee1654,83.17709,,,6.80115,,,,,,,9f71fa90-affe-4f9e-97cb-91830f5cefd1,2026/3/21,49:52.3,2026-03-21T13:49:52.3140096-04:00,2026-03-21T17:49:52.3140096Z,,v3,,,,"Beltran, Jonathan Josue",1000490425,Right,CUP_POL11,043b582f-1c8e-4f31-b9f5-1a3386d1bbaf,53.94544,-121.10594,11.47471,5.69945,-3.87265,-8.86532,-0.19808,5.27731,-3.74557,,,,,,,,,,,,,,,,,,,,,,,,,,,,,,,,,,,,,,,,,,,,,,,,,,,High,High,High,,,,,,,,
172,2026/3/21,50:11.9,2,3,"Morales, Hassan",1000540210,Right,CUP_POL11,"Acosta, Roberto",1000515883,Right,CUP_POL1,Undefined,6,Top,0,1,1,Fastball,Changeup,BallCalled,Undefined,Undefined,Undefined,0,0,,83.7721,-3.447081,-2.409961,1990.974638,210.173578,1:00,5.53072,0.31666,6.21099,-20.87088,18.49068,10.02591,0.60324,-1.07349,77.03962,-7.384234,-0.600506,0.451552,,,,,,,,,,,,-5.90473,10.93036,-0.14086,50,5.26099,4.74682,-121.51463,-7.89384,-8.84919,23.29296,-15.79312,CUP_POL11,CUP_POL1,LAV,Diamond Solutions,DIA,20260321-LAV-2,6907c630-254e-11f1-b649-cf5e5eee1654,83.47315,,,6.73248,,,,,,,9f71fa90-affe-4f9e-97cb-91830f5cefd1,2026/3/21,50:11.9,2026-03-21T13:50:11.8728192-04:00,2026-03-21T17:50:11.8728192Z,,v3,,,,"Beltran, Jonathan Josue",1000490425,Right,CUP_POL11,02896f52-6b98-4498-be07-4675a54885c0,54.29274,-122.33473,11.64648,5.52913,-7.33779,-7.89656,-0.31347,5.05838,-4.42459,,,,,,,,,,,,,,,,,,,,,,,,,,,,,,,,,,,,,,,,,,,,,,,,,,,High,High,High,,,,,,,,
173,2026/3/21,50:36.9,2,4,"Morales, Hassan",1000540210,Right,CUP_POL11,"Acosta, Roberto",1000515883,Right,CUP_POL1,Undefined,6,Top,0,2,1,Fastball,Changeup,BallCalled,Undefined,Undefined,Undefined,0,0,,82.29721,-2.763076,-1.824296,2000.779506,206.3169,1:00,5.79884,0.37427,6.40296,-20.43009,20.12946,9.30142,1.55208,-0.52885,75.36352,-6.658509,-0.13901,0.458372,,,,,,,,,,,,-5.38339,11.70036,-0.24754,50,5.59094,3.47062,-119.46638,-6.27436,-7.76879,23.32878,-15.28922,CUP_POL11,CUP_POL1,LAV,Diamond Solutions,DIA,20260321-LAV-2,77e8fa70-254e-11f1-b649-cf5e5eee1654,82.23115,,,6.93369,,,,,,,9f71fa90-affe-4f9e-97cb-91830f5cefd1,2026/3/21,50:36.9,2026-03-21T13:50:36.8992256-04:00,2026-03-21T17:50:36.8992256Z,,v3,,,,"Beltran, Jonathan Josue",1000490425,Right,CUP_POL11,58e000bd-6821-4b40-835c-116aa143773a,54.09909,-120.26416,11.66439,5.79656,-5.7515,-7.64461,-0.37077,3.73629,-3.8844,,,,,,,,,,,,,,,,,,,,,,,,,,,,,,,,,,,,,,,,,,,,,,,,,,,High,High,High,,,,,,,,
174,2026/3/21,50:59.3,2,5,"Morales, Hassan",1000540210,Right,CUP_POL11,"Acosta, Roberto",1000515883,Right,CUP_POL1,Undefined,6,Top,0,3,1,Fastball,Changeup,BallCalled,Walk,Undefined,Undefined,0,0,,83.25693,-3.134544,-2.204683,1925.033602,216.910146,1:15,5.66226,0.46724,6.34041,-23.80682,15.80139,10.93697,0.78731,-0.65223,76.65224,-7.608807,-0.224786,0.452964,,,,,,,,,,,,-6.34603,9.47607,-0.31189,50,5.42236,4.26053,-120.84884,-7.27569,-9.40777,23.01153,-18.12609,CUP_POL11,CUP_POL1,LAV,Diamond Solutions,DIA,20260321-LAV-2,85464dd0-254e-11f1-b649-cf5e5eee1654,83.21281,,,6.60469,,,,,,,9f71fa90-affe-4f9e-97cb-91830f5cefd1,2026/3/21,50:59.3,2026-03-21T13:50:59.3189888-04:00,2026-03-21T17:50:59.3189888Z,,v3,,,,"Beltran, Jonathan Josue",1000490425,Right,CUP_POL11,b2cd3fbf-c987-4a2c-acb3-079596b2a9fd,54.1633,-121.63902,11.50576,5.66151,-6.65327,-9.06304,-0.46374,4.58358,-4.70388,,,,,,,,,,,,,,,,,,,,,,,,,,,,,,,,,,,,,,,,,,,,,,,,,,,High,High,High,,,,,,,,
175,2026/3/21,53:40.7,3,1,"Cruz Sanchez, Jose",1000379129,Left,CUP_POL11,"Sandoval, Jose",1000541147,Right,CUP_POL1,Undefined,6,Top,0,0,0,Fastball,Four-Seam,BallCalled,Undefined,Undefined,Undefined,0,0,,87.38668,-1.302011,2.614222,2339.698732,143.458314,10:45,6.1846,-2.83258,6.32002,-19.45989,16.52458,-11.40571,3.36225,-1.37349,79.97077,-5.005987,0.552911,0.431747,,,,,,,,,,,,6.61197,9.28713,2.64621,50,6.07973,-5.34062,-126.89922,-3.41859,10.7963,25.6385,-17.00962,CUP_POL11,CUP_POL1,LAV,Diamond Solutions,DIA,20260321-LAV-2,e56eb2b0-254e-11f1-b649-cf5e5eee1654,87.30221,,,7.41591,,,,,,,9f71fa90-affe-4f9e-97cb-91830f5cefd1,2026/3/21,53:40.7,2026-03-21T13:53:40.7016448-04:00,2026-03-21T17:53:40.7016448Z,,v3,,,,"Beltran, Jonathan Josue",1000490425,Right,CUP_POL11,a5149e4e-e943-4c04-af28-15ee17351059,54.1812,-127.74119,12.81925,6.18283,-2.86,-8.50481,2.82742,-5.69517,5.39815,,,,,,,,,,,,,,,,,,,,,,,,,,,,,,,,,,,,,,,,,,,,,,,,,,,High,High,High,,,,,,,,
176,2026/3/21,54:00.3,3,2,"Cruz Sanchez, Jose",1000379129,Left,CUP_POL11,"Sandoval, Jose",1000541147,Right,CUP_POL1,Undefined,6,Top,0,1,0,Fastball,Four-Seam,BallCalled,Undefined,Undefined,Undefined,0,0,,88.48479,-3.358185,4.289766,2386.398893,139.72998,10:45,6.05123,-2.66373,6.45826,-19.09627,15.81237,-12.4982,1.36263,0.24297,81.57227,-6.970058,2.030534,0.425244,,,,,,,,,,,,7.66193,9.47536,2.36513,50,5.80402,-9.14365,-128.21675,-8.06976,12.84945,24.6639,-16.28334,CUP_POL11,CUP_POL1,LAV,Diamond Solutions,DIA,20260321-LAV-2,f12003c0-254e-11f1-b649-cf5e5eee1654,88.63726,,,6.91252,,,,,,,9f71fa90-affe-4f9e-97cb-91830f5cefd1,2026/3/21,54:00.3,2026-03-21T13:54:00.2569216-04:00,2026-03-21T17:54:00.2569216Z,,v3,,,,"Beltran, Jonathan Josue",1000490425,Right,CUP_POL11,6fd4538e-f956-48ef-bdc1-1b7e329d474b,54.04553,-128.9926,12.33195,6.04981,-7.55754,-8.14167,2.65912,-9.54786,6.42472,,,,,,,,,,,,,,,,,,,,,,,,,,,,,,,,,,,,,,,,,,,,,,,,,,,High,High,High,,,,,,,,
177,2026/3/21,54:23.1,3,3,"Cruz Sanchez, Jose",1000379129,Left,CUP_POL11,"Sandoval, Jose",1000541147,Right,CUP_POL1,Undefined,6,Top,0,2,0,Fastball,Four-Seam,BallCalled,Undefined,Undefined,Undefined,0,0,,87.49214,-1.968361,4.943728,2442.344394,148.321242,11:00,6.1518,-2.51465,6.54607,-19.50792,16.01371,-9.23587,2.71345,1.26101,80.67702,-5.668227,3.27522,0.428961,,,,,,,,,,,,6.09465,9.23308,2.17539,50,6.00637,-10.62489,-126.81909,-4.89352,10.01712,23.69656,-16.99863,CUP_POL11,CUP_POL1,LAV,Diamond Solutions,DIA,20260321-LAV-2,feb38250-254e-11f1-b649-cf5e5eee1654,87.86913,,,6.81512,,,,,,,9f71fa90-affe-4f9e-97cb-91830f5cefd1,2026/3/21,54:23.1,2026-03-21T13:54:23.0553088-04:00,2026-03-21T17:54:23.0553088Z,,v3,,,,"Beltran, Jonathan Josue",1000490425,Right,CUP_POL11,af52d72b-0252-4385-ae86-10c36361230d,53.95706,-127.55633,11.84828,6.15039,-4.36466,-8.49931,2.5108,-10.93654,5.00856,,,,,,,,,,,,,,,,,,,,,,,,,,,,,,,,,,,,,,,,,,,,,,,,,,,High,High,High,,,,,,,,
178,2026/3/21,54:45.1,3,4,"Cruz Sanchez, Jose",1000379129,Left,CUP_POL11,"Sandoval, Jose",1000541147,Right,CUP_POL1,Undefined,6,Top,0,3,0,Fastball,Four-Seam,BallCalled,Walk,Undefined,Undefined,0,0,,87.18376,-3.812742,4.836231,2363.917248,139.969398,10:45,6.06345,-2.23764,6.34639,-20.35911,15.84064,-12.37694,0.83905,1.19385,80.43378,-7.641876,2.606148,0.433036,,,,,,,,,,,,7.77721,9.60434,1.89131,50,5.77522,-10.21856,-126.17272,-9.01254,12.62646,23.9565,-16.58118,CUP_POL11,CUP_POL1,LAV,Diamond Solutions,DIA,20260321-LAV-2,0bd30960-254f-11f1-b649-cf5e5eee1654,87.04223,,,6.74998,,,,,,,9f71fa90-affe-4f9e-97cb-91830f5cefd1,2026/3/21,54:45.1,2026-03-21T13:54:45.1184128-04:00,2026-03-21T17:54:45.1184128Z,,v3,,,,"Beltran, Jonathan Josue",1000490425,Right,CUP_POL11,8ec31b9f-63d6-458c-b201-e1f42822174e,54.15855,-126.95985,11.97825,6.06239,-8.46774,-8.29059,2.23387,-10.63343,6.31323,,,,,,,,,,,,,,,,,,,,,,,,,,,,,,,,,,,,,,,,,,,,,,,,,,,High,High,High,,,,,,,,
179,2026/3/21,55:22.4,4,1,"Cruz Sanchez, Jose",1000379129,Left,CUP_POL11,"Alacayo, Jose",1000319841,Right,CUP_POL1,Undefined,6,Top,0,0,0,Fastball,Four-Seam,BallCalled,Undefined,Undefined,Undefined,0,0,,88.29858,-1.543057,4.938733,2381.766646,140.306892,10:45,6.21793,-2.40143,6.39104,-20.12292,15.10257,-11.63111,3.11603,1.18341,80.99211,-5.356225,2.843223,0.427169,,,,,,,,,,,,7.32469,8.60981,2.05025,50,6.097,-10.59123,-127.92229,-4.01961,12.19723,25.16849,-17.83682,CUP_POL11,CUP_POL1,LAV,Diamond Solutions,DIA,20260321-LAV-2,220a9900-254f-11f1-b649-cf5e5eee1654,88.23775,,,7.30647,,,,,,,9f71fa90-affe-4f9e-97cb-91830f5cefd1,2026/3/21,55:22.4,2026-03-21T13:55:22.3627264-04:00,2026-03-21T17:55:22.3627264Z,,v3,,,,"Beltran, Jonathan Josue",1000490425,Right,CUP_POL11,7b34c72c-85aa-4bb9-9791-084c00e69ca3,54.11054,-128.72849,12.58424,6.2166,-3.44826,-8.91841,2.39577,-10.98193,6.09862,,,,,,,,,,,,,,,,,,,,,,,,,,,,,,,,,,,,,,,,,,,,,,,,,,,High,High,High,,,,,,,,
180,2026/3/21,55:42.9,4,2,"Cruz Sanchez, Jose",1000379129,Left,CUP_POL11,"Alacayo, Jose",1000319841,Right,CUP_POL1,Undefined,6,Top,0,1,0,Fastball,Four-Seam,StrikeCalled,Undefined,Undefined,Undefined,0,0,,87.52317,-1.342083,4.283017,2416.741294,138.829131,10:45,6.12637,-2.7726,6.35271,-20.12607,15.63288,-12.72788,3.21012,0.11663,80.44523,-5.154912,1.987693,0.430392,,,,,,,,,,,,7.6917,8.81418,2.46665,50,6.01895,-9.00561,-126.95019,-3.54196,12.6414,24.26407,-17.68782,CUP_POL11,CUP_POL1,LAV,Diamond Solutions,DIA,20260321-LAV-2,2e4f2960-254f-11f1-b649-cf5e5eee1654,87.57708,,,7.07794,,,,,,,9f71fa90-affe-4f9e-97cb-91830f5cefd1,2026/3/21,55:42.9,2026-03-21T13:55:42.9454336-04:00,2026-03-21T17:55:42.9454336Z,,v3,,,,"Beltran, Jonathan Josue",1000490425,Right,CUP_POL11,21163bcf-18d3-4e79-b10c-06655454e8b2,54.14937,-127.7408,12.13203,6.12497,-2.96562,-8.84391,2.76679,-9.41751,6.3207,,,,,,,,,,,,,,,,,,,,,,,,,,,,,,,,,,,,,,,,,,,,,,,,,,,High,High,High,,,,,,,,
181,2026/3/21,56:02.2,4,3,"Cruz Sanchez, Jose",1000379129,Left,CUP_POL11,"Alacayo, Jose",1000319841,Right,CUP_POL1,Undefined,6,Top,0,1,1,Curveball,Curveball,StrikeCalled,Undefined,Undefined,Undefined,0,0,,69.08,2.448119,2.250611,2183.301368,309.379613,4:15,5.70411,-2.308,6.54289,-62.51744,-5.82599,8.99174,2.7428,0.5066,64.31412,-9.113385,3.882882,0.541914,,,,,,,,,,,,-4.13658,-3.16752,2.14858,50,5.84772,-4.21492,-100.46539,2.71983,-4.25987,15.12062,-35.43595,CUP_POL11,CUP_POL1,LAV,Diamond Solutions,DIA,20260321-LAV-2,39dd13f0-254f-11f1-b649-cf5e5eee1654,69.55431,,,4.76588,,,,,,,9f71fa90-affe-4f9e-97cb-91830f5cefd1,2026/3/21,56:02.2,2026-03-21T13:56:02.1618176-04:00,2026-03-21T17:56:02.1618176Z,,v3,,,,"Beltran, Jonathan Josue",1000490425,Right,CUP_POL11,80659a12-d4a4-4347-a07e-dc4c54be8113,53.96367,-101.06018,7.56031,5.71331,4.11376,-17.71797,2.31108,-4.04736,-2.12993,,,,,,,,,,,,,,,,,,,,,,,,,,,,,,,,,,,,,,,,,,,,,,,,,,,High,High,High,,,,,,,,
182,2026/3/21,56:37.7,4,4,"Cruz Sanchez, Jose",1000379129,Left,CUP_POL11,"Alacayo, Jose",1000319841,Right,CUP_POL1,Undefined,6,Top,0,1,2,Curveball,Curveball,StrikeCalled,Strikeout,Undefined,Undefined,0,0,,70.05115,2.99347,0.609039,2381.520838,302.498661,4:00,5.56927,-2.42886,6.3933,-61.67385,-6.4202,12.39871,3.18582,-0.83542,65.22099,-8.392211,2.855956,0.534998,,,,,,,,,,,,-6.30823,-3.59095,2.37977,50,5.75659,-1.46511,-101.91951,3.7016,-6.70706,15.05442,-35.99204,CUP_POL11,CUP_POL1,LAV,Diamond Solutions,DIA,20260321-LAV-2,4effff40-254f-11f1-b649-cf5e5eee1654,70.45346,,,4.83016,,,,,,,9f71fa90-affe-4f9e-97cb-91830f5cefd1,2026/3/21,56:37.7,2026-03-21T13:56:37.6524288-04:00,2026-03-21T17:56:37.6524288Z,,v3,,,,"Beltran, Jonathan Josue",1000490425,Right,CUP_POL11,ea51b04f-3e3a-43fc-a38b-1922264dcd6c,54.11398,-102.52538,7.52721,5.57847,5.15011,-17.99602,2.4333,-1.19518,-3.35353,,,,,,,,,,,,,,,,,,,,,,,,,,,,,,,,,,,,,,,,,,,,,,,,,,,High,High,High,,,,,,,,
183,2026/3/21,57:10.1,5,1,"Cruz Sanchez, Jose",1000379129,Left,CUP_POL11,"Severino, Jean Carlos",1000518694,Right,CUP_POL1,Undefined,6,Top,1,0,0,Slider,Curveball,BallinDirt,Undefined,Undefined,StolenBase,0,1,,66.46161,-1.589654,2.462929,2178.073657,310.713526,4:15,5.55734,-2.17076,6.65079,-67.78933,-6.6576,9.70571,-1.54849,0.89375,62.79323,-13.968484,4.238284,0.562736,,,,,,,,,,,,-4.5839,-2.87327,2.00066,50,5.42178,-4.40749,-96.7202,-4.2397,-4.35542,14.65565,-34.9041,CUP_POL11,CUP_POL1,LAV,Diamond Solutions,DIA,20260321-LAV-2,624fd840-254f-11f1-b649-cf5e5eee1654,66.98068,,,3.66838,,,,,,,9f71fa90-affe-4f9e-97cb-91830f5cefd1,2026/3/21,57:10.1,2026-03-21T13:57:10.0970000-04:00,2026-03-21T17:57:10.0970000Z,,v3,,,,"Beltran, Jonathan Josue",1000490425,Right,CUP_POL11,e8e7e38a-a7aa-41b2-bce6-17309a59ee1e,53.85776,-97.303,7.32783,5.56277,-2.85171,-17.45205,2.17248,-4.2343,-2.17771,,,,,,,,,,,,,,,,,,,,,,,,,,,,,,,,,,,,,,,,,,,,,,,,,,,High,High,High,,,,,,,,
184,2026/3/21,57:51.3,5,2,"Cruz Sanchez, Jose",1000379129,Left,CUP_POL11,"Severino, Jean Carlos",1000518694,Right,CUP_POL1,Undefined,6,Top,1,1,0,Fastball,Sinker,StrikeCalled,Undefined,Undefined,Undefined,0,0,,88.19977,-1.722293,4.173694,2342.25729,135.710691,10:30,6.04975,-2.45034,6.36884,-20.32788,15.07765,-13.59796,2.76617,0.26402,80.62484,-5.581295,1.719591,0.428259,,,,,,,,,,,,8.1991,8.67142,2.15388,50,5.91521,-8.78932,-127.8615,-4.4231,13.57987,26.24255,-17.81185,CUP_POL11,CUP_POL1,LAV,Diamond Solutions,DIA,20260321-LAV-2,7ace71b0-254f-11f1-b649-cf5e5eee1654,88.01309,,,7.57493,,,,,,,9f71fa90-affe-4f9e-97cb-91830f5cefd1,2026/3/21,57:51.3,2026-03-21T13:57:51.2630000-04:00,2026-03-21T17:57:51.2630000Z,,v3,,,,"Beltran, Jonathan Josue",1000490425,Right,CUP_POL11,db50cc24-d674-45c4-a846-bb508eb06544,54.1328,-128.70693,13.12127,6.04846,-3.84927,-8.90593,2.44408,-9.22681,6.78993,,,,,,,,,,,,,,,,,,,,,,,,,,,,,,,,,,,,,,,,,,,,,,,,,,,High,High,High,,,,,,,,
185,2026/3/21,58:12.8,5,3,"Cruz Sanchez, Jose",1000379129,Left,CUP_POL11,"Severino, Jean Carlos",1000518694,Right,CUP_POL1,Undefined,6,Top,1,1,1,Fastball,Four-Seam,StrikeCalled,Undefined,Undefined,Undefined,0,0,,88.53744,-1.516457,4.56256,2436.71695,138.937041,10:45,6.07137,-2.49308,6.51479,-19.64568,15.25458,-12.33257,3.03786,0.67502,81.05261,-5.256742,2.333145,0.425193,,,,,,,,,,,,7.66308,8.7326,2.17897,50,5.95642,-9.76087,-128.34709,-3.93859,12.81378,25.95471,-17.5719,CUP_POL11,CUP_POL1,LAV,Diamond Solutions,DIA,20260321-LAV-2,87a68f80-254f-11f1-b649-cf5e5eee1654,88.64791,,,7.48482,,,,,,,9f71fa90-affe-4f9e-97cb-91830f5cefd1,2026/3/21,58:12.8,2026-03-21T13:58:12.8230000-04:00,2026-03-21T17:58:12.8230000Z,,v3,,,,"Beltran, Jonathan Josue",1000490425,Right,CUP_POL11,46c4a45b-7ef1-47ca-b971-8b8c61e11fe6,53.98704,-129.15084,12.97736,6.06997,-3.39443,-8.78595,2.48738,-10.15768,6.40689,,,,,,,,,,,,,,,,,,,,,,,,,,,,,,,,,,,,,,,,,,,,,,,,,,,High,High,High,,,,,,,,
186,2026/3/21,58:34.9,5,4,"Cruz Sanchez, Jose",1000379129,Left,CUP_POL11,"Severino, Jean Carlos",1000518694,Right,CUP_POL1,Undefined,6,Top,1,1,2,Fastball,Four-Seam,BallCalled,Undefined,Undefined,Undefined,0,0,,87.91125,-2.266416,2.884003,2371.483658,140.197168,10:45,6.01754,-2.53017,6.33721,-18.34757,17.18591,-13.38953,2.39799,-0.98821,80.59975,-5.759781,0.463624,0.429033,,,,,,,,,,,,7.70922,9.88938,2.32572,50,5.8432,-5.89593,-127.59561,-5.55018,12.74426,25.57761,-15.82572,CUP_POL11,CUP_POL1,LAV,Diamond Solutions,DIA,20260321-LAV-2,94d299b0-254f-11f1-b649-cf5e5eee1654,87.85445,,,7.3115,,,,,,,9f71fa90-affe-4f9e-97cb-91830f5cefd1,2026/3/21,58:34.9,2026-03-21T13:58:34.9290000-04:00,2026-03-21T17:58:34.9290000Z,,v3,,,,"Beltran, Jonathan Josue",1000490425,Right,CUP_POL11,8e0ea7fc-ab45-4934-9ca1-cae370ea6b9b,54.16458,-128.42772,12.78881,6.01538,-5.03532,-7.91286,2.52427,-6.31053,6.37213,,,,,,,,,,,,,,,,,,,,,,,,,,,,,,,,,,,,,,,,,,,,,,,,,,,High,High,High,,,,,,,,
187,2026/3/21,58:57.0,5,5,"Cruz Sanchez, Jose",1000379129,Left,CUP_POL11,"Severino, Jean Carlos",1000518694,Right,CUP_POL1,Undefined,6,Top,1,2,2,Fastball,Four-Seam,BallCalled,Undefined,Undefined,Undefined,0,0,,86.91291,-4.143963,3.844577,2448.497317,147.427645,11:00,6.20301,-2.37946,6.27818,-19.4708,17.12253,-10.19879,0.74522,0.3199,79.96025,-7.813904,2.005659,0.435384,,,,,,,,,,,,6.3563,10.37863,2.09998,50,5.88609,-8.06633,-125.81555,-9.67671,10.22607,24.64574,-15.47677,CUP_POL11,CUP_POL1,LAV,Diamond Solutions,DIA,20260321-LAV-2,a2002a80-254f-11f1-b649-cf5e5eee1654,86.57287,,,6.95265,,,,,,,9f71fa90-affe-4f9e-97cb-91830f5cefd1,2026/3/21,58:57.0,2026-03-21T13:58:57.0100000-04:00,2026-03-21T17:58:57.0100000Z,,v3,,,,"Beltran, Jonathan Josue",1000490425,Right,CUP_POL11,c8e267fa-3fb7-408f-a74e-6fe499b99f63,54.22515,-126.6405,12.32287,6.20132,-9.15867,-7.73838,2.37571,-8.40862,5.11304,,,,,,,,,,,,,,,,,,,,,,,,,,,,,,,,,,,,,,,,,,,,,,,,,,,High,High,High,,,,,,,,
188,2026/3/21,59:23.5,5,6,"Cruz Sanchez, Jose",1000379129,Left,CUP_POL11,"Severino, Jean Carlos",1000518694,Right,CUP_POL1,Undefined,6,Top,1,3,2,Fastball,Four-Seam,InPlay,Undefined,GroundBall,Error,0,2,,88.27944,-1.388371,4.281706,2214.068506,140.314996,10:45,6.12992,-2.36626,6.33899,-20.15903,14.86402,-11.49694,3.16785,0.62536,81.48927,-5.192654,2.209063,0.42594,71.4346,-18.091332,-33.02967,,,,,11.59464,11.56416,-30.583545,0.098029,7.09851,8.41615,2.05942,50,6.01881,-9.15704,-128.1263,-3.69363,11.92611,23.82389,-18.0342,CUP_POL11,CUP_POL1,LAV,Diamond Solutions,DIA,20260321-LAV-2,b1c444b0-254f-11f1-b649-cf5e5eee1654,88.4924,3.20314,,6.79017,,,,1.76126,3.20314,-0.55482,9f71fa90-affe-4f9e-97cb-91830f5cefd1,2026/3/21,59:23.5,2026-03-21T13:59:23.4740000-04:00,2026-03-21T17:59:23.4740000Z,GroundBall,v3,,,,"Beltran, Jonathan Josue",1000490425,Right,CUP_POL11,fe48d86e-ab25-44cf-81f0-1489bbc24770,54.16564,-128.89853,11.91195,6.12907,-3.10906,-9.0171,2.36251,-9.54362,5.96305,180,1.75557,83.85665,,,,,,,,3.20535,-32.67523,,,,,,,,-0.55113,-54.51891,,,,,,,,,,,,,,,,,,,,,,,,,,,,,,High,High,High,High,Medium,,,,57.70654,11.14617,-10.2475
189,2026/3/21,00:36.7,6,1,"Cruz Sanchez, Jose",1000379129,Left,CUP_POL11,"Rojas, Ernesto",1000539816,Right,CUP_POL1,Undefined,6,Top,1,0,0,Slider,Curveball,BallCalled,Undefined,Undefined,Undefined,0,0,,70.12828,3.466005,0.46957,2327.518729,305.056369,4:15,5.67655,-2.68543,6.26735,-62.17641,-6.05666,11.08205,3.69482,-1.32898,64.4166,-8.034557,2.47196,0.539174,,,,,,,,,,,,-5.56449,-3.4828,2.64576,50,5.90422,-1.19536,-101.83354,4.47263,-5.83419,16.96128,-35.82565,CUP_POL11,CUP_POL1,LAV,Diamond Solutions,DIA,20260321-LAV-2,dd7dcf90-254f-11f1-b649-cf5e5eee1654,69.90769,,,5.71169,,,,,,,9f71fa90-affe-4f9e-97cb-91830f5cefd1,2026/3/21,00:36.7,2026-03-21T14:00:36.7191040-04:00,2026-03-21T18:00:36.7191040Z,,v3,,,,"Beltran, Jonathan Josue",1000490425,Right,CUP_POL11,52661e19-1431-4d90-8a85-d085dbdb809d,54.2374,-102.53689,8.48064,5.68795,5.95824,-17.91283,2.69031,-0.95343,-2.9171,,,,,,,,,,,,,,,,,,,,,,,,,,,,,,,,,,,,,,,,,,,,,,,,,,,High,High,High,,,,,,,,
190,2026/3/21,00:58.3,6,2,"Cruz Sanchez, Jose",1000379129,Left,CUP_POL11,"Rojas, Ernesto",1000539816,Right,CUP_POL1,Undefined,6,Top,1,1,0,Fastball,Four-Seam,InPlay,Undefined,LineDrive,Out,2,0,,87.85313,-2.746127,4.35736,2379.804004,145.086568,10:45,5.9915,-2.52753,6.41227,-16.54174,19.13812,-12.54898,2.0788,0.44089,80.33384,-5.921987,2.092299,0.429915,54.77917,18.913206,-3.448626,1857.84916,,,,127.24688,124.80927,-0.263968,1.887776,7.76863,11.10914,2.22074,50,5.78656,-9.2148,-127.26722,-6.53888,12.74626,26.02824,-13.94686,CUP_POL11,CUP_POL1,LAV,Diamond Solutions,DIA,20260321-LAV-2,ea51a7a0-254f-11f1-b649-cf5e5eee1654,87.67409,13.50633,,7.51929,,,,0.90946,2.06631,-0.45959,9f71fa90-affe-4f9e-97cb-91830f5cefd1,2026/3/21,00:58.3,2026-03-21T14:00:58.3400960-04:00,2026-03-21T18:00:58.3400960Z,GroundBall,v3,,,,"Beltran, Jonathan Josue",1000490425,Right,CUP_POL11,d66b2c67-fea6-4c09-9d9d-5d2bbb2c91c1,54.09044,-128.10105,13.01412,5.98888,-6.09208,-6.97343,2.52248,-9.62313,6.37313,222.596259,0.90947,75.86705,-6.73738,1.41767,-0.18769,-0.05446,0.05881,-0.0227,0.00345,2.0663,26.04198,-15.27227,0.61409,-0.16814,0.12031,-0.07424,0.02735,-0.00409,-0.45959,-4.57177,3.11391,-0.52338,0.05931,0.04105,-0.0367,0.01394,-0.00211,,,,,,,,,,,,,,,,,,,,,,,High,High,High,High,High,,,,60.93253,2.07454,-8.72966
191,2026/3/21,03:32.4,1,1,"Chivilli, Julio",1000190038,Right,CUP_POL1,"Reina, Nicolas",1000540213,Right,CUP_POL11,Undefined,6,Bottom,0,0,0,Slider,Slider,InPlay,Undefined,LineDrive,Out,1,0,,80.84414,0.727273,-0.44983,2598.176765,50.776422,7:45,5.53394,0.5409,5.54223,-47.81314,-4.73563,-7.35193,2.22932,-0.49221,74.66171,-7.97868,-1.76288,0.472386,84.96414,21.217985,-9.198272,1722.167808,108.5145,34.38073,-18.0156,315.7139,298.5131,-9.878981,3.610619,3.62504,-2.27012,-0.49677,50,5.56472,1.20933,-117.51868,-0.15921,5.08794,21.5121,-35.3603,CUP_POL11,CUP_POL1,LAV,Diamond Solutions,DIA,20260321-LAV-2,462e3200-2550-11f1-b649-cf5e5eee1654,79.79168,39.78131,,6.18243,,,,1.41186,2.32923,0.48026,9f71fa90-affe-4f9e-97cb-91830f5cefd1,2026/3/21,03:32.4,2026-03-21T14:03:32.4416000-04:00,2026-03-21T18:03:32.4416000Z,LineDrive,v3,,,,"Alacayo, Jose",1000319841,Right,CUP_POL1,ce8483f0-c5cc-49a1-8130-bd816450d476,54.96332,-118.42374,10.75605,5.54013,1.32848,-17.68015,-0.54314,0.99527,2.54397,168.108149,1.4119,114.67132,-14.4621,2.95469,-0.49163,0.06153,-0.00997,0.00269,-0.0003,2.32962,45.08746,-14.20706,0.27336,0.17026,-0.13237,0.0585,-0.01211,0.00093,0.48021,-18.56916,0.70725,0.18092,0.00047,-0.04047,0.01688,-0.00298,0.0002,,,,,,,,,,,,,,,,,,,,,,,High,High,High,High,Medium,,,,59.23413,10.56238,-12.26086
192,2026/3/21,04:15.5,2,1,"Chivilli, Julio",1000190038,Right,CUP_POL1,"Beltran, Jonathan Josue",1000490425,Right,CUP_POL11,Undefined,6,Bottom,1,0,0,Fastball,Four-Seam,FoulBallNotFieldable,Undefined,Undefined,Undefined,0,0,,90.48136,0.021137,-0.623309,2481.74521,202.605009,12:45,5.71002,0.56842,5.78293,-20.70446,13.42268,5.15713,4.00431,0.4182,82.87713,-3.86273,0.300385,0.420457,,,,,,,,,,,,-2.78079,7.15095,-0.52004,50,5.69929,1.20298,-131.46172,-0.63284,-4.88409,26.9174,-19.61427,CUP_POL11,CUP_POL1,LAV,Diamond Solutions,DIA,20260321-LAV-2,5fd0d910-2550-11f1-b649-cf5e5eee1654,89.64641,,,7.60423,,,,,,,9f71fa90-affe-4f9e-97cb-91830f5cefd1,2026/3/21,04:15.5,2026-03-21T14:04:15.4883072-04:00,2026-03-21T18:04:15.4883072Z,,v3,,,,"Alacayo, Jose",1000319841,Right,CUP_POL1,d9b0023a-69c5-49b8-a8d4-1c0bbdd139a7,54.71799,-132.42423,13.4587,5.70938,0.06852,-9.80714,-0.56618,1.37762,-2.44205,,,,,,,,,,,,,,,,,,,,,,,,,,,,,,,,,,,,,,,,,,,,,,,,,,,High,High,High,,,,,,,,
193,2026/3/21,04:31.9,2,2,"Chivilli, Julio",1000190038,Right,CUP_POL1,"Beltran, Jonathan Josue",1000490425,Right,CUP_POL11,Undefined,6,Bottom,1,0,1,Slider,Slider,FoulBallNotFieldable,Undefined,Undefined,Undefined,0,0,,81.51851,0.432277,-0.755469,2639.536698,66.38242,8:15,5.37678,0.50181,5.70762,-45.59128,-3.40784,-10.67166,1.98033,-1.09145,75.1818,-7.899852,-2.666751,0.467458,,,,,,,,,,,,5.2754,-1.55071,-0.43153,50,5.38419,1.97144,-118.50626,-0.64428,7.51196,22.36494,-34.38219,CUP_POL11,CUP_POL1,LAV,Diamond Solutions,DIA,20260321-LAV-2,69a023b0-2550-11f1-b649-cf5e5eee1654,80.63283,,,6.33671,,,,,,,9f71fa90-affe-4f9e-97cb-91830f5cefd1,2026/3/21,04:31.9,2026-03-21T14:04:31.9047680-04:00,2026-03-21T18:04:31.9047680Z,,v3,,,,"Alacayo, Jose",1000319841,Right,CUP_POL1,d5acd88e-5f93-4dd9-b363-74fef87b5269,54.79792,-119.40831,11.18247,5.3822,0.74246,-17.1911,-0.50493,1.66846,3.75598,,,,,,,,,,,,,,,,,,,,,,,,,,,,,,,,,,,,,,,,,,,,,,,,,,,High,High,High,,,,,,,,
194,2026/3/21,05:04.9,2,3,"Chivilli, Julio",1000190038,Right,CUP_POL1,"Beltran, Jonathan Josue",1000490425,Right,CUP_POL11,Undefined,6,Bottom,1,0,2,Fastball,Four-Seam,BallCalled,Undefined,Undefined,Undefined,0,0,,90.35583,0.92988,-0.711665,2477.372235,196.604664,12:30,5.68388,0.36874,5.97742,-20.42619,13.2515,3.67701,4.84389,0.01537,83.40816,-2.902229,-0.050864,0.417679,,,,,,,,,,,,-2.04055,6.8689,-0.31433,50,5.74591,1.47336,-131.40279,1.48134,-3.61537,24.36452,-20.00405,CUP_POL11,CUP_POL1,LAV,Diamond Solutions,DIA,20260321-LAV-2,7d4dd420-2550-11f1-b649-cf5e5eee1654,90.2426,,,6.94767,,,,,,,9f71fa90-affe-4f9e-97cb-91830f5cefd1,2026/3/21,05:04.9,2026-03-21T14:05:04.9550848-04:00,2026-03-21T18:05:04.9550848Z,,v3,,,,"Alacayo, Jose",1000319841,Right,CUP_POL1,1293acd0-68da-46e2-84b6-e02550a850e8,54.52374,-132.23891,12.18226,5.6833,2.16782,-10.00202,-0.36702,1.59743,-1.80768,,,,,,,,,,,,,,,,,,,,,,,,,,,,,,,,,,,,,,,,,,,,,,,,,,,High,High,High,,,,,,,,
195,2026/3/21,05:29.0,2,4,"Chivilli, Julio",1000190038,Right,CUP_POL1,"Beltran, Jonathan Josue",1000490425,Right,CUP_POL11,Undefined,6,Bottom,1,1,2,Slider,Curveball,FoulBallNotFieldable,Undefined,Undefined,Undefined,0,0,,81.18851,0.730383,0.049756,2620.841192,39.329536,7:15,5.39008,0.52177,5.50986,-49.99097,-7.31453,-6.99654,1.90726,-0.01474,75.16323,-8.348718,-1.199646,0.470181,68.94939,-52.125386,-66.799476,,,,,2.41705,1.85027,-33.661188,0.024689,3.56622,-3.56268,-0.5212,50,5.41965,0.17355,-118.05306,-0.25315,5.06126,21.28105,-37.2303,CUP_POL11,CUP_POL1,LAV,Diamond Solutions,DIA,20260321-LAV-2,8ba84c30-2550-11f1-b649-cf5e5eee1654,80.16575,1.97671,,6.02529,,,,1.40612,1.97671,0.07337,9f71fa90-affe-4f9e-97cb-91830f5cefd1,2026/3/21,05:29.0,2026-03-21T14:05:29.0034176-04:00,2026-03-21T18:05:29.0034176Z,GroundBall,v3,,,,"Alacayo, Jose",1000319841,Right,CUP_POL1,ef8d1234-03eb-41e3-af60-56211a3a49a2,54.99625,-118.95031,10.64053,5.39723,1.31655,-18.61515,-0.52402,-0.03985,2.53063,,1.40583,24.53189,,,,,,,,1.97766,-80.06448,,,,,,,,0.07405,-57.23575,,,,,,,,,,,,,,,,,,,,,,,,,,,,,,High,High,High,Low,Low,,,,,,
196,2026/3/21,06:00.5,2,5,"Chivilli, Julio",1000190038,Right,CUP_POL1,"Beltran, Jonathan Josue",1000490425,Right,CUP_POL11,Undefined,6,Bottom,1,2,2,Fastball,Four-Seam,FoulBallNotFieldable,Undefined,Undefined,Undefined,0,0,,90.15851,-1.073329,-2.051141,2504.831561,216.26332,1:15,5.42353,0.50206,5.78156,-24.88564,9.48564,6.19772,2.35027,-0.8908,82.86798,-5.690389,-0.941405,0.421958,66.38243,31.155727,168.793113,4327.379171,-109.26676,25.98832,12.67954,161.9897,46.51346,175.665719,2.367372,-3.72658,5.43555,-0.33658,50,5.31981,4.42783,-130.95528,-3.31428,-6.49942,26.53136,-22.69405,CUP_POL11,CUP_POL1,LAV,Diamond Solutions,DIA,20260321-LAV-2,9e6003e0-2550-11f1-b649-cf5e5eee1654,89.32745,28.90061,,7.29054,,,,1.26383,2.39434,0.9063,9f71fa90-affe-4f9e-97cb-91830f5cefd1,2026/3/21,06:00.5,2026-03-21T14:06:00.4583936-04:00,2026-03-21T18:06:00.4583936Z,FlyBall,v3,,,,"Alacayo, Jose",1000319841,Right,CUP_POL1,5eb5b29a-9080-487d-bfb8-f0448231f241,54.7219,-131.90846,13.26568,5.42424,-2.49896,-11.34702,-0.49985,4.66133,-3.24971,318.589807,1.26392,-81.73471,5.09464,0.14521,0.13127,-0.17627,0.08734,-0.01694,0.00091,2.39439,50.3678,-26.63909,3.00528,-0.50302,0.06144,-0.01747,0.00761,-0.00109,0.90635,16.18958,-7.55683,1.68845,-0.23585,-0.01115,0.00485,0.00153,-0.0003,,,,,,,,,,,,,,,,,,,,,,,High,High,High,High,Low,,,,60.60934,7.97649,-18.50362
197,2026/3/21,06:25.6,2,6,"Chivilli, Julio",1000190038,Right,CUP_POL1,"Beltran, Jonathan Josue",1000490425,Right,CUP_POL11,Undefined,6,Bottom,1,2,2,Slider,Slider,FoulBallNotFieldable,Undefined,Undefined,Undefined,0,0,,82.16909,0.039945,-0.128193,2665.784366,45.469776,7:30,5.49579,0.57875,5.81545,-46.18046,-4.95016,-6.25126,1.68456,-0.0614,76.02187,-8.399695,-1.251123,0.462146,,,,,,,,,,,,3.1848,-2.23858,-0.56439,50,5.47116,0.50588,-119.5148,-1.47344,4.6254,22.14715,-35.4252,CUP_POL11,CUP_POL1,LAV,Diamond Solutions,DIA,20260321-LAV-2,ad69f5d0-2550-11f1-b649-cf5e5eee1654,81.55952,,,6.14723,,,,,,,9f71fa90-affe-4f9e-97cb-91830f5cefd1,2026/3/21,06:25.6,2026-03-21T14:06:25.6423424-04:00,2026-03-21T18:06:25.6423424Z,,v3,,,,"Alacayo, Jose",1000319841,Right,CUP_POL1,95de9b5e-8dd0-4f80-88a8-d342763bb0e5,54.69023,-120.3808,11.07358,5.50169,-0.08823,-17.7126,-0.58064,0.32501,2.3127,,,,,,,,,,,,,,,,,,,,,,,,,,,,,,,,,,,,,,,,,,,,,,,,,,,High,High,High,,,,,,,,
198,2026/3/21,07:26.6,2,7,"Chivilli, Julio",1000190038,Right,CUP_POL1,"Beltran, Jonathan Josue",1000490425,Right,CUP_POL11,Undefined,6,Bottom,1,2,2,Fastball,Four-Seam,BallCalled,Undefined,Undefined,Undefined,0,0,,90.022,-0.589425,1.037676,2421.807989,209.53072,1:00,5.62554,-0.00657,5.71354,-20.26009,14.3882,7.5428,3.38795,1.58886,82.3973,-4.388567,2.386325,0.423655,80.79631,-2.759735,-174.821123,2286.060093,,,,33.05653,33.05653,-173.948061,0.271672,-3.61457,7.83288,-0.08533,50,5.56378,-2.68331,-130.79317,-2.01388,-6.26047,27.62016,-18.60743,CUP_POL11,CUP_POL1,LAV,Diamond Solutions,DIA,20260321-LAV-2,d1b57ea0-2550-11f1-b649-cf5e5eee1654,88.96968,2.80055,,7.6247,,,,,,,9f71fa90-affe-4f9e-97cb-91830f5cefd1,2026/3/21,07:26.6,2026-03-21T14:07:26.6043392-04:00,2026-03-21T18:07:26.6043392Z,GroundBall,v3,,,,"Alacayo, Jose",1000319841,Right,CUP_POL1,b0e99de4-226a-4ecb-aeb5-9178f6b50766,54.79082,-131.80099,13.81008,5.62488,-1.33492,-9.30372,0.00841,-2.45488,-3.13023,79.398212,-2.15907,-117.77094,17.3967,,,,,,,2.80247,-5.79955,-16.64873,,,,,,,-1.56351,-10.51761,12.72197,,,,,,,,,,,,,,,,,,,,,,,,,,,,,High,High,High,Medium,Medium,,,,,,
199,2026/3/21,07:56.2,2,8,"Chivilli, Julio",1000190038,Right,CUP_POL1,"Beltran, Jonathan Josue",1000490425,Right,CUP_POL11,Undefined,6,Bottom,1,3,2,Fastball,Four-Seam,FoulBallNotFieldable,Undefined,Undefined,Undefined,0,0,,90.1157,-1.606991,-2.289171,2424.605767,211.218012,1:00,5.46377,0.37961,6.12643,-21.27548,12.55449,7.01477,2.20366,-1.15318,83.16631,-5.592145,-1.025382,0.418622,65.64177,53.794485,96.098931,6258.863224,,,,,38.65471,,,-4.21811,7.20552,-0.20802,50,5.32948,4.95139,-130.95877,-4.34575,-7.39074,25.34262,-19.54889,CUP_POL11,CUP_POL1,LAV,Diamond Solutions,DIA,20260321-LAV-2,e3662690-2550-11f1-b649-cf5e5eee1654,90.03928,42.57358,,6.94939,,,,0.73479,2.13654,1.16528,9f71fa90-affe-4f9e-97cb-91830f5cefd1,2026/3/21,07:56.2,2026-03-21T14:07:56.2486272-04:00,2026-03-21T18:07:56.2486272Z,,v3,,,,"Alacayo, Jose",1000319841,Right,CUP_POL1,755c5b5e-253d-496e-a839-b761f092d60c,54.37714,-131.8031,12.67131,5.46341,-3.69445,-9.77445,-0.37709,5.19762,-3.69537,,0.73479,-6.04071,-2.2316,2.76242,-3.22692,6.72627,-8.57746,5.52507,-1.40058,2.13654,77.68483,-32.14043,4.82264,-2.22088,3.36311,-3.93356,2.32852,-0.52414,1.16528,56.54636,-7.88767,1.79254,-1.30892,2.61955,-3.1849,1.9108,-0.43658,,,,,,,,,,,,,,,,,,,,,,,High,High,High,Low,Undefined,,,,,,
200,2026/3/21,08:56.7,2,9,"Chivilli, Julio",1000190038,Right,CUP_POL1,"Beltran, Jonathan Josue",1000490425,Right,CUP_POL11,Undefined,6,Bottom,1,3,2,Slider,Curveball,BallCalled,Walk,Undefined,Undefined,0,0,,82.24142,-0.775002,0.846615,2701.594422,31.427324,7:00,5.47702,0.34899,5.45993,-50.94176,-9.55284,-6.50193,0.50628,0.59972,76.96892,-9.957427,-0.315429,0.463035,,,,,,,,,,,,3.53252,-4.44681,-0.41887,50,5.37269,-1.51535,-119.67329,-3.43487,5.18803,20.34635,-38.70486,CUP_POL11,CUP_POL1,LAV,Diamond Solutions,DIA,20260321-LAV-2,07751b90-2551-11f1-b649-cf5e5eee1654,81.40306,,,5.27251,,,,,,,9f71fa90-affe-4f9e-97cb-91830f5cefd1,2026/3/21,08:56.7,2026-03-21T14:08:56.7133696-04:00,2026-03-21T18:08:56.7133696Z,,v3,,,,"Alacayo, Jose",1000319841,Right,CUP_POL1,6a00e21e-a99f-49a2-bbe5-3c843d61b9e9,55.04806,-120.52848,10.17317,5.48287,-1.80803,-19.35243,-0.3506,-1.73341,2.59402,,,,,,,,,,,,,,,,,,,,,,,,,,,,,,,,,,,,,,,,,,,,,,,,,,,High,High,High,,,,,,,,
201,2026/3/21,09:44.1,3,1,"Chivilli, Julio",1000190038,Right,CUP_POL1,"Gonzalez, Javier",1000297334,Right,CUP_POL11,Undefined,6,Bottom,1,0,0,Fastball,Four-Seam,InPlay,Undefined,GroundBall,Single,0,0,,89.89758,-0.864059,-1.565155,2439.639922,219.889924,1:15,5.59154,0.37969,5.97167,-24.63375,9.55158,7.15418,2.73725,-0.47563,82.88869,-5.447481,-0.279032,0.420815,59.70164,-24.875647,32.909698,,,,,7.29547,7.29547,29.726586,0.073725,-4.1004,5.43288,-0.25975,50,5.50921,3.27789,-130.70068,-2.79362,-7.14732,25.5652,-22.70406,CUP_POL11,CUP_POL1,LAV,Diamond Solutions,DIA,20260321-LAV-2,23b6b070-2551-11f1-b649-cf5e5eee1654,89.57003,2.73026,,7.00889,,,,1.39194,2.73026,0.41829,9f71fa90-affe-4f9e-97cb-91830f5cefd1,2026/3/21,09:44.1,2026-03-21T14:09:44.1428480-04:00,2026-03-21T18:09:44.1428480Z,GroundBall,v3,,,,"Alacayo, Jose",1000319841,Right,CUP_POL1,3f18065f-c8f6-4b63-9a1f-f57c9178f741,54.53224,-131.5842,12.7826,5.5922,-2.00897,-11.35203,-0.37731,3.5249,-3.57366,180,1.38764,67.05302,,,,,,,,2.73263,-37.03313,,,,,,,,0.41551,43.39465,,,,,,,,,,,,,,,,,,,,,,,,,,,,,,High,High,High,High,High,,,,63.64357,3.5799,-14.08124
202,2026/3/21,10:57.3,4,1,"Chivilli, Julio",1000190038,Right,CUP_POL1,"Castillo, Jeans",1000329632,Right,CUP_POL11,Undefined,6,Bottom,1,0,0,Slider,Curveball,BallCalled,Undefined,Undefined,Undefined,0,0,,81.91398,0.106991,0.682522,2672.619718,43.257434,7:30,5.55137,0.36386,5.61925,-48.22829,-6.40433,-7.17898,1.63221,0.40264,75.76419,-8.66911,-0.60261,0.465462,,,,,,,,,,,,3.83292,-2.92106,-0.41737,50,5.52914,-1.13469,-119.09639,-1.4648,5.52645,22.04183,-36.38575,CUP_POL11,CUP_POL1,LAV,Diamond Solutions,DIA,20260321-LAV-2,4f5f7270-2551-11f1-b649-cf5e5eee1654,80.97861,,,6.14978,,,,,,,9f71fa90-affe-4f9e-97cb-91830f5cefd1,2026/3/21,10:57.3,2026-03-21T14:10:57.3347328-04:00,2026-03-21T18:10:57.3347328Z,,v3,,,,"Alacayo, Jose",1000319841,Right,CUP_POL1,5f4d6024-8a6c-46ed-a832-aaa8dff8999f,54.88619,-119.99729,11.02092,5.55862,0.02238,-18.19288,-0.36638,-1.36057,2.76323,,,,,,,,,,,,,,,,,,,,,,,,,,,,,,,,,,,,,,,,,,,,,,,,,,,High,High,High,,,,,,,,
203,2026/3/21,12:09.9,4,2,"Chivilli, Julio",1000190038,Right,CUP_POL1,"Castillo, Jeans",1000329632,Right,CUP_POL11,Undefined,6,Bottom,1,1,0,Slider,Curveball,BallinDirt,Undefined,Undefined,StolenBase,0,1,,81.17367,-1.001491,0.588771,2758.109638,35.6209,7:15,5.46722,0.49052,5.48844,-52.77475,-9.95441,-8.02083,0.1322,0.37298,75.43449,-10.528409,-0.846362,0.470974,,,,,,,,,,,,4.2704,-4.5524,-0.53633,50,5.34265,-0.9042,-118.01857,-3.91022,6.04066,21.84243,-38.61358,CUP_POL11,CUP_POL1,LAV,Diamond Solutions,DIA,20260321-LAV-2,7aa35820-2551-11f1-b649-cf5e5eee1654,80.03091,,,5.73918,,,,,,,9f71fa90-affe-4f9e-97cb-91830f5cefd1,2026/3/21,12:09.9,2026-03-21T14:12:09.9357184-04:00,2026-03-21T18:12:09.9357184Z,,v3,,,,"Alacayo, Jose",1000319841,Right,CUP_POL1,5e27af01-5600-494a-bd5d-b14204ae59a3,55.01894,-118.94383,10.92122,5.47365,-2.27453,-19.30679,-0.49261,-1.16009,3.02033,,,,,,,,,,,,,,,,,,,,,,,,,,,,,,,,,,,,,,,,,,,,,,,,,,,High,High,High,,,,,,,,
204,2026/3/21,12:58.6,4,3,"Chivilli, Julio",1000190038,Right,CUP_POL1,"Castillo, Jeans",1000329632,Right,CUP_POL11,Undefined,6,Bottom,1,2,0,Fastball,Four-Seam,InPlay,Undefined,FlyBall,HomeRun,0,2,,90.88921,-1.787677,-1.452051,2402.071772,211.152918,1:00,5.52652,0.24883,6.11764,-23.03273,10.45316,5.68953,1.95317,-0.6199,83.37066,-6.096676,-0.426161,0.416488,90.9505,20.284038,9.290785,2170.232613,107.89587,33.03968,21.41202,338.27315,336.63444,13.754343,3.612572,-3.34225,6.20992,-0.14042,50,5.3773,3.11133,-132.03257,-4.86797,-5.90693,27.79318,-21.19888,CUP_POL11,CUP_POL1,LAV,Diamond Solutions,DIA,20260321-LAV-2,979a8160-2551-11f1-b649-cf5e5eee1654,90.5007,39.77506,,7.51856,,,,0.53369,1.88546,0.64078,9f71fa90-affe-4f9e-97cb-91830f5cefd1,2026/3/21,12:58.6,2026-03-21T14:12:58.5851904-04:00,2026-03-21T18:12:58.5851904Z,LineDrive,v3,,,,"Alacayo, Jose",1000319841,Right,CUP_POL1,86128541-fad9-4a5c-8233-e9fe4e48e747,54.38481,-132.95238,13.89659,5.52679,-4.1664,-10.59944,-0.24662,3.30682,-2.95346,214.017865,0.53381,123.47928,-15.24252,2.94086,-0.55966,0.10682,-0.02837,0.00642,-0.00057,1.88562,46.23555,-14.9946,0.45437,0.14412,-0.11835,0.05162,-0.01044,0.00078,0.64094,20.19308,2.13244,-1.06906,0.30542,-0.05873,0.00874,-0.00084,3.00E-05,,,,,,,,,,,,,,,,,,,,,,,High,High,High,High,High,,,,65.39367,11.45117,3.17528
205,2026/3/21,14:10.1,5,1,"Chivilli, Julio",1000190038,Right,CUP_POL1,"Montes De Oca, Ian",1000540211,Right,CUP_POL11,Undefined,6,Bottom,1,0,0,Fastball,Four-Seam,InPlay,Undefined,FlyBall,Out,1,0,,90.30764,-2.278617,-0.505481,2420.980508,202.812415,12:45,5.56067,0.11728,5.86638,-18.12521,15.88737,6.26433,1.93223,0.16971,83.33522,-5.679262,0.61872,0.41975,63.34814,70.802594,50.875462,,,,,98.12375,91.99053,57.922322,4.99594,-3.35957,9.03831,-0.08009,50,5.36533,0.89738,-131.23685,-5.79461,-5.90925,25.55097,-16.27638,CUP_POL11,CUP_POL1,LAV,Diamond Solutions,DIA,20260321-LAV-2,c237c6d0-2551-11f1-b649-cf5e5eee1654,89.79727,101.93176,,6.97242,,,,1.96121,1.60755,-0.22938,9f71fa90-affe-4f9e-97cb-91830f5cefd1,2026/3/21,14:10.1,2026-03-21T14:14:10.0741120-04:00,2026-03-21T18:14:10.0741120Z,Popup,v3,,,,"Alacayo, Jose",1000319841,Right,CUP_POL1,03027cff-5f13-4a9f-bc7f-6ce779a7e63a,54.63749,-132.13666,12.77549,5.5593,-5.22142,-8.13819,-0.11536,1.10548,-2.95462,189.106482,1.96248,19.25194,-5.74226,1.42086,-0.05393,-0.08446,0.03015,-0.00456,0.00026,1.60188,87.85264,-23.05318,2.85782,-0.92606,0.26986,-0.05536,0.00627,-0.00029,-0.22672,23.64459,-3.7349,0.60324,0.1926,-0.14341,0.03886,-0.00514,0.00027,,,,,,,,,,,,,,,,,,,,,,,High,High,High,Medium,Low,,,,54.32829,10.47363,-12.63879
206,2026/3/21,14:49.0,6,1,"Chivilli, Julio",1000190038,Right,CUP_POL1,"Garcia, Geremia",1000328902,Right,CUP_POL11,Undefined,6,Bottom,2,0,0,Slider,Curveball,StrikeCalled,Undefined,Undefined,Undefined,0,0,,80.37002,1.38244,1.634394,2548.344349,55.091875,7:45,5.4123,0.49922,5.48779,-50.38719,-6.993,-11.71859,2.50755,1.05222,74.64716,-7.763326,-0.455442,0.474119,,,,,,,,,,,,6.31949,-3.50288,-0.63433,50,5.49893,-2.87136,-116.86014,1.05233,8.84159,19.59652,-37.07492,CUP_POL11,CUP_POL1,LAV,Diamond Solutions,DIA,20260321-LAV-2,d97a36c0-2551-11f1-b649-cf5e5eee1654,79.49996,,,5.72286,,,,,,,9f71fa90-affe-4f9e-97cb-91830f5cefd1,2026/3/21,14:49.0,2026-03-21T14:14:49.0491392-04:00,2026-03-21T18:14:49.0491392Z,,v3,,,,"Alacayo, Jose",1000319841,Right,CUP_POL1,1c914966-6265-4a4f-94a3-b289e92b013f,55.01892,-117.69876,9.79826,5.41994,2.63893,-18.53746,-0.50335,-3.24973,4.4208,,,,,,,,,,,,,,,,,,,,,,,,,,,,,,,,,,,,,,,,,,,,,,,,,,,High,High,High,,,,,,,,
207,2026/3/21,15:04.9,6,2,"Chivilli, Julio",1000190038,Right,CUP_POL1,"Garcia, Geremia",1000328902,Right,CUP_POL11,Undefined,6,Bottom,2,0,1,Slider,Curveball,BallinDirt,Undefined,Undefined,Undefined,0,0,,82.92623,-0.779483,0.247707,2682.271069,38.25675,7:15,5.2418,0.62354,5.77373,-50.39558,-10.07516,-8.79871,0.31673,0.12083,77.43902,-9.919535,-1.334162,0.457019,,,,,,,,,,,,4.60634,-4.73603,-0.63844,50,5.14606,-0.18771,-120.70517,-3.3789,6.86142,21.37378,-39.22863,CUP_POL11,CUP_POL1,LAV,Diamond Solutions,DIA,20260321-LAV-2,e2e98710-2551-11f1-b649-cf5e5eee1654,82.47461,,,5.48721,,,,,,,9f71fa90-affe-4f9e-97cb-91830f5cefd1,2026/3/21,15:04.9,2026-03-21T14:15:04.9072128-04:00,2026-03-21T18:15:04.9072128Z,,v3,,,,"Alacayo, Jose",1000319841,Right,CUP_POL1,41f74f85-a40e-47c1-ad3b-c45545aaf6c3,54.73411,-121.54057,10.68689,5.24816,-1.84565,-19.61431,-0.62586,-0.45589,3.43071,,,,,,,,,,,,,,,,,,,,,,,,,,,,,,,,,,,,,,,,,,,,,,,,,,,High,High,High,,,,,,,,
208,2026/3/21,15:36.6,6,3,"Chivilli, Julio",1000190038,Right,CUP_POL1,"Garcia, Geremia",1000328902,Right,CUP_POL11,Undefined,6,Bottom,2,1,1,Fastball,Four-Seam,FoulBallNotFieldable,Undefined,Undefined,Undefined,0,0,,90.53795,-0.506268,-0.473107,2362.65431,209.100379,1:00,5.52207,0.08857,6.15697,-24.17891,8.95721,4.50721,3.03938,0.02704,84.21586,-5.004184,0.340256,0.414307,,,,,,,,,,,,-2.44791,5.03158,-0.05491,50,5.47097,0.90705,-131.82656,-1.9585,-4.38359,23.39464,-23.16378,CUP_POL11,CUP_POL1,LAV,Diamond Solutions,DIA,20260321-LAV-2,f5cd57d0-2551-11f1-b649-cf5e5eee1654,90.97707,,,6.32209,,,,,,,9f71fa90-affe-4f9e-97cb-91830f5cefd1,2026/3/21,15:36.6,2026-03-21T14:15:36.5860864-04:00,2026-03-21T18:15:36.5860864Z,,v3,,,,"Alacayo, Jose",1000319841,Right,CUP_POL1,54c22a6c-5f4b-4b44-963e-05d6c5363b3c,54.34734,-132.59581,11.69732,5.52284,-1.19683,-11.58189,-0.08711,1.05119,-2.19179,,,,,,,,,,,,,,,,,,,,,,,,,,,,,,,,,,,,,,,,,,,,,,,,,,,High,High,High,,,,,,,,
209,2026/3/21,15:58.7,6,4,"Chivilli, Julio",1000190038,Right,CUP_POL1,"Garcia, Geremia",1000328902,Right,CUP_POL11,Undefined,6,Bottom,2,1,2,Slider,Curveball,BallCalled,Undefined,Undefined,Undefined,0,0,,82.02621,-0.757765,0.336831,2656.43839,44.49541,7:30,5.34795,0.30219,5.66323,-50.13227,-8.92886,-9.80867,0.46357,-0.20109,76.91268,-9.826205,-1.422637,0.461996,,,,,,,,,,,,5.09823,-4.08059,-0.32427,50,5.25151,-0.32395,-119.42192,-3.32635,7.4707,19.83271,-38.15353,CUP_POL11,CUP_POL1,LAV,Diamond Solutions,DIA,20260321-LAV-2,02fdf5e0-2552-11f1-b649-cf5e5eee1654,81.58614,,,5.11352,,,,,,,9f71fa90-affe-4f9e-97cb-91830f5cefd1,2026/3/21,15:58.7,2026-03-21T14:15:58.7208704-04:00,2026-03-21T18:15:58.7208704Z,,v3,,,,"Alacayo, Jose",1000319841,Right,CUP_POL1,9477cebb-071e-41c6-aab9-a148c0be9141,54.84458,-120.22378,9.91636,5.35482,-1.78376,-19.07677,-0.30507,-0.62599,3.73535,,,,,,,,,,,,,,,,,,,,,,,,,,,,,,,,,,,,,,,,,,,,,,,,,,,High,High,High,,,,,,,,
210,2026/3/21,16:25.1,6,5,"Chivilli, Julio",1000190038,Right,CUP_POL1,"Garcia, Geremia",1000328902,Right,CUP_POL11,Undefined,6,Bottom,2,2,2,Fastball,Cutter,BallCalled,Undefined,Undefined,Undefined,0,0,,89.34658,-0.028877,-0.391911,2409.099896,190.871761,12:15,5.45736,0.49031,6.09734,-25.0297,9.32528,1.60465,3.34484,0.26152,82.46636,-4.698124,-0.102727,0.421858,,,,,,,,,,,,-0.92228,5.13433,-0.46093,50,5.44186,0.82274,-129.97104,-0.88256,-1.59357,24.65654,-23.3026,CUP_POL11,CUP_POL1,LAV,Diamond Solutions,DIA,20260321-LAV-2,12b00eb0-2552-11f1-b649-cf5e5eee1654,89.34863,,,6.88021,,,,,,,9f71fa90-affe-4f9e-97cb-91830f5cefd1,2026/3/21,16:25.1,2026-03-21T14:16:25.0937344-04:00,2026-03-21T18:16:25.0937344Z,,v3,,,,"Alacayo, Jose",1000319841,Right,CUP_POL1,647e8d3d-c4bf-4fbc-9a53-b6942eb2aa1c,54.40487,-130.80401,12.32827,5.45838,-0.09533,-11.6513,-0.48963,0.87657,-0.79678,,,,,,,,,,,,,,,,,,,,,,,,,,,,,,,,,,,,,,,,,,,,,,,,,,,High,High,High,,,,,,,,
211,2026/3/21,16:48.3,6,6,"Chivilli, Julio",1000190038,Right,CUP_POL1,"Garcia, Geremia",1000328902,Right,CUP_POL11,Undefined,6,Bottom,2,3,2,Slider,Curveball,BallCalled,Walk,Undefined,Undefined,0,0,,81.19081,0.953819,1.897265,2658.623539,41.469598,7:30,5.37243,0.47734,5.72116,-52.42452,-10.33839,-10.12682,1.8928,1.40143,75.65466,-8.575059,0.082432,0.466918,,,,,,,,,,,,5.6939,-5.32252,-0.62931,50,5.41866,-3.53615,-118.13855,0.19156,8.14643,19.89998,-39.78914,CUP_POL11,CUP_POL1,LAV,Diamond Solutions,DIA,20260321-LAV-2,208ccb40-2552-11f1-b649-cf5e5eee1654,80.72598,,,5.53615,,,,,,,9f71fa90-affe-4f9e-97cb-91830f5cefd1,2026/3/21,16:48.3,2026-03-21T14:16:48.3302400-04:00,2026-03-21T18:16:48.3302400Z,,v3,,,,"Alacayo, Jose",1000319841,Right,CUP_POL1,de85ad62-e2b3-4225-b7b3-28ee019a6d74,54.78724,-118.94221,9.94999,5.37847,1.79844,-19.89457,-0.47986,-3.86515,4.07322,,,,,,,,,,,,,,,,,,,,,,,,,,,,,,,,,,,,,,,,,,,,,,,,,,,High,High,High,,,,,,,,
212,2026/3/21,17:35.9,7,1,"Chivilli, Julio",1000190038,Right,CUP_POL1,"Magana Iturralde, Alfredo",1000321154,Right,CUP_POL11,Undefined,6,Bottom,2,0,0,Slider,Curveball,BallCalled,Undefined,Undefined,StolenBase,0,0,,82.31524,-0.625811,0.642253,2725.942637,44.324608,7:30,5.4382,0.34124,5.53324,-49.30018,-7.7539,-8.75213,0.74478,0.2123,76.32713,-9.557404,-0.923457,0.463914,,,,,,,,,,,,4.63059,-3.45603,-0.39093,50,5.3504,-0.99497,-119.67907,-3.05689,6.7419,22.26491,-37.20584,CUP_POL11,CUP_POL1,LAV,Diamond Solutions,DIA,20260321-LAV-2,3cf744e0-2552-11f1-b649-cf5e5eee1654,81.24879,,,5.9881,,,,,,,9f71fa90-affe-4f9e-97cb-91830f5cefd1,2026/3/21,17:35.9,2026-03-21T14:17:35.9576064-04:00,2026-03-21T18:17:35.9576064Z,,v3,,,,"Alacayo, Jose",1000319841,Right,CUP_POL1,47d39260-dba1-48f6-9422-ce2c6cd9906c,54.97307,-120.6007,11.13245,5.44507,-1.51679,-18.60292,-0.34397,-1.27405,3.37095,,,,,,,,,,,,,,,,,,,,,,,,,,,,,,,,,,,,,,,,,,,,,,,,,,,High,High,High,,,,,,,,
213,2026/3/21,18:08.6,7,2,"Chivilli, Julio",1000190038,Right,CUP_POL1,"Magana Iturralde, Alfredo",1000321154,Right,CUP_POL11,Undefined,6,Bottom,2,1,0,Fastball,Four-Seam,InPlay,Undefined,FlyBall,Out,1,0,,89.77748,-0.972771,-0.216477,2499.902187,198.929234,12:45,5.49428,0.1166,6.02971,-21.39505,12.41678,3.96158,2.81035,0.24624,83.64135,-4.957816,0.496642,0.41851,71.01305,40.681754,-16.79824,,104.58689,72.01037,-34.08175,241.78282,240.05011,-18.800604,4.715483,-2.10532,6.90402,-0.10188,50,5.40636,0.33534,-130.71419,-2.91021,-3.71328,22.53748,-19.9971,CUP_POL11,CUP_POL1,LAV,Diamond Solutions,DIA,20260321-LAV-2,50630a50-2552-11f1-b649-cf5e5eee1654,90.06346,75.79083,,6.13613,,,,0.91722,2.85145,-0.23993,9f71fa90-affe-4f9e-97cb-91830f5cefd1,2026/3/21,18:08.6,2026-03-21T14:18:08.5657600-04:00,2026-03-21T18:18:08.5657600Z,FlyBall,v3,,,,"Alacayo, Jose",1000319841,Right,CUP_POL1,85c7249f-fa3d-4009-bf29-802866ee5ce7,54.47516,-131.48352,11.26874,5.49405,-2.2276,-9.99855,-0.11549,0.4621,-1.85664,171.982967,0.91898,75.56886,-12.26534,2.30123,-0.12261,-0.09289,0.03078,-0.00393,0.00019,2.85026,67.92112,-17.81758,1.47123,-0.42392,0.10271,-0.01251,0.00039,3.00E-05,-0.24051,-22.81443,2.36331,-0.35566,0.01438,0.01342,-0.00336,0.00028,-1.00E-05,,,,,,,,,,,,,,,,,,,,,,,High,High,High,High,Medium,,,,63.83886,13.20342,-11.14253
214,2026/3/21,20:41.4,1,1,"Cruz Sanchez, Jose",1000379129,Left,CUP_POL11,"Almonte, Jean",1000438215,Left,CUP_POL1,Undefined,7,Top,0,0,0,Fastball,Four-Seam,BallCalled,Undefined,Undefined,Undefined,0,0,,87.3597,-2.508589,5.412491,2349.074909,146.967196,11:00,6.08115,-2.49911,6.46735,-17.28438,18.93647,-11.52371,2.32484,1.52679,79.60287,-5.829946,3.336276,0.433162,,,,,,,,,,,,7.49083,10.94119,2.12035,50,5.89503,-11.50984,-126.30954,-5.97854,12.07737,26.20757,-14.53369,CUP_POL11,CUP_POL1,LAV,Diamond Solutions,DIA,20260321-LAV-2,ab80d890-2552-11f1-b649-cf5e5eee1654,87.01686,,,7.75683,,,,,,,9f71fa90-affe-4f9e-97cb-91830f5cefd1,2026/3/21,20:41.4,2026-03-21T14:20:41.4280704-04:00,2026-03-21T18:20:41.4280704Z,,v3,,,,"Beltran, Jonathan Josue",1000490425,Right,CUP_POL11,b51e47a0-3771-44f9-a2dd-e14778cd3942,54.03251,-127.14348,13.10378,6.07791,-5.51607,-7.26685,2.49272,-11.89415,6.03869,,,,,,,,,,,,,,,,,,,,,,,,,,,,,,,,,,,,,,,,,,,,,,,,,,,High,High,High,,,,,,,,
215,2026/3/21,20:54.6,1,2,"Cruz Sanchez, Jose",1000379129,Left,CUP_POL11,"Almonte, Jean",1000438215,Left,CUP_POL1,Undefined,7,Top,0,1,0,Fastball,Four-Seam,StrikeCalled,Undefined,Undefined,Undefined,0,0,,87.38832,-1.576592,3.788607,2367.221406,149.123648,11:00,5.98015,-2.56504,6.33605,-18.32162,17.83851,-9.95871,2.99809,0.09868,79.69627,-5.081519,1.991998,0.432799,,,,,,,,,,,,6.22429,10.07056,2.29292,50,5.85606,-7.99466,-126.7035,-3.9754,10.1,26.32437,-15.83282,CUP_POL11,CUP_POL1,LAV,Diamond Solutions,DIA,20260321-LAV-2,b352a580-2552-11f1-b649-cf5e5eee1654,87.08992,,,7.69206,,,,,,,9f71fa90-affe-4f9e-97cb-91830f5cefd1,2026/3/21,20:54.6,2026-03-21T14:20:54.5647104-04:00,2026-03-21T18:20:54.5647104Z,,v3,,,,"Beltran, Jonathan Josue",1000490425,Right,CUP_POL11,3565a9c2-324b-4e84-85ae-f0bfd88ca9f5,54.1647,-127.56584,13.16219,5.97779,-3.45674,-7.91641,2.56023,-8.32552,5.05,,,,,,,,,,,,,,,,,,,,,,,,,,,,,,,,,,,,,,,,,,,,,,,,,,,High,High,High,,,,,,,,
216,2026/3/21,21:09.9,1,3,"Cruz Sanchez, Jose",1000379129,Left,CUP_POL11,"Almonte, Jean",1000438215,Left,CUP_POL1,Undefined,7,Top,0,1,1,Slider,Four-Seam,StrikeCalled,Undefined,Undefined,Undefined,0,0,,88.19361,-0.887971,4.596247,2418.702841,135.97228,10:30,5.98671,-2.47583,6.64798,-18.93887,16.08776,-14.4719,3.59298,0.5344,80.53853,-4.518884,1.973595,0.425962,,,,,,,,,,,,8.81363,9.03489,2.17014,50,5.91852,-9.72024,-127.87809,-2.46841,14.60886,26.12567,-17.1985,CUP_POL11,CUP_POL1,LAV,Diamond Solutions,DIA,20260321-LAV-2,bc6de260-2552-11f1-b649-cf5e5eee1654,88.48786,,,7.65507,,,,,,,9f71fa90-affe-4f9e-97cb-91830f5cefd1,2026/3/21,21:09.9,2026-03-21T14:21:09.8544128-04:00,2026-03-21T18:21:09.8544128Z,,v3,,,,"Beltran, Jonathan Josue",1000490425,Right,CUP_POL11,1d8c9126-cc41-441c-a3a0-cc8364c3d2d7,53.85335,-128.66293,13.06284,5.98491,-1.95176,-8.59925,2.46874,-10.1591,7.30443,,,,,,,,,,,,,,,,,,,,,,,,,,,,,,,,,,,,,,,,,,,,,,,,,,,High,High,High,,,,,,,,
217,2026/3/21,21:25.1,1,4,"Cruz Sanchez, Jose",1000379129,Left,CUP_POL11,"Almonte, Jean",1000438215,Left,CUP_POL1,Undefined,7,Top,0,2,2,Fastball,Four-Seam,FoulBallNotFieldable,Undefined,Undefined,Undefined,0,0,,87.72224,-1.185269,3.618497,2374.033472,140.222113,10:45,6.02838,-2.66602,6.37966,-18.82588,16.86237,-13.09658,3.36675,-0.42384,80.20125,-4.779259,1.25249,0.429966,,,,,,,,,,,,7.76146,9.44036,2.41019,50,5.93369,-7.52757,-127.28391,-3.14012,12.75145,25.77021,-16.66428,CUP_POL11,CUP_POL1,LAV,Diamond Solutions,DIA,20260321-LAV-2,c58b6930-2552-11f1-b649-cf5e5eee1654,87.66382,,,7.521,,,,,,,9f71fa90-affe-4f9e-97cb-91830f5cefd1,2026/3/21,21:25.1,2026-03-21T14:21:25.1334656-04:00,2026-03-21T18:21:25.1334656Z,,v3,,,,"Beltran, Jonathan Josue",1000490425,Right,CUP_POL11,5118fa79-3b62-4084-b4cd-22d1166cc1de,54.1215,-128.11564,12.8851,6.02636,-2.60228,-8.33214,2.65978,-7.93912,6.37573,,,,,,,,,,,,,,,,,,,,,,,,,,,,,,,,,,,,,,,,,,,,,,,,,,,High,High,High,,,,,,,,
218,2026/3/21,21:53.3,1,5,"Cruz Sanchez, Jose",1000379129,Left,CUP_POL11,"Almonte, Jean",1000438215,Left,CUP_POL1,Undefined,7,Top,0,2,2,Fastball,Four-Seam,BallCalled,Undefined,Undefined,Undefined,0,0,,88.42311,-0.452494,3.744853,2415.379223,145.699097,10:45,6.13698,-2.54719,6.32886,-18.01918,17.36564,-11.04619,4.21777,-0.01408,80.33897,-3.91068,1.752396,0.428134,,,,,,,,,,,,6.77032,9.48457,2.27813,50,6.09501,-7.93984,-128.21415,-1.48808,11.22391,27.52013,-16.45049,CUP_POL11,CUP_POL1,LAV,Diamond Solutions,DIA,20260321-LAV-2,d64e7cd0-2552-11f1-b649-cf5e5eee1654,88.03885,,,8.08414,,,,,,,9f71fa90-affe-4f9e-97cb-91830f5cefd1,2026/3/21,21:53.3,2026-03-21T14:21:53.2741632-04:00,2026-03-21T18:21:53.2741632Z,,v3,,,,"Beltran, Jonathan Josue",1000490425,Right,CUP_POL11,a2d8f41f-bc3a-4108-9605-b10276bb4966,54.17092,-129.1063,13.76007,6.1346,-0.95479,-8.22524,2.54142,-8.30369,5.61196,,,,,,,,,,,,,,,,,,,,,,,,,,,,,,,,,,,,,,,,,,,,,,,,,,,High,High,High,,,,,,,,
219,2026/3/21,22:23.5,1,6,"Cruz Sanchez, Jose",1000379129,Left,CUP_POL11,"Almonte, Jean",1000438215,Left,CUP_POL1,Undefined,7,Top,0,3,2,Fastball,Four-Seam,StrikeCalled,Strikeout,Undefined,Undefined,0,0,,89.16069,-2.172482,4.893166,2424.277054,140.350083,10:45,6.04978,-2.39261,6.70029,-17.56784,16.58312,-12.86312,2.59098,1.02086,81.78894,-5.538639,2.56146,0.420603,,,,,,,,,,,,8.0213,9.63363,2.07054,50,5.89724,-10.5644,-129.19738,-5.35601,13.62277,25.71131,-15.81305,CUP_POL11,CUP_POL1,LAV,Diamond Solutions,DIA,20260321-LAV-2,e8569390-2552-11f1-b649-cf5e5eee1654,89.61518,,,7.37176,,,,,,,9f71fa90-affe-4f9e-97cb-91830f5cefd1,2026/3/21,22:23.5,2026-03-21T14:22:23.5490000-04:00,2026-03-21T18:22:23.5490000Z,,v3,,,,"Beltran, Jonathan Josue",1000490425,Right,CUP_POL11,639cac66-b3c4-4b0a-af64-09ae8598e9ef,53.80141,-129.95169,12.85565,6.04757,-4.89209,-7.90652,2.38634,-10.96406,6.81138,,,,,,,,,,,,,,,,,,,,,,,,,,,,,74.45201,2.53117,1.621453,0.909717,-2.85583,2.16423,-1.2049,-3.01562,6.04049,-2.09056,73.71058,7.70466,-51.29354,-2.98017,89.01111,-5.17123,6.04916,12.65121,-11.9044,-2.14929,-60.50925,7.12286,High,High,High,,,High,High,High,,,
220,2026/3/21,22:56.6,2,1,"Cruz Sanchez, Jose",1000379129,Left,CUP_POL11,"Garcia, Frank",1000440883,Right,CUP_POL1,Undefined,7,Top,1,0,0,Curveball,Curveball,StrikeCalled,Undefined,Undefined,Undefined,0,0,,69.5263,3.150886,1.151618,2278.573265,308.023493,4:15,5.56091,-2.18786,6.15835,-65.81476,-8.895,13.42367,2.99096,-0.00511,64.49655,-8.942841,3.572491,0.543004,,,,,,,,,,,,-6.60815,-4.86284,2.09384,50,5.76728,-2.4612,-101.06136,3.75265,-6.86981,15.66737,-37.22942,CUP_POL11,CUP_POL1,LAV,Diamond Solutions,DIA,20260321-LAV-2,fc295830-2552-11f1-b649-cf5e5eee1654,69.41468,,,5.02976,,,,,,,9f71fa90-affe-4f9e-97cb-91830f5cefd1,2026/3/21,22:56.6,2026-03-21T14:22:56.6368768-04:00,2026-03-21T18:22:56.6368768Z,,v3,,,,"Beltran, Jonathan Josue",1000490425,Right,CUP_POL11,30f8badb-c09a-46a2-952c-fafda7e5ee72,54.34915,-101.73336,7.83368,5.57207,5.3495,-18.61471,2.19308,-2.16654,-3.4349,,,,,,,,,,,,,,,,,,,,,,,,,,,,,,,,,,,,,,,,,,,,,,,,,,,High,High,High,,,,,,,,
221,2026/3/21,23:11.0,2,2,"Cruz Sanchez, Jose",1000379129,Left,CUP_POL11,"Garcia, Frank",1000440883,Right,CUP_POL1,Undefined,7,Top,1,0,1,Curveball,Curveball,StrikeCalled,Undefined,Undefined,Undefined,0,0,,70.25655,2.682843,0.588637,2318.999181,316.52866,4:30,5.66554,-2.28373,6.15394,-67.50449,-11.05087,12.21375,2.52098,-0.72202,64.42105,-9.748356,2.794605,0.540776,,,,,,,,,,,,-6.09429,-5.88756,2.23306,50,5.83595,-1.45026,-102.04946,2.88571,-6.36603,18.27242,-38.32415,CUP_POL11,CUP_POL1,LAV,Diamond Solutions,DIA,20260321-LAV-2,04b74930-2553-11f1-b649-cf5e5eee1654,69.70066,,,5.8355,,,,,,,9f71fa90-affe-4f9e-97cb-91830f5cefd1,2026/3/21,23:11.0,2026-03-21T14:23:11.0274048-04:00,2026-03-21T18:23:11.0274048Z,,v3,,,,"Beltran, Jonathan Josue",1000490425,Right,CUP_POL11,3408337b-f626-4e55-a573-ca13adc34c0b,54.35212,-102.82578,9.13621,5.67876,4.51393,-19.16207,2.28894,-1.17979,-3.18302,,,,,,,,,,,,,,,,,,,,,,,,,,,,,,,,,,,,,,,,,,,,,,,,,,,High,High,High,,,,,,,,
222,2026/3/21,23:27.3,2,3,"Cruz Sanchez, Jose",1000379129,Left,CUP_POL11,"Garcia, Frank",1000440883,Right,CUP_POL1,Undefined,7,Top,1,0,2,Slider,Curveball,StrikeSwinging,Strikeout,Undefined,Undefined,0,0,,69.26182,1.846306,0.323672,2245.197055,313.523976,4:30,5.53922,-2.26442,6.09142,-68.71842,-10.72493,13.21469,1.52125,-0.86377,63.91386,-10.760987,2.710995,0.548102,,,,,,,,,,,,-6.72796,-5.53882,2.23258,50,5.64561,-0.99003,-100.69461,1.34619,-6.86129,17.3768,-37.82264,CUP_POL11,CUP_POL1,LAV,Diamond Solutions,DIA,20260321-LAV-2,0e6e9f00-2553-11f1-b649-cf5e5eee1654,68.76907,,,5.34796,,,,,,,9f71fa90-affe-4f9e-97cb-91830f5cefd1,2026/3/21,23:27.3,2026-03-21T14:23:27.3004032-04:00,2026-03-21T18:23:27.3004032Z,,v3,,,,"Beltran, Jonathan Josue",1000490425,Right,CUP_POL11,de0e8b53-3730-4311-b7eb-4fda2039a5ea,54.41568,-101.45375,8.6884,5.55071,2.99856,-18.91132,2.26928,-0.69028,-3.43064,,,,,,,,,,,,,,,,,,,,,,,,,,,,,,,,,,,,,,,,,,,,,,,,,,,High,High,High,,,,,,,,
223,2026/3/21,24:08.3,3,1,"Cruz Sanchez, Jose",1000379129,Left,CUP_POL11,"Feliz, Sariel",1000347580,Right,CUP_POL1,Undefined,7,Top,1,0,0,Fastball,Four-Seam,InPlay,Undefined,FlyBall,Out,1,0,,87.66624,-1.378768,4.322842,2395.936169,141.259943,10:45,6.12643,-2.33886,6.40619,-19.08214,16.64202,-12.44851,3.26452,0.60647,80.22835,-5.01624,2.076066,0.430182,69.72905,40.493205,-32.365553,,91.20987,67.42487,-61.48735,240.46611,160.13085,-35.299283,4.372382,7.71189,9.41721,2.03421,50,6.01845,-9.13748,-127.13559,-3.58375,12.64378,25.64668,-16.73434,CUP_POL11,CUP_POL1,LAV,Diamond Solutions,DIA,20260321-LAV-2,26cc6a00-2553-11f1-b649-cf5e5eee1654,87.61971,69.59463,,7.43789,,,,0.7906,3.23665,-0.41339,9f71fa90-affe-4f9e-97cb-91830f5cefd1,2026/3/21,24:08.3,2026-03-21T14:24:08.3034112-04:00,2026-03-21T18:24:08.3034112Z,FlyBall,v3,,,,"Beltran, Jonathan Josue",1000490425,Right,CUP_POL11,02bcee54-7d52-400a-8043-1755d5e209ed,54.09718,-127.95944,12.82334,6.12494,-3.04619,-8.36717,2.33425,-9.54364,6.32189,,0.79138,65.67554,-10.38301,2.2336,-0.2507,-0.0247,0.01295,-0.0015,5.00E-05,3.23685,66.39818,-18.458,1.20228,-0.13652,-0.03607,0.02337,-0.00445,0.00029,-0.41392,-41.62175,4.60206,-0.89914,0.08637,0.011,-0.00371,0.00019,1.00E-05,,,,,,,,,,,,,,,,,,,,,,,High,High,High,High,Medium,,,,64.33145,15.23583,-21.04305