"pitch_type","game_date","release_speed","release_pos_x","release_pos_z","player_name","batter","pitcher","events","description","spin_dir","spin_rate_deprecated","break_angle_deprecated","break_length_deprecated","zone","des","game_type","stand","p_throws","home_team","away_team","type","hit_location","bb_type","balls","strikes","game_year","pfx_x","pfx_z","plate_x","plate_z","on_3b","on_2b","on_1b","outs_when_up","inning","inning_topbot","hc_x","hc_y","tfs_deprecated","tfs_zulu_deprecated","umpire","sv_id","vx0","vy0","vz0","ax","ay","az","sz_top","sz_bot","hit_distance_sc","launch_speed","launch_angle","effective_speed","release_spin_rate","release_extension","game_pk","fielder_2","fielder_3","fielder_4","fielder_5","fielder_6","fielder_7","fielder_8","fielder_9","release_pos_y","estimated_ba_using_speedangle","estimated_woba_using_speedangle","woba_value","woba_denom","babip_value","iso_value","launch_speed_angle","at_bat_number","pitch_number","pitch_name","home_score","away_score","bat_score","fld_score","post_away_score","post_home_score","post_bat_score","post_fld_score","if_fielding_alignment","of_fielding_alignment","spin_axis","delta_home_win_exp","delta_run_exp","bat_speed","swing_length","estimated_slg_using_speedangle","delta_pitcher_run_exp","hyper_speed","home_score_diff","bat_score_diff","home_win_exp","bat_win_exp","age_pit_legacy","age_bat_legacy","age_pit","age_bat","n_thruorder_pitcher","n_priorpa_thisgame_player_at_bat","pitcher_days_since_prev_game","batter_days_since_prev_game","pitcher_days_until_next_game","batter_days_until_next_game","api_break_z_with_gravity","api_break_x_arm","api_break_x_batter_in","arm_angle","attack_angle","attack_direction","swing_path_tilt","intercept_ball_minus_batter_pos_x_inches","intercept_ball_minus_batter_pos_y_inches"
"SL","2025-11-01","88.7","-1.92","5.99","Ohtani, Shohei",666182,660271,"home_run","hit_into_play",,,,,6,"Bo Bichette homers (1) on a fly ball to center field. George Springer scores. Vladimir Guerrero Jr. scores.","W","R","R","TOR","LAD","X",,"fly_ball",0,0,2025,"0.1","0.25","0.45","2.41",543807,,665489,1,3,"Bot",106.64,21.05,,,,,5.616422937291138,-129.15322486411745,-3.258159527233467,-0.06229898060051301,26.586177424988552,-28.902759745051096,"3.7","1.74",442,"110.1",24,"89.2",2727,"6.5",813024,669257,518692,500743,571970,605141,571771,669242,606192,"53.98",0.9491724137931036,2,"2",1,0,3,6,23,1,"Slider",0,0,0,0,0,3,3,0,"Standard","Standard",80,"0.198","1.163","78.9","7.9",3.700310344827585,"-1.163","110.1",0,0,0.63,0.63,30,27,31,27,2,1,4,1,,,"2.64","-0.1","-0.1","40.8",3.7534911484437603,-9.954370329336017,31.736509522797977,37.88681709813187,30.39534785365069
"FS","2025-11-01","87.5","-1.64","6.08","Ohtani, Shohei",665489,660271,,"ball",,,,,14,"Ball","W","R","R","TOR","LAD","B",,,0,0,2025,"-0.72","0.38","1.94","0.8",,543807,,1,3,"Bot",,,,,,,10.192764648773785,-126.74274873715268,-7.275612084796826,-10.03489232409599,28.79237226369483,-26.63255365461762,"3.67","1.59",,,,"87.5",1246,"6.8",813024,669257,518692,500743,571970,605141,571771,669242,606192,"53.71",,,,,,,,22,1,"Split-Finger",0,0,0,0,0,0,0,0,"Standard","Standard",230,"0.036","0.028",,,,"-0.028",,0,0,0.577,0.577,30,26,31,26,2,1,4,1,,,"2.65","0.72","0.72","46.4",,,,,
"FF","2025-11-01","98.5","-2.06","5.7","Ohtani, Shohei",664770,660271,"sac_bunt","hit_into_play",,,,,5,"Nathan Lukes out on a sacrifice bunt, pitcher Shohei Ohtani to first baseman Freddie Freeman. George Springer to 2nd.","W","L","R","TOR","LAD","X",1,"ground_ball",0,0,2025,"-0.5","1.29","0.27","2.14",,,543807,0,3,"Bot",125.43,193.9,,,,,7.567323720620089,-143.05076303467843,-7.200808563887855,-8.709924323573581,36.44364154212652,-12.92427515121811,"3.34","1.52",1,"45.6",-71,"98.9",2428,"6.9",813024,669257,518692,500743,571970,605141,571771,669242,606192,"53.63",0.235,,"0.2",0,0,0,1,21,1,"4-Seam Fastball",0,0,0,0,0,0,0,0,"Standard","Standard",215,"-0.018","-0.032",,,0.251,"0.032","88.0",0,0,0.595,0.595,30,30,31,31,2,1,4,1,,,"1.09","0.5","-0.5","38.0",,,,,
"ST","2025-11-01","85.7","-2.69","5.54","Ohtani, Shohei",543807,660271,"single","hit_into_play",,,,,6,"George Springer singles on a line drive to left fielder Enrique Hernández.","W","R","R","TOR","LAD","X",7,"line_drive",1,2,2025,"1.7","-0.03","0.69","2.3",,,,0,3,"Bot",71.41,94.96,,,,,4.564381965615795,-124.7577308213285,-1.2551026809407646,16.57845432437348,28.19222658588303,-32.46737028517022,"3.55","1.64",242,"93.2",18,"85.6",2769,"6.5",813024,669257,518692,500743,571970,605141,571771,669242,606192,"54.04",0.471,0.468,"0.9",1,1,0,4,20,5,"Sweeper",0,0,0,0,0,0,0,0,"Standard","Standard",66,"0.046","0.508","67.9","8.1",0.627,"-0.508","93.2",0,0,0.549,0.549,30,35,31,36,2,1,4,1,,,"3.16","-1.7","-1.7","30.5",23.015199630926826,-3.649371719958949,34.957644976492915,43.37347386014666,26.517702998067442
"CU","2025-11-01","83.2","-1.88","6.23","Ohtani, Shohei",543807,660271,,"ball",,,,,14,"Ball","W","R","R","TOR","LAD","B",,,0,2,2025,"0.93","-1.25","2.4","1.24",,,,0,3,"Bot",,,,,,,8.028744136052325,-120.73311716178806,-2.3472069580682415,7.024391880952691,28.42299264402037,-43.94658028738304,"3.55","1.59",,,,"82.8",2877,"6.7",813024,669257,518692,500743,571970,605141,571771,669242,606192,"53.83",,,,,,,,20,4,"Curveball",0,0,0,0,0,0,0,0,"Standard","Standard",40,"0.003","0.024",,,,"-0.024",,0,0,0.546,0.546,30,35,31,36,2,1,4,1,,,"4.62","-0.93","-0.93","48.8",,,,,
"FF","2025-11-01","100.9","-2.35","5.7","Ohtani, Shohei",543807,660271,,"foul",,,,,12,"Foul","W","R","R","TOR","LAD","S",,,0,2,2025,"-0.71","1.38","1.1","2.68",,,,0,3,"Bot",,,,,,,11.309457233446862,-146.27687545313955,-6.31647112568396,-12.981572592065953,37.404717890937505,-11.051988377176807,"3.55","1.64",233,"84.6",53,"100.8",2625,"6.6",813024,669257,518692,500743,571970,605141,571771,669242,606192,"53.87",,,,,,,,20,3,"4-Seam Fastball",0,0,0,0,0,0,0,0,"Standard","Standard",219,"0","0","69.2","7.2",,"0","88.0",0,0,0.546,0.546,30,35,31,36,2,1,4,1,,,"0.89","0.71","0.71","34.3",6.333661237518421,20.15938156494417,29.94941712651561,48.79675665107112,11.385695336426924
"FF","2025-11-01","99.2","-2.32","5.75","Ohtani, Shohei",543807,660271,,"swinging_strike",,,,,3,"Swinging Strike","W","R","R","TOR","LAD","S",,,0,1,2025,"-0.61","1.5","0.68","3.36",,,,0,3,"Bot",,,,,,,9.655283330244247,-143.97745835080192,-4.575958171318298,-10.816077707604903,36.55234399366866,-10.423994966367307,"3.55","1.64",,,,"99.2",2576,"6.7",813024,669257,518692,500743,571970,605141,571771,669242,606192,"53.83",,,,,,,,20,2,"4-Seam Fastball",0,0,0,0,0,0,0,0,"Standard","Standard",217,"-0.005","-0.055","74.2","7.0",,"0.055",,0,0,0.551,0.551,30,35,31,36,2,1,4,1,,,"0.84","0.61","0.61","34.5",10.44975653020959,16.1867554695074,28.805378929204537,43.54771264070254,11.093950157004775
"FF","2025-11-01","96.3","-2.51","5.67","Ohtani, Shohei",543807,660271,,"foul",,,,,4,"Foul","W","R","R","TOR","LAD","S",,,0,0,2025,"-0.79","1.31","-0.36","2.58",,,,0,3,"Bot",,,,,,,7.540686742638839,-139.97988050465332,-5.575497628361343,-12.16287304307712,34.52098676050919,-13.937156491092079,"3.55","1.64",200,"73.5",57,"96.5",2508,"6.7",813024,669257,518692,500743,571970,605141,571771,669242,606192,"53.83",,,,,,,,20,1,"4-Seam Fastball",0,0,0,0,0,0,0,0,"Standard","Standard",223,"-0.004","-0.039","74.1","7.3",,"0.039","88.0",0,0,0.555,0.555,30,35,31,36,2,1,4,1,,,"1.18","0.79","0.79","32.0",10.50333595852801,3.069397611967932,39.64711173279759,31.408470181149973,20.611117676123513
"FF","2025-11-01","99","-2.57","5.61","Ohtani, Shohei",665926,660271,"strikeout","swinging_strike",,,,,3,"Andrés Giménez strikes out swinging.","W","L","R","TOR","LAD","S",2,,1,2,2025,"0.01","1","0.61","2.82",666182,680718,676391,2,2,"Bot",,,,,,,8.729878665083728,-143.88256288785652,-4.534712086814726,-2.0001873892375652,34.308975543833135,-17.440955221001243,"3.24","1.5",,,,"99.5",2629,"6.7",813024,669257,518692,500743,571970,605141,571771,669242,606192,"53.79",,0,"0",1,0,0,,16,5,"4-Seam Fastball",0,0,0,0,0,0,0,0,"Standard","Standard",212,"-0.058","-0.202","65.7","6.1",,"0.202",,0,0,0.558,0.558,30,26,31,27,1,0,4,1,,,"1.34","-0.01","0.01","30.2",-4.291791966727388,13.839906221940488,34.06509320874197,28.586215407994427,21.173092277447203
"SL","2025-11-01","90.9","-2.11","6.06","Ohtani, Shohei",665926,660271,,"foul",,,,,2,"Foul","W","L","R","TOR","LAD","S",,,1,2,2025,"0.27","0.17","-0.01","3.06",666182,680718,676391,2,2,"Bot",,,,,,,4.699537290822387,-132.4077066828071,-2.0164365296476756,2.204485673311649,26.97538993322029,-29.970496011342508,"3.24","1.5",163,"63.7",56,"91.7",2740,"6.6",813024,669257,518692,500743,571970,605141,571771,669242,606192,"53.88",,,,,,,,16,4,"Slider",0,0,0,0,0,0,0,0,"Standard","Standard",82,"0","0",,,,"0","88.0",0,0,0.558,0.558,30,26,31,27,1,0,4,1,,,"2.57","-0.27","0.27","40.9",,,,,
"FF","2025-11-01","98.7","-2.55","5.57","Ohtani, Shohei",665926,660271,,"swinging_strike",,,,,12,"Swinging Strike","W","L","R","TOR","LAD","S",,,1,1,2025,"-0.26","1.3","0.64","3.44",666182,680718,676391,2,2,"Bot",,,,,,,9.359500315914241,-143.3791034093686,-3.355463016542585,-5.8477485188627885,34.26092438757129,-13.69100295726362,"3.24","1.5",,,,"99.1",2542,"6.7",813024,669257,518692,500743,571970,605141,571771,669242,606192,"53.82",,,,,,,,16,3,"4-Seam Fastball",0,0,0,0,0,0,0,0,"Standard","Standard",213,"-0.015","-0.05","65.1","5.7",,"0.05",,0,0,0.573,0.573,30,26,31,27,1,0,4,1,,,"1.06","0.26","-0.26","31.4",5.6271432714516125,20.227234925848297,28.118989846454852,29.431016655054165,23.588389922732112
"ST","2025-11-01","87.1","-2.59","5.63","Ohtani, Shohei",665926,660271,,"called_strike",,,,,1,"Called Strike","W","L","R","TOR","LAD","S",,,1,0,2025,"0.8","0.55","-0.41","3.02",666182,680718,676391,2,2,"Bot",,,,,,,3.5959568028662927,-126.82730183506021,-1.2525024073333355,7.947000598255574,25.680913893316834,-26.190864805046143,"3.25","1.3",,,,"87.6",2601,"6.6",813024,669257,518692,500743,571970,605141,571771,669242,606192,"53.94",,,,,,,,16,2,"Sweeper",0,0,0,0,0,0,0,0,"Standard","Standard",81,"-0.014","-0.035",,,,"0.035",,0,0,0.587,0.587,30,26,31,27,1,0,4,1,,,"2.45","-0.8","0.8","32.4",,,,,
"ST","2025-11-01","87","-2.42","5.51","Ohtani, Shohei",665926,660271,,"ball",,,,,14,"Ball","W","L","R","TOR","LAD","B",,,0,0,2025,"1.01","0.09","1.12","1.34",666182,680718,676391,2,2,"Bot",,,,,,,6.475692922549347,-126.46277946411371,-3.995744234552407,9.357069531675414,27.59407097964226,-30.535522291682025,"3.11","1.46",,,,"87.3",2707,"6.7",813024,669257,518692,500743,571970,605141,571771,669242,606192,"53.8",,,,,,,,16,1,"Sweeper",0,0,0,0,0,0,0,0,"Standard","Standard",76,"0.01","0.032",,,,"-0.032",,0,0,0.577,0.577,30,26,31,27,1,0,4,1,,,"2.94","-1.01","1.01","30.5",,,,,
"FF","2025-11-01","100.1","-2.16","5.68","Ohtani, Shohei",676391,660271,"single","hit_into_play",,,,,12,"Ernie Clement singles on a line drive to right fielder Teoscar Hernández. Bo Bichette to 3rd. Addison Barger to 2nd.","W","R","R","TOR","LAD","X",9,"line_drive",0,1,2025,"-0.69","1.2","0.55","3.67",,666182,680718,2,2,"Bot",163.47,93.88,,,,,9.164185796756325,-145.37695985022478,-3.0008284179778975,-12.055080399682476,36.71213298494329,-14.688516043297568,"3.36","1.57",197,"93",12,"100.5",2544,"6.8",813024,669257,518692,500743,571970,605141,571771,669242,606192,"53.69",0.914,0.868,"0.9",1,1,0,4,15,2,"4-Seam Fastball",0,0,0,0,0,0,0,0,"Standard","Standard",211,"0.038","0.588","59.0","6.2",1.052,"-0.588","93.0",0,0,0.539,0.539,30,29,31,29,1,0,4,1,,,"1.1","0.69","0.69","36.0",12.302711328230462,16.592221948174036,15.871279549794203,42.71036449481853,21.412558020125665
"ST","2025-11-01","86.8","-2.15","5.66","Ohtani, Shohei",676391,660271,,"foul",,,,,6,"Foul","W","R","R","TOR","LAD","S",,,0,0,2025,"1.4","-0.05","0.47","2.46",,666182,680718,2,2,"Bot",,,,,,,3.4286008019272773,-126.38495289034316,-1.3267012751749483,14.230379463091584,27.575665362906634,-32.62882443271449,"3.36","1.57",0,"46.1",-81,"87.2",2619,"6.7",813024,669257,518692,500743,571970,605141,571771,669242,606192,"53.82",,,,,,,,15,1,"Sweeper",0,0,0,0,0,0,0,0,"Standard","Standard",56,"-0.007","-0.047","34.4","6.2",,"0.047","88.0",0,0,0.546,0.546,30,29,31,29,1,0,4,1,,,"3.09","-1.4","-1.4","35.9",-1.534074905771156,16.63037156048787,26.661947137132916,41.8235217280243,16.965259834790228
"ST","2025-11-01","89.4","-2.35","5.58","Ohtani, Shohei",662139,660271,"field_out","hit_into_play",,,,,2,"Daulton Varsho flies out to right fielder Teoscar Hernández.","W","L","R","TOR","LAD","X",9,"fly_ball",2,2,2025,"1.2","0.62","0.18","2.99",,666182,680718,1,2,"Bot",183.66,112.54,,,,,3.7024341181211535,-130.157260154128,-1.6848101069479176,12.836761827188223,28.152266775812254,-24.940000103020207,"3.39","1.56",258,"80.4",41,"89.8",2719,"6.6",813024,669257,518692,500743,571970,605141,571771,669242,606192,"53.94",0.028,0.026,"0",1,0,0,3,14,5,"Sweeper",0,0,0,0,0,0,0,0,"Standard","Standard",76,"-0.042","-0.213","79.5","7.9",0.039,"0.213","88.0",0,0,0.588,0.588,30,28,31,29,1,0,4,1,,,"2.23","-1.2","1.2","32.3",14.836164769237035,-4.124234175185318,22.94715793466556,34.57175530245919,27.85375286601829
"SL","2025-11-01","88.9","-1.92","6.11","Ohtani, Shohei",662139,660271,,"ball",,,,,11,"Ball","W","L","R","TOR","LAD","B",,,1,2,2025,"0.3","0.06","-0.54","4.26",,666182,680718,1,2,"Bot",,,,,,,2.7668994344269997,-129.58858984482202,1.3642501848120914,2.853193743038546,25.72585479685482,-31.960155701475912,"3.39","1.51",,,,"89.8",2641,"6.7",813024,669257,518692,500743,571970,605141,571771,669242,606192,"53.84",,,,,,,,14,4,"Slider",0,0,0,0,0,0,0,0,"Standard","Strategic",71,"0.007","0.043",,,,"-0.043",,0,0,0.581,0.581,30,28,31,29,1,0,4,1,,,"2.8","-0.3","0.3","43.8",,,,,
"SL","2025-11-01","88.3","-1.96","5.98","Ohtani, Shohei",662139,660271,,"called_strike",,,,,4,"Called Strike","W","L","R","TOR","LAD","S",,,1,1,2025,"0.41","-0.49","-0.74","2.23",,666182,680718,1,2,"Bot",,,,,,,2.120844628317815,-128.67925552579777,-2.0570738996030506,4.119087688221653,26.024610934513518,-37.452910785082395,"3.38","1.5",,,,"89",2579,"6.6",813024,669257,518692,500743,571970,605141,571771,669242,606192,"53.93",,,,,,,,14,3,"Slider",0,0,0,0,0,0,0,0,"Standard","Standard",58,"-0.01","-0.058",,,,"0.058",,0,0,0.591,0.591,30,28,31,29,1,0,4,1,,,"3.4","-0.41","0.41","42.9",,,,,
"FF","2025-11-01","99.9","-2.37","5.68","Ohtani, Shohei",662139,660271,,"ball",,,,,7,"Ball","W","L","R","TOR","LAD","B",,,0,1,2025,"-0.72","1.13","-0.77","1.96",,666182,680718,1,2,"Bot",,,,,,,6.11946458947108,-145.23428147255922,-7.53376863254117,-11.679397403789572,35.939245411297065,-14.622587304758206,"3.38","1.59",,,,"100.2",2564,"6.7",813024,669257,518692,500743,571970,605141,571771,669242,606192,"53.85",,,,,,,,14,2,"4-Seam Fastball",0,0,0,0,0,0,0,0,"Standard","Standard",217,"0.005","0.018",,,,"-0.018",,0,0,0.586,0.586,30,28,31,29,1,0,4,1,,,"1.17","0.72","-0.72","33.7",,,,,
"SL","2025-11-01","89.8","-1.84","6.01","Ohtani, Shohei",662139,660271,,"called_strike",,,,,12,"Called Strike","W","L","R","TOR","LAD","S",,,0,0,2025,"0.49","0.05","0.94","2.48",,666182,680718,1,2,"Bot",,,,,,,5.884115785967636,-130.64099390312037,-2.8598344009212293,4.294915074290543,28.216745802434662,-31.15218729468083,"3.38","1.53",,,,"90.2",2448,"6.6",813024,669257,518692,500743,571970,605141,571771,669242,606192,"53.88",,,,,,,,14,1,"Slider",0,0,0,0,0,0,0,0,"Standard","Standard",116,"-0.007","-0.033",,,,"0.033",,0,0,0.593,0.593,30,28,31,29,1,0,4,1,,,"2.78","-0.49","0.49","42.5",,,,,
"FF","2025-11-01","99.3","-2.2","5.66","Ohtani, Shohei",672386,660271,"field_out","hit_into_play",,,,,11,"Alejandro Kirk pops out to first baseman Freddie Freeman in foul territory.","W","R","R","TOR","LAD","X",3,"popup",0,1,2025,"-0.79","1.01","-0.93","2.63",,666182,680718,0,2,"Bot",155.87,197.45,,,,,5.384210818668337,-144.39505902865895,-5.255501301009501,-12.303756107391733,35.64013126120292,-17.066541382140247,"3.13","1.5",74,"60.1",73,"99.8",2530,"6.7",813024,669257,518692,500743,571970,605141,571771,669242,606192,"53.77",0.005,0.006,"0",1,0,0,3,13,2,"4-Seam Fastball",0,0,0,0,0,0,0,0,"Standard","Standard",218,"-0.043","-0.21","70.7","6.3",0.007,"0.21","88.0",0,0,0.636,0.636,30,26,31,27,1,0,4,1,,,"1.32","0.79","0.79","34.8",1.5334731742949275,10.823602858009957,25.30571102408503,27.4959948004252,27.323193902447443
"CU","2025-11-01","79.9","-1.92","6.1","Ohtani, Shohei",672386,660271,,"called_strike",,,,,2,"Called Strike","W","R","R","TOR","LAD","S",,,0,0,2025,"1.26","-1.15","-0.06","2.9",,666182,680718,0,2,"Bot",,,,,,,1.7189214324698252,-116.28687050041903,1.9726061488161264,10.862986809308424,25.71368347793774,-43.20020517093204,"3.11","1.46",,,,"79.7",2692,"6.6",813024,669257,518692,500743,571970,605141,571771,669242,606192,"53.92",,,,,,,,13,1,"Curveball",0,0,0,0,0,0,0,0,"Standard","Standard",42,"-0.008","-0.053",,,,"0.053",,0,0,0.644,0.644,30,26,31,27,1,0,4,1,,,"4.78","-1.26","-1.26","42.1",,,,,
"FF","2025-11-01","99.6","-2.25","5.48","Ohtani, Shohei",680718,660271,"single","hit_into_play",,,,,14,"Addison Barger singles on a line drive to right fielder Teoscar Hernández. Bo Bichette to 2nd.","W","L","R","TOR","LAD","X",9,"line_drive",3,2,2025,"-0.49","1.35","0.91","1.84",,,666182,0,2,"Bot",177.87,127.75,,,,,9.883211535444024,-144.54879303295053,-7.756646834077389,-9.317922959041402,36.87806560414705,-11.607662578812048,"3.72","1.77",206,"70.5",20,"99.9",2550,"6.8",813024,669257,518692,500743,571970,605141,571771,669242,606192,"53.68",0.876,0.802,"0.9",1,1,0,4,12,6,"4-Seam Fastball",0,0,0,0,0,0,0,0,"Standard","Standard",220,"0.047","0.398","77.4","7.7",0.932,"-0.398","88.0",0,0,0.597,0.597,30,25,31,26,1,0,4,1,,,"0.98","0.49","-0.49","32.7",9.911121610058855,-10.65785233925788,43.24780496849072,22.37628683712256,27.42450665990268
"FS","2025-11-01","89.2","-2.14","5.84","Ohtani, Shohei",680718,660271,,"ball",,,,,11,"Ball","W","L","R","TOR","LAD","B",,,2,2,2025,"-1.14","0.1","-1.88","3.06",,,666182,0,2,"Bot",,,,,,,3.0849618476370884,-129.83242232183014,-0.9759037446398453,-13.56596398093384,29.737796596601093,-31.059649502106744,"3.72","1.76",,,,"89.4",1183,"6.6",813024,669257,518692,500743,571970,605141,571771,669242,606192,"53.87",,,,,,,,12,5,"Split-Finger",0,0,0,0,0,0,0,0,"Standard","Standard",232,"0.011","0.113",,,,"-0.113",,0,0,0.586,0.586,30,25,31,26,1,0,4,1,,,"2.79","1.14","-1.14","36.0",,,,,
"FF","2025-11-01","99.1","-2.4","5.58","Ohtani, Shohei",680718,660271,,"called_strike",,,,,7,"Called Strike","W","L","R","TOR","LAD","S",,,2,1,2025,"-0.68","1.25","-0.45","2.44",,,666182,0,2,"Bot",,,,,,,6.939847120927322,-143.9790115351507,-6.0538589884046266,-11.15787660008266,36.67080359297822,-13.573979111731704,"3.77","1.85",,,,"99.3",2523,"6.7",813024,669257,518692,500743,571970,605141,571771,669242,606192,"53.8",,,,,,,,12,4,"4-Seam Fastball",0,0,0,0,0,0,0,0,"Standard","Standard",220,"-0.009","-0.078",,,,"0.078",,0,0,0.595,0.595,30,25,31,26,1,0,4,1,,,"1.1","0.68","-0.68","32.3",,,,,
"FF","2025-11-01","99.2","-2.21","5.64","Ohtani, Shohei",680718,660271,,"ball",,,,,14,"Ball","W","L","R","TOR","LAD","B",,,1,1,2025,"-0.58","1.35","0.98","2.05",,,666182,0,2,"Bot",,,,,,,10.086576348741128,-143.89453558296555,-7.518145637327261,-10.536803011487434,36.3744612389746,-11.788549535485698,"3.8","1.9",,,,"99.1",2563,"6.6",813024,669257,518692,500743,571970,605141,571771,669242,606192,"53.86",,,,,,,,12,3,"4-Seam Fastball",0,0,0,0,0,0,0,0,"Standard","Standard",221,"0.008","0.044",,,,"-0.044",,0,0,0.587,0.587,30,25,31,26,1,0,4,1,,,"1","0.58","-0.58","33.0",,,,,
"FS","2025-11-01","87.6","-2.1","6.1","Ohtani, Shohei",680718,660271,,"ball",,,,,11,"Ball","W","L","R","TOR","LAD","B",,,0,1,2025,"-1.24","0.29","-1.74","3.33",,,666182,0,2,"Bot",,,,,,,3.4405102029744756,-127.44352833360719,-1.1002001613795296,-14.23356162367124,29.095073375201935,-28.994008899196388,"3.79","1.84",,,,"87.2",1240,"6.3",813024,669257,518692,500743,571970,605141,571771,669242,606192,"54.23",,,,,,,,12,2,"Split-Finger",0,0,0,0,0,0,0,0,"Standard","Standard",231,"0.003","0.034",,,,"-0.034",,0,0,0.584,0.584,30,25,31,26,1,0,4,1,,,"2.71","1.24","-1.24","39.8",,,,,
"FS","2025-11-01","87.8","-1.89","6.06","Ohtani, Shohei",680718,660271,,"called_strike",,,,,7,"Called Strike","W","L","R","TOR","LAD","S",,,0,0,2025,"-1.27","0.06","-0.53","2.4",,,666182,0,2,"Bot",,,,,,,5.923271620908985,-127.72885906868491,-2.8050761881416504,-15.113130512564156,28.65823009161792,-31.14793915664013,"3.81","1.85",,,,"87.8",1526,"6.5",813024,669257,518692,500743,571970,605141,571771,669242,606192,"53.99",,,,,,,,12,1,"Split-Finger",0,0,0,0,0,0,0,0,"Standard","Standard",235,"-0.005","-0.043",,,,"0.043",,0,0,0.589,0.589,30,25,31,26,1,0,4,1,,,"2.92","1.27","-1.27","40.3",,,,,
"FF","2025-11-01","99","-2.61","5.54","Ohtani, Shohei",666182,660271,"walk","ball",,,,,14,"Bo Bichette walks.","W","R","R","TOR","LAD","B",,,3,1,2025,"-0.27","1.53","0.97","2.48",,,,0,2,"Bot",,,,,,,10.459021216734703,-143.5980396905052,-6.468105942560133,-6.3093124187146605,36.550867134250005,-9.689865979773137,"3.77","1.73",,,,"99.2",2489,"6.8",813024,669257,518692,500743,571970,605141,571771,669242,606192,"53.71",,0.691497,"0.7",1,0,0,,11,5,"4-Seam Fastball",0,0,0,0,0,0,0,0,"Standard","Standard",220,"0.023","0.262",,,,"-0.262",,0,0,0.566,0.566,30,27,31,27,1,0,4,1,,,"0.83","0.27","0.27","29.3",,,,,
"FF","2025-11-01","98.5","-2.52","5.64","Ohtani, Shohei",666182,660271,,"ball",,,,,11,"Ball","W","R","R","TOR","LAD","B",,,2,1,2025,"-0.35","1.38","-1.21","3.8",,,,0,2,"Bot",,,,,,,4.386332233045757,-143.27219774316254,-2.6932115907176617,-5.875198475440697,37.03834426892284,-12.82500414162074,"3.79","1.83",,,,"98.7",2596,"6.7",813024,669257,518692,500743,571970,605141,571771,669242,606192,"53.8",,,,,,,,11,4,"4-Seam Fastball",0,0,0,0,0,0,0,0,"Standard","Standard",217,"0.011","0.134",,,,"-0.134",,0,0,0.555,0.555,30,27,31,27,1,0,4,1,,,"0.99","0.35","0.35","31.8",,,,,
"FF","2025-11-01","97.7","-2.41","5.64","Ohtani, Shohei",666182,660271,,"called_strike",,,,,8,"Called Strike","W","R","R","TOR","LAD","S",,,2,0,2025,"-0.71","1.33","0.16","2.19",,,,0,2,"Bot",,,,,,,8.614394652566434,-141.82065459230012,-6.840315871378502,-11.679911048388892,35.706420014261475,-12.758057769773558,"3.86","1.84",,,,"97.8",2573,"6.7",813024,669257,518692,500743,571970,605141,571771,669242,606192,"53.77",,,,,,,,11,3,"4-Seam Fastball",0,0,0,0,0,0,0,0,"Standard","Standard",220,"-0.007","-0.072",,,,"0.072",,0,0,0.562,0.562,30,27,31,27,1,0,4,1,,,"1.09","0.71","0.71","32.8",,,,,
"FF","2025-11-01","97.5","-2.58","5.72","Ohtani, Shohei",666182,660271,,"ball",,,,,13,"Ball","W","R","R","TOR","LAD","B",,,1,0,2025,"-0.66","1.37","-1.1","2.73",,,,0,2,"Bot",,,,,,,5.530416311434713,-141.68606444394896,-5.651032672030311,-10.213290943269406,35.78886436636647,-12.59040311047759,"3.8","1.83",,,,"97.7",2523,"6.7",813024,669257,518692,500743,571970,605141,571771,669242,606192,"53.8",,,,,,,,11,2,"4-Seam Fastball",0,0,0,0,0,0,0,0,"Standard","Standard",218,"0.007","0.077",,,,"-0.077",,0,0,0.555,0.555,30,27,31,27,1,0,4,1,,,"1.05","0.66","0.66","33.0",,,,,
"FF","2025-11-01","97.9","-2.41","5.78","Ohtani, Shohei",666182,660271,,"ball",,,,,1,"Ball","W","R","R","TOR","LAD","B",,,0,0,2025,"-0.77","1.42","-0.82","3.47",,,,0,2,"Bot",,,,,,,6.104770255007693,-142.35837280960416,-3.9871102996592978,-11.903205682830121,35.98564398352986,-12.17682089537955,"3.8","1.72",,,,"98",2509,"6.6",813024,669257,518692,500743,571970,605141,571771,669242,606192,"53.88",,,,,,,,11,1,"4-Seam Fastball",0,0,0,0,0,0,0,0,"Standard","Standard",221,"0.004","0.041",,,,"-0.041",,0,0,0.551,0.551,30,27,31,27,1,0,4,1,,,"0.98","0.77","0.77","33.4",,,,,
"FF","2025-11-01","99.6","-2.27","5.51","Ohtani, Shohei",665489,660271,"strikeout_double_play","called_strike",,,,,9,"Vladimir Guerrero Jr. called out on strikes and George Springer caught stealing 2nd, catcher Will Smith to second baseman Miguel Rojas to catcher Will Smith.","W","R","R","TOR","LAD","S",2,,3,2,2025,"-0.35","0.95","0.54","2.19",,,543807,1,1,"Bot",,,,,,,8.613870138836658,-144.73189290065858,-5.96807611673368,-7.066397281278456,35.529849184874955,-17.570900652020818,"3.58","1.58",,,,"100.1",2563,"6.8",813024,669257,518692,500743,571970,605141,571771,669242,606192,"53.75",,0,"0",1,0,0,,7,6,"4-Seam Fastball",0,0,0,0,0,0,0,0,"Standard","Standard",211,"-0.056","-0.32",,,,"0.32",,0,0,0.556,0.556,30,26,31,26,1,0,4,1,,,"1.36","0.35","0.35","30.1",,,,,
"CU","2025-11-01","79.2","-1.98","6.01","Ohtani, Shohei",665489,660271,,"foul",,,,,9,"Foul","W","R","R","TOR","LAD","S",,,3,1,2025,"0.88","-1.21","0.63","1.88",,,543807,1,1,"Bot",,,,,,,4.073602220236377,-115.23282632036847,0.1164955743390288,6.9488845741160965,24.170245474540597,-43.09495500087766,"3.67","1.61",2,"82.8",-43,"79.2",2604,"6.6",813024,669257,518692,500743,571970,605141,571771,669242,606192,"53.88",,,,,,,,7,5,"Curveball",0,0,0,0,0,0,0,0,"Standard","Standard",46,"-0.009","-0.085","74.1","8.1",,"0.085","88.0",0,0,0.565,0.565,30,26,31,26,1,0,4,1,,,"4.88","-0.88","-0.88","42.1",3.3659152577694895,-24.20702586006696,26.436072338546236,41.27690775360301,42.538031061788885
"FF","2025-11-01","100.2","-2.22","5.59","Ohtani, Shohei",665489,660271,,"ball",,,,,14,"Ball","W","R","R","TOR","LAD","B",,,2,1,2025,"-0.42","1.38","1.39","1.2",,,543807,1,1,"Bot",,,,,,,11.029147977680173,-145.27434027304776,-10.078709851678225,-8.527320939038008,34.77045931622722,-10.344813949650781,"3.63","1.69",,,,"100.8",2581,"6.9",813024,669257,518692,500743,571970,605141,571771,669242,606192,"53.62",,,,,,,,7,4,"4-Seam Fastball",0,0,0,0,0,0,0,0,"Standard","Standard",215,"0.01","0.109",,,,"-0.109",,0,0,0.555,0.555,30,26,31,26,1,0,4,1,,,"0.91","0.42","0.42","32.9",,,,,
"CU","2025-11-01","78.6","-1.83","6.1","Ohtani, Shohei",665489,660271,,"swinging_strike",,,,,8,"Swinging Strike","W","R","R","TOR","LAD","S",,,2,0,2025,"1.03","-1.16","-0.13","1.75",,,543807,1,1,"Bot",,,,,,,1.7982324552200069,-114.40791227843171,-0.3215095307998439,8.517080873875177,24.478143805710385,-42.44223124130453,"3.67","1.61",,,,"78.4",2608,"6.5",813024,669257,518692,500743,571970,605141,571771,669242,606192,"53.99",,,,,,,,7,3,"Curveball",0,0,0,0,0,0,0,0,"Standard","Standard",41,"-0.007","-0.062","75.6","8.4",,"0.062",,0,0,0.562,0.562,30,26,31,26,1,0,4,1,,,"4.9","-1.03","-1.03","45.0",18.71366575082265,-45.12286383447636,22.871064406542306,31.29266789430362,63.932407510968616
"FF","2025-11-01","99.8","-2.25","5.65","Ohtani, Shohei",665489,660271,,"ball",,,,,14,"Ball","W","R","R","TOR","LAD","B",,,1,0,2025,"-0.33","1.33","0.7","0.94",,,543807,1,1,"Bot",,,,,,,8.945587889730364,-144.7969860866246,-10.747303053775708,-6.723248496153673,34.491170856772776,-11.089650169921972,"3.66","1.71",,,,"100.3",2682,"6.8",813024,669257,518692,500743,571970,605141,571771,669242,606192,"53.74",,,,,,,,7,2,"4-Seam Fastball",0,0,0,0,0,0,0,0,"Standard","Standard",217,"0.007","0.068",,,,"-0.068",,0,0,0.555,0.555,30,26,31,26,1,0,4,1,,,"0.98","0.33","0.33","34.2",,,,,
"SL","2025-11-01","91.3","-1.98","6.06","Ohtani, Shohei",665489,660271,,"ball",,,,,14,"Ball","W","R","R","TOR","LAD","B",,,0,0,2025,"0.11","0.17","0.38","1.27",,,543807,1,1,"Bot",,,,,,,5.739573306217132,-132.86584866866448,-6.592895856185731,0.10855357241826805,27.349895373249524,-28.977601064593426,"3.67","1.62",,,,"92.1",2641,"6.7",813024,669257,518692,500743,571970,605141,571771,669242,606192,"53.83",,,,,,,,7,1,"Slider",0,0,0,0,0,0,0,0,"Standard","Standard",137,"0.004","0.035",,,,"-0.035",,0,0,0.551,0.551,30,26,31,26,1,0,4,1,,,"2.55","-0.11","-0.11","43.4",,,,,
"FS","2025-11-01","88.6","-1.95","5.94","Ohtani, Shohei",664770,660271,"strikeout","swinging_strike",,,,,5,"Nathan Lukes strikes out swinging.","W","L","R","TOR","LAD","S",2,,2,2,2025,"-0.68","0.1","-0.04","2.14",,,543807,0,1,"Bot",,,,,,,6.119686306868469,-128.8431183832935,-3.3914855949488802,-8.847722960472739,28.49887655149673,-30.52190093653694,"3.34","1.52",,,,"89",1043,"6.7",813024,669257,518692,500743,571970,605141,571771,669242,606192,"53.79",,0,"0",1,0,0,,6,7,"Split-Finger",0,0,0,0,0,0,0,0,"Standard","Standard",245,"-0.029","-0.201","69.4","8.0",,"0.201",,0,0,0.58,0.58,30,30,31,31,1,0,4,1,,,"2.82","0.68","-0.68","39.1",25.3272488046723,-42.62815642138917,27.38969807183519,38.78650684035935,51.640049137112584
"FF","2025-11-01","98.6","-2.23","5.62","Ohtani, Shohei",664770,660271,,"foul",,,,,6,"Foul","W","L","R","TOR","LAD","S",,,2,2,2025,"-0.3","1.39","0.67","2.26",,,543807,0,1,"Bot",,,,,,,8.637526068273278,-143.25746496567814,-6.959536399024369,-6.08463023176336,33.537668876496674,-11.521286474333305,"3.34","1.52",18,"99.2",-7,"99.2",2492,"6.8",813024,669257,518692,500743,571970,605141,571771,669242,606192,"53.74",,,,,,,,6,6,"4-Seam Fastball",0,0,0,0,0,0,0,0,"Standard","Standard",221,"0","0","80.8","6.8",,"0","99.2",0,0,0.58,0.58,30,30,31,31,1,0,4,1,,,"0.96","0.3","-0.3","33.2",14.481418261358735,-8.336284359551557,32.30110120451055,30.142831888141064,35.350997544119686
"SL","2025-11-01","90.4","-1.89","6.03","Ohtani, Shohei",664770,660271,,"blocked_ball",,,,,14,"Ball In Dirt","W","L","R","TOR","LAD","B",,,1,2,2025,"0.14","0.16","1.13","-0.54",,,543807,0,1,"Bot",,,,,,,7.223465386378495,-131.15226585873665,-10.731427577692125,0.05903240767850789,28.418723052114142,-28.16406543456682,"3.34","1.58",,,,"90.3",2463,"6.4",813024,669257,518692,500743,571970,605141,571771,669242,606192,"54.06",,,,,,,,6,5,"Slider",0,0,0,0,0,0,0,0,"Strategic","Standard",115,"0.005","0.036",,,,"-0.036",,0,0,0.575,0.575,30,30,31,31,1,0,4,1,,,"2.65","-0.14","0.14","40.8",,,,,
"FF","2025-11-01","99.6","-2.26","5.66","Ohtani, Shohei",664770,660271,,"foul",,,,,2,"Foul","W","L","R","TOR","LAD","S",,,1,2,2025,"-0.32","1.36","-0.03","3.36",,,543807,0,1,"Bot",,,,,,,6.880960904582705,-144.8476245825173,-4.135077450666024,-6.094765316574591,34.19523056355822,-12.236131633183573,"3.34","1.52",154,"70.9",67,"100",2671,"6.6",813024,669257,518692,500743,571970,605141,571771,669242,606192,"53.91",,,,,,,,6,4,"4-Seam Fastball",0,0,0,0,0,0,0,0,"Standard","Standard",213,"0","0","64.8","6.0",,"0","88.0",0,0,0.575,0.575,30,30,31,31,1,0,4,1,,,"0.94","0.32","-0.32","33.3",3.954546607537795,13.770558525421807,20.805512165398742,37.704313045771414,20.825374743881625
"FF","2025-11-01","99.1","-2.14","5.69","Ohtani, Shohei",664770,660271,,"swinging_strike",,,,,5,"Swinging Strike","W","L","R","TOR","LAD","S",,,1,1,2025,"-0.59","1.47","0.19","2.17",,,543807,0,1,"Bot",,,,,,,7.771326549204691,-143.8635865572017,-7.579500452342051,-10.044866936947464,36.32738846878249,-10.164943912080421,"3.34","1.52",,,,"99.2",2515,"6.7",813024,669257,518692,500743,571970,605141,571771,669242,606192,"53.82",,,,,,,,6,3,"4-Seam Fastball",0,0,0,0,0,0,0,0,"Standard","Standard",216,"-0.006","-0.07","68.3","6.3",,"0.07",,0,0,0.581,0.581,30,30,31,31,1,0,4,1,,,"0.88","0.59","-0.59","35.1",0.23175124876777325,16.333735661500317,38.02775336184654,34.59764509006867,19.69042329391159
"FF","2025-11-01","99","-2.29","5.7","Ohtani, Shohei",664770,660271,,"called_strike",,,,,2,"Called Strike","W","L","R","TOR","LAD","S",,,1,0,2025,"-0.5","1.49","0.16","2.78",,,543807,0,1,"Bot",,,,,,,7.901528842028579,-143.8530035237854,-6.007810654603639,-8.84773596172299,36.666266979299785,-10.346774423713615,"3.28","1.56",,,,"99.4",2491,"6.8",813024,669257,518692,500743,571970,605141,571771,669242,606192,"53.69",,,,,,,,6,2,"4-Seam Fastball",0,0,0,0,0,0,0,0,"Standard","Standard",218,"-0.007","-0.048",,,,"0.048",,0,0,0.588,0.588,30,30,31,31,1,0,4,1,,,"0.87","0.5","-0.5","36.6",,,,,
"FS","2025-11-01","88.4","-2.06","5.95","Ohtani, Shohei",664770,660271,,"blocked_ball",,,,,14,"Ball In Dirt","W","L","R","TOR","LAD","B",,,0,0,2025,"-0.87","-0.01","1.31","-0.26",,,543807,0,1,"Bot",,,,,,,10.071975111641354,-128.15013688510103,-9.055660975416403,-11.622066045358142,26.392767774818164,-30.4785554965913,"3.25","1.61",,,,"88.8",1522,"6.7",813024,669257,518692,500743,571970,605141,571771,669242,606192,"53.75",,,,,,,,6,1,"Split-Finger",0,0,0,0,0,0,0,0,"Standard","Standard",232,"0.005","0.04",,,,"-0.04",,0,0,0.583,0.583,30,30,31,31,1,0,4,1,,,"2.94","0.87","-0.87","41.0",,,,,
"FF","2025-11-01","98.8","-2.59","5.73","Ohtani, Shohei",543807,660271,"single","hit_into_play",,,,,9,"George Springer singles on a sharp line drive to left fielder Enrique Hernández.","W","R","R","TOR","LAD","X",7,"line_drive",3,1,2025,"-0.46","1.46","0.36","2.2",,,,0,1,"Bot",92.35,72.1,,,,,9.125546622990234,-143.31770245762263,-7.5195131511394955,-8.663465155156162,36.716185872967934,-10.484882624822667,"3.55","1.64",223,"105.8",12,"98.6",2562,"6.6",813024,669257,518692,500743,571970,605141,571771,669242,606192,"53.91",0.914,0.928,"0.9",1,1,0,4,5,5,"4-Seam Fastball",0,0,0,0,0,0,0,0,"Standard","Standard",224,"0.021","0.258",,,1.218,"-0.258","105.8",0,0,0.562,0.562,30,35,31,36,1,0,4,1,,,"0.91","0.46","0.46","32.9",,,,,
"FF","2025-11-01","96.6","-2.54","5.81","Ohtani, Shohei",543807,660271,,"called_strike",,,,,6,"Called Strike","W","R","R","TOR","LAD","S",,,3,0,2025,"-0.38","1.41","0.67","2.43",,,,0,1,"Bot",,,,,,,9.447469858785889,-140.13406466336997,-6.591861524552866,-7.37952016194074,35.12272059284633,-12.216135006675609,"3.43","1.57",,,,"96.5",2535,"6.6",813024,669257,518692,500743,571970,605141,571771,669242,606192,"53.86",,,,,,,,5,4,"4-Seam Fastball",0,0,0,0,0,0,0,0,"Standard","Standard",212,"-0.007","-0.09",,,,"0.09",,0,0,0.569,0.569,30,35,31,36,1,0,4,1,,,"1.07","0.38","0.38","34.9",,,,,
"ST","2025-11-01","85.6","-2.66","5.68","Ohtani, Shohei",543807,660271,,"ball",,,,,13,"Ball","W","R","R","TOR","LAD","B",,,2,0,2025,"0.87","0.32","-0.07","0.87",,,,0,1,"Bot",,,,,,,4.413429538300549,-124.57572670140814,-5.771888035588833,8.218992961392988,24.656385166577167,-27.93675652877609,"3.55","1.66",,,,"86.5",2503,"6.8",813024,669257,518692,500743,571970,605141,571771,669242,606192,"53.69",,,,,,,,5,3,"Sweeper",0,0,0,0,0,0,0,0,"Standard","Standard",75,"0.011","0.152",,,,"-0.152",,0,0,0.558,0.558,30,35,31,36,1,0,4,1,,,"2.79","-0.87","-0.87","32.6",,,,,
"CU","2025-11-01","79.3","-2.14","6.23","Ohtani, Shohei",543807,660271,,"ball",,,,,14,"Ball","W","R","R","TOR","LAD","B",,,1,0,2025,"1.15","-0.96","2.35","2.17",,,,0,1,"Bot",,,,,,,7.6565610772570425,-115.24750281537672,-0.2285196258725779,8.651351714205422,23.37389721969214,-40.838706895987755,"3.55","1.63",,,,"79.1",2731,"6.4",813024,669257,518692,500743,571970,605141,571771,669242,606192,"54.1",,,,,,,,5,2,"Curveball",0,0,0,0,0,0,0,0,"Standard","Standard",49,"0.007","0.077",,,,"-0.077",,0,0,0.551,0.551,30,35,31,36,1,0,4,1,,,"4.62","-1.15","-1.15","43.2",,,,,
"CU","2025-11-01","77.8","-2.24","6.31","Ohtani, Shohei",543807,660271,,"ball",,,,,11,"Ball","W","R","R","TOR","LAD","B",,,0,0,2025,"1.24","-0.95","-0.17","4.37",,,,0,1,"Bot",,,,,,,2.16313745381437,-113.05045608573484,4.545433935913067,10.125448232836733,22.198000473506774,-41.38915348990585,"3.42","1.59",,,,"77.6",2610,"6.4",813024,669257,518692,500743,571970,605141,571771,669242,606192,"54.07",,,,,,,,5,1,"Curveball",0,0,0,0,0,0,0,0,"Standard","Standard",44,"0.003","0.041",,,,"-0.041",,0,0,0.548,0.548,30,35,31,36,1,0,4,1,,,"4.75","-1.24","-1.24","43.6",,,,,
,"2025-11-01",,,,"Ohtani, Shohei",665489,660271,"intent_walk","automatic_ball",,,,,,"Shohei Ohtani intentionally walks Vladimir Guerrero Jr.","W","R","R","TOR","LAD","B",,,3,0,2025,,,,,543807,,,1,3,"Bot",,,,,,,,,,,,,,,,,,,,,813024,669257,518692,500743,571970,605141,571771,669242,606192,,,,"0.4",0,0,0,,22,4,,0,0,0,0,0,0,0,0,,,,"0.008",,,,,,,0,0,0.622,0.622,30,26,31,26,2,1,4,1,,,,,,,,,,,
,"2025-11-01",,,,"Ohtani, Shohei",665489,660271,,"automatic_ball",,,,,,"Automatic Ball - Intentional","W","R","R","TOR","LAD","B",,,1,0,2025,,,,,543807,,,1,3,"Bot",,,,,,,,,,,,,,,,,,,,,813024,669257,518692,500743,571970,605141,571771,669242,606192,,,,,,,,,22,2,,0,0,0,0,0,0,0,0,,,,"0.004",,,,,,,0,0,0.613,0.613,30,26,31,26,2,1,4,1,,,,,,,,,,,
,"2025-11-01",,,,"Ohtani, Shohei",665489,660271,,"automatic_ball",,,,,,"Automatic Ball - Intentional","W","R","R","TOR","LAD","B",,,2,0,2025,,,,,543807,,,1,3,"Bot",,,,,,,,,,,,,,,,,,,,,813024,669257,518692,500743,571970,605141,571771,669242,606192,,,,,,,,,22,3,,0,0,0,0,0,0,0,0,,,,"0.005",,,,,,,0,0,0.617,0.617,30,26,31,26,2,1,4,1,,,,,,,,,,,
"FF","2025-10-28","96.3","-2.06","5.67","Ohtani, Shohei",676391,660271,"double","hit_into_play",,,,,7,"Ernie Clement doubles (4) on a sharp line drive to center fielder Andy Pages. Daulton Varsho to 3rd.","W","R","R","LAD","TOR","X",8,"line_drive",1,0,2025,"-0.77","1.36","-0.46","1.94",,,662139,0,7,"Top",82.01,52.44,,,,,6.036255312813768,-139.92037051389303,-7.4556841806751315,-11.521926539381905,32.181857842972754,-12.758566257468757,"3.34","1.55",377,"101.7",21,"96.8",2433,"6.7",813023,669257,518692,669242,571970,605141,571771,681624,606192,"53.81",0.40673684210526306,0.6542631578947369,"1.25",1,1,1,5,50,2,"4-Seam Fastball",1,2,2,1,2,1,2,1,"Standard","Standard",219,"-0.1","0.692",,,1.2052105263157893,"-0.692","101.7",-1,1,0.265,0.735,30,29,31,29,3,2,11,1,4,1,"1.11","0.77","0.77","36.1",,,,,
"CU","2025-10-28","75.1","-1.79","6.13","Ohtani, Shohei",676391,660271,,"ball",,,,,13,"Ball","W","R","R","LAD","TOR","B",,,0,0,2025,"0.9","-1.24","-1.18","1.9",,,662139,0,7,"Top",,,,,,,-0.32193042190937965,-109.30374884888917,0.7053747078903605,7.184896503190834,22.222278554303955,-42.3830973343848,"3.12","1.43",,,,"75",2566,"6.5",813023,669257,518692,669242,571970,605141,571771,681624,606192,"53.98",,,,,,,,50,1,"Curveball",1,2,2,1,2,1,2,1,"Standard","Standard",41,"-0.005","0.04",,,,"-0.04",,-1,1,0.27,0.73,30,29,31,29,3,2,11,1,4,1,"5.33","-0.9","-0.9","43.0",,,,,
"FF","2025-10-28","97.3","-2.33","5.64","Ohtani, Shohei",662139,660271,"single","hit_into_play",,,,,6,"Daulton Varsho singles on a line drive to right fielder Teoscar Hernández.","W","L","R","LAD","TOR","X",9,"line_drive",0,0,2025,"-0.69","1.24","0.4","2.78",,,,0,7,"Top",183.66,122.3,,,,,8.978537017893688,-141.38054187413474,-4.999100503726934,-11.372810181191202,32.83825147016434,-14.600988436155967,"3.39","1.57",239,"81.9",20,"97.8",2527,"6.7",813023,669257,518692,669242,571970,605141,571771,681624,606192,"53.81",0.856,0.826,"0.9",1,1,0,4,49,1,"4-Seam Fastball",1,2,2,1,2,1,2,1,"Standard","Standard",215,"-0.038","0.438","78.4","7.6",1.006,"-0.438","88.0",-1,1,0.308,0.692,30,28,31,29,3,2,11,1,4,1,"1.18","0.69","-0.69","33.1",9.511846438797432,-3.9457139072151066,29.67294638820361,29.827707607029165,25.316385178223292
"ST","2025-10-28","85.7","-2.47","5.42","Ohtani, Shohei",672386,660271,"strikeout","foul_tip",,,,,9,"Alejandro Kirk strikes out on a foul tip.","W","R","R","LAD","TOR","S",2,,2,2,2025,"1.11","-0.12","0.58","1.72",,,,2,6,"Top",,,,,,,4.980246784861095,-124.63928054725653,-2.146944620589344,10.307022269361722,28.007193097946484,-33.2174243151342,"3.1","1.49",,,,"85.5",2781,"6.5",813023,669257,518692,669242,571970,605141,571771,681624,606192,"54.04",,0,"0",1,0,0,,43,5,"Sweeper",1,2,2,1,2,1,2,1,"Standard","Standard",62,"0.011","-0.224","76.4","7.6",,"0.224",,-1,1,0.385,0.615,30,26,31,27,3,2,11,1,4,1,"3.26","-1.11","-1.11","29.6",8.68429328307447,0.90779382516136,23.571888742663482,44.781028375869056,27.830554765883356
"FF","2025-10-28","95.8","-2.18","5.62","Ohtani, Shohei",672386,660271,,"foul",,,,,11,"Foul","W","R","R","LAD","TOR","S",,,2,1,2025,"-0.32","1.24","-0.04","3.79",,,,2,6,"Top",,,,,,,6.41096808335921,-139.3585924570644,-2.065014962882689,-5.636488404761821,31.09604829944621,-15.690967814366866,"3.1","1.49",199,"80.7",66,"96.3",2443,"6.6",813023,669257,518692,669242,571970,605141,571771,681624,606192,"53.9",,,,,,,,43,4,"4-Seam Fastball",1,2,2,1,2,1,2,1,"Standard","Standard",220,"0.002","-0.073","66.9","6.8",,"0.073","88.0",-1,1,0.383,0.617,30,26,31,27,3,2,11,1,4,1,"1.24","0.32","0.32","31.5",11.110452410856471,2.0875701303414584,11.835127472593866,36.63361659938543,30.831513088897864
"CU","2025-10-28","76","-1.98","6.03","Ohtani, Shohei",672386,660271,,"called_strike",,,,,2,"Called Strike","W","R","R","LAD","TOR","S",,,2,0,2025,"1.16","-1.13","0.14","2.62",,,,2,6,"Top",,,,,,,2.3571294113702956,-110.51408532658247,2.086987332789448,8.939377877293316,22.350411614120407,-42.035298392296816,"2.99","1.43",,,,"75.8",2664,"6.5",813023,669257,518692,669242,571970,605141,571771,681624,606192,"53.98",,,,,,,,43,3,"Curveball",1,2,2,1,2,1,2,1,"Standard","Standard",43,"0.003","-0.066",,,,"0.066",,-1,1,0.38,0.62,30,26,31,27,3,2,11,1,4,1,"5.13","-1.16","-1.16","41.3",,,,,
"FF","2025-10-28","95.8","-2.18","5.66","Ohtani, Shohei",672386,660271,,"ball",,,,,12,"Ball","W","R","R","LAD","TOR","B",,,1,0,2025,"-0.33","1.41","0.98","3.03",,,,2,6,"Top",,,,,,,9.13299297775873,-139.2000375932313,-4.541100918862663,-6.334123603966416,31.13263428477736,-12.964213676779806,"3.1","1.52",,,,"96.1",2442,"6.5",813023,669257,518692,669242,571970,605141,571771,681624,606192,"53.96",,,,,,,,43,2,"4-Seam Fastball",1,2,2,1,2,1,2,1,"Standard","Standard",212,"-0.003","0.065",,,,"-0.065",,-1,1,0.383,0.617,30,26,31,27,3,2,11,1,4,1,"1.08","0.33","0.33","35.1",,,,,
"ST","2025-10-28","82.7","-2.54","5.59","Ohtani, Shohei",672386,660271,,"ball",,,,,11,"Ball","W","R","R","LAD","TOR","B",,,0,0,2025,"1.41","0.14","-1.46","3.62",,,,2,6,"Top",,,,,,,-0.2891810070579296,-120.46920124157751,1.743465859183768,13.741248563018395,24.192925914929212,-31.364285309007023,"3.1","1.43",,,,"82.9",2698,"6.4",813023,669257,518692,669242,571970,605141,571771,681624,606192,"54.06",,,,,,,,43,1,"Sweeper",1,2,2,1,2,1,2,1,"Standard","Standard",70,"-0.001","0.037",,,,"-0.037",,-1,1,0.384,0.616,30,26,31,27,3,2,11,1,4,1,"3.19","-1.41","-1.41","32.0",,,,,
"CU","2025-10-28","79.6","-2.01","6.01","Ohtani, Shohei",680718,660271,"field_out","hit_into_play",,,,,5,"Addison Barger grounds out, pitcher Shohei Ohtani to first baseman Freddie Freeman.","W","L","R","LAD","TOR","X",1,"ground_ball",0,1,2025,"1.1","-1.27","-0.24","2.94",,,,1,6,"Top",125.92,200.76,,,,,1.826763096171042,-115.75942241005026,2.5709274909502042,9.335804420198935,26.03281335243185,-44.27470533295546,"3.73","1.75",9,"99.3",-17,"79.3",2941,"6.6",813023,669257,518692,669242,571970,605141,571771,681624,606192,"53.89",0.139,0.136,"0",1,0,0,2,42,2,"Curveball",1,2,2,1,2,1,2,1,"Strategic","Standard",39,"0.016","-0.215","77.1","6.8",0.139,"0.215","99.3",-1,1,0.368,0.632,30,25,31,26,3,2,11,1,4,1,"4.94","-1.1","1.1","41.9",-0.7408371047817759,12.627295821243871,26.02173496109411,37.087772655959014,22.052887302417425
"FF","2025-10-28","98.6","-2.37","5.48","Ohtani, Shohei",680718,660271,,"called_strike",,,,,5,"Called Strike","W","L","R","LAD","TOR","S",,,0,0,2025,"-0.42","1.34","0.2","2.86",,,,1,6,"Top",,,,,,,8.032790131130735,-143.3709473567098,-4.823455581438723,-7.628596909845624,33.78529613682841,-12.751891204685766,"3.78","1.79",,,,"99.4",2687,"6.8",813023,669257,518692,669242,571970,605141,571771,681624,606192,"53.69",,,,,,,,42,1,"4-Seam Fastball",1,2,2,1,2,1,2,1,"Strategic","Standard",214,"0.003","-0.039",,,,"0.039",,-1,1,0.365,0.635,30,25,31,26,3,2,11,1,4,1,"1.01","0.42","-0.42","29.2",,,,,
"ST","2025-10-28","85.4","-2.42","5.46","Ohtani, Shohei",666182,660271,"field_out","hit_into_play",,,,,6,"Bo Bichette flies out to left fielder Enrique Hernández.","W","R","R","LAD","TOR","X",7,"fly_ball",2,2,2025,"1.57","0.31","0.29","2.51",,,,0,6,"Top",59.49,86.18,,,,,3.232984644844213,-124.31877404901704,-1.2166759303444354,15.364867853118131,28.09932134093853,-28.949503190390594,"3.7","1.74",323,"99.4",41,"85.6",2962,"6.7",813023,669257,518692,669242,571970,605141,571771,681624,606192,"53.84",0.086,0.156,"0",1,0,0,3,41,7,"Sweeper",1,2,2,1,2,1,2,1,"Standard","Standard",67,"0.022","-0.232","69.0","7.6",0.301,"0.232","99.4",-1,1,0.343,0.657,30,27,31,27,3,2,11,1,4,1,"2.85","-1.57","-1.57","28.3",10.37887196160286,-16.893211762100485,28.650497890381786,34.39680468419662,37.13158413484167
"CU","2025-10-28","81.2","-1.87","6.08","Ohtani, Shohei",666182,660271,,"ball",,,,,14,"Ball","W","R","R","LAD","TOR","B",,,1,2,2025,"0.94","-1.24","1.16","1.99",,,,0,6,"Top",,,,,,,4.998690758277686,-118.05866773612286,0.027757520915425715,7.456780478940003,28.293142995735707,-43.80912823956512,"3.51","1.68",,,,"80.9",2950,"6.7",813023,669257,518692,669242,571970,605141,571771,681624,606192,"53.8",,,,,,,,41,6,"Curveball",1,2,2,1,2,1,2,1,"Standard","Standard",37,"-0.003","0.043",,,,"-0.043",,-1,1,0.346,0.654,30,27,31,27,3,2,11,1,4,1,"4.78","-0.94","-0.94","47.6",,,,,
"FF","2025-10-28","97.6","-2.26","5.6","Ohtani, Shohei",666182,660271,,"foul",,,,,7,"Foul","W","R","R","LAD","TOR","S",,,1,2,2025,"-0.25","1.17","-0.77","1.97",,,,0,6,"Top",,,,,,,4.593032663092639,-141.98429621871242,-6.9647952788306,-4.484614736215463,32.69077996521162,-14.953933388335859,"3.7","1.74",240,"79.9",38,"97.8",2681,"6.4",813023,669257,518692,669242,571970,605141,571771,681624,606192,"54.08",,,,,,,,41,5,"4-Seam Fastball",1,2,2,1,2,1,2,1,"Strategic","Standard",214,"0","0","62.6","6.6",,"0","88.0",-1,1,0.346,0.654,30,27,31,27,3,2,11,1,4,1,"1.23","0.25","0.25","31.1",-2.524143030891961,4.63986578311777,49.81262290176496,23.21392539044612,19.842064177015395
"ST","2025-10-28","85.9","-2.51","5.57","Ohtani, Shohei",666182,660271,,"foul",,,,,14,"Foul","W","R","R","LAD","TOR","S",,,1,2,2025,"1.53","0.29","0.92","2.15",,,,0,6,"Top",,,,,,,5.028545166863342,-124.90833559519338,-2.3872718482744903,14.759060882299273,27.872398351894038,-28.818655683698346,"3.7","1.74",171,"62",45,"85.6",2931,"6.4",813023,669257,518692,669242,571970,605141,571771,681624,606192,"54.1",,,,,,,,41,4,"Sweeper",1,2,2,1,2,1,2,1,"Standard","Standard",67,"0","0","64.4","7.5",,"0","88.0",-1,1,0.346,0.654,30,27,31,27,3,2,11,1,4,1,"2.83","-1.53","-1.53","28.9",0.9246517893332217,-6.235839895626605,41.377801541023395,42.99878466997526,23.970978033479547
"FF","2025-10-28","98.3","-2.25","5.56","Ohtani, Shohei",666182,660271,,"ball",,,,,12,"Ball","W","R","R","LAD","TOR","B",,,0,2,2025,"-0.62","1.29","1.58","2.77",,,,0,6,"Top",,,,,,,11.815507063477293,-142.6723934608298,-5.080394011906042,-11.100777211298716,31.16465751396991,-13.53263811153969,"3.53","1.76",,,,"98.6",2701,"6.5",813023,669257,518692,669242,571970,605141,571771,681624,606192,"54.03",,,,,,,,41,3,"4-Seam Fastball",1,2,2,1,2,1,2,1,"Standard","Standard",220,"-0.003","0.024",,,,"-0.024",,-1,1,0.349,0.651,30,27,31,27,3,2,11,1,4,1,"1.07","0.62","0.62","30.4",,,,,
"ST","2025-10-28","84.8","-2.2","5.59","Ohtani, Shohei",666182,660271,,"swinging_strike",,,,,14,"Swinging Strike","W","R","R","LAD","TOR","S",,,0,1,2025,"1.18","0.3","2.1","1.84",,,,0,6,"Top",,,,,,,7.694913826216432,-123.32139500406603,-2.99890756090243,10.348932022373997,25.660692449358685,-28.73577073848655,"3.7","1.74",,,,"84.7",2856,"6.3",813023,669257,518692,669242,571970,605141,571771,681624,606192,"54.15",,,,,,,,41,2,"Sweeper",1,2,2,1,2,1,2,1,"Standard","Standard",64,"0.005","-0.055","55.4","8.7",,"0.055",,-1,1,0.344,0.656,30,27,31,27,3,2,11,1,4,1,"2.89","-1.18","-1.18","31.8",14.035829543112802,-26.578970991871653,25.273527727038147,56.03401277147795,44.497248579527636
"ST","2025-10-28","82.6","-2.43","5.53","Ohtani, Shohei",666182,660271,,"called_strike",,,,,4,"Called Strike","W","R","R","LAD","TOR","S",,,0,0,2025,"1.23","0.65","-0.44","2.54",,,,0,6,"Top",,,,,,,2.1430906588019645,-120.30467612557187,-1.6066497860555287,11.591026181085837,22.625852521489673,-25.780756921033543,"3.73","1.7",,,,"83.3",2764,"6.6",813023,669257,518692,669242,571970,605141,571771,681624,606192,"53.89",,,,,,,,41,1,"Sweeper",1,2,2,1,2,1,2,1,"Standard","Standard",72,"0.004","-0.039",,,,"0.039",,-1,1,0.34,0.6599999999999999,30,27,31,27,3,2,11,1,4,1,"2.68","-1.23","-1.23","30.5",,,,,
"FF","2025-10-28","99","-2.05","5.74","Ohtani, Shohei",665489,660271,"field_out","hit_into_play",,,,,4,"Vladimir Guerrero Jr. lines out to center fielder Andy Pages.","W","R","R","LAD","TOR","X",8,"line_drive",1,2,2025,"-0.23","1.12","-0.28","2.43",,,664770,2,5,"Top",143.86,79.03,,,,,5.38973770352407,-143.9758245367423,-6.255714726053172,-4.393169745022087,32.71983760644473,-15.404311877082574,"3.64","1.6",302,"95.2",17,"99.8",2515,"6.7",813023,669257,518692,669242,571970,605141,571771,681624,606192,"53.81",0.587,0.573,"0",1,0,0,4,37,4,"4-Seam Fastball",1,2,2,1,2,1,2,1,"Standard","Standard",213,"0.018","-0.182","75.6","6.9",0.764,"0.182","95.2",-1,1,0.397,0.603,30,26,31,26,3,2,11,1,4,1,"1.21","0.23","0.23","34.9",-9.304524195465806,1.9916342651439596,35.61769730120284,31.3825204466128,26.721165601227028
"CU","2025-10-28","79.2","-1.85","6.01","Ohtani, Shohei",665489,660271,,"swinging_strike",,,,,9,"Swinging Strike","W","R","R","LAD","TOR","S",,,1,1,2025,"0.99","-1.11","0.42","1.71",,,664770,2,5,"Top",,,,,,,3.131063139551644,-115.17455952282549,-0.40782870076356903,8.012186214178369,24.4374086903038,-42.10819580794757,"3.64","1.6",,,,"79.3",2665,"6.7",813023,669257,518692,669242,571970,605141,571771,681624,606192,"53.79",,,,,,,,37,3,"Curveball",1,2,2,1,2,1,2,1,"Standard","Standard",41,"0.005","-0.073","77.6","8.7",,"0.073",,-1,1,0.392,0.608,30,26,31,26,3,2,11,1,4,1,"4.79","-0.99","-0.99","42.0",13.11262409191736,-38.714456843655775,22.003590300205808,38.60227012135961,59.071739762528956
"FF","2025-10-28","98.8","-2.11","5.8","Ohtani, Shohei",665489,660271,,"ball",,,,,11,"Ball","W","R","R","LAD","TOR","B",,,0,1,2025,"-0.58","1.29","-1.3","2.81",,,664770,2,5,"Top",,,,,,,3.591718947168466,-143.75014647696608,-5.754831745196899,-8.918143668767147,32.53003523146898,-13.190938794960164,"3.64","1.59",,,,"99.3",2421,"6.5",813023,669257,518692,669242,571970,605141,571771,681624,606192,"53.96",,,,,,,,37,2,"4-Seam Fastball",1,2,2,1,2,1,2,1,"Standard","Standard",211,"-0.003","0.027",,,,"-0.027",,-1,1,0.395,0.605,30,26,31,26,3,2,11,1,4,1,"1.04","0.58","0.58","37.1",,,,,
"FF","2025-10-28","99","-2.02","5.71","Ohtani, Shohei",665489,660271,,"swinging_strike",,,,,5,"Swinging Strike","W","R","R","LAD","TOR","S",,,0,0,2025,"-0.32","1.22","-0.06","2.84",,,664770,2,5,"Top",,,,,,,6.117231725048462,-144.00580275324447,-5.291289875347857,-5.918936772538217,33.779358626059285,-14.128085091046135,"3.64","1.6",,,,"99.6",2482,"6.7",813023,669257,518692,669242,571970,605141,571771,681624,606192,"53.83",,,,,,,,37,1,"4-Seam Fastball",1,2,2,1,2,1,2,1,"Standard","Standard",210,"0.004","-0.042","83.0","7.7",,"0.042",,-1,1,0.391,0.609,30,26,31,26,3,2,11,1,4,1,"1.11","0.32","0.32","34.7",0.1015810973981403,-7.65842573975765,30.09623677382688,34.162836698610676,29.083207500915876
"FC","2025-10-28","90","-2.37","5.58","Ohtani, Shohei",664770,660271,"single","hit_into_play",,,,,4,"Nathan Lukes singles on a sharp ground ball to center fielder Andy Pages.","W","L","R","LAD","TOR","X",8,"ground_ball",3,1,2025,"0.13","0.49","-0.6","2.35",,,,2,5,"Top",105.88,96.32,,,,,4.143343652171287,-131.160269927075,-3.1974206833160324,0.8165708119994123,22.752249828893046,-26.110377504272943,"3.35","1.54",80,"105.4",2,"91.2",2434,"6.5",813023,669257,518692,669242,571970,605141,571771,681624,606192,"53.97",0.544,0.49,"0.9",1,1,0,4,36,5,"Cutter",1,2,2,1,2,1,2,1,"Strategic","Standard",187,"-0.008","0.172","78.4","6.6",0.596,"-0.172","105.4",-1,1,0.399,0.601,30,30,31,31,3,2,11,1,4,3,"2.28","-0.13","0.13","32.7",0.32002181290065135,12.162162523979077,27.9159268592985,46.79878109878999,20.843442798792104
"FF","2025-10-28","94.1","-2.24","5.58","Ohtani, Shohei",664770,660271,,"called_strike",,,,,4,"Called Strike","W","L","R","LAD","TOR","S",,,3,0,2025,"-0.74","1.11","-0.72","2.29",,,,2,5,"Top",,,,,,,5.607587196441705,-136.93126142743617,-5.348068720383576,-10.474592473271834,27.87206555967904,-17.166828799988508,"3.23","1.48",,,,"94.9",2277,"6.6",813023,669257,518692,669242,571970,605141,571771,681624,606192,"53.92",,,,,,,,36,4,"4-Seam Fastball",1,2,2,1,2,1,2,1,"Standard","Standard",221,"0.003","-0.07",,,,"0.07",,-1,1,0.396,0.604,30,30,31,31,3,2,11,1,4,3,"1.44","0.74","-0.74","32.3",,,,,
"FF","2025-10-28","95.4","-2.39","5.53","Ohtani, Shohei",664770,660271,,"ball",,,,,7,"Ball","W","L","R","LAD","TOR","B",,,2,0,2025,"-0.69","1.12","-0.5","1.38",,,,2,5,"Top",,,,,,,6.586713053617212,-138.76260839858756,-7.918192459159384,-10.258840032278778,28.276345041823962,-16.078267456097567,"3.29","1.49",,,,"96.5",2355,"6.7",813023,669257,518692,669242,571970,605141,571771,681624,606192,"53.78",,,,,,,,36,3,"4-Seam Fastball",1,2,2,1,2,1,2,1,"Standard","Standard",223,"-0.004","0.121",,,,"-0.121",,-1,1,0.4,0.6,30,30,31,31,3,2,11,1,4,3,"1.36","0.69","-0.69","30.0",,,,,
"CU","2025-10-28","77.8","-1.95","6.17","Ohtani, Shohei",664770,660271,,"ball",,,,,14,"Ball","W","L","R","LAD","TOR","B",,,1,0,2025,"0.88","-0.92","1.22","1.66",,,,2,5,"Top",,,,,,,5.19805900129552,-113.1914949774424,-1.0400958082923317,6.527244610401825,21.679799137461927,-40.09707496471307,"3.35","1.49",,,,"77.9",2620,"6.5",813023,669257,518692,669242,571970,605141,571771,681624,606192,"54",,,,,,,,36,2,"Curveball",1,2,2,1,2,1,2,1,"Standard","Standard",42,"-0.003","0.065",,,,"-0.065",,-1,1,0.403,0.597,30,30,31,31,3,2,11,1,4,3,"4.7","-0.88","0.88","44.2",,,,,
"FS","2025-10-28","86.7","-2.21","5.83","Ohtani, Shohei",664770,660271,,"ball",,,,,13,"Ball","W","L","R","LAD","TOR","B",,,0,0,2025,"-1.31","0.36","-2.13","2.19",,,,2,5,"Top",,,,,,,2.881793184557295,-126.28421758448239,-3.249031359091312,-14.54762601990449,26.0783915362972,-27.91136753000729,"3.16","1.44",,,,"87.3",1437,"6.6",813023,669257,518692,669242,571970,605141,571771,681624,606192,"53.88",,,,,,,,36,1,"Split-Finger",1,2,2,1,2,1,2,1,"Standard","Standard",232,"-0.001","0.037",,,,"-0.037",,-1,1,0.404,0.596,30,30,31,31,3,2,11,1,4,3,"2.67","1.31","-1.31","35.9",,,,,
"SL","2025-10-28","88.8","-1.81","6.16","Ohtani, Shohei",643396,660271,"field_out","hit_into_play",,,,,6,"Isiah Kiner-Falefa flies out to left fielder Enrique Hernández.","W","R","R","LAD","TOR","X",7,"fly_ball",0,2,2025,"0.23","-0.06","0.41","2.62",,,,1,5,"Top",91.79,80.56,,,,,5.006220047083048,-129.3331366996503,-2.5555418595151425,1.5929213089872998,25.65651622993006,-32.57533340278145,"3.23","1.47",306,"83.2",33,"89.8",2644,"6.7",813023,669257,518692,669242,571970,605141,571771,681624,606192,"53.77",0.025,0.03,"0",1,0,0,3,35,3,"Slider",1,2,2,1,2,1,2,1,"Standard","Standard",75,"0.012","-0.163","62.5","7.4",0.052,"0.163","88.0",-1,1,0.392,0.608,30,30,31,30,2,1,11,1,4,1,"2.94","-0.23","-0.23","44.1",6.873122757707139,-7.31453429430429,23.24485443966504,37.9000435494885,35.14985758934033
"FF","2025-10-28","97.5","-2.4","5.62","Ohtani, Shohei",643396,660271,,"foul",,,,,3,"Foul","W","R","R","LAD","TOR","S",,,0,1,2025,"-0.07","1.24","0.43","3.07",,,,1,5,"Top",,,,,,,7.838414308020061,-141.84665729881812,-4.268027659695614,-2.6811657374442794,30.397408023007323,-14.57316592588424,"3.23","1.47",,,,"98.4",2605,"6.7",813023,669257,518692,669242,571970,605141,571771,681624,606192,"53.84",,,,,,,,35,2,"4-Seam Fastball",1,2,2,1,2,1,2,1,"Standard","Standard",217,"0.003","-0.052","66.7","7.0",,"0.052",,-1,1,0.389,0.611,30,30,31,30,2,1,11,1,4,1,"1.14","0.07","0.07","31.6",3.0699866691219357,9.98232443525553,26.742931018682178,38.90946594169223,20.98681100077745
"CU","2025-10-28","73.3","-2.05","6.09","Ohtani, Shohei",643396,660271,,"called_strike",,,,,1,"Called Strike","W","R","R","LAD","TOR","S",,,0,0,2025,"1.05","-1.06","-0.65","3.23",,,,1,5,"Top",,,,,,,1.0283195548795272,-106.60614857184362,3.453259631263617,7.751694735703489,19.589872221173415,-41.076131647739906,"3.23","1.43",,,,"73.3",2541,"6.4",813023,669257,518692,669242,571970,605141,571771,681624,606192,"54.05",,,,,,,,35,1,"Curveball",1,2,2,1,2,1,2,1,"Standard","Standard",45,"0.003","-0.039",,,,"0.039",,-1,1,0.386,0.614,30,30,31,30,2,1,11,1,4,1,"5.33","-1.05","-1.05","40.1",,,,,
"SL","2025-10-28","86.4","-1.96","6.02","Ohtani, Shohei",665926,660271,"strikeout","swinging_strike",,,,,14,"Andrés Giménez strikes out swinging.","W","L","R","LAD","TOR","S",2,,2,2,2025,"0.28","-0.1","0.91","1.33",,,,0,5,"Top",,,,,,,6.299314560978317,-125.78752157115596,-4.825732047948481,1.8331188058361998,23.717698396197232,-32.552875497080464,"3.24","1.5",,,,"87.2",2461,"6.6",813023,669257,518692,669242,571970,605141,571771,681624,606192,"53.88",,0,"0",1,0,0,,34,5,"Slider",1,2,2,1,2,1,2,1,"Strategic","Standard",77,"0.022","-0.232","63.9","6.6",,"0.232",,-1,1,0.364,0.636,30,26,31,27,2,1,11,1,4,1,"3.14","-0.28","0.28","41.8",10.603180818591749,-4.715450592427752,46.567831117539804,24.346923615796864,21.601446685584627
"FF","2025-10-28","96","-2.2","5.51","Ohtani, Shohei",665926,660271,,"foul_tip",,,,,12,"Foul Tip","W","L","R","LAD","TOR","S",,,2,1,2025,"-0.3","1.05","0.58","3.52",,,,0,5,"Top",,,,,,,8.092534777679788,-139.61573343072277,-2.0498651414641476,-5.742515565011754,32.17019189113017,-18.14085113330703,"3.24","1.5",,,,"96.5",2543,"6.7",813023,669257,518692,669242,571970,605141,571771,681624,606192,"53.84",,,,,,,,34,4,"4-Seam Fastball",1,2,2,1,2,1,2,1,"Standard","Standard",213,"0.006","-0.073","57.8","5.2",,"0.073",,-1,1,0.358,0.642,30,26,31,27,2,1,11,1,4,1,"1.43","0.3","-0.3","31.1",-9.977992946416682,34.21443861404042,35.08631755644449,28.782252457445395,17.487526816709142
"FC","2025-10-28","90.1","-2.42","5.67","Ohtani, Shohei",665926,660271,,"called_strike",,,,,4,"Called Strike","W","L","R","LAD","TOR","S",,,2,0,2025,"0.16","0.8","-0.76","2.22",,,,0,5,"Top",,,,,,,3.81867271420716,-131.3373482722981,-4.434830568287751,1.2068470586685807,23.09093292638604,-22.225296926295414,"3.24","1.57",,,,"91.5",2357,"6.6",813023,669257,518692,669242,571970,605141,571771,681624,606192,"53.86",,,,,,,,34,3,"Cutter",1,2,2,1,2,1,2,1,"Standard","Standard",197,"0.007","-0.072",,,,"0.072",,-1,1,0.351,0.649,30,26,31,27,2,1,11,1,4,1,"1.96","-0.16","0.16","34.3",,,,,
"CU","2025-10-28","74.6","-2.09","5.97","Ohtani, Shohei",665926,660271,,"ball",,,,,11,"Ball","W","L","R","LAD","TOR","B",,,1,0,2025,"0.92","-1.08","-0.93","2.71",,,,0,5,"Top",,,,,,,0.7723179205593735,-108.63366360751496,2.4235500181253333,7.15463037922836,19.731243848292042,-41.39668913473128,"3.3","1.49",,,,"74.7",2501,"6.4",813023,669257,518692,669242,571970,605141,571771,681624,606192,"54.07",,,,,,,,34,2,"Curveball",1,2,2,1,2,1,2,1,"Standard","Standard",45,"-0.007","0.077",,,,"-0.077",,-1,1,0.358,0.642,30,26,31,27,2,1,11,1,4,1,"5.19","-0.92","0.92","41.0",,,,,
"FF","2025-10-28","96.3","-2.34","5.61","Ohtani, Shohei",665926,660271,,"ball",,,,,11,"Ball","W","L","R","LAD","TOR","B",,,0,0,2025,"-0.27","1.2","-0.58","3.89",,,,0,5,"Top",,,,,,,5.300495372726667,-140.24455193185298,-1.721892083369088,-4.692707636587178,30.832787431324387,-16.15911607414536,"3.24","1.63",,,,"96.9",2497,"6.5",813023,669257,518692,669242,571970,605141,571771,681624,606192,"53.99",,,,,,,,34,1,"4-Seam Fastball",1,2,2,1,2,1,2,1,"Standard","Standard",219,"-0.004","0.041",,,,"-0.041",,-1,1,0.362,0.638,30,26,31,27,2,1,11,1,4,1,"1.25","0.27","-0.27","31.5",,,,,
"FF","2025-10-28","96.3","-2.44","5.49","Ohtani, Shohei",676391,660271,"strikeout","foul_tip",,,,,6,"Ernie Clement strikes out on a foul tip.","W","R","R","LAD","TOR","S",2,,2,2,2025,"-0.08","0.74","0.58","2.76",,,,2,4,"Top",,,,,,,8.246458851152399,-140.10260439212007,-3.3806458585228034,-2.8115455120808144,30.135784242258122,-21.828687931490236,"3.34","1.55",,,,"97.2",2483,"6.7",813023,669257,518692,669242,571970,605141,571771,681624,606192,"53.82",,0,"0",1,0,0,,29,6,"4-Seam Fastball",1,2,2,1,2,1,2,1,"Standard","Standard",212,"0.01","-0.224","67.4","6.8",,"0.224",,-1,1,0.418,0.5820000000000001,30,29,31,29,2,1,11,1,4,1,"1.71","0.08","0.08","31.1",5.619176715678524,11.828361358382768,25.43199902691015,43.113879678541586,22.172392571284803
"ST","2025-10-28","86.5","-2.46","5.52","Ohtani, Shohei",676391,660271,,"foul",,,,,6,"Foul","W","R","R","LAD","TOR","S",,,2,2,2025,"1.25","0.25","0.61","2.4",,,,2,4,"Top",,,,,,,4.840104630798381,-125.96521812394286,-1.7575134086389759,12.281537583909868,25.939114831274388,-29.318194981874946,"3.34","1.55",3,"87.6",-36,"87.5",2749,"6.9",813023,669257,518692,669242,571970,605141,571771,681624,606192,"53.59",,,,,,,,29,5,"Sweeper",1,2,2,1,2,1,2,1,"Standard","Standard",66,"0","0","70.1","7.4",,"0","88.0",-1,1,0.418,0.5820000000000001,30,29,31,29,2,1,11,1,4,1,"2.79","-1.25","-1.25","29.4",16.31449648681297,-15.111486386523712,26.550944542839815,41.760863168988095,38.77604139479871
"CU","2025-10-28","80.9","-1.83","6.12","Ohtani, Shohei",676391,660271,,"ball",,,,,14,"Ball","W","R","R","LAD","TOR","B",,,1,2,2025,"1.07","-1.28","1.18","0.41",,,,2,4,"Top",,,,,,,4.684560532822594,-117.66397455460854,-3.508518346534989,8.730772277227903,26.87150516459423,-43.37385197331289,"3.17","1.53",,,,"80.6",2829,"6.6",813023,669257,518692,669242,571970,605141,571771,681624,606192,"53.92",,,,,,,,29,4,"Curveball",1,2,2,1,2,1,2,1,"Standard","Standard",36,"-0.002","0.042",,,,"-0.042",,-1,1,0.42,0.5800000000000001,30,29,31,29,2,1,11,1,4,1,"4.83","-1.07","-1.07","45.5",,,,,
"ST","2025-10-28","85.6","-2.38","5.48","Ohtani, Shohei",676391,660271,,"swinging_strike",,,,,12,"Swinging Strike","W","R","R","LAD","TOR","S",,,1,1,2025,"0.99","0.29","1.45","2.91",,,,2,4,"Top",,,,,,,7.076612291818685,-124.52787471083475,-0.38689637311865355,8.943420521652218,24.652578705664418,-29.266308887802065,"3.34","1.55",,,,"86.2",2638,"6.7",813023,669257,518692,669242,571970,605141,571771,681624,606192,"53.82",,,,,,,,29,3,"Sweeper",1,2,2,1,2,1,2,1,"Standard","Standard",70,"0.002","-0.062","66.0","7.7",,"0.062",,-1,1,0.418,0.5820000000000001,30,29,31,29,2,1,11,1,4,1,"2.82","-0.99","-0.99","31.3",20.312209235308604,-27.76706407922848,18.827176157452953,51.28115020715992,44.85253982224505
"ST","2025-10-28","85.6","-2.43","5.5","Ohtani, Shohei",676391,660271,,"swinging_strike",,,,,8,"Swinging Strike","W","R","R","LAD","TOR","S",,,1,0,2025,"0.78","0.41","-0.06","1.72",,,,2,4,"Top",,,,,,,4.050847082454164,-124.62220402795363,-3.5035511801896355,7.3578023019226935,24.371294360265388,-27.431101660363215,"3.34","1.55",,,,"86.2",2565,"6.6",813023,669257,518692,669242,571970,605141,571771,681624,606192,"53.89",,,,,,,,29,2,"Sweeper",1,2,2,1,2,1,2,1,"Standard","Standard",71,"0.002","-0.054","62.3","7.7",,"0.054",,-1,1,0.416,0.5840000000000001,30,29,31,29,2,1,11,1,4,1,"2.69","-0.78","-0.78","35.6",29.851543792680957,-31.59558938250454,36.74719705094599,33.793547976927144,49.89643018845598
"FF","2025-10-28","96.7","-2.4","5.61","Ohtani, Shohei",676391,660271,,"ball",,,,,14,"Ball","W","R","R","LAD","TOR","B",,,0,0,2025,"-0.07","1.04","0.58","1.34",,,,2,4,"Top",,,,,,,8.095616309637439,-140.4772002620402,-8.225629126182474,-2.725802775433511,31.743141087556562,-16.647597844561556,"3.34","1.59",,,,"97",2469,"6.5",813023,669257,518692,669242,571970,605141,571771,681624,606192,"53.97",,,,,,,,29,1,"4-Seam Fastball",1,2,2,1,2,1,2,1,"Standard","Standard",218,"-0.001","0.037",,,,"-0.037",,-1,1,0.417,0.583,30,29,31,29,2,1,11,1,4,1,"1.4","0.07","0.07","32.0",,,,,
"CU","2025-10-28","79.4","-1.97","5.93","Ohtani, Shohei",662139,660271,"strikeout","foul_tip",,,,,5,"Daulton Varsho strikes out on a foul tip.","W","L","R","LAD","TOR","S",2,,3,2,2025,"0.87","-1.03","-0.14","2.79",,,,1,4,"Top",,,,,,,2.372637487186858,-115.47437918140403,1.9112172016649989,7.223675643505261,24.25247556509652,-41.91726228196962,"3.39","1.57",,,,"79.4",2602,"6.6",813023,669257,518692,669242,571970,605141,571771,681624,606192,"53.9",,0,"0",1,0,0,,28,6,"Curveball",1,2,2,1,2,1,2,1,"Strategic","Standard",41,"0.021","-0.332","76.0","7.9",,"0.332",,-1,1,0.396,0.604,30,28,31,29,2,1,11,1,4,1,"4.68","-0.87","0.87","41.9",14.050400736373293,-9.165352673899806,23.579596848765217,36.53090312635365,28.557423948313193
"FF","2025-10-28","97.5","-2.35","5.51","Ohtani, Shohei",662139,660271,,"foul",,,,,12,"Foul","W","L","R","LAD","TOR","S",,,3,1,2025,"-0.28","1.13","0.44","3.72",,,,1,4,"Top",,,,,,,8.221257996219563,-141.8516084009727,-1.9393211018082457,-5.547726349602848,29.551062608216284,-16.56489581648391,"3.39","1.57",244,"83.8",23,"98.7",2503,"6.8",813023,669257,518692,669242,571970,605141,571771,681624,606192,"53.71",,,,,,,,28,5,"4-Seam Fastball",1,2,2,1,2,1,2,1,"Strategic","Standard",218,"0.006","-0.087","78.2","7.9",,"0.087","88.0",-1,1,0.39,0.61,30,28,31,29,2,1,11,1,4,1,"1.25","0.28","-0.28","32.6",14.615684970625999,-24.2516276739983,15.970251913162253,29.844082168329138,33.15093584927867
"FF","2025-10-28","97.4","-2.4","5.41","Ohtani, Shohei",662139,660271,,"ball",,,,,14,"Ball","W","L","R","LAD","TOR","B",,,2,1,2025,"-0.33","1.1","0.42","1.3",,,,1,4,"Top",,,,,,,8.367014241223144,-141.4934620009089,-8.095816899344815,-6.215367073442602,29.939035722973735,-15.693602387895925,"3.39","1.58",,,,"98",2490,"6.6",813023,669257,518692,669242,571970,605141,571771,681624,606192,"53.95",,,,,,,,28,4,"4-Seam Fastball",1,2,2,1,2,1,2,1,"Standard","Standard",219,"-0.008","0.121",,,,"-0.121",,-1,1,0.398,0.602,30,28,31,29,2,1,11,1,4,1,"1.29","0.33","-0.33","30.0",,,,,
"ST","2025-10-28","84.1","-2.52","5.52","Ohtani, Shohei",662139,660271,,"ball",,,,,11,"Ball","W","L","R","LAD","TOR","B",,,1,1,2025,"1.1","0.62","-1","3.59",,,,1,4,"Top",,,,,,,1.356954142506182,-122.6112965152833,0.664533697825713,10.900277144339901,23.362484247591805,-26.255370997662304,"3.39","1.52",,,,"84.9",2525,"6.6",813023,669257,518692,669242,571970,605141,571771,681624,606192,"53.9",,,,,,,,28,3,"Sweeper",1,2,2,1,2,1,2,1,"Standard","Standard",78,"-0.003","0.055",,,,"-0.055",,-1,1,0.401,0.599,30,28,31,29,2,1,11,1,4,1,"2.58","-1.1","1.1","31.2",,,,,
"FC","2025-10-28","92.9","-2.5","5.57","Ohtani, Shohei",662139,660271,,"ball",,,,,11,"Ball","W","L","R","LAD","TOR","B",,,0,1,2025,"0.13","0.66","-0.52","3.77",,,,1,4,"Top",,,,,,,4.8304911874730925,-135.5036540109655,-0.40678442470720433,0.7903039583607568,23.210102818928235,-24.068426850276975,"3.39","1.61",,,,"94.5",2519,"6.6",813023,669257,518692,669242,571970,605141,571771,681624,606192,"53.9",,,,,,,,28,2,"Cutter",1,2,2,1,2,1,2,1,"Standard","Standard",186,"-0.002","0.029",,,,"-0.029",,-1,1,0.403,0.597,30,28,31,29,2,1,11,1,4,1,"1.93","-0.13","0.13","31.1",,,,,
"FF","2025-10-28","98.5","-2.34","5.5","Ohtani, Shohei",662139,660271,,"called_strike",,,,,6,"Called Strike","W","L","R","LAD","TOR","S",,,0,0,2025,"-0.57","1.25","0.82","2.37",,,,1,4,"Top",,,,,,,9.948766784800837,-143.02651434168513,-5.999404913632027,-9.974615386905434,31.106538342171216,-13.788425289735493,"3.42","1.6",,,,"99.3",2412,"6.7",813023,669257,518692,669242,571970,605141,571771,681624,606192,"53.79",,,,,,,,28,1,"4-Seam Fastball",1,2,2,1,2,1,2,1,"Standard","Standard",216,"0.003","-0.039",,,,"0.039",,-1,1,0.4,0.6,30,28,31,29,2,1,11,1,4,1,"1.1","0.57","-0.57","33.2",,,,,
"CU","2025-10-28","79.2","-1.99","5.95","Ohtani, Shohei",672386,660271,"strikeout","swinging_strike",,,,,4,"Alejandro Kirk strikes out swinging.","W","R","R","LAD","TOR","S",2,,2,2,2025,"1.09","-1.06","-0.37","2.45",,,,0,4,"Top",,,,,,,1.5130299312821982,-115.24877911292108,1.222093299885077,9.329155763316946,24.117051056478402,-42.05816405432498,"3.1","1.49",,,,"79.2",2613,"6.6",813023,669257,518692,669242,571970,605141,571771,681624,606192,"53.92",,0,"0",1,0,0,,27,5,"Curveball",1,2,2,1,2,1,2,1,"Standard","Standard",44,"0.021","-0.232","76.9","8.1",,"0.232",,-1,1,0.379,0.621,30,26,31,27,2,1,11,1,4,1,"4.73","-1.09","-1.09","41.7",15.194524938219105,-43.180106710540706,15.811105078684399,33.47584363262924,59.53938784044989
"FF","2025-10-28","96.4","-2.43","5.49","Ohtani, Shohei",672386,660271,,"called_strike",,,,,13,"Called Strike","W","R","R","LAD","TOR","S",,,2,1,2025,"-0.51","1.22","-0.98","2.01",,,,0,4,"Top",,,,,,,5.061306140789981,-140.22625653297126,-6.487909417010709,-7.934553981359852,32.40530898038845,-14.792179526499998,"3.16","1.6",,,,"97.1",2462,"6.7",813023,669257,518692,669242,571970,605141,571771,681624,606192,"53.77",,,,,,,,27,4,"4-Seam Fastball",1,2,2,1,2,1,2,1,"Standard","Standard",222,"0.006","-0.073",,,,"0.073",,-1,1,0.373,0.627,30,26,31,27,2,1,11,1,4,1,"1.24","0.51","0.51","30.3",,,,,
"FF","2025-10-28","96.9","-2.25","5.57","Ohtani, Shohei",672386,660271,,"ball",,,,,12,"Ball","W","R","R","LAD","TOR","B",,,1,1,2025,"-0.32","1.2","0.52","3.73",,,,0,4,"Top",,,,,,,8.159479218461675,-140.83675935830294,-2.104990058147396,-6.135691747489333,32.84041284032739,-15.924412108114465,"3.21","1.66",,,,"97.3",2416,"6.6",813023,669257,518692,669242,571970,605141,571771,681624,606192,"53.88",,,,,,,,27,3,"4-Seam Fastball",1,2,2,1,2,1,2,1,"Standard","Standard",214,"-0.005","0.055",,,,"-0.055",,-1,1,0.378,0.622,30,26,31,27,2,1,11,1,4,1,"1.24","0.32","0.32","32.0",,,,,
"FF","2025-10-28","97","-2.35","5.62","Ohtani, Shohei",672386,660271,,"foul",,,,,5,"Foul","W","R","R","LAD","TOR","S",,,1,0,2025,"-0.58","1.3","0.05","2.29",,,,0,4,"Top",,,,,,,7.77875090464798,-140.9065153953771,-6.356690324511638,-9.457544801245373,32.21391811150711,-13.632463867630213,"3.1","1.49",307,"91.5",33,"97.5",2415,"6.7",813023,669257,518692,669242,571970,605141,571771,681624,606192,"53.83",,,,,,,,27,2,"4-Seam Fastball",1,2,2,1,2,1,2,1,"Standard","Standard",221,"0.005","-0.05","65.9","6.1",,"0.05","91.5",-1,1,0.373,0.627,30,26,31,27,2,1,11,1,4,1,"1.14","0.58","0.58","32.7",-12.887068272667774,35.629415688517845,28.5099164688359,39.23834327208408,10.219446164133036
"SI","2025-10-28","93.5","-1.96","5.73","Ohtani, Shohei",672386,660271,,"ball",,,,,14,"Ball","W","R","R","LAD","TOR","B",,,0,0,2025,"-1.25","0.88","2.03","1.69",,,,0,4,"Top",,,,,,,13.074846728854862,-135.3745447965727,-6.569946125520996,-18.24167387930637,30.468935244050318,-19.972629639725415,"3.1","1.49",,,,"93.5",2204,"6.6",813023,669257,518692,669242,571970,605141,571771,681624,606192,"53.85",,,,,,,,27,1,"Sinker",1,2,2,1,2,1,2,1,"Standard","Standard",220,"-0.004","0.041",,,,"-0.041",,-1,1,0.377,0.623,30,26,31,27,2,1,11,1,4,1,"1.76","1.25","1.25","33.5",,,,,
"FS","2025-10-28","88.2","-2.18","5.89","Ohtani, Shohei",680718,660271,"field_out","hit_into_play",,,,,4,"Addison Barger flies out to left fielder Enrique Hernández.","W","L","R","LAD","TOR","X",7,"fly_ball",1,2,2025,"-0.9","0.08","-0.8","2.8",,,,2,3,"Top",61.1,103.76,,,,,5.266427809471667,-128.31646509886284,-1.5400264140412954,-11.025675438538286,28.46245135023955,-31.1716141229411,"3.73","1.75",286,"88.8",43,"88.4",1264,"6.6",813023,669257,518692,669242,571970,605141,571771,681624,606192,"53.89",0.003,0.003,"0",1,0,0,3,22,4,"Split-Finger",1,2,2,1,2,1,2,1,"Strategic","Standard",238,"0.008","-0.182","74.1","7.6",0.005,"0.182","88.8",-1,1,0.429,0.571,30,25,31,26,2,1,11,1,4,1,"2.87","0.9","-0.9","36.5",10.160876362146915,7.850788925362239,22.631906888706965,43.97416271570714,24.685381854380502
"CU","2025-10-28","77.4","-2.23","5.86","Ohtani, Shohei",680718,660271,,"foul",,,,,6,"Foul","W","L","R","LAD","TOR","S",,,1,1,2025,"1.08","-1.12","0.5","2.57",,,,2,3,"Top",,,,,,,3.8878574077797743,-112.61294482035692,2.1076270849633385,8.250515810659062,23.346468809284936,-42.29765904616393,"3.73","1.75",95,"56.9",71,"77.5",2759,"6.7",813023,669257,518692,669242,571970,605141,571771,681624,606192,"53.81",,,,,,,,22,3,"Curveball",1,2,2,1,2,1,2,1,"Strategic","Standard",45,"0.002","-0.062","69.5","7.2",,"0.062","88.0",-1,1,0.427,0.573,30,25,31,26,2,1,11,1,4,1,"4.97","-1.08","1.08","39.7",4.3402540696646925,-4.376932981462944,30.290131636148526,28.33770606840121,31.34312207914207
"FS","2025-10-28","88.5","-2.38","5.59","Ohtani, Shohei",680718,660271,,"ball",,,,,13,"Ball","W","L","R","LAD","TOR","B",,,0,1,2025,"-1","-0.09","-2.4","2.59",,,,2,3,"Top",,,,,,,2.0635475955936764,-128.88431294821171,-1.1020639605619067,-11.623155823191098,26.148750340015443,-33.16087729376626,"3.83","1.96",,,,"89.4",1448,"6.7",813023,669257,518692,669242,571970,605141,571771,681624,606192,"53.78",,,,,,,,22,2,"Split-Finger",1,2,2,1,2,1,2,1,"Strategic","Standard",238,"-0.001","0.027",,,,"-0.027",,-1,1,0.428,0.5720000000000001,30,25,31,26,2,1,11,1,4,1,"2.99","1","-1","34.6",,,,,
"FF","2025-10-28","99","-2.44","5.38","Ohtani, Shohei",680718,660271,,"foul",,,,,12,"Foul","W","L","R","LAD","TOR","S",,,0,0,2025,"-0.49","1.19","0.9","2.96",,,,2,3,"Top",,,,,,,10.368692538955647,-143.92245293612785,-4.042936739021325,-9.064776569186186,30.392980035596807,-14.809454387804426,"3.73","1.75",206,"67.5",33,"100.4",2630,"6.9",813023,669257,518692,669242,571970,605141,571771,681624,606192,"53.59",,,,,,,,22,1,"4-Seam Fastball",1,2,2,1,2,1,2,1,"Standard","Standard",217,"0.002","-0.043","75.8","6.8",,"0.043","88.0",-1,1,0.426,0.5740000000000001,30,25,31,26,2,1,11,1,4,1,"1.12","0.49","-0.49","28.2",1.7599983841580953,5.3311276538686,30.572310127151987,22.406870508165724,25.6656025384945
"FF","2025-10-28","98.3","-2.27","5.61","Ohtani, Shohei",666182,660271,"field_out","hit_into_play",,,,,6,"Bo Bichette grounds out sharply, second baseman Tommy Edman to first baseman Freddie Freeman.","W","R","R","LAD","TOR","X",4,"ground_ball",0,0,2025,"-0.45","1.23","0.65","2.9",,,,1,3,"Top",139.9,142.27,,,,,9.018866281556939,-142.82048309859695,-4.769129227122003,-8.266185664524018,32.53983202592128,-14.366237131792833,"3.7","1.74",39,"102.3",-2,"99",2645,"6.8",813023,669257,518692,669242,571970,605141,571771,681624,606192,"53.74",0.375,0.332,"0",1,0,0,2,21,1,"4-Seam Fastball",1,2,2,1,2,1,2,1,"Standard","Standard",214,"0.016","-0.254","72.2","6.9",0.391,"0.254","102.3",-1,1,0.41,0.5900000000000001,30,27,31,27,2,1,11,1,4,1,"1.13","0.45","0.45","34.8",-8.46418156038295,11.501820220392005,29.36754118713695,40.88773962900616,22.051717830397607
"ST","2025-10-28","85.1","-2.19","5.6","Ohtani, Shohei",665489,660271,"home_run","hit_into_play",,,,,2,"Vladimir Guerrero Jr. homers (7) on a fly ball to left center field. Nathan Lukes scores.","W","R","R","LAD","TOR","X",,"fly_ball",2,1,2025,"0.81","0.32","-0.12","3.34",,,664770,1,3,"Top",76.65,47.24,,,,,3.245297253719773,-123.91588502469374,0.4145072079440095,7.640375909608519,26.522368755548733,-29.24579575101767,"3.64","1.6",395,"102.7",25,"85.4",2548,"6.6",813023,669257,518692,669242,571970,605141,571771,681624,606192,"53.92",0.6105111111111111,1.139111111111111,"2",1,0,3,6,20,4,"Sweeper",1,0,0,1,2,1,2,1,"Standard","Standard",69,"-0.194","1.424","72.8","7.1",2.200266666666666,"-1.424","102.7",1,-1,0.604,0.396,30,26,31,26,2,1,11,1,4,1,"2.84","-0.81","-0.81","32.2",7.830562148246723,-11.411976519983472,18.39911886070881,32.658442827784704,35.23659144452858
"FF","2025-10-28","97.4","-2.09","5.65","Ohtani, Shohei",665489,660271,,"foul",,,,,8,"Foul","W","R","R","LAD","TOR","S",,,2,0,2025,"-0.29","1.03","-0.06","2.03",,,664770,1,3,"Top",,,,,,,6.168837299859566,-141.62279562037676,-6.627788880975229,-5.307041206242292,31.103514107743408,-17.001601065838656,"3.64","1.6",183,"68.4",57,"98.3",2306,"6.7",813023,669257,518692,669242,571970,605141,571771,681624,606192,"53.78",,,,,,,,20,3,"4-Seam Fastball",1,0,0,1,0,1,0,1,"Standard","Standard",213,"0.009","-0.062","79.8","8.2",,"0.062","88.0",1,-1,0.595,0.405,30,26,31,26,2,1,11,1,4,1,"1.37","0.29","0.29","35.7",-0.17271942634753137,-16.733577323677874,35.0083931231522,33.146131026397796,34.427272634818536
"CU","2025-10-28","78.7","-1.87","6.07","Ohtani, Shohei",665489,660271,,"ball",,,,,11,"Ball","W","R","R","LAD","TOR","B",,,1,0,2025,"0.77","-0.99","-0.97","3.33",,,664770,1,3,"Top",,,,,,,0.5281969945059142,-114.60024392787712,2.780729854405152,6.643402049209976,21.903359637741318,-41.60762661755657,"3.64","1.66",,,,"79.2",2486,"6.7",813023,669257,518692,669242,571970,605141,571771,681624,606192,"53.81",,,,,,,,20,2,"Curveball",1,0,0,1,0,1,0,1,"Standard","Standard",43,"-0.009","0.068",,,,"-0.068",,1,-1,0.604,0.396,30,26,31,26,2,1,11,1,4,1,"4.67","-0.77","-0.77","43.0",,,,,
"SL","2025-10-28","88.2","-1.78","6.02","Ohtani, Shohei",665489,660271,,"ball",,,,,14,"Ball","W","R","R","LAD","TOR","B",,,0,0,2025,"0.24","-0.15","0.4","1.07",,,664770,1,3,"Top",,,,,,,4.832495020676303,-128.33900375577446,-5.69232597228373,1.7115424087868407,25.768404971516997,-32.848823454582075,"3.64","1.67",,,,"89.1",2449,"6.8",813023,669257,518692,669242,571970,605141,571771,681624,606192,"53.71",,,,,,,,20,1,"Slider",1,0,0,1,0,1,0,1,"Standard","Standard",78,"-0.005","0.035",,,,"-0.035",,1,-1,0.609,0.391,30,26,31,26,2,1,11,1,4,1,"3.07","-0.24","-0.24","42.2",,,,,
"FF","2025-10-28","98.4","-2.3","5.5","Ohtani, Shohei",664770,660271,"single","hit_into_play",,,,,12,"Nathan Lukes singles on a sharp line drive to right fielder Teoscar Hernández.","W","L","R","LAD","TOR","X",9,"line_drive",1,1,2025,"-0.29","0.96","0.71","3.66",,,,1,3,"Top",199.84,98.97,,,,,8.877886833369443,-143.0308680781039,-1.7275746760394952,-6.1792401191923005,34.86359926273147,-18.826918534532236,"3.35","1.54",173,"101.6",10,"98.7",2434,"6.7",813023,669257,518692,669242,571970,605141,571771,681624,606192,"53.84",0.871,0.867,"0.9",1,1,0,4,19,3,"4-Seam Fastball",1,0,0,1,0,1,0,1,"Standard","Standard",208,"-0.03","0.425",,,1.085,"-0.425","101.6",1,-1,0.639,0.361,30,30,31,31,2,1,11,1,4,3,"1.41","0.29","-0.29","31.7",,,,,
"FC","2025-10-28","92.2","-2.35","5.52","Ohtani, Shohei",664770,660271,,"foul",,,,,9,"Foul","W","L","R","LAD","TOR","S",,,1,0,2025,"0.26","0.44","0.65","1.49",,,,1,3,"Top",,,,,,,7.102905974667441,-134.07353890836822,-5.4241632871107175,1.7169935008554333,27.317417574436302,-25.943526083141418,"3.35","1.54",181,"105.4",10,"93.1",2483,"6.7",813023,669257,518692,669242,571970,605141,571771,681624,606192,"53.79",,,,,,,,19,2,"Cutter",1,0,0,1,0,1,0,1,"Standard","Standard",169,"0.004","-0.049","69.6","7.6",,"0.049","105.4",1,-1,0.635,0.365,30,30,31,31,2,1,11,1,4,3,"2.24","-0.26","0.26","31.2",17.877887197700886,-16.223456707059892,40.86625875384175,31.999097867916834,40.09453810447884
"FF","2025-10-28","98.6","-2.4","5.61","Ohtani, Shohei",664770,660271,,"ball",,,,,12,"Ball","W","L","R","LAD","TOR","B",,,0,0,2025,"-0.18","1.26","1.05","3.2",,,,1,3,"Top",,,,,,,9.819794019383124,-143.2403805400771,-4.024179618688804,-4.755353441529358,34.120149491212544,-14.11651851761529,"3.36","1.54",,,,"98.9",2577,"6.6",813023,669257,518692,669242,571970,605141,571771,681624,606192,"53.88",,,,,,,,19,1,"4-Seam Fastball",1,0,0,1,0,1,0,1,"Standard","Standard",215,"-0.003","0.039",,,,"-0.039",,1,-1,0.638,0.362,30,30,31,31,2,1,11,1,4,3,"1.1","0.18","-0.18","32.9",,,,,
"FF","2025-10-28","98.9","-2.27","5.65","Ohtani, Shohei",643396,660271,"field_out","hit_into_play",,,,,5,"Isiah Kiner-Falefa grounds out, second baseman Tommy Edman to first baseman Freddie Freeman.","W","R","R","LAD","TOR","X",4,"ground_ball",1,2,2025,"-0.79","0.87","-0.17","2.54",,,,0,3,"Top",145.93,143.98,,,,,7.632314857835717,-143.81107438929473,-5.10708012892884,-12.783958278664125,33.12224289626473,-19.08635447351701,"3.23","1.47",7,"99.1",-21,"99.7",2489,"6.8",813023,669257,518692,669242,571970,605141,571771,681624,606192,"53.73",0.109,0.105,"0",1,0,0,2,18,4,"4-Seam Fastball",1,0,0,1,0,1,0,1,"Standard","Standard",216,"0.02","-0.189","67.7","6.0",0.109,"0.189","99.1",1,-1,0.618,0.382,30,30,31,30,1,0,11,1,4,1,"1.46","0.79","0.79","33.1",-10.606841028988505,20.404176219783473,34.71696302774698,34.64753398669874,18.62573184628145
"SL","2025-10-28","85.6","-1.81","6.15","Ohtani, Shohei",643396,660271,,"ball",,,,,14,"Ball","W","R","R","LAD","TOR","B",,,0,2,2025,"0.34","-0.39","0.77","0.97",,,,0,3,"Top",,,,,,,5.441420516942544,-124.60874083828391,-5.217163912064678,2.5120759544126994,24.326970887325132,-35.46737674578926,"3.12","1.42",,,,"86.4",2644,"6.7",813023,669257,518692,669242,571970,605141,571771,681624,606192,"53.78",,,,,,,,18,3,"Slider",1,0,0,1,0,1,0,1,"Standard","Standard",60,"-0.003","0.024",,,,"-0.024",,1,-1,0.621,0.379,30,30,31,30,1,0,11,1,4,1,"3.5","-0.34","-0.34","44.0",,,,,
"FF","2025-10-28","97.9","-2.26","5.68","Ohtani, Shohei",643396,660271,,"called_strike",,,,,5,"Called Strike","W","R","R","LAD","TOR","S",,,0,1,2025,"-0.77","0.95","0.18","2.47",,,,0,3,"Top",,,,,,,8.42164809669134,-142.34861565709113,-5.404257662970946,-12.429354193409965,31.73859013250156,-18.176766057022327,"3.23","1.57",,,,"98.6",2490,"6.7",813023,669257,518692,669242,571970,605141,571771,681624,606192,"53.82",,,,,,,,18,2,"4-Seam Fastball",1,0,0,1,0,1,0,1,"Standard","Standard",216,"0.005","-0.055",,,,"0.055",,1,-1,0.616,0.384,30,30,31,30,1,0,11,1,4,1,"1.43","0.77","0.77","32.6",,,,,
"ST","2025-10-28","79.7","-2.25","5.72","Ohtani, Shohei",643396,660271,,"called_strike",,,,,9,"Called Strike","W","R","R","LAD","TOR","S",,,0,0,2025,"0.62","0.68","0.7","1.99",,,,0,3,"Top",,,,,,,5.3326328340289155,-115.98027697352958,-2.738770195258383,4.545064921353139,22.369299797353932,-25.700436358933157,"3.23","1.49",,,,"79.9",2427,"6.5",813023,669257,518692,669242,571970,605141,571771,681624,606192,"54.02",,,,,,,,18,1,"Sweeper",1,0,0,1,0,1,0,1,"Standard","Standard",74,"0.004","-0.039",,,,"0.039",,1,-1,0.612,0.388,30,30,31,30,1,0,11,1,4,1,"2.91","-0.62","-0.62","31.3",,,,,
"CU","2025-10-28","70.7","-2","6.27","Ohtani, Shohei",665926,660271,"field_out","hit_into_play",,,,,5,"Andrés Giménez grounds out softly, pitcher Shohei Ohtani to first baseman Freddie Freeman.","W","L","R","LAD","TOR","X",1,"ground_ball",0,0,2025,"0.83","-1.19","-0.17","2.61",,,,2,2,"Top",129.68,188.87,,,,,2.153902642183545,-102.72314305934712,2.617979996828595,5.314342193920047,21.094228717869665,-41.255497832295625,"3.24","1.5",1,"45.3",-61,"69.5",2301,"6",813023,669257,518692,669242,571970,605141,571771,681624,606192,"54.5",0.208,0.222,"0",1,0,0,1,12,1,"Curveball",0,0,0,0,0,0,0,0,"Standard","Standard",36,"0.011","-0.26","57.9","6.0",0.208,"0.26","88.0",0,0,0.54,0.45999999999999996,30,26,31,27,1,0,11,1,4,1,"5.86","-0.83","0.83","43.8",3.7132929291423546,24.425767256632927,32.560622858909284,38.075082078054265,17.80244799783472
"ST","2025-10-28","86.9","-2.52","5.49","Ohtani, Shohei",676391,660271,"field_out","hit_into_play",,,,,5,"Ernie Clement grounds out softly, first baseman Freddie Freeman to pitcher Shohei Ohtani.","W","R","R","LAD","TOR","X",3,"ground_ball",2,2,2025,"0.94","0.62","0.01","2.52",,,,1,2,"Top",145.94,167.18,,,,,4.1556925566655485,-126.58933430600896,-2.209582832902841,9.267958969695131,26.11667586057145,-25.262538388184655,"3.34","1.55",8,"49",-18,"87.3",2595,"6.5",813023,669257,518692,669242,571970,605141,571771,681624,606192,"53.96",0.124,0.13,"0",1,0,0,1,11,5,"Sweeper",0,0,0,0,0,0,0,0,"Standard","Standard",72,"0.015","-0.228","68.2","7.3",0.141,"0.228","88.0",0,0,0.525,0.475,30,29,31,29,1,0,11,1,4,1,"2.39","-0.94","-0.94","29.9",18.354324141651578,-27.857659778520198,28.121092646407213,34.24437291876926,51.40482512842801
"FF","2025-10-28","98.9","-2.17","5.68","Ohtani, Shohei",676391,660271,,"ball",,,,,14,"Ball","W","R","R","LAD","TOR","B",,,1,2,2025,"-0.4","1.12","2.11","1.75",,,,1,2,"Top",,,,,,,12.647584077338252,-143.2975374310043,-7.92955276986662,-8.281317507618317,31.873322402771354,-14.941210031493714,"3.43","1.65",,,,"99.4",2412,"6.7",813023,669257,518692,669242,571970,605141,571771,681624,606192,"53.77",,,,,,,,11,4,"4-Seam Fastball",0,0,0,0,0,0,0,0,"Standard","Standard",221,"-0.002","0.048",,,,"-0.048",,0,0,0.527,0.473,30,29,31,29,1,0,11,1,4,1,"1.22","0.4","0.4","34.0",,,,,
"FF","2025-10-28","96.3","-2.33","5.48","Ohtani, Shohei",676391,660271,,"called_strike",,,,,9,"Called Strike","W","R","R","LAD","TOR","S",,,1,1,2025,"-0.51","1.28","0.44","1.51",,,,1,2,"Top",,,,,,,8.598093872950843,-139.97901043093884,-7.983882680154635,-8.52405924725009,28.700444994307695,-13.698032376683617,"3.38","1.62",,,,"97.6",2423,"6.9",813023,669257,518692,669242,571970,605141,571771,681624,606192,"53.64",,,,,,,,11,3,"4-Seam Fastball",0,0,0,0,0,0,0,0,"Standard","Standard",218,"0.003","-0.064",,,,"0.064",,0,0,0.524,0.476,30,29,31,29,1,0,11,1,4,1,"1.16","0.51","0.51","31.6",,,,,
"ST","2025-10-28","85.3","-2.21","5.57","Ohtani, Shohei",676391,660271,,"ball",,,,,14,"Ball","W","R","R","LAD","TOR","B",,,0,1,2025,"1.06","0.2","1.41","1.41",,,,1,2,"Top",,,,,,,6.412282120622836,-124.12070669292777,-3.882873926561055,9.680021449629054,25.365065118490147,-29.51646653714085,"3.55","1.68",,,,"85.6",2572,"6.5",813023,669257,518692,669242,571970,605141,571771,681624,606192,"53.97",,,,,,,,11,2,"Sweeper",0,0,0,0,0,0,0,0,"Standard","Standard",67,"-0.002","0.029",,,,"-0.029",,0,0,0.526,0.474,30,29,31,29,1,0,11,1,4,1,"2.94","-1.06","-1.06","29.6",,,,,
"FF","2025-10-28","97.2","-2.34","5.59","Ohtani, Shohei",676391,660271,,"called_strike",,,,,1,"Called Strike","W","R","R","LAD","TOR","S",,,0,0,2025,"-0.62","1.25","-0.66","3.12",,,,1,2,"Top",,,,,,,5.949811539320843,-141.44675941788233,-3.96869900815196,-9.68298078167877,31.32057058858954,-14.649427029479195,"3.52","1.74",,,,"97.7",2418,"6.5",813023,669257,518692,669242,571970,605141,571771,681624,606192,"53.97",,,,,,,,11,1,"4-Seam Fastball",0,0,0,0,0,0,0,0,"Standard","Standard",222,"0.003","-0.039",,,,"0.039",,0,0,0.523,0.477,30,29,31,29,1,0,11,1,4,1,"1.16","0.62","0.62","31.6",,,,,
"FF","2025-10-28","97.4","-2.23","5.67","Ohtani, Shohei",662139,660271,"field_out","hit_into_play",,,,,6,"Daulton Varsho pops out to shortstop Mookie Betts.","W","L","R","LAD","TOR","X",6,"popup",0,0,2025,"-0.6","1.24","0.33","2.78",,,,0,2,"Top",110.45,147.52,,,,,8.26300674010348,-141.5467331196464,-5.097139348277128,-9.956032327242346,31.868314074767675,-14.552581301068697,"3.39","1.57",130,"71.5",64,"97.4",2467,"6.3",813023,669257,518692,669242,571970,605141,571771,681624,606192,"54.15",0.005,0.006,"0",1,0,0,3,10,1,"4-Seam Fastball",0,0,0,0,0,0,0,0,"Standard","Standard",218,"0.023","-0.259","76.6","7.8",0.008,"0.259","88.0",0,0,0.5,0.5,30,28,31,29,1,0,11,1,4,1,"1.17","0.6","-0.6","31.3",14.0006224363803,1.8084623413255718,28.9497166013076,31.952394994333304,24.88983175892585
"ST","2025-10-28","85.5","-2.26","5.56","Ohtani, Shohei",672386,660271,"field_out","hit_into_play",,,,,1,"Alejandro Kirk pops out to first baseman Freddie Freeman.","W","R","R","LAD","TOR","X",3,"popup",0,1,2025,"1.06","0.55","-0.29","3.02",,666182,680718,2,1,"Top",157.59,158.68,,,,,2.523141783374022,-124.55917474640349,-0.830504038502913,10.469641608629649,25.560621360817525,-26.489026482635825,"3.1","1.49",103,"82.1",71,"86.1",2749,"6.6",813023,669257,518692,669242,571970,605141,571771,681624,606192,"53.86",0.003,0.002,"0",1,0,0,3,5,2,"Sweeper",0,0,0,0,0,0,0,0,"Standard","Standard",69,"0.037","-0.235","70.9","6.8",0.003,"0.235","88.0",0,0,0.511,0.489,30,26,31,27,1,0,11,1,4,1,"2.56","-1.06","-1.06","29.7",11.364232509694311,1.403830291216108,20.44457562434829,34.65976481786029,32.90915154698848
"FF","2025-10-28","98","-2.08","5.56","Ohtani, Shohei",672386,660271,,"foul",,,,,6,"Foul","W","R","R","LAD","TOR","S",,,0,0,2025,"-0.54","1.4","0.33","2.11",,666182,680718,2,1,"Top",,,,,,,7.8254826198338865,-142.3561256047482,-7.104282451665046,-9.16180227739946,33.85081066693748,-11.70394456453714,"3.1","1.49",246,"80.1",42,"98.8",2614,"6.9",813023,669257,518692,669242,571970,605141,571771,681624,606192,"53.61",,,,,,,,5,1,"4-Seam Fastball",0,0,0,0,0,0,0,0,"Standard","Standard",213,"0.006","-0.047","70.4","7.1",,"0.047","88.0",0,0,0.505,0.495,30,26,31,27,1,0,11,1,4,1,"0.99","0.54","0.54","33.0",-1.3226241790331317,15.697388797230065,26.612204112845752,42.418146063185695,20.550893696772032
"FF","2025-10-28","97.8","-2.28","5.53","Ohtani, Shohei",680718,660271,"single","hit_into_play",,,,,5,"Addison Barger singles on a ground ball to third baseman Max Muncy. Bo Bichette to 2nd.","W","L","R","LAD","TOR","X",5,"ground_ball",3,2,2025,"-0.29","1.25","0.06","2.86",,,666182,2,1,"Top",87.72,156.41,,,,,7.001018345933958,-142.2540696531729,-4.605676075862459,-5.55448701453702,33.78077853933131,-14.30505308448926,"3.73","1.75",108,"66.5",10,"98.1",2505,"6.6",813023,669257,518692,669242,571970,605141,571771,681624,606192,"53.94",0.228,0.22,"0.9",1,1,0,2,4,6,"4-Seam Fastball",0,0,0,0,0,0,0,0,"Strategic","Standard",220,"-0.018","0.322","75.0","6.2",0.255,"-0.322","88.0",0,0,0.523,0.477,30,25,31,26,1,0,11,1,4,1,"1.14","0.29","-0.29","31.3",-9.072173007622728,27.207142399935382,31.715144308487538,31.01545188968516,18.317857881322883
"CU","2025-10-28","79.1","-1.94","5.99","Ohtani, Shohei",680718,660271,,"blocked_ball",,,,,14,"Ball In Dirt","W","L","R","LAD","TOR","B",,,2,2,2025,"0.67","-1.27","0.09","0.68",,,666182,2,1,"Top",,,,,,,3.1775623125580914,-115.0854521615688,-2.2752455858248375,5.1429482111169085,25.900215243700153,-43.05458619407269,"3.77","1.94",,,,"79",2705,"6.7",813023,669257,518692,669242,571970,605141,571771,681624,606192,"53.79",,,,,,,,4,5,"Curveball",0,0,0,0,0,0,0,0,"Strategic","Standard",37,"-0.005","0.079",,,,"-0.079",,0,0,0.528,0.472,30,25,31,26,1,0,11,1,4,1,"4.98","-0.67","0.67","42.9",,,,,
"FF","2025-10-28","98.2","-2.07","5.62","Ohtani, Shohei",680718,660271,,"called_strike",,,,,8,"Called Strike","W","L","R","LAD","TOR","S",,,2,1,2025,"-0.4","1.24","-0.23","2.27",,,666182,2,1,"Top",,,,,,,5.909918858502921,-142.78539599902118,-6.46019756983206,-6.905576274751514,34.08245786549323,-13.917878878964853,"3.73","1.88",,,,"98.3",2435,"6.5",813023,669257,518692,669242,571970,605141,571771,681624,606192,"54.01",,,,,,,,4,4,"4-Seam Fastball",0,0,0,0,0,0,0,0,"Strategic","Standard",219,"0.004","-0.093",,,,"0.093",,0,0,0.524,0.476,30,25,31,26,1,0,11,1,4,1,"1.14","0.4","-0.4","32.9",,,,,
"FF","2025-10-28","98.4","-2.18","5.64","Ohtani, Shohei",680718,660271,,"ball",,,,,14,"Ball","W","L","R","LAD","TOR","B",,,1,1,2025,"-0.56","1.46","0.63","1.59",,,666182,2,1,"Top",,,,,,,8.96791233863298,-142.85298775441356,-8.927906485747105,-9.770771404800985,34.086865872007415,-10.189453872641216,"3.78","1.96",,,,"98.8",2565,"6.7",813023,669257,518692,669242,571970,605141,571771,681624,606192,"53.78",,,,,,,,4,3,"4-Seam Fastball",0,0,0,0,0,0,0,0,"Strategic","Standard",213,"-0.003","0.054",,,,"-0.054",,0,0,0.527,0.473,30,25,31,26,1,0,11,1,4,1,"0.91","0.56","-0.56","33.5",,,,,
"CU","2025-10-28","77.4","-1.72","6.1","Ohtani, Shohei",680718,660271,,"blocked_ball",,,,,14,"Ball In Dirt","W","L","R","LAD","TOR","B",,,0,1,2025,"0.75","-1.25","0.11","0.67",,,666182,2,1,"Top",,,,,,,2.54854772381688,-112.63879773846197,-2.228658216722959,5.698502479899439,24.668510854295103,-42.37989710823318,"3.73","1.92",,,,"77.2",2669,"6.6",813023,669257,518692,669242,571970,605141,571771,681624,606192,"53.87",,,,,,,,4,2,"Curveball",0,0,0,0,0,0,0,0,"Strategic","Standard",36,"-0.002","0.027",,,,"-0.027",,0,0,0.529,0.471,30,25,31,26,1,0,11,1,4,1,"5.11","-0.75","0.75","42.7",,,,,
"CU","2025-10-28","76.1","-1.74","6.15","Ohtani, Shohei",680718,660271,,"swinging_strike",,,,,14,"Swinging Strike","W","L","R","LAD","TOR","S",,,0,0,2025,"0.62","-1.24","0.93","1.51",,,666182,2,1,"Top",,,,,,,4.512252505090965,-110.61785016147233,-0.28558633761905217,4.050041502298676,23.15862559154808,-42.39802833225558,"3.73","1.75",,,,"76",2585,"6.7",813023,669257,518692,669242,571970,605141,571771,681624,606192,"53.83",,,,,,,,4,1,"Curveball",0,0,0,0,0,0,0,0,"Strategic","Standard",38,"0.003","-0.042","65.8","8.9",,"0.042",,0,0,0.526,0.474,30,25,31,26,1,0,11,1,4,1,"5.24","-0.62","0.62","42.5",24.97446066742827,-65.04940058688491,25.15235132729746,23.533376563529146,65.56245477376643
"FF","2025-10-28","97.3","-2.57","5.43","Ohtani, Shohei",666182,660271,"walk","ball",,,,,14,"Bo Bichette walks.","W","R","R","LAD","TOR","B",,,3,2,2025,"-0.14","1.02","0.88","1.14",,,,2,1,"Top",,,,,,,9.648099469086777,-141.3433762310387,-8.413454226174201,-3.8916927592944783,29.650207025206456,-16.771571868950744,"3.53","1.76",,,,"98.4",2598,"6.8",813023,669257,518692,669242,571970,605141,571771,681624,606192,"53.7",,0.691497,"0.7",1,0,0,,3,6,"4-Seam Fastball",0,0,0,0,0,0,0,0,"Strategic","Standard",215,"-0.01","0.259",,,,"-0.259",,0,0,0.536,0.46399999999999997,30,27,31,27,1,0,11,1,4,1,"1.38","0.14","0.14","28.6",,,,,
"ST","2025-10-28","86.3","-2.37","5.49","Ohtani, Shohei",666182,660271,,"ball",,,,,12,"Ball","W","R","R","LAD","TOR","B",,,2,2,2025,"1.01","0.49","1.42","2.72",,,,2,1,"Top",,,,,,,7.023877676471727,-125.66644101585425,-1.3908357809626026,9.358649374211188,24.272924408645277,-26.934097828228428,"3.52","1.71",,,,"87.1",2709,"6.7",813023,669257,518692,669242,571970,605141,571771,681624,606192,"53.82",,,,,,,,3,5,"Sweeper",0,0,0,0,0,0,0,0,"Standard","Standard",68,"-0.003","0.104",,,,"-0.104",,0,0,0.539,0.46099999999999997,30,27,31,27,1,0,11,1,4,1,"2.56","-1.01","-1.01","33.7",,,,,
"ST","2025-10-28","85.5","-2.37","5.6","Ohtani, Shohei",666182,660271,,"ball",,,,,14,"Ball","W","R","R","LAD","TOR","B",,,1,2,2025,"1.18","0.37","1.57","1.5",,,,2,1,"Top",,,,,,,6.944064924495927,-124.40861632779432,-4.152642097798655,10.857799759764001,24.712909511556614,-27.646661878236326,"3.55","1.69",,,,"86",2621,"6.6",813023,669257,518692,669242,571970,605141,571771,681624,606192,"53.9",,,,,,,,3,4,"Sweeper",0,0,0,0,0,0,0,0,"Standard","Standard",66,"-0.001","0.042",,,,"-0.042",,0,0,0.54,0.45999999999999996,30,27,31,27,1,0,11,1,4,1,"2.74","-1.18","-1.18","29.4",,,,,
"ST","2025-10-28","85.7","-2.34","5.51","Ohtani, Shohei",666182,660271,,"swinging_strike",,,,,14,"Swinging Strike","W","R","R","LAD","TOR","S",,,1,1,2025,"1.15","0.34","0.63","1.32",,,,2,1,"Top",,,,,,,4.723521575070966,-124.68649114148448,-4.2991343376646105,10.993770515941694,26.245849786585133,-27.97456290226016,"3.7","1.74",,,,"86.1",2587,"6.7",813023,669257,518692,669242,571970,605141,571771,681624,606192,"53.84",,,,,,,,3,3,"Sweeper",0,0,0,0,0,0,0,0,"Standard","Standard",73,"0.002","-0.062","67.6","8.9",,"0.062",,0,0,0.538,0.46199999999999997,30,27,31,27,1,0,11,1,4,1,"2.78","-1.15","-1.15","31.2",30.291162776319165,-35.80533927271973,41.284526742055675,36.57352062810166,53.974889415213916
"FF","2025-10-28","98.3","-2.26","5.64","Ohtani, Shohei",666182,660271,,"ball",,,,,9,"Ball","W","R","R","LAD","TOR","B",,,0,1,2025,"-0.49","1.46","0.74","2.05",,,,2,1,"Top",,,,,,,9.28414183472491,-142.67621765677177,-7.691500460401431,-8.833664992505678,31.863456019919358,-10.547225142632865,"3.94","1.92",,,,"98.7",2519,"6.6",813023,669257,518692,669242,571970,605141,571771,681624,606192,"53.93",,,,,,,,3,2,"4-Seam Fastball",0,0,0,0,0,0,0,0,"Standard","Standard",221,"-0.002","0.027",,,,"-0.027",,0,0,0.54,0.45999999999999996,30,27,31,27,1,0,11,1,4,1,"0.9","0.49","0.49","32.9",,,,,
"FF","2025-10-28","98","-2.18","5.65","Ohtani, Shohei",666182,660271,,"swinging_strike",,,,,9,"Swinging Strike","W","R","R","LAD","TOR","S",,,0,0,2025,"-0.13","1.12","0.3","1.83",,,,2,1,"Top",,,,,,,7.051923076471971,-142.34816799419184,-7.438350394866344,-3.4454290997088814,33.38879905213632,-15.443297203529848,"3.7","1.74",,,,"98.3",2566,"6.6",813023,669257,518692,669242,571970,605141,571771,681624,606192,"53.9",,,,,,,,3,1,"4-Seam Fastball",0,0,0,0,0,0,0,0,"Standard","Standard",218,"0.002","-0.043","76.1","7.5",,"0.043",,0,0,0.538,0.46199999999999997,30,27,31,27,1,0,11,1,4,1,"1.27","0.13","0.13","33.5",-2.9035711384444545,5.553744630044814,42.88154938735793,36.59639762630913,21.841272244939372
"ST","2025-10-28","86.9","-2.39","5.54","Ohtani, Shohei",665489,660271,"strikeout","swinging_strike",,,,,14,"Vladimir Guerrero Jr. strikes out swinging.","W","R","R","LAD","TOR","S",2,,0,2,2025,"0.89","0.56","1.44","1.35",,,,1,1,"Top",,,,,,,7.3980289825708,-126.4127393196077,-5.066140081155331,8.170856616329429,24.726540523909573,-25.293333294496485,"3.64","1.6",,,,"87.6",2680,"6.6",813023,669257,518692,669242,571970,605141,571771,681624,606192,"53.85",,0,"0",1,0,0,,2,3,"Sweeper",0,0,0,0,0,0,0,0,"Standard","Standard",67,"0.01","-0.163","64.9","9.3",,"0.163",,0,0,0.528,0.472,30,26,31,26,1,0,11,1,4,1,"2.45","-0.89","-0.89","31.2",24.910782283830994,-41.98290670914005,30.865035647699955,47.65371059315485,58.02230587178731
"ST","2025-10-28","86.3","-2.43","5.62","Ohtani, Shohei",665489,660271,,"called_strike",,,,,6,"Called Strike","W","R","R","LAD","TOR","S",,,0,1,2025,"0.99","0.34","0.75","2.95",,,,1,1,"Top",,,,,,,5.566192759070586,-125.61016846828896,-0.7940155612847489,9.279776160604467,26.95104505430544,-28.635118468340345,"3.64","1.67",,,,"86.5",2596,"6.5",813023,669257,518692,669242,571970,605141,571771,681624,606192,"53.96",,,,,,,,2,2,"Sweeper",0,0,0,0,0,0,0,0,"Standard","Standard",73,"0.004","-0.052",,,,"0.052",,0,0,0.524,0.476,30,26,31,26,1,0,11,1,4,1,"2.73","-0.99","-0.99","32.5",,,,,
"FF","2025-10-28","97.4","-2.08","5.73","Ohtani, Shohei",665489,660271,,"foul",,,,,14,"Foul","W","R","R","LAD","TOR","S",,,0,0,2025,"-0.64","1.25","0.99","2.24",,,,1,1,"Top",,,,,,,9.693974626226204,-141.49832200724623,-6.749814933213521,-10.733040781847013,30.968101340519585,-14.019867663332281,"3.64","1.6",202,"77.2",21,"97.6",2387,"6.4",813023,669257,518692,669242,571970,605141,571771,681624,606192,"54.12",,,,,,,,2,1,"4-Seam Fastball",0,0,0,0,0,0,0,0,"Standard","Standard",213,"0.002","-0.039","77.6","8.4",,"0.039","88.0",0,0,0.522,0.478,30,26,31,26,1,0,11,1,4,1,"1.16","0.64","0.64","33.2",5.902887976440605,-12.270282355623285,29.29447862789645,45.68744729698022,40.166406447030326
"FF","2025-10-28","96.7","-2.33","5.7","Ohtani, Shohei",664770,660271,"field_out","hit_into_play",,,,,8,"Nathan Lukes flies out to left fielder Enrique Hernández in foul territory.","W","L","R","LAD","TOR","X",7,"fly_ball",1,0,2025,"-0.67","1.22","-0.14","1.87",,,,0,1,"Top",32.87,121.46,,,,,7.417759998841588,-140.59288662066783,-7.532889871244274,-10.55995326074489,30.231281382592943,-14.403120179784699,"3.35","1.54",298,"91.5",40,"97.6",2296,"6.7",813023,669257,518692,669242,571970,605141,571771,681624,606192,"53.75",0.015,0.019,"0",1,0,0,3,1,2,"4-Seam Fastball",0,0,0,0,0,0,0,0,"Standard","Standard",218,"0.026","-0.301",,,0.035,"0.301","91.5",0,0,0.496,0.504,30,30,31,31,1,0,11,1,4,3,"1.21","0.67","-0.67","32.4",,,,,
"FF","2025-10-28","97","-2.31","5.69","Ohtani, Shohei",664770,660271,,"ball",,,,,11,"Ball","W","L","R","LAD","TOR","B",,,0,0,2025,"-0.58","1.11","-0.78","3.85",,,,0,1,"Top",,,,,,,5.467339702235875,-141.2792957313448,-1.9538465500878437,-9.03787206512552,31.198224005165045,-17.055804667163898,"3.23","1.59",,,,"97.8",2460,"6.6",813023,669257,518692,669242,571970,605141,571771,681624,606192,"53.86",,,,,,,,1,1,"4-Seam Fastball",0,0,0,0,0,0,0,0,"Standard","Standard",219,"-0.004","0.041",,,,"-0.041",,0,0,0.5,0.5,30,30,31,31,1,0,11,1,4,3,"1.3","0.58","-0.58","31.7",,,,,
"ST","2025-10-17","87.1","-2.27","5.36","Ohtani, Shohei",661388,660271,"single","hit_into_play",,,,,4,"William Contreras singles on a ground ball to center fielder Andy Pages. Christian Yelich to 2nd.","L","R","R","LAD","MIL","X",8,"ground_ball",3,2,2025,"1.3","0.26","-0.46","2.39",,,592885,0,7,"Top",118.7,97.39,,,,,1.6895590081117158,-126.79774807713027,-1.4184223732574976,13.50412747411075,28.793355782546755,-29.333716759965657,"3.39","1.63",106,"89.9",6,"87.1",2764,"6.5",813031,669257,518692,669242,571970,605141,571771,681624,606192,"53.97",0.476,0.436,"0.9",1,1,0,4,48,7,"Sweeper",4,0,0,4,0,4,0,4,"Standard","Standard",67,"-0.044","0.398","67.0","6.2",0.535,"-0.398","89.9",4,-4,0.904,0.09599999999999997,30,27,31,28,3,2,13,1,11,,"2.77","-1.3","-1.3","27.6",1.5271673795599314,6.060006761474116,28.468317596268037,29.754404891560327,25.475762348909623
"CU","2025-10-17","80.9","-1.81","5.99","Ohtani, Shohei",661388,660271,,"blocked_ball",,,,,14,"Ball In Dirt","L","R","R","LAD","MIL","B",,,2,2,2025,"0.95","-1.29","0.98","-0.09",,,592885,0,7,"Top",,,,,,,4.447274938805871,-117.61604402854366,-4.329132353635271,7.679219848906536,26.15342107429159,-43.269460493134275,"3.2","1.46",,,,"80.9",2847,"6.7",813031,669257,518692,669242,571970,605141,571771,681624,606192,"53.8",,,,,,,,48,6,"Curveball",4,0,0,4,0,4,0,4,"Standard","Standard",40,"-0.011","0.113",,,,"-0.113",,4,-4,0.915,0.08499999999999996,30,27,31,28,3,2,13,1,11,,"4.83","-0.95","-0.95","43.7",,,,,
"ST","2025-10-17","84.8","-2.36","5.4","Ohtani, Shohei",661388,660271,,"ball",,,,,14,"Ball","L","R","R","LAD","MIL","B",,,1,2,2025,"1.39","0.18","1.34","1.28",,,592885,0,7,"Top",,,,,,,5.907939817191915,-123.46873585294534,-3.6812228444767263,13.016915751220454,24.388114051259056,-29.766184079644294,"3.26","1.57",,,,"85.2",2712,"6.5",813031,669257,518692,669242,571970,605141,571771,681624,606192,"53.97",,,,,,,,48,5,"Sweeper",4,0,0,4,0,4,0,4,"Standard","Standard",55,"-0.004","0.036",,,,"-0.036",,4,-4,0.919,0.08099999999999996,30,27,31,28,3,2,13,1,11,,"2.98","-1.39","-1.39","31.0",,,,,
"FF","2025-10-17","98.2","-2.14","5.53","Ohtani, Shohei",661388,660271,,"foul",,,,,4,"Foul","L","R","R","LAD","MIL","S",,,1,2,2025,"-0.29","1.21","-0.74","2.83",,,592885,0,7,"Top",,,,,,,4.503826281420906,-142.9237816349034,-4.684112925777053,-4.978554250906939,31.88354888733937,-14.652425609626029,"3.39","1.63",179,"66.3",54,"99.1",2343,"6.7",813031,669257,518692,669242,571970,605141,571771,681624,606192,"53.81",,,,,,,,48,4,"4-Seam Fastball",4,0,0,4,0,4,0,4,"Standard","Standard",214,"0","0","66.8","5.9",,"0","88.0",4,-4,0.919,0.08099999999999996,30,27,31,28,3,2,13,1,11,,"1.14","0.29","0.29","33.5",-0.011985542384443791,9.516822091733362,29.609776807461014,26.402204063106325,23.194716940615326
"ST","2025-10-17","87.4","-2.29","5.34","Ohtani, Shohei",661388,660271,,"ball",,,,,14,"Ball","L","R","R","LAD","MIL","B",,,0,2,2025,"1.29","0.04","1.6","0.7",,,592885,0,7,"Top",,,,,,,6.746247429579086,-126.98201345081944,-5.088488581226537,12.275943692159675,28.807416303220194,-30.781646744617696,"3.37","1.66",,,,"87.6",2658,"6.7",813031,669257,518692,669242,571970,605141,571771,681624,606192,"53.77",,,,,,,,48,3,"Sweeper",4,0,0,4,0,4,0,4,"Standard","Standard",65,"-0.002","0.017",,,,"-0.017",,4,-4,0.921,0.07899999999999996,30,27,31,28,3,2,13,1,11,,"2.98","-1.29","-1.29","28.4",,,,,
"ST","2025-10-17","84.9","-2.32","5.45","Ohtani, Shohei",661388,660271,,"foul",,,,,8,"Foul","L","R","R","LAD","MIL","S",,,0,1,2025,"1.05","0.27","0.15","2.08",,,592885,0,7,"Top",,,,,,,3.687618332180486,-123.68488855601798,-2.1267772282009885,10.034926884242289,24.940484563819304,-29.188535302471205,"3.39","1.63",,,,"85.2",2627,"6.5",813031,669257,518692,669242,571970,605141,571771,681624,606192,"54.04",,,,,,,,48,2,"Sweeper",4,0,0,4,0,4,0,4,"Standard","Standard",59,"0.005","-0.053","77.3","8.4",,"0.053",,4,-4,0.916,0.08399999999999996,30,27,31,28,3,2,13,1,11,,"2.89","-1.05","-1.05","29.8",20.062777214616062,-33.51123299950803,26.33254754119819,35.57876076706157,43.16021800877057
"ST","2025-10-17","86.3","-2.33","5.43","Ohtani, Shohei",661388,660271,,"called_strike",,,,,4,"Called Strike","L","R","R","LAD","MIL","S",,,0,0,2025,"0.89","0.38","-0.82","2.46",,,592885,0,7,"Top",,,,,,,1.7803904045062537,-125.71168205021122,-1.6370303888213082,9.142922055720616,25.109575571978347,-28.054512567110713,"3.5","1.7",,,,"86.9",2567,"6.6",813031,669257,518692,669242,571970,605141,571771,681624,606192,"53.94",,,,,,,,48,1,"Sweeper",4,0,0,4,0,4,0,4,"Standard","Standard",75,"0.004","-0.043",,,,"0.043",,4,-4,0.912,0.08799999999999997,30,27,31,28,3,2,13,1,11,,"2.67","-0.89","-0.89","30.1",,,,,
"FF","2025-10-17","97.8","-2.62","5.4","Ohtani, Shohei",592885,660271,"walk","ball",,,,,11,"Christian Yelich walks.","L","L","R","LAD","MIL","B",,,3,2,2025,"-0.24","1.18","-0.9","3.28",,,,0,7,"Top",,,,,,,5.259801300587958,-142.36748914353103,-2.9786603273812102,-4.553912505590417,33.48803496130453,-15.616819537618937,"3.3","1.81",,,,"98.3",2505,"6.6",813031,669257,518692,669242,571970,605141,571771,681624,606192,"53.88",,0.691497,"0.7",1,0,0,,47,6,"4-Seam Fastball",4,0,0,4,0,4,0,4,"Strategic","Standard",219,"-0.025","0.356",,,,"-0.356",,4,-4,0.937,0.06299999999999994,30,33,31,34,3,2,13,1,11,,"1.2","0.24","-0.24","33.6",,,,,
"FS","2025-10-17","89.5","-2.29","5.62","Ohtani, Shohei",592885,660271,,"ball",,,,,14,"Ball","L","L","R","LAD","MIL","B",,,2,2,2025,"-1.4","0.39","0.32","-0.81",,,,0,7,"Top",,,,,,,9.518601138118811,-129.70901953504458,-10.77958711429023,-17.841103454004873,26.715912139280796,-25.601236259668134,"3.33","1.81",,,,"90.6",1648,"7.1",813031,669257,518692,669242,571970,605141,571771,681624,606192,"53.38",,,,,,,,47,5,"Split-Finger",4,0,0,4,0,4,0,4,"Strategic","Standard",234,"-0.006","0.112",,,,"-0.112",,4,-4,0.943,0.05700000000000005,30,33,31,34,3,2,13,1,11,,"2.47","1.4","-1.4","35.7",,,,,
"FC","2025-10-17","93.2","-2.6","5.42","Ohtani, Shohei",592885,660271,,"called_strike",,,,,13,"Called Strike","L","L","R","LAD","MIL","S",,,2,1,2025,"0.18","0.71","-0.9","2.01",,,,0,7,"Top",,,,,,,4.014381568552245,-135.81357186541234,-4.663659629980671,1.4467346347381196,26.153930052452793,-22.614137282324474,"3.35","1.81",,,,"94.3",2642,"6.6",813031,669257,518692,669242,571970,605141,571771,681624,606192,"53.94",,,,,,,,47,4,"Cutter",4,0,0,4,0,4,0,4,"Standard","Standard",196,"0.005","-0.073",,,,"0.073",,4,-4,0.938,0.062000000000000055,30,33,31,34,3,2,13,1,11,,"1.88","-0.18","0.18","29.5",,,,,
"FF","2025-10-17","97.7","-2.6","5.43","Ohtani, Shohei",592885,660271,,"ball",,,,,1,"Ball","L","L","R","LAD","MIL","B",,,1,1,2025,"-0.18","1.19","-0.77","2.93",,,,0,7,"Top",,,,,,,5.362003121749682,-142.21087155045842,-4.020450353893369,-3.666658740034586,31.75951435752501,-15.245285657802823,"3.32","1.81",,,,"98.1",2541,"6.4",813031,669257,518692,669242,571970,605141,571771,681624,606192,"54.07",,,,,,,,47,3,"4-Seam Fastball",4,0,0,4,0,4,0,4,"Standard","Standard",213,"-0.004","0.055",,,,"-0.055",,4,-4,0.942,0.05800000000000005,30,33,31,34,3,2,13,1,11,,"1.19","0.18","-0.18","29.6",,,,,
"FF","2025-10-17","97.8","-2.47","5.45","Ohtani, Shohei",592885,660271,,"called_strike",,,,,9,"Called Strike","L","L","R","LAD","MIL","S",,,1,0,2025,"-0.25","1","0.58","2.11",,,,0,7,"Top",,,,,,,8.836377083276446,-142.1658405561895,-5.859480063592118,-5.277208483481338,31.14602320722236,-17.376632026613564,"3.37","1.78",,,,"98.5",2459,"6.6",813031,669257,518692,669242,571970,605141,571771,681624,606192,"53.88",,,,,,,,47,2,"4-Seam Fastball",4,0,0,4,0,4,0,4,"Standard","Standard",222,"0.004","-0.05",,,,"0.05",,4,-4,0.938,0.062000000000000055,30,33,31,34,3,2,13,1,11,,"1.38","0.25","-0.25","29.4",,,,,
"FF","2025-10-17","96.7","-2.61","5.47","Ohtani, Shohei",592885,660271,,"ball",,,,,11,"Ball","L","L","R","LAD","MIL","B",,,0,0,2025,"-0.44","1.33","-0.72","4.11",,,,0,7,"Top",,,,,,,6.093706790951957,-140.84145779158732,-1.1230345216125384,-7.23067527047436,30.884433549914903,-14.324430773034445,"3.37","1.71",,,,"97.5",2489,"6.6",813031,669257,518692,669242,571970,605141,571771,681624,606192,"53.91",,,,,,,,47,1,"4-Seam Fastball",4,0,0,4,0,4,0,4,"Standard","Standard",220,"-0.003","0.041",,,,"-0.041",,4,-4,0.941,0.05900000000000005,30,33,31,34,3,2,13,1,11,,"1.09","0.44","-0.44","30.0",,,,,
"ST","2025-10-17","80.8","-2.42","5.6","Ohtani, Shohei",694192,660271,"field_out","hit_into_play",,,,,1,"Jackson Chourio flies out to center fielder Andy Pages.","L","R","R","LAD","MIL","X",8,"fly_ball",0,0,2025,"1.26","0.13","-0.58","3.25",,,,2,6,"Top",118.47,70.9,,,,,1.7018266393652377,-117.6909723025322,1.215364293320212,11.276012844201919,23.629757183435665,-31.478417057477355,"3.3","1.58",319,"97.8",44,"80.8",2471,"6.4",813031,669257,518692,669242,571970,605141,571771,681624,606192,"54.15",0.048,0.087,"0",1,0,0,3,43,1,"Sweeper",4,0,0,4,0,4,0,4,"Standard","Standard",65,"0.006","-0.26","75.2","6.9",0.162,"0.26","97.8",4,-4,0.945,0.05500000000000005,30,21,31,21,3,2,13,1,11,,"3.37","-1.26","-1.26","30.8",9.157870164043912,-11.003325942280012,26.204410880663442,28.25243324493497,29.55965390067133
"FS","2025-10-17","88.3","-2.29","5.69","Ohtani, Shohei",668930,660271,"strikeout","swinging_strike_blocked",,,,,13,"Brice Turang strikes out swinging.","L","L","R","LAD","MIL","S",2,,1,2,2025,"-1.02","0.34","-0.42","0.84",,,,1,6,"Top",,,,,,,6.71701154274279,-128.22403717525864,-6.385139865106038,-12.73026301652171,28.604609900664045,-27.206398311603493,"3.42","1.62",,,,"88.5",1223,"6.7",813031,669257,518692,669242,571970,605141,571771,681624,606192,"53.8",,0,"0",1,0,0,,42,4,"Split-Finger",4,0,0,4,0,4,0,4,"Standard","Standard",238,"0.007","-0.18","67.6","8.5",,"0.18",,4,-4,0.938,0.062000000000000055,30,25,31,26,3,2,13,1,11,,"2.61","1.02","-1.02","36.0",31.497864188470544,-27.127885399941338,40.33095839714868,38.16839819365974,56.31276043648016
"FF","2025-10-17","97","-2.64","5.43","Ohtani, Shohei",668930,660271,,"foul",,,,,1,"Foul","L","L","R","LAD","MIL","S",,,1,1,2025,"-0.35","1.16","-0.64","3.24",,,,1,6,"Top",,,,,,,6.1596429490700055,-141.1301775858335,-2.997628635476236,-6.043952577861601,31.18055270372236,-16.1422031771596,"3.42","1.62",,,,"97.4",2568,"6.5",813031,669257,518692,669242,571970,605141,571771,681624,606192,"54.02",,,,,,,,42,3,"4-Seam Fastball",4,0,0,4,0,4,0,4,"Standard","Standard",220,"0.003","-0.064","72.8","6.6",,"0.064",,4,-4,0.935,0.06499999999999995,30,25,31,26,3,2,13,1,11,,"1.26","0.35","-0.35","28.7",3.952814432930897,16.862002930378303,26.510446074862454,40.728810147611355,25.138217317034155
"FS","2025-10-17","87.2","-2.4","5.74","Ohtani, Shohei",668930,660271,,"ball",,,,,11,"Ball","L","L","R","LAD","MIL","B",,,0,1,2025,"-1.16","-0.07","-1.98","3",,,,1,6,"Top",,,,,,,3.438544871681204,-127.04073562553434,-0.3291875552270923,-13.28002958643333,24.78733145307782,-33.090155075275874,"3.53","1.65",,,,"88",1295,"6.6",813031,669257,518692,669242,571970,605141,571771,681624,606192,"53.86",,,,,,,,42,2,"Split-Finger",4,0,0,4,0,4,0,4,"Standard","Standard",233,"-0.002","0.029",,,,"-0.029",,4,-4,0.937,0.06299999999999994,30,25,31,26,3,2,13,1,11,,"3.05","1.16","-1.16","34.8",,,,,
"ST","2025-10-17","79.1","-2.32","5.7","Ohtani, Shohei",668930,660271,,"called_strike",,,,,4,"Called Strike","L","L","R","LAD","MIL","S",,,0,0,2025,"1.21","0.4","-0.3","2.71",,,,1,6,"Top",,,,,,,2.136754025873034,-115.19464168161146,-0.4596947292915924,10.312188603054688,22.52316919707705,-28.77582413872589,"3.62","1.62",,,,"78.9",2530,"6.3",813031,669257,518692,669242,571970,605141,571771,681624,606192,"54.24",,,,,,,,42,1,"Sweeper",4,0,0,4,0,4,0,4,"Standard","Standard",65,"0.002","-0.039",,,,"0.039",,4,-4,0.935,0.06499999999999995,30,25,31,26,3,2,13,1,11,,"3.25","-1.21","1.21","32.1",,,,,
"FS","2025-10-17","89","-2.36","5.84","Ohtani, Shohei",686555,660271,"strikeout","swinging_strike_blocked",,,,,13,"Isaac Collins strikes out swinging.","L","L","R","LAD","MIL","S",2,,0,2,2025,"-1.15","-0.07","-0.35","0.8",,,,0,6,"Top",,,,,,,7.414693396975027,-129.39591733238154,-6.253489791423856,-14.462349639210952,25.78448200027379,-31.91717733423211,"3.27","1.56",,,,"89.9",1391,"6.8",813031,669257,518692,669242,571970,605141,571771,681624,606192,"53.72",,0,"0",1,0,0,,41,3,"Split-Finger",4,0,0,4,0,4,0,4,"Standard","Standard",239,"0.011","-0.165","46.9","7.4",,"0.165",,4,-4,0.924,0.07599999999999996,30,27,31,28,2,0,13,1,11,,"2.95","1.15","-1.15","36.4",12.760119905794314,-22.193351715534394,31.163405415993143,39.14096082487889,38.51060091468227
"FF","2025-10-17","98.1","-2.31","5.57","Ohtani, Shohei",686555,660271,,"swinging_strike",,,,,5,"Swinging Strike","L","L","R","LAD","MIL","S",,,0,1,2025,"-0.49","1.4","0.11","2.53",,,,0,6,"Top",,,,,,,7.715567761794801,-142.5319653552977,-5.959696076583524,-8.46590700673389,34.27530084408301,-11.929523410844412,"3.27","1.56",,,,"98.5",2589,"6.7",813031,669257,518692,669242,571970,605141,571771,681624,606192,"53.81",,,,,,,,41,2,"4-Seam Fastball",4,0,0,4,0,4,0,4,"Standard","Standard",223,"0.003","-0.055","73.1","6.3",,"0.055",,4,-4,0.921,0.07899999999999996,30,27,31,28,2,0,13,1,11,,"0.99","0.49","-0.49","34.0",-1.4586602469800944,5.104358580436091,35.46824520860204,36.05750906260902,23.02724265364417
"ST","2025-10-17","81.9","-2.43","5.7","Ohtani, Shohei",686555,660271,,"called_strike",,,,,5,"Called Strike","L","L","R","LAD","MIL","S",,,0,0,2025,"0.92","0.32","-0.15","2.25",,,,0,6,"Top",,,,,,,3.3791478990223442,-119.1984743916694,-1.8276117953597233,8.100194367587628,23.872336313725892,-28.964976058403455,"3.13","1.47",,,,"81.9",2551,"6.4",813031,669257,518692,669242,571970,605141,571771,681624,606192,"54.14",,,,,,,,41,1,"Sweeper",4,0,0,4,0,4,0,4,"Standard","Standard",69,"0.003","-0.039",,,,"0.039",,4,-4,0.918,0.08199999999999996,30,27,31,28,2,0,13,1,11,,"3.09","-0.92","0.92","32.0",,,,,
"FS","2025-10-17","87.8","-2.41","5.68","Ohtani, Shohei",663368,660271,"strikeout","swinging_strike",,,,,13,"Blake Perkins strikes out swinging.","L","L","R","LAD","MIL","S",2,,1,2,2025,"-1","0.06","-0.34","1.33",,,,2,5,"Top",,,,,,,7.153273588845313,-127.58905997627734,-4.493926690914762,-12.427321262472045,28.553845724195142,-30.729637113054014,"3.48","1.68",,,,"88.3",1289,"6.9",813031,669257,518692,669242,571970,605141,571771,681624,606192,"53.6",,0,"0",1,0,0,,37,4,"Split-Finger",4,0,0,4,0,4,0,4,"Standard","Standard",233,"0.004","-0.182","69.0","8.4",,"0.182",,4,-4,0.927,0.07299999999999995,30,28,31,29,2,1,13,1,11,,"2.93","1","-1","35.4",32.566460060300265,-42.278965700617356,32.201217484352355,40.624551142760055,59.14943372267608
"FC","2025-10-17","92.8","-2.53","5.46","Ohtani, Shohei",663368,660271,,"swinging_strike",,,,,8,"Swinging Strike","L","L","R","LAD","MIL","S",,,1,1,2025,"0.23","0.42","-0.27","2.14",,,,2,5,"Top",,,,,,,5.299262182774751,-135.16898529990877,-3.7319357661326213,1.8407795256993034,26.24522421146194,-26.409383822648675,"3.48","1.68",,,,"93.7",2592,"6.6",813031,669257,518692,669242,571970,605141,571771,681624,606192,"53.95",,,,,,,,37,3,"Cutter",4,0,0,4,0,4,0,4,"Standard","Standard",164,"0.002","-0.062","73.1","7.4",,"0.062",,4,-4,0.925,0.07499999999999996,30,28,31,29,2,1,13,1,11,,"2.2","-0.23","0.23","31.7",16.306699783522408,3.0933931127103977,28.374406572390356,39.74020526307463,27.926442615360727
"CU","2025-10-17","70.8","-2.15","6.18","Ohtani, Shohei",663368,660271,,"ball",,,,,13,"Ball","L","L","R","LAD","MIL","B",,,0,1,2025,"1.03","-1.2","-0.9","1.42",,,,2,5,"Top",,,,,,,0.7110440183095508,-102.98711701512424,0.47095265540395914,7.086346575335268,20.923869101531764,-40.91807474933042,"3.56","1.74",,,,"70.2",2429,"6.3",813031,669257,518692,669242,571970,605141,571771,681624,606192,"54.17",,,,,,,,37,2,"Curveball",4,0,0,4,0,4,0,4,"Standard","Standard",36,"-0.001","0.027",,,,"-0.027",,4,-4,0.926,0.07399999999999995,30,28,31,29,2,1,13,1,11,,"5.83","-1.03","1.03","45.7",,,,,
"FC","2025-10-17","93.2","-2.47","5.49","Ohtani, Shohei",663368,660271,,"foul",,,,,8,"Foul","L","L","R","LAD","MIL","S",,,0,0,2025,"0.49","0.37","0.23","2.09",,,,2,5,"Top",,,,,,,5.884702165244378,-135.73516758607218,-3.848753917108351,4.904776183098955,28.195342770240032,-27.02074233163432,"3.48","1.68",,,,"94.1",2625,"6.7",813031,669257,518692,669242,571970,605141,571771,681624,606192,"53.82",,,,,,,,37,1,"Cutter",4,0,0,4,0,4,0,4,"Standard","Standard",192,"0.001","-0.043","71.6","7.3",,"0.043",,4,-4,0.925,0.07499999999999996,30,28,31,29,2,1,13,1,11,,"2.24","-0.49","0.49","29.3",13.085719969587577,-1.6956517184386575,31.493809421981968,33.70127251594051,27.11593909350863
"FS","2025-10-17","87.7","-2.1","5.82","Ohtani, Shohei",702332,660271,"strikeout","swinging_strike",,,,,11,"Caleb Durbin strikes out swinging.","L","R","R","LAD","MIL","S",2,,1,2,2025,"-0.72","0.31","-1.67","2.37",,,,1,5,"Top",,,,,,,2.5592261050095257,-127.6325594759009,-2.7621261801926713,-8.391645608496994,30.929245303285217,-28.3736709580046,"3.25","1.48",,,,"87.6",1010,"6.7",813031,669257,518692,669242,571970,605141,571771,681624,606192,"53.84",,0,"0",1,0,0,,36,6,"Split-Finger",4,0,0,4,0,4,0,4,"Standard","Standard",231,"0.008","-0.18","32.2","6.1",,"0.18",,4,-4,0.917,0.08299999999999996,30,25,31,25,2,1,13,1,11,,"2.69","0.72","0.72","37.8",6.554787905964623,4.931596709636242,35.0401526289072,13.445554811842428,19.996376145362056
"ST","2025-10-17","86.9","-2.51","5.46","Ohtani, Shohei",702332,660271,,"foul",,,,,14,"Foul","L","R","R","LAD","MIL","S",,,1,2,2025,"1.17","0.53","1.19","2.22",,,,1,5,"Top",,,,,,,6.485007357551516,-126.47744174845953,-2.673735087014832,11.207695287861073,26.412865917110256,-26.176655430300347,"3.25","1.48",3,"64",-35,"87.3",2747,"6.6",813031,669257,518692,669242,571970,605141,571771,681624,606192,"53.95",,,,,,,,36,5,"Sweeper",4,0,0,4,0,4,0,4,"Standard","Standard",67,"0","0","70.2","7.4",,"0","88.0",4,-4,0.917,0.08299999999999996,30,25,31,25,2,1,13,1,11,,"2.5","-1.17","-1.17","29.5",11.030942561001636,-13.766597796314034,25.222363257157774,47.75921959802057,38.20255431827897
"SL","2025-10-17","87.3","-2.11","6.06","Ohtani, Shohei",702332,660271,,"ball",,,,,11,"Ball","L","R","R","LAD","MIL","B",,,0,2,2025,"0.51","-0.51","-0.84","4.69",,,,1,5,"Top",,,,,,,2.024004779528331,-127.03510065228902,3.918862069288082,5.092222330858825,26.08226303361847,-38.73318588302457,"3.38","1.54",,,,"87.7",2663,"6.6",813031,669257,518692,669242,571970,605141,571771,681624,606192,"53.93",,,,,,,,36,4,"Slider",4,0,0,4,0,4,0,4,"Standard","Standard",67,"-0.001","0.017",,,,"-0.017",,4,-4,0.918,0.08199999999999996,30,25,31,25,2,1,13,1,11,,"3.5","-0.51","-0.51","45.0",,,,,
"SI","2025-10-17","96.8","-2.46","5.45","Ohtani, Shohei",702332,660271,,"foul",,,,,7,"Foul","L","R","R","LAD","MIL","S",,,0,2,2025,"-0.97","0.46","-0.6","1.98",,,,1,5,"Top",,,,,,,7.219027443337249,-140.756429634403,-4.779432577973733,-14.495274485062183,32.0483606907722,-25.16974422562035,"3.25","1.48",2,"80.2",-45,"97.2",2340,"6.6",813031,669257,518692,669242,571970,605141,571771,681624,606192,"53.91",,,,,,,,36,3,"Sinker",4,0,0,4,0,4,0,4,"Standard","Standard",218,"0","0","63.7","6.2",,"0","88.0",4,-4,0.918,0.08199999999999996,30,25,31,25,2,1,13,1,11,,"1.98","0.97","0.97","29.7",3.53105234931582,13.956592129059787,38.121970322141735,27.361431270430668,19.887999479313095
"ST","2025-10-17","85.7","-2.62","5.43","Ohtani, Shohei",702332,660271,,"called_strike",,,,,1,"Called Strike","L","R","R","LAD","MIL","S",,,0,1,2025,"1.29","0.55","-0.54","2.97",,,,1,5,"Top",,,,,,,2.2974048554955746,-124.85609350878805,-0.6785857421517001,13.077569451214824,25.221404435919215,-26.496296203495795,"3.43","1.54",,,,"86",2802,"6.4",813031,669257,518692,669242,571970,605141,571771,681624,606192,"54.07",,,,,,,,36,2,"Sweeper",4,0,0,4,0,4,0,4,"Standard","Standard",68,"0.002","-0.052",,,,"0.052",,4,-4,0.916,0.08399999999999996,30,25,31,25,2,1,13,1,11,,"2.55","-1.29","-1.29","27.3",,,,,
"ST","2025-10-17","85.7","-2.43","5.51","Ohtani, Shohei",702332,660271,,"swinging_strike",,,,,6,"Swinging Strike","L","R","R","LAD","MIL","S",,,0,0,2025,"0.99","0.72","0.66","2.35",,,,1,5,"Top",,,,,,,5.35232671699461,-124.74452760689054,-2.668416069161748,9.29493726715515,24.383152179961254,-24.349439744173566,"3.25","1.48",,,,"86.4",2686,"6.7",813031,669257,518692,669242,571970,605141,571771,681624,606192,"53.82",,,,,,,,36,1,"Sweeper",4,0,0,4,0,4,0,4,"Standard","Standard",64,"0.002","-0.039","64.5","8.6",,"0.039",,4,-4,0.914,0.08599999999999997,30,25,31,25,2,1,13,1,11,,"2.38","-0.99","-0.99","32.1",27.865984519385663,-53.56299130335725,26.780828743306255,39.9264273072297,59.688029326487545
"FF","2025-10-17","97.7","-2.62","5.46","Ohtani, Shohei",686217,660271,"field_out","hit_into_play",,,,,2,"Sal Frelick flies out to center fielder Andy Pages.","L","L","R","LAD","MIL","X",8,"fly_ball",2,2,2025,"0","1.15","-0.2","3.12",,,,0,5,"Top",128.57,103.39,,,,,6.559691697530567,-142.1788251625959,-3.479968233495563,-1.5158991432913675,33.05161627214404,-15.922299933719657,"3.07","1.45",241,"86.4",50,"98.2",2589,"6.6",813031,669257,518692,669242,571970,605141,571771,681624,606192,"53.91",0.013,0.014,"0",1,0,0,3,35,6,"4-Seam Fastball",4,0,0,4,0,4,0,4,"Standard","Standard",212,"0.016","-0.232","68.1","7.0",0.02,"0.232","88.0",4,-4,0.898,0.10199999999999998,30,25,31,25,2,1,13,1,11,,"1.24","0","0","30.9",9.60533922235299,1.2835658863417032,18.46314491651545,36.872252938535226,25.71179570782
"SL","2025-10-17","92","-2.5","5.59","Ohtani, Shohei",686217,660271,,"foul",,,,,11,"Foul","L","L","R","LAD","MIL","S",,,2,2,2025,"0.49","0.12","-0.89","2.68",,,,0,5,"Top",,,,,,,3.0523935569079237,-134.16461915967713,-1.8857547916552801,5.324818285607263,25.932548063002038,-30.5613650245407,"3.07","1.45",210,"74.6",52,"92.9",2515,"6.5",813031,669257,518692,669242,571970,605141,571771,681624,606192,"54.02",,,,,,,,35,5,"Slider",4,0,0,4,0,4,0,4,"Standard","Standard",150,"0","0","61.8","6.7",,"0","88.0",4,-4,0.898,0.10199999999999998,30,25,31,25,2,1,13,1,11,,"2.54","-0.49","0.49","31.9",-4.137884334844757,20.17729524220426,20.21020427311513,46.0083933790613,12.973617829998638
"FS","2025-10-17","89.5","-2.36","5.66","Ohtani, Shohei",686217,660271,,"ball",,,,,13,"Ball","L","L","R","LAD","MIL","B",,,1,2,2025,"-1.12","0.05","-0.41","1.07",,,,0,5,"Top",,,,,,,7.264988371953817,-130.0619996718721,-5.475256036056418,-14.179941438213985,26.349914129223517,-30.706819238201152,"3.19","1.41",,,,"90.8",1476,"7.1",813031,669257,518692,669242,571970,605141,571771,681624,606192,"53.44",,,,,,,,35,4,"Split-Finger",4,0,0,4,0,4,0,4,"Standard","Standard",237,"-0.003","0.043",,,,"-0.043",,4,-4,0.901,0.09899999999999998,30,25,31,25,2,1,13,1,11,,"2.8","1.12","-1.12","34.6",,,,,
"FF","2025-10-17","98.9","-2.45","5.5","Ohtani, Shohei",686217,660271,,"ball",,,,,11,"Ball","L","L","R","LAD","MIL","B",,,0,2,2025,"-0.43","1.13","-0.7","3.75",,,,0,5,"Top",,,,,,,5.815624944547855,-144.01105616187542,-2.015889611505694,-7.383686520754473,32.94958559888621,-16.123122452898023,"3.25","1.44",,,,"99.6",2542,"6.6",813031,669257,518692,669242,571970,605141,571771,681624,606192,"53.92",,,,,,,,35,3,"4-Seam Fastball",4,0,0,4,0,4,0,4,"Standard","Standard",221,"-0.001","0.024",,,,"-0.024",,4,-4,0.902,0.09799999999999998,30,25,31,25,2,1,13,1,11,,"1.19","0.43","-0.43","32.1",,,,,
"FC","2025-10-17","94.9","-2.37","5.67","Ohtani, Shohei",686217,660271,,"foul",,,,,11,"Foul","L","L","R","LAD","MIL","S",,,0,1,2025,"-0.07","0.89","-0.03","3.36",,,,0,5,"Top",,,,,,,6.305087006197781,-138.2239445992805,-2.4583491293850726,-2.068399675184303,26.84864829161921,-20.415717808994373,"3.07","1.45",233,"76.1",27,"96",2677,"6.6",813031,669257,518692,669242,571970,605141,571771,681624,606192,"53.93",,,,,,,,35,2,"Cutter",4,0,0,4,0,4,0,4,"Standard","Standard",196,"0.003","-0.055","57.7","5.5",,"0.055","88.0",4,-4,0.899,0.10099999999999998,30,25,31,25,2,1,13,1,11,,"1.61","0.07","-0.07","30.8",-5.388464270508763,32.101693700769125,19.322619257433203,34.4087247468857,11.131508024683846
"ST","2025-10-17","83.5","-2.48","5.68","Ohtani, Shohei",686217,660271,,"called_strike",,,,,1,"Called Strike","L","L","R","LAD","MIL","S",,,0,0,2025,"0.98","0.53","-0.74","2.87",,,,0,5,"Top",,,,,,,2.0713950250707445,-121.64405420840387,-1.1086330519650778,9.333221202096583,23.36107065675687,-26.89161451422451,"3.17","1.41",,,,"83.9",2620,"6.4",813031,669257,518692,669242,571970,605141,571771,681624,606192,"54.07",,,,,,,,35,1,"Sweeper",4,0,0,4,0,4,0,4,"Standard","Standard",72,"0.003","-0.039",,,,"0.039",,4,-4,0.896,0.10399999999999998,30,25,31,25,2,1,13,1,11,,"2.73","-0.98","0.98","31.6",,,,,
"FS","2025-10-17","88.9","-2.37","5.76","Ohtani, Shohei",641343,660271,"strikeout","swinging_strike",,,,,13,"Jake Bauers strikes out swinging.","L","L","R","LAD","MIL","S",2,,1,2,2025,"-0.85","0.57","-1.01","2.56",694192,,,2,4,"Top",,,,,,,5.139362135477172,-129.31215419044048,-2.9788726626574893,-10.568799131160505,27.94381529508069,-25.361540826072897,"3.63","1.72",,,,"89.4",1225,"6.7",813031,669257,518692,669242,571970,605141,571771,681624,606192,"53.78",,0,"0",1,0,0,,30,4,"Split-Finger",3,0,0,3,0,3,0,3,"Standard","Standard",233,"0.024","-0.192","77.3","8.7",,"0.192",,3,-3,0.836,0.16400000000000003,30,29,31,30,2,1,13,1,11,,"2.32","0.85","-0.85","36.4",23.308405519231695,-25.441957722714527,26.189980508191894,46.9816435918911,41.77831922123567
"FF","2025-10-17","98.5","-2.44","5.5","Ohtani, Shohei",641343,660271,,"swinging_strike",,,,,12,"Swinging Strike","L","L","R","LAD","MIL","S",,,1,1,2025,"0.05","1.02","1.58","3.09",694192,,,2,4,"Top",,,,,,,10.846588298042636,-143.08539495984806,-3.439252230019382,-1.777098861994126,32.89428510943056,-17.52502792161425,"3.63","1.72",,,,"99",2586,"6.7",813031,669257,518692,669242,571970,605141,571771,681624,606192,"53.85",,,,,,,,30,3,"4-Seam Fastball",3,0,0,3,0,3,0,3,"Standard","Standard",215,"0.006","-0.065","52.1","5.6",,"0.065",,3,-3,0.83,0.17000000000000004,30,29,31,30,2,1,13,1,11,,"1.34","-0.05","0.05","31.7",-12.662687607819457,21.504793738400274,37.871182640551595,14.951513759421871,19.045729890720793
"CU","2025-10-17","76.3","-2.03","6.1","Ohtani, Shohei",641343,660271,,"foul",,,,,8,"Foul","L","L","R","LAD","MIL","S",,,1,0,2025,"1.17","-1.1","0.12","1.99",694192,,,2,4,"Top",,,,,,,2.4476179006402514,-110.93593450184,0.537339167756427,8.985563675339604,23.542669631794823,-41.512981886316844,"3.63","1.72",5,"75",-23,"76.1",2617,"6.6",813031,669257,518692,669242,571970,605141,571771,681624,606192,"53.91",,,,,,,,30,2,"Curveball",3,0,0,3,0,3,0,3,"Standard","Standard",39,"0.003","-0.042","83.0","8.8",,"0.042","88.0",3,-3,0.827,0.17300000000000004,30,29,31,30,2,1,13,1,11,,"5.08","-1.17","1.17","43.8",29.182817357194857,-25.160825159081583,36.646920364431324,34.909509900494214,43.537065859427315
"FF","2025-10-17","99.1","-2.51","5.58","Ohtani, Shohei",641343,660271,,"ball",,,,,14,"Ball","L","L","R","LAD","MIL","B",,,0,0,2025,"-0.15","0.88","0.94","2.73",694192,,,2,4,"Top",,,,,,,9.792643229723888,-143.94095936749264,-4.418131035878558,-4.332383910192736,33.42716814777173,-19.114096498528067,"3.76","1.88",,,,"99.5",2440,"6.6",813031,669257,518692,669242,571970,605141,571771,681624,606192,"53.86",,,,,,,,30,1,"4-Seam Fastball",3,0,0,3,0,3,0,3,"Standard","Standard",214,"-0.001","0.028",,,,"-0.028",,3,-3,0.828,0.17200000000000004,30,29,31,30,2,1,13,1,11,,"1.45","0.15","-0.15","32.1",,,,,
"ST","2025-10-17","86.7","-2.54","5.42","Ohtani, Shohei",661388,660271,"strikeout","swinging_strike",,,,,14,"William Contreras strikes out swinging.","L","R","R","LAD","MIL","S",2,,2,2,2025,"1.31","0.1","1.51","1.63",694192,,,1,4,"Top",,,,,,,7.055164917517681,-126.0327921953774,-3.029162020877438,12.336193705352631,27.289920368758946,-30.699344551530693,"3.39","1.63",,,,"87",2759,"6.7",813031,669257,518692,669242,571970,605141,571771,681624,606192,"53.83",,0,"0",1,0,0,,29,5,"Sweeper",3,0,0,3,0,3,0,3,"Standard","Standard",66,"0.047","-0.353","50.8","7.5",,"0.353",,3,-3,0.781,0.21899999999999997,30,27,31,28,2,1,13,1,11,,"2.96","-1.31","-1.31","30.7",13.471766252490156,-16.98350662068457,23.900148524781635,51.95071837570398,42.98055387034346
"FS","2025-10-17","89.7","-2.06","5.83","Ohtani, Shohei",661388,660271,,"ball",,,,,13,"Ball","L","R","R","LAD","MIL","B",,,1,2,2025,"-1.1","0.71","-1.61","1.19",694192,,,1,4,"Top",,,,,,,3.477003899834326,-130.45386839388806,-6.990665115267035,-13.24494285886036,29.26127667376309,-22.799966943370627,"3.36","1.69",,,,"90.2",1310,"6.8",813031,669257,518692,669242,571970,605141,571771,681624,606192,"53.75",,,,,,,,29,4,"Split-Finger",3,0,0,3,0,3,0,3,"Standard","Standard",226,"-0.008","0.025",,,,"-0.025",,3,-3,0.789,0.21099999999999997,30,27,31,28,2,1,13,1,11,,"2.15","1.1","1.1","36.7",,,,,
"FF","2025-10-17","97.5","-2.44","5.55","Ohtani, Shohei",661388,660271,,"foul",,,,,11,"Foul","L","R","R","LAD","MIL","S",,,1,1,2025,"-0.04","1.01","-0.39","3.51",694192,,,1,4,"Top",,,,,,,5.643469565129417,-141.91223050406197,-2.32071982017284,-1.7960703841404195,32.38088493496266,-18.134900455643603,"3.39","1.63",89,"72.7",74,"98.2",2589,"6.7",813031,669257,518692,669242,571970,605141,571771,681624,606192,"53.82",,,,,,,,29,3,"4-Seam Fastball",3,0,0,3,0,3,0,3,"Standard","Standard",203,"0.01","-0.088","66.4","6.2",,"0.088","88.0",3,-3,0.779,0.22099999999999997,30,27,31,28,2,1,13,1,11,,"1.38","0.04","0.04","33.0",7.791514876604704,7.90396218463555,20.85517624470987,29.779726452438183,22.831827437035038
"SL","2025-10-17","88.3","-2.19","5.92","Ohtani, Shohei",661388,660271,,"called_strike",,,,,1,"Called Strike","L","R","R","LAD","MIL","S",,,1,0,2025,"0.28","0.08","-0.32","2.89",694192,,,1,4,"Top",,,,,,,4.017233751230118,-128.69103039122948,-1.5022680629777252,2.282508483294939,25.667259080307574,-31.20462194573348,"3.42","1.64",,,,"89.1",2703,"6.6",813031,669257,518692,669242,571970,605141,571771,681624,606192,"53.9",,,,,,,,29,2,"Slider",3,0,0,3,0,3,0,3,"Standard","Standard",76,"0.006","-0.046",,,,"0.046",,3,-3,0.773,0.22699999999999998,30,27,31,28,2,1,13,1,11,,"2.83","-0.28","-0.28","38.3",,,,,
"SL","2025-10-17","89.1","-2.19","6","Ohtani, Shohei",661388,660271,,"ball",,,,,11,"Ball","L","R","R","LAD","MIL","B",,,0,0,2025,"0.31","0.05","-1.07","3.55",694192,,,1,4,"Top",,,,,,,2.104876351049049,-129.9130321350939,-0.16288640805300858,3.142040578069331,25.54766186594744,-31.71912272849042,"3.37","1.64",,,,"89.8",2665,"6.5",813031,669257,518692,669242,571970,605141,571771,681624,606192,"54.03",,,,,,,,29,1,"Slider",3,0,0,3,0,3,0,3,"Standard","Standard",78,"-0.003","0.026",,,,"-0.026",,3,-3,0.776,0.22399999999999998,30,27,31,28,2,1,13,1,11,,"2.79","-0.31","-0.31","41.0",,,,,
"FC","2025-10-17","93.8","-2.32","5.58","Ohtani, Shohei",592885,660271,"field_out","hit_into_play",,,,,4,"Christian Yelich grounds out sharply, shortstop Mookie Betts to first baseman Freddie Freeman. Jackson Chourio to 3rd.","L","L","R","LAD","MIL","X",6,"ground_ball",0,0,2025,"0.17","0.66","-0.51","2.19",,694192,,0,4,"Top",114.14,145.49,,,,,4.330281492424532,-136.6509442656066,-4.5986308209936215,1.3078971606841718,27.302315765718628,-23.153741817536915,"3.29","1.68",51,"108.9",0,"94.8",2582,"6.6",813031,669257,518692,669242,571970,605141,571771,681624,606192,"53.89",0.489,0.44,"0",1,0,0,4,28,1,"Cutter",3,0,0,3,0,3,0,3,"Standard","Standard",184,"0.021","-0.225","72.6","7.7",0.496,"0.225","108.9",3,-3,0.755,0.245,30,33,31,34,2,1,13,1,11,,"1.91","-0.17","0.17","33.1",6.9189413696846644,15.313795974315251,36.06527667606205,43.40429447693338,19.101848340276305
"ST","2025-10-17","88","-2.6","5.53","Ohtani, Shohei",694192,660271,"double","hit_into_play",,,,,13,"Jackson Chourio hits a ground-rule double (3) on a fly ball down the left-field line.","L","R","R","LAD","MIL","X",,"fly_ball",2,2,2025,"1.02","0.16","-0.86","2.29",,,,0,4,"Top",32.22,107.82,,,,,2.1080569534755935,-128.11864520253073,-2.052299991673511,10.715280224626436,28.891241981019,-30.148152562098005,"3.3","1.58",320,"87.6",28,"88.1",2753,"6.5",813031,669257,518692,669242,571970,605141,571771,681624,606192,"53.96",0.061,0.078,"1.25",1,1,1,3,27,5,"Sweeper",3,0,0,3,0,3,0,3,"Standard","Standard",65,"-0.061","0.744","76.4","7.5",0.127,"-0.744","88.0",3,-3,0.816,0.18400000000000005,30,21,31,21,2,1,13,1,11,,"2.8","-1.02","-1.02","30.6",6.859998406126447,-20.54924977263045,34.19633977794642,24.004855973910104,36.800078413578504
"FF","2025-10-17","99","-2.53","5.58","Ohtani, Shohei",694192,660271,,"ball",,,,,11,"Ball","L","R","R","LAD","MIL","B",,,1,2,2025,"-0.4","1.3","-1.13","2.92",,,,0,4,"Top",,,,,,,4.759026248622331,-144.06271481713028,-4.884832475742498,-6.723721018333028,33.90093408582506,-13.15198247636686,"3.61","1.72",,,,"99.4",2583,"6.5",813031,669257,518692,669242,571970,605141,571771,681624,606192,"53.99",,,,,,,,27,4,"4-Seam Fastball",3,0,0,3,0,3,0,3,"Standard","Standard",213,"-0.003","0.043",,,,"-0.043",,3,-3,0.819,0.18100000000000005,30,21,31,21,2,1,13,1,11,,"1.03","0.4","0.4","30.0",,,,,
"FF","2025-10-17","97.6","-2.52","5.52","Ohtani, Shohei",694192,660271,,"foul",,,,,11,"Foul","L","R","R","LAD","MIL","S",,,1,1,2025,"-0.49","1.25","-0.9","2.86",,,,0,4,"Top",,,,,,,5.511683290515122,-142.05889234949916,-4.558298926950906,-7.845524862028567,31.745859181127123,-14.409208762383981,"3.3","1.58",127,"66.5",67,"98.2",2545,"6.5",813031,669257,518692,669242,571970,605141,571771,681624,606192,"53.97",,,,,,,,27,3,"4-Seam Fastball",3,0,0,3,0,3,0,3,"Standard","Standard",215,"0.004","-0.061","68.0","6.5",,"0.061","88.0",3,-3,0.815,0.18500000000000005,30,21,31,21,2,1,13,1,11,,"1.14","0.49","0.49","30.1",-1.4439825584350374,3.6237715172683544,33.24503243869928,25.815194292681486,22.435931516671936
"FF","2025-10-17","96.9","-2.4","5.51","Ohtani, Shohei",694192,660271,,"foul",,,,,1,"Foul","L","R","R","LAD","MIL","S",,,1,0,2025,"-0.54","1.17","-0.47","3.11",,,,0,4,"Top",,,,,,,6.4376190520579915,-140.9684022913106,-3.566751579496956,-8.676295044137387,30.943645183237937,-15.983964126858007,"3.3","1.58",,,,"97.8",2584,"6.7",813031,669257,518692,669242,571970,605141,571771,681624,606192,"53.79",,,,,,,,27,2,"4-Seam Fastball",3,0,0,3,0,3,0,3,"Standard","Standard",209,"0.005","-0.05","81.0","7.2",,"0.05",,3,-3,0.81,0.18999999999999995,30,21,31,21,2,1,13,1,11,,"1.26","0.54","0.54","30.1",9.62362300200393,0.7727418042261031,20.26034891448557,31.81412734876101,33.89972656500058
"ST","2025-10-17","82","-2.5","5.75","Ohtani, Shohei",694192,660271,,"ball",,,,,11,"Ball","L","R","R","LAD","MIL","B",,,0,0,2025,"1.14","0.56","-1.4","3.23",,,,0,4,"Top",,,,,,,0.2858223523807687,-119.4986169318544,-0.24160891041147836,10.878757212363533,22.999762135846687,-27.00815613738688,"3.48","1.71",,,,"82.4",2423,"6.4",813031,669257,518692,669242,571970,605141,571771,681624,606192,"54.06",,,,,,,,27,1,"Sweeper",3,0,0,3,0,3,0,3,"Standard","Standard",78,"-0.004","0.041",,,,"-0.041",,3,-3,0.814,0.18600000000000005,30,21,31,21,2,1,13,1,11,,"2.82","-1.14","-1.14","29.7",,,,,
"FF","2025-10-17","98.8","-2.29","5.42","Ohtani, Shohei",668930,660271,"double_play","hit_into_play",,,,,4,"Brice Turang lines into a double play, left fielder Enrique Hernández to first baseman Freddie Freeman. Blake Perkins out at 1st.","L","L","R","LAD","MIL","X",7,"line_drive",3,2,2025,"-0.05","1.04","-0.41","2.34",,,663368,1,3,"Top",79.52,101.26,,,,,5.298887049248947,-143.80231230909533,-5.422804015582023,-1.9600138033891237,33.112754257916826,-16.698596932492208,"3.42","1.62",270,"96.2",16,"99.8",2518,"6.8",813031,669257,518692,669242,571970,605141,571771,681624,606192,"53.67",0.716,0.702,"0",1,0,0,4,21,7,"4-Seam Fastball",3,0,0,3,0,3,0,3,"Standard","Standard",214,"0.053","-0.321","71.7","7.1",0.903,"0.321","96.2",3,-3,0.786,0.21399999999999997,30,25,31,26,2,1,13,1,11,,"1.29","0.05","-0.05","31.3",3.489572285241574,17.883669726896958,35.32176991403506,37.688195735667385,24.347378195849664
"FF","2025-10-17","99.2","-2.2","5.46","Ohtani, Shohei",668930,660271,,"foul",,,,,6,"Foul","L","L","R","LAD","MIL","S",,,3,2,2025,"-0.12","1.26","0.36","2.6",,,663368,1,3,"Top",,,,,,,7.352144478201561,-144.21418358683013,-5.37879198417847,-3.454561028996047,35.20385457406628,-13.474715986016923,"3.42","1.62",191,"70.4",55,"99.9",2542,"6.9",813031,669257,518692,669242,571970,605141,571771,681624,606192,"53.65",,,,,,,,21,6,"4-Seam Fastball",3,0,0,3,0,3,0,3,"Standard","Standard",205,"0","0","73.4","6.7",,"0","88.0",3,-3,0.786,0.21399999999999997,30,25,31,26,2,1,13,1,11,,"1.07","0.12","-0.12","33.8",2.764389366117742,6.7616207711356475,36.77218449620143,28.626595746075015,28.67320688097861
"CU","2025-10-17","80.2","-1.78","5.96","Ohtani, Shohei",668930,660271,,"blocked_ball",,,,,14,"Ball In Dirt","L","L","R","LAD","MIL","B",,,2,2,2025,"1.18","-1.16","0.91","1.1",,,663368,1,3,"Top",,,,,,,3.7105792526142634,-116.62069979108823,-1.715487424649829,9.75815587519546,26.286204708232205,-42.453450883867724,"3.5","1.66",,,,"79.7",2854,"6.4",813031,669257,518692,669242,571970,605141,571771,681624,606192,"54.07",,,,,,,,21,5,"Curveball",3,0,0,3,0,3,0,3,"Standard","Standard",39,"-0.009","0.098",,,,"-0.098",,3,-3,0.795,0.20499999999999996,30,25,31,26,2,1,13,1,11,,"4.77","-1.18","1.18","43.2",,,,,
"FF","2025-10-17","99.3","-2.49","5.46","Ohtani, Shohei",668930,660271,,"ball",,,,,11,"Ball","L","L","R","LAD","MIL","B",,,1,2,2025,"-0.48","1.14","-2.14","3.84",,,663368,1,3,"Top",,,,,,,2.0888627867272658,-144.76978259846615,-1.7302940810430631,-7.171288901817641,32.08107765822455,-15.962871714849348,"3.62","1.72",,,,"99.9",2581,"6.4",813031,669257,518692,669242,571970,605141,571771,681624,606192,"54.09",,,,,,,,21,4,"4-Seam Fastball",3,0,0,3,0,3,0,3,"Standard","Standard",217,"-0.004","0.044",,,,"-0.044",,3,-3,0.799,0.20099999999999996,30,25,31,26,2,1,13,1,11,,"1.16","0.48","-0.48","31.8",,,,,
"FF","2025-10-17","99","-2.3","5.51","Ohtani, Shohei",668930,660271,,"swinging_strike",,,,,11,"Swinging Strike","L","L","R","LAD","MIL","S",,,1,1,2025,"-0.52","1.23","-0.91","2.79",,,663368,1,3,"Top",,,,,,,5.052158977776564,-144.12467122854653,-4.907635027911529,-8.377183646586161,33.26120505782899,-14.1008812049675,"3.42","1.62",,,,"99.9",2540,"6.7",813031,669257,518692,669242,571970,605141,571771,681624,606192,"53.77",,,,,,,,21,3,"4-Seam Fastball",3,0,0,3,0,3,0,3,"Standard","Standard",214,"0.006","-0.056","45.4","5.7",,"0.056",,3,-3,0.793,0.20699999999999996,30,25,31,26,2,1,13,1,11,,"1.09","0.52","-0.52","31.9",-11.202596640275438,50.2164564450208,29.965781115206298,43.59707236159525,-3.439071470350708
"FF","2025-10-17","99.2","-2.11","5.51","Ohtani, Shohei",668930,660271,,"called_strike",,,,,8,"Called Strike","L","L","R","LAD","MIL","S",,,1,0,2025,"-0.43","1.24","-0.04","2.03",,,663368,1,3,"Top",,,,,,,6.714100082670984,-144.2279288589863,-7.103392324054354,-7.5325836000334,31.094025526270755,-13.331400318917613,"3.68","1.76",,,,"100.2",2484,"6.7",813031,669257,518692,669242,571970,605141,571771,681624,606192,"53.77",,,,,,,,21,2,"4-Seam Fastball",3,0,0,3,0,3,0,3,"Standard","Standard",217,"0.005","-0.056",,,,"0.056",,3,-3,0.788,0.21199999999999997,30,25,31,26,2,1,13,1,11,,"1.06","0.43","-0.43","33.1",,,,,
"CU","2025-10-17","78.3","-1.95","5.96","Ohtani, Shohei",668930,660271,,"ball",,,,,8,"Ball","L","L","R","LAD","MIL","B",,,0,0,2025,"0.91","-1.05","0.1","1.72",,,663368,1,3,"Top",,,,,,,2.755679795932487,-113.96890852032303,-0.253722257790554,7.286410303019725,23.26383355428433,-41.47177913045298,"3.47","1.72",,,,"78.4",2690,"6.6",813031,669257,518692,669242,571970,605141,571771,681624,606192,"53.93",,,,,,,,21,1,"Curveball",3,0,0,3,0,3,0,3,"Standard","Standard",41,"-0.004","0.035",,,,"-0.035",,3,-3,0.792,0.20799999999999996,30,25,31,26,2,1,13,1,11,,"4.8","-0.91","0.91","42.3",,,,,
"FF","2025-10-17","99.3","-2.19","5.56","Ohtani, Shohei",687401,660271,"strikeout","swinging_strike",,,,,11,"Joey Ortiz strikes out swinging.","L","R","R","LAD","MIL","S",2,,1,2,2025,"-0.08","1.29","-0.16","3.54",,,663368,0,3,"Top",,,,,,,5.809719948857695,-144.53297817379402,-3.1735636604683597,-2.5143681101856545,34.07966934404865,-13.509078673131842,"3.33","1.52",,,,"100.2",2561,"6.8",813031,669257,518692,669242,571970,605141,571771,681624,606192,"53.72",,0,"0",1,0,0,,20,6,"4-Seam Fastball",3,0,0,3,0,3,0,3,"Standard","Standard",215,"0.026","-0.165",,,,"0.165",,3,-3,0.766,0.23399999999999999,30,26,31,27,1,0,13,1,11,,"1.02","0.08","0.08","31.5",,,,,
"SL","2025-10-17","90.1","-1.77","6","Ohtani, Shohei",687401,660271,,"ball",,,,,14,"Ball","L","R","R","LAD","MIL","B",,,0,2,2025,"0.35","-0.11","1.13","1.27",,,663368,0,3,"Top",,,,,,,6.5263375464780875,-130.99727753733268,-5.590050425501568,2.635828726590348,27.023267453727964,-32.482698920617615,"3.42","1.56",,,,"90.7",2640,"6.7",813031,669257,518692,669242,571970,605141,571771,681624,606192,"53.83",,,,,,,,20,5,"Slider",3,0,0,3,0,3,0,3,"Standard","Standard",80,"-0.003","0.017",,,,"-0.017",,3,-3,0.769,0.23099999999999998,30,26,31,27,1,0,13,1,11,,"2.92","-0.35","-0.35","44.9",,,,,
"FF","2025-10-17","99.5","-2.09","5.61","Ohtani, Shohei",687401,660271,,"foul",,,,,2,"Foul","L","R","R","LAD","MIL","S",,,0,2,2025,"-0.29","1.27","-0.23","2.78",,,663368,0,3,"Top",,,,,,,5.807179925975862,-144.75694810623236,-5.409408459367801,-5.372328503199107,32.73577442220492,-13.19321727604371,"3.33","1.52",252,"77.3",33,"100.2",2609,"6.6",813031,669257,518692,669242,571970,605141,571771,681624,606192,"53.87",,,,,,,,20,4,"4-Seam Fastball",3,0,0,3,0,3,0,3,"Standard","Standard",213,"0","0","71.4","6.5",,"0","88.0",3,-3,0.769,0.23099999999999998,30,26,31,27,1,0,13,1,11,,"1.02","0.29","0.29","33.0",-15.517803037907534,24.957791027222846,31.586730911722977,35.14919903212683,13.519207719240544
"ST","2025-10-17","88.1","-2.39","5.52","Ohtani, Shohei",687401,660271,,"foul",,,,,6,"Foul","L","R","R","LAD","MIL","S",,,0,2,2025,"1.15","0.4","0.67","2.19",,,663368,0,3,"Top",,,,,,,5.0576027851954874,-128.2309642471401,-2.7915678392736134,11.377007113867963,29.583877326731063,-27.35851953450247,"3.33","1.52",153,"72.3",65,"88.3",2759,"6.6",813031,669257,518692,669242,571970,605141,571771,681624,606192,"53.86",,,,,,,,20,3,"Sweeper",3,0,0,3,0,3,0,3,"Standard","Standard",67,"0","0","67.1","8.0",,"0","88.0",3,-3,0.769,0.23099999999999998,30,26,31,27,1,0,13,1,11,,"2.56","-1.15","-1.15","32.5",3.1216934430005687,-0.5025880703889071,25.36500298295255,44.583790441149844,27.470447539040897
"ST","2025-10-17","87.6","-2.29","5.54","Ohtani, Shohei",687401,660271,,"called_strike",,,,,2,"Called Strike","L","R","R","LAD","MIL","S",,,0,1,2025,"1.04","0.54","0.23","3.19",,,663368,0,3,"Top",,,,,,,3.9361940136017632,-127.5251586054631,-0.6482971537568006,10.527127109212133,26.900947149800704,-26.34037492536331,"3.47","1.56",,,,"88",2603,"6.6",813031,669257,518692,669242,571970,605141,571771,681624,606192,"53.91",,,,,,,,20,2,"Sweeper",3,0,0,3,0,3,0,3,"Standard","Standard",79,"0.007","-0.053",,,,"0.053",,3,-3,0.762,0.238,30,26,31,27,1,0,13,1,11,,"2.43","-1.04","-1.04","30.4",,,,,
"FF","2025-10-17","98.3","-2.04","5.69","Ohtani, Shohei",687401,660271,,"called_strike",,,,,7,"Called Strike","L","R","R","LAD","MIL","S",,,0,0,2025,"-0.64","1.33","-0.65","2",,,663368,0,3,"Top",,,,,,,5.2787725255249525,-142.88798443451088,-7.663509659695414,-9.996757377488578,32.584226314576895,-12.425859478738927,"3.47","1.58",,,,"98.9",2608,"6.6",813031,669257,518692,669242,571970,605141,571771,681624,606192,"53.86",,,,,,,,20,1,"4-Seam Fastball",3,0,0,3,0,3,0,3,"Standard","Standard",215,"0.005","-0.043",,,,"0.043",,3,-3,0.757,0.243,30,26,31,27,1,0,13,1,11,,"1.04","0.64","0.64","34.2",,,,,
"FC","2025-10-17","93.6","-2.68","5.52","Ohtani, Shohei",663368,660271,"walk","ball",,,,,11,"Blake Perkins walks.","L","L","R","LAD","MIL","B",,,3,2,2025,"0.17","0.7","-1.55","2.92",,,,0,3,"Top",,,,,,,2.533665791241388,-136.49232872181818,-2.6268713796281653,1.7049098167616636,26.06948376192344,-23.067677573392437,"3.53","1.68",,,,"94.7",2680,"6.5",813031,669257,518692,669242,571970,605141,571771,681624,606192,"53.99",,0.691497,"0.7",1,0,0,,19,6,"Cutter",3,0,0,3,0,3,0,3,"Standard","Standard",172,"-0.031","0.356",,,,"-0.356",,3,-3,0.788,0.21199999999999997,30,28,31,29,1,0,13,1,11,,"1.87","-0.17","0.17","30.2",,,,,
"SL","2025-10-17","89.2","-2.26","5.92","Ohtani, Shohei",663368,660271,,"ball",,,,,13,"Ball","L","L","R","LAD","MIL","B",,,2,2,2025,"0.04","0.54","-1.15","1.18",,,,0,3,"Top",,,,,,,2.6643587720587782,-129.8405285129443,-6.837604208200251,-0.04739066516363376,26.745819236554034,-24.82088418332523,"3.51","1.66",,,,"90",2523,"6.7",813031,669257,518692,669242,571970,605141,571771,681624,606192,"53.79",,,,,,,,19,5,"Slider",3,0,0,3,0,3,0,3,"Standard","Standard",38,"-0.008","0.112",,,,"-0.112",,3,-3,0.796,0.20399999999999996,30,28,31,29,1,0,13,1,11,,"2.32","-0.04","0.04","39.7",,,,,
"CU","2025-10-17","82.3","-2.12","6.15","Ohtani, Shohei",663368,660271,,"ball",,,,,13,"Ball","L","L","R","LAD","MIL","B",,,1,2,2025,"1.02","-1.32","-0.43","1.31",,,,0,3,"Top",,,,,,,1.865383475481544,-119.72472040127771,-1.7503182837298887,9.233068264189916,27.377284329511856,-44.563779360206475,"3.5","1.7",,,,"82",2934,"6.5",813031,669257,518692,669242,571970,605141,571771,681624,606192,"54",,,,,,,,19,4,"Curveball",3,0,0,3,0,3,0,3,"Standard","Standard",39,"-0.003","0.043",,,,"-0.043",,3,-3,0.799,0.20099999999999996,30,28,31,29,1,0,13,1,11,,"4.74","-1.02","1.02","43.5",,,,,
"FC","2025-10-17","94.2","-2.76","5.37","Ohtani, Shohei",663368,660271,,"foul",,,,,4,"Foul","L","L","R","LAD","MIL","S",,,1,1,2025,"0.39","0.59","-0.8","2.88",,,,0,3,"Top",,,,,,,4.243599365244217,-137.3127302983684,-2.1894830757483987,4.23506029723894,25.32061945771511,-24.35089483335153,"3.48","1.68",224,"79.2",35,"95.5",2663,"6.6",813031,669257,518692,669242,571970,605141,571771,681624,606192,"53.93",,,,,,,,19,3,"Cutter",3,0,0,3,0,3,0,3,"Standard","Standard",185,"0.004","-0.061","65.0","6.0",,"0.061","88.0",3,-3,0.795,0.20499999999999996,30,28,31,29,1,0,13,1,11,,"1.93","-0.39","0.39","29.1",-10.584715884100945,28.16415776413463,30.578504788844022,44.482853146658684,11.501106353665387
"FC","2025-10-17","94.1","-2.54","5.51","Ohtani, Shohei",663368,660271,,"swinging_strike",,,,,14,"Swinging Strike","L","L","R","LAD","MIL","S",,,1,0,2025,"-0.01","1.01","0.6","1.48",,,,0,3,"Top",,,,,,,8.24808348475674,-136.91315420559872,-7.151635989124872,-1.6678323266034132,25.379097731523185,-18.175125503123798,"3.48","1.68",,,,"95.8",2621,"6.9",813031,669257,518692,669242,571970,605141,571771,681624,606192,"53.6",,,,,,,,19,2,"Cutter",3,0,0,3,0,3,0,3,"Standard","Standard",207,"0.005","-0.05","69.0","7.6",,"0.05",,3,-3,0.79,0.20999999999999996,30,28,31,29,1,0,13,1,11,,"1.54","0.01","-0.01","31.3",14.438006182154526,-8.630641122818181,38.08169711456644,29.682850718621122,32.80114871637241
"FF","2025-10-17","98.8","-2.56","5.52","Ohtani, Shohei",663368,660271,,"ball",,,,,11,"Ball","L","L","R","LAD","MIL","B",,,0,0,2025,"-0.63","1.42","-0.84","3.64",,,,0,3,"Top",,,,,,,6.204839932252143,-143.7858182245865,-3.0275408283962424,-10.23898155835951,33.55095638793053,-11.999743655700781,"3.51","1.71",,,,"99.6",2597,"6.8",813031,669257,518692,669242,571970,605141,571771,681624,606192,"53.74",,,,,,,,19,1,"4-Seam Fastball",3,0,0,3,0,3,0,3,"Standard","Standard",214,"-0.004","0.041",,,,"-0.041",,3,-3,0.794,0.20599999999999996,30,28,31,29,1,0,13,1,11,,"0.92","0.63","-0.63","30.1",,,,,
"CU","2025-10-17","81.5","-2.19","5.97","Ohtani, Shohei",702332,660271,"field_out","hit_into_play",,,,,5,"Caleb Durbin grounds out, second baseman Tommy Edman to first baseman Freddie Freeman.","L","R","R","LAD","MIL","X",4,"ground_ball",2,2,2025,"0.87","-1.16","0.19","2.14",,,,2,2,"Top",143.01,143.47,,,,,3.681276494125306,-118.6068090571592,0.3029777772248008,7.3465610301300766,25.675765282941168,-43.303462150412805,"3.25","1.48",64,"86.8",3,"81.4",2862,"6.5",813031,669257,518692,669242,571970,605141,571771,681624,606192,"53.98",0.347,0.328,"0",1,0,0,2,14,5,"Curveball",3,0,0,3,0,3,0,3,"Standard","Standard",41,"0.007","-0.224","59.1","6.3",0.385,"0.224","88.0",3,-3,0.814,0.18600000000000005,30,25,31,25,1,0,13,1,11,,"4.63","-0.87","-0.87","41.0",-7.174248383561713,5.275368881534941,28.26815027670693,37.17744989688459,19.730053997015947
"ST","2025-10-17","89","-2.72","5.39","Ohtani, Shohei",702332,660271,,"ball",,,,,14,"Ball","L","R","R","LAD","MIL","B",,,1,2,2025,"1.01","0.35","1.02","1.46",,,,2,2,"Top",,,,,,,7.091101378548766,-129.42118547738244,-4.307234360227499,9.623568819373657,30.02462697566347,-27.43947590046773,"3.29","1.54",,,,"89",2790,"6.6",813031,669257,518692,669242,571970,605141,571771,681624,606192,"53.92",,,,,,,,14,4,"Sweeper",3,0,0,3,0,3,0,3,"Standard","Standard",70,"-0.001","0.042",,,,"-0.042",,3,-3,0.815,0.18500000000000005,30,25,31,25,1,0,13,1,11,,"2.55","-1.01","-1.01","27.8",,,,,
"ST","2025-10-17","87.6","-2.75","5.35","Ohtani, Shohei",702332,660271,,"called_strike",,,,,4,"Called Strike","L","R","R","LAD","MIL","S",,,1,1,2025,"0.65","0.45","-0.69","2.45",,,,2,2,"Top",,,,,,,3.6510921864529067,-127.64523127472307,-1.8370456656148744,6.411232709772506,25.754174066238775,-27.037620661909187,"3.43","1.61",,,,"88.3",2667,"6.6",813031,669257,518692,669242,571970,605141,571771,681624,606192,"53.92",,,,,,,,14,3,"Sweeper",3,0,0,3,0,3,0,3,"Standard","Standard",74,"0.002","-0.062",,,,"0.062",,3,-3,0.813,0.18700000000000006,30,25,31,25,1,0,13,1,11,,"2.5","-0.65","-0.65","25.4",,,,,
"SI","2025-10-17","97.8","-2.52","5.45","Ohtani, Shohei",702332,660271,,"swinging_strike",,,,,13,"Swinging Strike","L","R","R","LAD","MIL","S",,,1,0,2025,"-1.53","0.15","-0.19","0.98",,,,2,2,"Top",,,,,,,9.855364523318155,-141.90422209489813,-6.9232401226108635,-22.976273795707524,33.541776192571014,-28.59017492273921,"3.25","1.48",,,,"98.1",2176,"6.7",813031,669257,518692,669242,571970,605141,571771,681624,606192,"53.8",,,,,,,,14,2,"Sinker",3,0,0,3,0,3,0,3,"Standard","Standard",232,"0.001","-0.054","70.0","7.3",,"0.054",,3,-3,0.812,0.18799999999999994,30,25,31,25,1,0,13,1,11,,"2.25","1.53","1.53","29.8",7.013739560944912,0.4778386025417734,36.83366408872267,32.79068155602915,25.520574818877655
"SI","2025-10-17","98.3","-2.49","5.56","Ohtani, Shohei",702332,660271,,"ball",,,,,13,"Ball","L","R","R","LAD","MIL","B",,,0,0,2025,"-1.33","0.12","-0.03","1.19",,,,2,2,"Top",,,,,,,9.832472116088733,-142.79907086029456,-6.702213022473625,-20.433440209635396,32.75017061062667,-29.117744112517155,"3.42","1.55",,,,"99",2217,"6.8",813031,669257,518692,669242,571970,605141,571771,681624,606192,"53.75",,,,,,,,14,1,"Sinker",3,0,0,3,0,3,0,3,"Standard","Standard",220,"-0.001","0.037",,,,"-0.037",,3,-3,0.813,0.18700000000000006,30,25,31,25,1,0,13,1,11,,"2.25","1.33","1.33","31.3",,,,,
"FC","2025-10-17","95.2","-2.5","5.61","Ohtani, Shohei",686217,660271,"field_out","hit_into_play",,,,,2,"Sal Frelick pops out to shortstop Mookie Betts.","L","L","R","LAD","MIL","X",6,"popup",0,1,2025,"0.25","0.66","0.22","3.19",,,,1,2,"Top",90.89,148.78,,,,,6.623976234510196,-138.60902655007382,-2.2499737054541638,1.8943707377825523,28.04733144319748,-23.357184983230265,"3.07","1.45",157,"61.5",54,"96.3",2493,"6.7",813031,669257,518692,669242,571970,605141,571771,681624,606192,"53.83",0.01,0.009,"0",1,0,0,3,13,2,"Cutter",3,0,0,3,0,3,0,3,"Standard","Standard",199,"0.013","-0.215","66.3","6.0",0.01,"0.215","88.0",3,-3,0.8,0.19999999999999996,30,25,31,25,1,0,13,1,11,,"1.83","-0.25","0.25","29.6",3.5903283004908224,15.892224291981822,22.82513369095458,31.045740620767422,20.487651932929772
"FC","2025-10-17","93.9","-2.57","5.55","Ohtani, Shohei",686217,660271,,"foul",,,,,5,"Foul","L","L","R","LAD","MIL","S",,,0,0,2025,"0.16","0.68","0.09","2.07",,,,1,2,"Top",,,,,,,6.574439006430687,-136.72947314847076,-4.876431100822406,0.7334601576479985,27.413815070933815,-22.841873057161852,"3.07","1.45",,,,"95",2576,"6.7",813031,669257,518692,669242,571970,605141,571771,681624,606192,"53.84",,,,,,,,13,1,"Cutter",3,0,0,3,0,3,0,3,"Standard","Standard",183,"0.002","-0.039","69.3","8.0",,"0.039",,3,-3,0.798,0.20199999999999996,30,25,31,25,1,0,13,1,11,,"1.89","-0.16","0.16","32.1",23.44115125024414,-17.267073324874527,25.777889355846487,33.37896973892945,33.12023482943192
"FC","2025-10-17","94","-2.6","5.55","Ohtani, Shohei",641343,660271,"field_out","hit_into_play",,,,,8,"Jake Bauers grounds out sharply to first baseman Freddie Freeman.","L","L","R","LAD","MIL","X",3,"ground_ball",1,1,2025,"0.18","0.86","0.04","2.1",,,,0,2,"Top",152.72,173.41,,,,,6.494225000872475,-136.77640749154625,-5.22675539554827,0.9425258359507357,27.014366914863032,-20.399711616191425,"3.63","1.72",24,"105",-4,"95.2",2668,"6.7",813031,669257,518692,669242,571970,605141,571771,681624,606192,"53.77",0.395,0.374,"0",1,0,0,2,12,3,"Cutter",3,0,0,3,0,3,0,3,"Standard","Standard",199,"0.019","-0.251","80.0","8.2",0.435,"0.251","105.0",3,-3,0.779,0.22099999999999997,30,29,31,30,1,0,13,1,11,,"1.7","-0.18","0.18","30.3",12.3999942554282,-9.700965572709656,37.29451404757147,33.70660608538052,31.285079495457335
"FF","2025-10-17","97.6","-2.5","5.45","Ohtani, Shohei",641343,660271,,"swinging_strike",,,,,2,"Swinging Strike","L","L","R","LAD","MIL","S",,,1,0,2025,"-0.57","1.48","0.22","3.17",,,,0,2,"Top",,,,,,,8.688084862233003,-141.88049245829166,-4.037224190468028,-9.711019875797273,33.86592286245387,-11.502863942619385,"3.63","1.72",,,,"98.2",2668,"6.8",813031,669257,518692,669242,571970,605141,571771,681624,606192,"53.73",,,,,,,,12,2,"4-Seam Fastball",3,0,0,3,0,3,0,3,"Standard","Standard",216,"0.004","-0.05","81.6","7.5",,"0.05",,3,-3,0.775,0.22499999999999998,30,29,31,30,1,0,13,1,11,,"0.93","0.57","-0.57","30.3",14.267959374492841,-7.776450343770117,31.819530446005796,31.51438565186679,29.321259164606236
"FF","2025-10-17","97.4","-2.52","5.59","Ohtani, Shohei",641343,660271,,"ball",,,,,11,"Ball","L","L","R","LAD","MIL","B",,,0,0,2025,"-0.49","1.47","-1.08","3.81",,,,0,2,"Top",,,,,,,5.040022462412846,-141.73849432354186,-2.6353900872562437,-7.868293972122517,34.98342727787984,-12.064496190809193,"3.73","1.96",,,,"97.8",2667,"6.7",813031,669257,518692,669242,571970,605141,571771,681624,606192,"53.81",,,,,,,,12,1,"4-Seam Fastball",3,0,0,3,0,3,0,3,"Standard","Standard",212,"-0.003","0.041",,,,"-0.041",,3,-3,0.778,0.22199999999999998,30,29,31,30,1,0,13,1,11,,"0.95","0.49","-0.49","32.2",,,,,
"ST","2025-10-17","87.6","-2.38","5.41","Ohtani, Shohei",661388,660271,"strikeout","swinging_strike",,,,,12,"William Contreras strikes out swinging.","L","R","R","LAD","MIL","S",2,,0,2,2025,"1.41","0.51","1.1","2.61",,,668930,2,1,"Top",,,,,,,5.513278360444748,-127.4779826499409,-1.7038816370208472,14.267678781243324,25.93085596596163,-26.475272799639548,"3.39","1.63",,,,"88",2853,"6.5",813031,669257,518692,669242,571970,605141,571771,681624,606192,"53.97",,0,"0",1,0,0,,4,3,"Sweeper",0,0,0,0,0,0,0,0,"Standard","Standard",68,"0.014","-0.174","73.1","8.3",,"0.174",,0,0,0.534,0.46599999999999997,30,27,31,28,1,0,13,1,11,,"2.46","-1.41","-1.41","29.8",21.60977723670342,-37.089025731183106,24.317469253632687,46.59051662031813,52.27202694140889
"ST","2025-10-17","88.5","-2.1","5.51","Ohtani, Shohei",661388,660271,,"swinging_strike",,,,,9,"Swinging Strike","L","R","R","LAD","MIL","S",,,0,1,2025,"1.16","0.25","0.43","2.08",,,668930,2,1,"Top",,,,,,,3.775565471506401,-128.9209922026444,-2.868394314769693,12.178607792855123,25.795866646966196,-28.964286142733553,"3.39","1.63",,,,"89.1",2671,"6.5",813031,669257,518692,669242,571970,605141,571771,681624,606192,"54.01",,,,,,,,4,2,"Sweeper",0,0,0,0,0,0,0,0,"Standard","Standard",72,"0.005","-0.055","78.0","8.1",,"0.055",,0,0,0.529,0.471,30,27,31,28,1,0,13,1,11,,"2.64","-1.16","-1.16","32.8",22.131076199603374,-39.862425250868704,27.65733665548039,37.862552381714046,54.243285329896764
"FF","2025-10-17","99.4","-2.21","5.54","Ohtani, Shohei",661388,660271,,"foul",,,,,6,"Foul","L","R","R","LAD","MIL","S",,,0,0,2025,"-0.32","1.22","0.67","2.32",,,668930,2,1,"Top",,,,,,,8.739726675415904,-144.50610049025175,-6.391757977975461,-6.427755827343549,31.62648422935282,-13.677442764295265,"3.39","1.63",,,,"100.6",2616,"6.9",813031,669257,518692,669242,571970,605141,571771,681624,606192,"53.65",,,,,,,,4,1,"4-Seam Fastball",0,0,0,0,0,0,0,0,"Standard","Standard",214,"0.003","-0.042","76.2","7.5",,"0.042",,0,0,0.526,0.474,30,27,31,28,1,0,13,1,11,,"1.08","0.32","0.32","33.4",7.717820417015482,6.655752804953462,25.1516547009852,46.51060091949517,25.534717113177848
"FF","2025-10-17","100.2","-2.21","5.53","Ohtani, Shohei",592885,660271,"strikeout","called_strike",,,,,7,"Christian Yelich called out on strikes.","L","L","R","LAD","MIL","S",2,,2,2,2025,"-0.48","1.22","-0.37","1.88",,,668930,1,1,"Top",,,,,,,6.252108335642918,-145.72292893910077,-7.70030306655742,-8.238740797714824,31.240696718408678,-13.17777208484366,"3.34","1.77",,,,"101.1",2599,"6.6",813031,669257,518692,669242,571970,605141,571771,681624,606192,"53.89",,0,"0",1,0,0,,3,6,"4-Seam Fastball",0,0,0,0,0,0,0,0,"Standard","Standard",212,"0.025","-0.222",,,,"0.222",,0,0,0.501,0.499,30,33,31,34,1,0,13,1,11,,"1.04","0.48","-0.48","32.7",,,,,
"SL","2025-10-17","89.5","-1.89","5.97","Ohtani, Shohei",592885,660271,,"foul",,,,,8,"Foul","L","L","R","LAD","MIL","S",,,2,2,2025,"0.09","0.29","-0.19","1.86",,,668930,1,1,"Top",,,,,,,4.052492482634206,-130.3369018918258,-4.815194168064383,0.18427713496927284,26.85307350043204,-28.09799506969941,"3.29","1.68",,,,"90.4",2743,"6.8",813031,669257,518692,669242,571970,605141,571771,681624,606192,"53.72",,,,,,,,3,5,"Slider",0,0,0,0,0,0,0,0,"Standard","Standard",74,"0","0","73.1","7.0",,"0",,0,0,0.501,0.499,30,33,31,34,1,0,13,1,11,,"2.55","-0.09","0.09","42.5",-2.2264052689345397,25.41029232313642,38.063224968216296,39.129198035948505,13.90321277664122
"FC","2025-10-17","95.8","-2.28","5.51","Ohtani, Shohei",592885,660271,,"called_strike",,,,,7,"Called Strike","L","L","R","LAD","MIL","S",,,2,1,2025,"0.13","0.87","-0.69","1.86",,,668930,1,1,"Top",,,,,,,3.906176527698247,-139.45071432142086,-6.077350430252725,0.9345064746270879,29.25122414922211,-19.648124142274717,"3.4","1.83",,,,"96.6",2683,"6.6",813031,669257,518692,669242,571970,605141,571771,681624,606192,"53.9",,,,,,,,3,4,"Cutter",0,0,0,0,0,0,0,0,"Standard","Standard",202,"0.007","-0.075",,,,"0.075",,0,0,0.494,0.506,30,33,31,34,1,0,13,1,11,,"1.6","-0.13","0.13","32.8",,,,,
"FC","2025-10-17","94.8","-2.35","5.6","Ohtani, Shohei",592885,660271,,"foul",,,,,5,"Foul","L","L","R","LAD","MIL","S",,,2,0,2025,"0","1.02","-0.28","2.49",,,668930,1,1,"Top",,,,,,,5.42301290383069,-138.05760919774795,-4.8032057815162235,-1.0375784183983048,27.982185273393036,-18.290081739823197,"3.29","1.68",3,"58.7",-43,"95.4",2704,"6.4",813031,669257,518692,669242,571970,605141,571771,681624,606192,"54.1",,,,,,,,3,3,"Cutter",0,0,0,0,0,0,0,0,"Standard","Standard",205,"0.007","-0.062","71.6","7.7",,"0.062","88.0",0,0,0.487,0.513,30,33,31,34,1,0,13,1,11,,"1.5","0","0","31.1",22.82019987429569,11.228345467224155,34.004935944133564,40.18403696169853,25.006482392104147
"FF","2025-10-17","99.2","-2.33","5.6","Ohtani, Shohei",592885,660271,,"ball",,,,,13,"Ball","L","L","R","LAD","MIL","B",,,1,0,2025,"-0.69","1.41","-0.31","1.26",,,668930,1,1,"Top",,,,,,,7.192325290713581,-144.0261479720853,-9.786991773230833,-11.367194421125241,34.71071256790146,-10.388867948188102,"3.49","1.76",,,,"99.7",2663,"6.8",813031,669257,518692,669242,571970,605141,571771,681624,606192,"53.7",,,,,,,,3,2,"4-Seam Fastball",0,0,0,0,0,0,0,0,"Standard","Standard",215,"-0.007","0.068",,,,"-0.068",,0,0,0.494,0.506,30,33,31,34,1,0,13,1,11,,"0.92","0.69","-0.69","34.1",,,,,
"CU","2025-10-17","77.8","-1.82","6.03","Ohtani, Shohei",592885,660271,,"ball",,,,,14,"Ball","L","L","R","LAD","MIL","B",,,0,0,2025,"1.05","-1.16","1.19","1.41",,,668930,1,1,"Top",,,,,,,4.5594991579985,-113.21269518994869,-0.7760787926960386,7.967239903649185,23.498294358124742,-42.1248041503104,"3.46","1.73",,,,"78.1",2884,"6.8",813031,669257,518692,669242,571970,605141,571771,681624,606192,"53.71",,,,,,,,3,1,"Curveball",0,0,0,0,0,0,0,0,"Standard","Standard",46,"-0.004","0.035",,,,"-0.035",,0,0,0.498,0.502,30,33,31,34,1,0,13,1,11,,"4.97","-1.05","1.05","42.5",,,,,
"FF","2025-10-17","100.3","-2.1","5.65","Ohtani, Shohei",694192,660271,"strikeout","swinging_strike",,,,,3,"Jackson Chourio strikes out swinging.","L","R","R","LAD","MIL","S",2,,0,2,2025,"-0.29","1.47","0.51","2.83",,,668930,0,1,"Top",,,,,,,7.955252519148896,-145.83096785825953,-5.951346152698567,-6.01422137481684,34.97120277223394,-10.010243278581065,"3.3","1.58",,,,"101",2554,"6.8",813031,669257,518692,669242,571970,605141,571771,681624,606192,"53.73",,0,"0",1,0,0,,2,4,"4-Seam Fastball",0,0,0,0,0,0,0,0,"Standard","Standard",217,"0.022","-0.148","74.3","7.2",,"0.148",,0,0,0.476,0.524,30,21,31,21,1,0,13,1,11,,"0.81","0.29","0.29","34.1",6.410489257962069,8.484225659720448,30.018177124060067,40.54048482626328,19.65791196734302
"SL","2025-10-17","90","-1.9","6.01","Ohtani, Shohei",694192,660271,,"foul",,,,,14,"Foul","L","R","R","LAD","MIL","S",,,0,2,2025,"0.31","-0.3","0.11","0.81",,,668930,0,1,"Top",,,,,,,4.3583323147999025,-130.9502927122043,-6.378079516986223,2.720516183709874,25.87375934619217,-34.569806046618616,"3.3","1.58",,,,"90.7",2695,"6.6",813031,669257,518692,669242,571970,605141,571771,681624,606192,"53.89",,,,,,,,2,3,"Slider",0,0,0,0,0,0,0,0,"Standard","Standard",65,"0","0","57.0","8.3",,"0",,0,0,0.476,0.524,30,21,31,21,1,0,13,1,11,,"3.1","-0.31","-0.31","41.1",18.803684522464955,-17.653270783369408,35.567036112449266,37.01485272069639,36.468184470189165
"SL","2025-10-17","89.3","-1.74","6.01","Ohtani, Shohei",694192,660271,,"swinging_strike",,,,,14,"Swinging Strike","L","R","R","LAD","MIL","S",,,0,1,2025,"0.44","-0.16","0.89","1.55",,,668930,0,1,"Top",,,,,,,5.614731328291771,-129.927515212153,-4.658070827938927,3.7857824330532317,26.707271593267677,-33.277099741164086,"3.3","1.58",,,,"90.2",2605,"6.8",813031,669257,518692,669242,571970,605141,571771,681624,606192,"53.69",,,,,,,,2,2,"Slider",0,0,0,0,0,0,0,0,"Standard","Standard",85,"0.007","-0.053","67.5","8.2",,"0.053",,0,0,0.469,0.531,30,21,31,21,1,0,13,1,11,,"3.02","-0.44","-0.44","41.0",17.859635154755637,-14.887117688762945,30.51549066327574,48.58823972360062,38.0104016358255
"ST","2025-10-17","86","-2.21","5.63","Ohtani, Shohei",694192,660271,,"foul",,,,,5,"Foul","L","R","R","LAD","MIL","S",,,0,0,2025,"0.9","0.47","-0.15","2.27",,,668930,0,1,"Top",,,,,,,3.0611621009696672,-125.35952170738783,-2.7227519235877575,8.965164286441434,23.612921921372337,-26.87127982301757,"3.3","1.58",109,"73.3",10,"86.3",2692,"6.2",813031,669257,518692,669242,571970,605141,571771,681624,606192,"54.27",,,,,,,,2,1,"Sweeper",0,0,0,0,0,0,0,0,"Standard","Standard",70,"0.005","-0.043","77.6","7.1",,"0.043","88.0",0,0,0.464,0.536,30,21,31,21,1,0,13,1,11,,"2.58","-0.9","-0.9","32.4",0.669349933448345,0.8620194813968303,33.858015027196636,38.40781947651409,27.578588723688725
"FF","2025-10-17","99.4","-2.62","5.46","Ohtani, Shohei",668930,660271,"walk","ball",,,,,14,"Brice Turang walks.","L","L","R","LAD","MIL","B",,,3,2,2025,"-0.75","1.31","0.13","0.87",,,,0,1,"Top",,,,,,,9.35773337636551,-144.16429170841525,-10.308101144142269,-12.545782323638631,32.44781532106601,-11.588866667024904,"3.64","1.69",,,,"100.2",2592,"6.8",813031,669257,518692,669242,571970,605141,571771,681624,606192,"53.67",,0.691497,"0.7",1,0,0,,1,6,"4-Seam Fastball",0,0,0,0,0,0,0,0,"Strategic","Standard",224,"-0.031","0.356",,,,"-0.356",,0,0,0.495,0.505,30,25,31,26,1,0,13,1,11,,"1","0.75","-0.75","28.9",,,,,
"FF","2025-10-17","99.3","-2.68","5.57","Ohtani, Shohei",668930,660271,,"ball",,,,,14,"Ball","L","L","R","LAD","MIL","B",,,2,2,2025,"-0.7","1.39","1.05","1.85",,,,0,1,"Top",,,,,,,11.88677028590507,-144.07248548578346,-8.110093218823351,-12.318839079781657,31.34235115121637,-10.993806064629227,"3.65","1.7",,,,"100",2582,"6.7",813031,669257,518692,669242,571970,605141,571771,681624,606192,"53.8",,,,,,,,1,5,"4-Seam Fastball",0,0,0,0,0,0,0,0,"Standard","Standard",217,"-0.007","0.112",,,,"-0.112",,0,0,0.502,0.498,30,25,31,26,1,0,13,1,11,,"0.92","0.7","-0.7","29.7",,,,,
"FF","2025-10-17","97.8","-2.61","5.57","Ohtani, Shohei",668930,660271,,"foul",,,,,3,"Foul","L","L","R","LAD","MIL","S",,,2,1,2025,"-0.29","1.34","0.4","2.95",,,,0,1,"Top",,,,,,,8.80559275124743,-142.09382911382409,-4.653878098069835,-5.926417192330003,32.63578238161666,-13.144754361425468,"3.42","1.62",170,"78",15,"98",2601,"6.5",813031,669257,518692,669242,571970,605141,571771,681624,606192,"53.98",,,,,,,,1,4,"4-Seam Fastball",0,0,0,0,0,0,0,0,"Standard","Standard",218,"0.006","-0.073","63.8","5.6",,"0.073","88.0",0,0,0.496,0.504,30,25,31,26,1,0,13,1,11,,"1.05","0.29","-0.29","29.8",-4.602105863147859,25.772865565337444,39.85326717368016,26.956863035047114,18.301411047312325
"FF","2025-10-17","97.6","-2.48","5.54","Ohtani, Shohei",668930,660271,,"foul",,,,,4,"Foul","L","L","R","LAD","MIL","S",,,2,0,2025,"-0.84","1.36","-0.54","2.42",,,,0,1,"Top",,,,,,,7.217333098416814,-141.84797256594885,-6.055761093951919,-12.989024794675228,33.36953298691747,-12.575393792073555,"3.42","1.62",,,,"98.2",2580,"6.8",813031,669257,518692,669242,571970,605141,571771,681624,606192,"53.74",,,,,,,,1,3,"4-Seam Fastball",0,0,0,0,0,0,0,0,"Standard","Standard",219,"0.007","-0.072","72.6","6.6",,"0.072",,0,0,0.489,0.511,30,25,31,26,1,0,13,1,11,,"1.04","0.84","-0.84","30.5",-0.8682590832247297,23.91777449174855,37.36273412133233,38.529732721472726,25.25746864334555
"CU","2025-10-17","77.3","-2.23","5.97","Ohtani, Shohei",668930,660271,,"ball",,,,,13,"Ball","L","L","R","LAD","MIL","B",,,1,0,2025,"1.09","-1.24","-0.39","1.34",,,,0,1,"Top",,,,,,,1.9520368229907026,-112.43632595834717,-0.4916578643344367,8.658014192133976,24.776425442256702,-42.69777018619621,"3.54","1.59",,,,"76.8",2795,"6.4",813031,669257,518692,669242,571970,605141,571771,681624,606192,"54.08",,,,,,,,1,2,"Curveball",0,0,0,0,0,0,0,0,"Standard","Standard",41,"-0.007","0.077",,,,"-0.077",,0,0,0.496,0.504,30,25,31,26,1,0,13,1,11,,"5.13","-1.09","1.09","37.7",,,,,
"FF","2025-10-17","99.1","-2.59","5.62","Ohtani, Shohei",668930,660271,,"ball",,,,,11,"Ball","L","L","R","LAD","MIL","B",,,0,0,2025,"-1.11","1.3","-1.82","2.76",,,,0,1,"Top",,,,,,,4.7226059039449995,-144.13325594331363,-5.392138041417069,-16.6184782484342,36.28004651839697,-13.032590191351316,"3.64","1.67",,,,"99.1",2616,"6.5",813031,669257,518692,669242,571970,605141,571771,681624,606192,"54.01",,,,,,,,1,1,"4-Seam Fastball",0,0,0,0,0,0,0,0,"Standard","Standard",225,"-0.004","0.041",,,,"-0.041",,0,0,0.5,0.5,30,25,31,26,1,0,13,1,11,,"1.04","1.11","-1.11","31.8",,,,,
"CU","2025-10-04","77.9","-2.13","6.25","Ohtani, Shohei",669016,660271,"strikeout","swinging_strike_blocked",,,,,14,"Brandon Marsh strikes out swinging.","D","L","R","PHI","LAD","S",2,,3,2,2025,"1.15","-1.3","0.63","0.89",,,,2,6,"Bot",,,,,,,3.8186773919495423,-113.3172662389773,-2.0326651665530235,8.87461346735579,25.921723119424612,-42.98706487218616,"3.2","1.53",,,,"77.6",2773,"6.6",813051,669257,518692,669242,571970,605141,571771,681624,606192,"53.85",,0,"0",1,0,0,,48,6,"Curveball",3,2,3,2,2,3,3,2,"Infield shade","Standard",38,"-0.013","-0.328","62.9","8.8",,"0.328",,1,1,0.705,0.705,30,27,31,28,3,2,11,6,13,2,"5.14","-1.15","1.15","42.6",45.83051525257426,-56.30139456487747,48.59207742034805,32.79370365547104,69.88464626135706
"SL","2025-10-04","87.9","-2.5","6.2","Ohtani, Shohei",669016,660271,,"ball",,,,,13,"Ball","D","L","R","PHI","LAD","B",,,2,2,2025,"0.14","-0.25","-0.68","0.9",,,,2,6,"Bot",,,,,,,4.153464669665866,-127.95562491282601,-6.244569288444353,0.643504226055851,26.63417220712293,-33.86387318230911,"3.13","1.46",,,,"88.3",2560,"6.5",813051,669257,518692,669242,571970,605141,571771,681624,606192,"53.96",,,,,,,,48,5,"Slider",3,2,3,2,2,3,3,2,"Infield shade","Standard",71,"0.003","0.104",,,,"-0.104",,1,1,0.702,0.702,30,27,31,28,3,2,11,6,13,2,"3.2","-0.14","0.14","40.7",,,,,
"FF","2025-10-04","98.4","-2.65","5.73","Ohtani, Shohei",669016,660271,,"ball",,,,,11,"Ball","D","L","R","PHI","LAD","B",,,1,2,2025,"-0.44","1.25","-1.59","3.37",,,,2,6,"Bot",,,,,,,3.9224880470994643,-143.20065725661573,-3.8579037791237383,-6.926949357789555,34.41592832442681,-14.280851297006171,"3.13","1.51",,,,"99",2486,"6.7",813051,669257,518692,669242,571970,605141,571771,681624,606192,"53.77",,,,,,,,48,4,"4-Seam Fastball",3,2,3,2,2,3,3,2,"Infield shade","Standard",213,"0.002","0.042",,,,"-0.042",,1,1,0.7,0.7,30,27,31,28,3,2,11,6,13,2,"1.11","0.44","-0.44","30.9",,,,,
"CU","2025-10-04","80.8","-2.23","6.32","Ohtani, Shohei",669016,660271,,"ball",,,,,14,"Ball","D","L","R","PHI","LAD","B",,,0,2,2025,"0.86","-1.49","2.14","-0.4",,,,2,6,"Bot",,,,,,,8.115057022069454,-117.16363792685097,-5.215168666688148,5.621040680738075,30.10926426357969,-44.397158765926,"3.15","1.48",,,,"79.9",2868,"6.7",813051,669257,518692,669242,571970,605141,571771,681624,606192,"53.77",,,,,,,,48,3,"Curveball",3,2,3,2,2,3,3,2,"Strategic","Standard",37,"0.001","0.022",,,,"-0.022",,1,1,0.699,0.699,30,27,31,28,3,2,11,6,13,2,"5.11","-0.86","0.86","47.1",,,,,
"CU","2025-10-04","79.1","-2.23","6.25","Ohtani, Shohei",669016,660271,,"swinging_strike",,,,,14,"Swinging Strike","D","L","R","PHI","LAD","S",,,0,1,2025,"0.93","-1.32","0.21","1.11",,,,2,6,"Bot",,,,,,,3.588898909338626,-115.00597864839169,-1.7377049329801684,7.215732425050146,27.282345852041967,-43.52778959000745,"3.2","1.53",,,,"78.5",2732,"6.6",813051,669257,518692,669242,571970,605141,571771,681624,606192,"53.91",,,,,,,,48,2,"Curveball",3,2,3,2,2,3,3,2,"Standard","Standard",39,"-0.002","-0.057","62.9","8.7",,"0.057",,1,1,0.701,0.701,30,27,31,28,3,2,11,6,13,2,"5.06","-0.93","0.93","45.2",38.59785221774437,-34.02031474486752,45.342685371271834,36.85446712931132,52.15242664288122
"SL","2025-10-04","86.9","-2.16","6.23","Ohtani, Shohei",669016,660271,,"foul",,,,,5,"Foul","D","L","R","PHI","LAD","S",,,0,0,2025,"0.47","-0.13","-0.19","2.13",,,,2,6,"Bot",,,,,,,3.808001845411521,-126.51348715769213,-3.4215643464701655,4.252121089369862,25.38111928013606,-33.06936949233421,"3.2","1.53",24,"75.1",-4,"87.6",2506,"6.7",813051,669257,518692,669242,571970,605141,571771,681624,606192,"53.85",,,,,,,,48,1,"Slider",3,2,3,2,2,3,3,2,"Standard","Standard",95,"-0.002","-0.043","73.0","8.0",,"0.043","88.0",1,1,0.703,0.703,30,27,31,28,3,2,11,6,13,2,"3.14","-0.47","0.47","42.8",22.327333943862754,-17.917931662578475,34.541094808508646,40.93713896521368,42.9194789774495
"SL","2025-10-04","87.9","-2.21","6.21","Ohtani, Shohei",664761,660271,"field_out","hit_into_play",,,,,4,"Alec Bohm flies out to right fielder Teoscar Hernández.","D","R","R","PHI","LAD","X",9,"fly_ball",0,0,2025,"0.3","0.14","-0.37","2.83",,,,1,6,"Bot",168.35,121.57,,,,,3.86804389278575,-128.03380865058227,-2.4079271981240216,2.4569164171090274,26.22556239002267,-30.297552148957347,"3.59","1.64",222,"87.8",54,"88.5",2616,"6.6",813051,669257,518692,669242,571970,605141,571771,681624,606192,"53.93",0.015,0.02,"0",1,0,0,3,47,1,"Slider",3,2,3,2,2,3,3,2,"Strategic","Standard",92,"-0.016","-0.254","77.3","7.0",0.027,"0.254","88.0",1,1,0.719,0.719,30,28,31,29,3,2,11,6,13,2,"2.8","-0.3","-0.3","40.3",4.93192529683416,-0.9563347440339554,27.762710149664763,34.13279463245736,28.77606359677888
"CU","2025-10-04","80.7","-2.06","6.33","Ohtani, Shohei",547180,660271,"strikeout","swinging_strike",,,,,14,"Bryce Harper strikes out swinging.","D","L","R","PHI","LAD","S",2,,2,2,2025,"0.96","-1.2","0.62","1.21",,,,0,6,"Bot",,,,,,,4.1524331528363865,-117.22653570528902,-2.2463680529310883,7.613283684401438,28.598720897460225,-42.679929809180464,"3.19","1.64",,,,"80.1",2857,"6.7",813051,669257,518692,669242,571970,605141,571771,681624,606192,"53.84",,0,"0",1,0,0,,46,5,"Curveball",3,2,3,2,2,3,3,2,"Infield shade","Standard",38,"-0.019","-0.232","74.4","8.4",,"0.232",,1,1,0.738,0.738,30,32,31,33,3,2,11,6,13,2,"4.79","-0.96","0.96","41.5",26.480025280217447,-32.93024423950034,38.08876206932684,31.63513450611796,57.106854691751465
"FS","2025-10-04","89","-2.31","5.96","Ohtani, Shohei",547180,660271,,"ball",,,,,14,"Ball","D","L","R","PHI","LAD","B",,,1,2,2025,"-1.28","0.37","0.46","0.91",,,,0,6,"Bot",,,,,,,9.543402007808515,-129.09563318837212,-7.110289662714561,-16.29942459963222,28.100430854178374,-26.692227498160342,"3.15","1.66",,,,"89.4",1571,"6.8",813051,669257,518692,669242,571970,605141,571771,681624,606192,"53.72",,,,,,,,46,4,"Split-Finger",3,2,3,2,2,3,3,2,"Infield shade","Standard",224,"0.003","0.043",,,,"-0.043",,1,1,0.735,0.735,30,32,31,33,3,2,11,6,13,2,"2.54","1.28","-1.28","34.1",,,,,
"FS","2025-10-04","86.2","-2.51","5.86","Ohtani, Shohei",547180,660271,,"swinging_strike",,,,,13,"Swinging Strike","D","L","R","PHI","LAD","S",,,1,1,2025,"-1.38","0.49","-0.55","0.99",,,,0,6,"Bot",,,,,,,7.524870692403485,-125.06854148640507,-6.302142715202271,-16.072151308152144,27.679012195494177,-25.84179872554242,"3.19","1.64",,,,"86.5",1536,"6.8",813051,669257,518692,669242,571970,605141,571771,681624,606192,"53.66",,,,,,,,46,3,"Split-Finger",3,2,3,2,2,3,3,2,"Standard","Standard",232,"-0.004","-0.061","73.3","9.0",,"0.061",,1,1,0.739,0.739,30,32,31,33,3,2,11,6,13,2,"2.62","1.38","-1.38","35.7",31.33159524802751,-32.59129543737978,41.25694104994528,44.382638587550616,50.41985554514737
"FF","2025-10-04","97.5","-2.48","5.81","Ohtani, Shohei",547180,660271,,"foul",,,,,5,"Foul","D","L","R","PHI","LAD","S",,,1,0,2025,"-0.86","1.43","-0.21","2.23",,,,0,6,"Bot",,,,,,,8.135936657921588,-141.6447854091075,-7.43618285775638,-13.466569377021628,33.5404374479686,-11.315514418138646,"3.19","1.64",221,"76.8",45,"98",2590,"6.8",813051,669257,518692,669242,571970,605141,571771,681624,606192,"53.74",,,,,,,,46,2,"4-Seam Fastball",3,2,3,2,2,3,3,2,"Standard","Standard",218,"-0.004","-0.05","76.2","7.4",,"0.05","88.0",1,1,0.743,0.743,30,32,31,33,3,2,11,6,13,2,"0.98","0.86","-0.86","32.7",9.085657453377651,4.282934221428273,40.87462535579014,39.311650305020315,26.90026259759173
"CU","2025-10-04","72.9","-2.1","6.28","Ohtani, Shohei",547180,660271,,"ball",,,,,14,"Ball","D","L","R","PHI","LAD","B",,,0,0,2025,"1.14","-1.48","0.67","-0.24",,,,0,6,"Bot",,,,,,,3.6187991841734375,-105.93329902282737,-2.9671164174696276,7.592628906754228,23.272238954923154,-42.6754655820734,"3.22","1.6",,,,"72.3",2643,"6.6",813051,669257,518692,669242,571970,605141,571771,681624,606192,"53.9",,,,,,,,46,1,"Curveball",3,2,3,2,2,3,3,2,"Standard","Standard",38,"0.003","0.041",,,,"-0.041",,1,1,0.74,0.74,30,32,31,33,3,2,11,6,13,2,"5.88","-1.14","1.14","42.6",,,,,
"CU","2025-10-04","79.6","-2.07","6.19","Ohtani, Shohei",656941,660271,"strikeout","swinging_strike",,,,,7,"Kyle Schwarber strikes out swinging.","D","L","R","PHI","LAD","S",2,,3,2,2025,"1.05","-1.24","-0.43","1.6",,664056,681082,2,5,"Bot",,,,,,,1.6316459484847639,-115.90423684265895,-0.8814692143357268,9.018617034822162,25.4145885605206,-43.292992891733874,"3.27","1.51",,,,"79.7",2670,"6.7",813051,669257,518692,669242,571771,605141,669743,681624,606192,"53.79",,0,"0",1,0,0,,39,6,"Curveball",3,0,3,0,0,3,3,0,"Standard","Standard",41,"-0.02","-0.282","68.2","8.2",,"0.282",,3,3,0.883,0.883,30,32,31,32,3,2,11,6,13,2,"4.89","-1.05","1.05","41.8",21.178485370492233,-24.999362442383763,28.223551206161567,39.629206102129984,45.85355515274569
"FF","2025-10-04","99.3","-2.26","5.77","Ohtani, Shohei",656941,660271,,"ball",,,,,14,"Ball","D","L","R","PHI","LAD","B",,,2,2,2025,"-0.2","1.29","1.2","1.48",,664056,681082,2,5,"Bot",,,,,,,10.01153285590381,-144.09851833888834,-9.439274435164164,-5.1137315290132985,34.0975719114569,-12.030984252538026,"3.06","1.35",,,,"100",2435,"6.9",813051,669257,518692,669242,571771,605141,669743,681624,606192,"53.61",,,,,,,,39,5,"4-Seam Fastball",3,0,3,0,0,3,3,0,"Standard","Standard",216,"0.004","0.079",,,,"-0.079",,3,3,0.879,0.879,30,32,31,32,3,2,11,6,13,2,"1.03","0.2","-0.2","33.8",,,,,
"SL","2025-10-04","88.6","-2.07","6.12","Ohtani, Shohei",656941,660271,,"blocked_ball",,,,,14,"Ball In Dirt","D","L","R","PHI","LAD","B",,,1,2,2025,"0.22","-0.07","0.27","0.7",,664056,681082,2,5,"Bot",,,,,,,5.289125640095395,-128.87186495846436,-7.047447875769364,1.2699804109676422,27.61128877489744,-31.6008860377928,"3.06","1.41",,,,"89.1",2702,"6.7",813051,669257,518692,669242,571771,605141,669743,681624,606192,"53.82",,,,,,,,39,4,"Slider",3,0,3,0,0,3,3,0,"Standard","Standard",65,"0.003","0.012",,,,"-0.012",,3,3,0.876,0.876,30,32,31,32,3,2,11,6,13,2,"2.98","-0.22","0.22","39.8",,,,,
"SL","2025-10-04","89.1","-1.88","6.22","Ohtani, Shohei",656941,660271,,"blocked_ball",,,,,14,"Ball In Dirt","D","L","R","PHI","LAD","B",,,0,2,2025,"0.28","-0.18","0.66","0.58",,664056,681082,2,5,"Bot",,,,,,,5.688494453920039,-129.6001604669447,-7.454937978598922,1.9373208120996819,26.983221853402366,-32.890230002418704,"3.12","1.38",,,,"89.5",2694,"6.6",813051,669257,518692,669242,571771,605141,669743,681624,606192,"53.94",,,,,,,,39,3,"Slider",3,0,3,0,0,3,3,0,"Standard","Standard",70,"0.001","0.012",,,,"-0.012",,3,3,0.875,0.875,30,32,31,32,3,2,11,6,13,2,"3.06","-0.28","0.28","48.1",,,,,
"FF","2025-10-04","99.8","-2.34","5.77","Ohtani, Shohei",656941,660271,,"swinging_strike",,,,,2,"Swinging Strike","D","L","R","PHI","LAD","S",,,0,1,2025,"-0.47","1.39","-0.07","2.92",,664056,681082,2,5,"Bot",,,,,,,7.415893027894269,-145.13880531043492,-5.7778668009119105,-8.351376338131402,34.21485871328374,-11.283980843747289,"3.27","1.51",,,,"100.6",2539,"6.8",813051,669257,518692,669242,571771,605141,669743,681624,606192,"53.73",,,,,,,,39,2,"4-Seam Fastball",3,0,3,0,0,3,3,0,"Standard","Standard",214,"-0.003","-0.057","76.1","6.2",,"0.057",,3,3,0.878,0.878,30,32,31,32,3,2,11,6,13,2,"0.9","0.47","-0.47","33.2",3.70228095662451,27.50494377651044,28.57851555422983,35.21337441757502,15.344050048632209
"SL","2025-10-04","89.4","-1.93","6.17","Ohtani, Shohei",656941,660271,,"swinging_strike",,,,,7,"Swinging Strike","D","L","R","PHI","LAD","S",,,0,0,2025,"0.23","0.02","-0.47","1.98",,664056,681082,2,5,"Bot",,,,,,,3.118601761465051,-130.14735265447206,-4.397947803973576,2.047169032531534,26.27592482314359,-31.304124174055378,"3.27","1.51",,,,"90",2549,"6.6",813051,669257,518692,669242,571771,605141,669743,681624,606192,"53.94",,,,,,,,39,1,"Slider",3,0,3,0,0,3,3,0,"Standard","Standard",93,"-0.003","-0.047","82.6","7.3",,"0.047",,3,3,0.881,0.881,30,32,31,32,3,2,11,6,13,2,"2.82","-0.23","0.23","43.1",15.505479323137035,4.015787406574232,29.150477016227214,39.915401915715364,29.894540141330836
"ST","2025-10-04","87.1","-2.18","5.73","Ohtani, Shohei",607208,660271,"field_out","hit_into_play",,,,,6,"Trea Turner lines out to shortstop Mookie Betts.","D","R","R","PHI","LAD","X",6,"line_drive",0,0,2025,"1","0.41","0.47","2.66",,664056,681082,1,5,"Bot",115.3,149.86,,,,,4.336333795337587,-126.72648050029966,-1.9780452041330778,9.717485070617776,29.304600537307408,-27.550393149298014,"3.49","1.68",143,"72.7",12,"87.3",2539,"6.7",813051,669257,518692,669242,571771,605141,669743,681624,606192,"53.79",0.362,0.326,"0",1,0,0,2,38,1,"Sweeper",3,0,3,0,0,3,3,0,"Standard","Standard",67,"-0.018","-0.243","68.3","8.2",0.384,"0.243","88.0",3,3,0.899,0.899,30,32,31,32,3,2,11,6,13,2,"2.62","-1","-1","33.4",5.399125493823429,-21.711414343450105,22.10086860544038,42.61259936057603,37.66249471890594
"FS","2025-10-04","87.4","-2.33","5.88","Ohtani, Shohei",681082,660271,"single","hit_into_play",,,,,7,"Bryson Stott singles on a line drive to center fielder Andy Pages. Harrison Bader to 2nd.","D","L","R","PHI","LAD","X",8,"line_drive",0,1,2025,"-0.94","0.17","-0.65","1.67",,,664056,1,5,"Bot",109.9,85.27,,,,,6.038388095910638,-127.10871754445346,-4.354987104033337,-11.480702678642004,27.506037595463404,-29.559302791432536,"3.32","1.59",194,"92.3",11,"88.1",1400,"6.9",813051,669257,518692,669242,571771,605141,669743,681624,606192,"53.6",0.754,0.689,"0.9",1,1,0,4,37,2,"Split-Finger",3,0,3,0,0,3,3,0,"Standard","Standard",228,"0.016","0.446","69.1","7.5",0.826,"-0.446","92.3",3,3,0.883,0.883,30,27,31,28,2,1,11,6,13,2,"2.83","0.94","-0.94","37.0",7.100141815901998,7.52246591274825,32.61828978106991,41.021212316402824,31.06590644266397
"CU","2025-10-04","74.6","-1.89","6.2","Ohtani, Shohei",681082,660271,,"called_strike",,,,,6,"Called Strike","D","L","R","PHI","LAD","S",,,0,0,2025,"1.25","-1.23","0.37","2.09",,,664056,1,5,"Bot",,,,,,,2.4490320231163047,-108.58303116046228,1.0261974644215415,9.265445899102852,22.24103277331819,-42.232264606662845,"3.14","1.51",,,,"74.4",2511,"6.5",813051,669257,518692,669242,571771,605141,669743,681624,606192,"54.02",,,,,,,,37,1,"Curveball",3,0,3,0,0,3,3,0,"Standard","Standard",40,"-0.002","-0.04",,,,"0.04",,3,3,0.885,0.885,30,27,31,28,2,1,11,6,13,2,"5.38","-1.25","1.25","44.7",,,,,
"ST","2025-10-04","86.3","-2.56","5.69","Ohtani, Shohei",664056,660271,"hit_by_pitch","hit_by_pitch",,,,,11,"Harrison Bader hit by pitch.","D","R","R","PHI","LAD","B",,,0,2,2025,"1.56","0.52","-1.43","3.91",,,,1,5,"Bot",,,,,,,-0.48054346452656715,-125.66639137227222,0.9350383870275437,16.60214649072386,25.457313192651398,-27.07575939166894,"3.24","1.52",,,,"86.9",2573,"6.7",813051,669257,518692,669242,571771,605141,669743,681624,606192,"53.85",,0.722289,"0.7",1,0,0,,36,3,"Sweeper",3,0,3,0,0,3,3,0,"Standard","Standard",77,"0.012","0.509",,,,"-0.509",,3,3,0.873,0.873,30,31,31,31,2,1,11,7,13,2,"2.54","-1.56","-1.56","29.1",,,,,
"FF","2025-10-04","98.1","-2.38","5.87","Ohtani, Shohei",664056,660271,,"called_strike",,,,,5,"Called Strike","D","R","R","PHI","LAD","S",,,0,1,2025,"-0.41","1.17","-0.12","2.62",,,,1,5,"Bot",,,,,,,7.11680107953143,-142.72353318711714,-6.074788973696577,-7.249436176466179,31.75205117881168,-14.969116927643775,"3.15","1.52",,,,"98.9",2485,"6.7",813051,669257,518692,669242,571771,605141,669743,681624,606192,"53.8",,,,,,,,36,2,"4-Seam Fastball",3,0,3,0,0,3,3,0,"Standard","Standard",211,"-0.001","-0.052",,,,"0.052",,3,3,0.874,0.874,30,31,31,31,2,1,11,7,13,2,"1.19","0.41","0.41","34.1",,,,,
"FF","2025-10-04","97.6","-2.45","5.88","Ohtani, Shohei",664056,660271,,"foul",,,,,3,"Foul","D","R","R","PHI","LAD","S",,,0,0,2025,"-0.46","1.42","0.29","3.01",,,,1,5,"Bot",,,,,,,8.49923088032074,-141.86015026511566,-5.502044195404627,-8.117143915787372,32.532628617841596,-11.969678022064409,"3.24","1.52",229,"83.1",53,"98.4",2566,"6.8",813051,669257,518692,669242,571771,605141,669743,681624,606192,"53.68",,,,,,,,36,1,"4-Seam Fastball",3,0,3,0,0,3,3,0,"Standard","Standard",209,"-0.001","-0.039","67.6","6.0",,"0.039","88.0",3,3,0.875,0.875,30,31,31,31,2,1,11,7,13,2,"0.98","0.46","0.46","34.4",2.319732437612033,22.072482629968466,22.339986737694968,39.63563238272849,15.850442605942296
"FF","2025-10-04","98.7","-2.57","5.78","Ohtani, Shohei",596146,660271,"strikeout","foul_tip",,,,,6,"Max Kepler strikes out on a foul tip.","D","L","R","PHI","LAD","S",2,,1,2,2025,"-0.47","1.37","0.82","2.81",,,,0,5,"Bot",,,,,,,10.398985820743848,-143.31148712843702,-5.822965563876442,-8.96628531770045,33.93726430473398,-12.108453092647185,"3.41","1.61",,,,"99.1",2545,"6.7",813051,669257,518692,669242,571771,605141,669743,681624,606192,"53.79",,0,"0",1,0,0,,35,5,"4-Seam Fastball",3,0,3,0,0,3,3,0,"Infield shade","Standard",223,"-0.007","-0.189","74.1","7.3",,"0.189",,3,3,0.882,0.882,30,32,31,32,2,1,11,6,13,2,"0.99","0.47","-0.47","32.4",16.7093325693752,-12.663998637720134,38.820618778156216,28.76090604007278,31.5071774244858
"FS","2025-10-04","90.1","-2.39","6.09","Ohtani, Shohei",596146,660271,,"ball",,,,,13,"Ball","D","L","R","PHI","LAD","B",,,0,2,2025,"-1.33","0.11","-1.92","1.59",,,,0,5,"Bot",,,,,,,4.020214218938011,-131.07963036784844,-5.45482865822818,-16.15781191984715,28.496378096414485,-29.930885572946877,"3.25","1.56",,,,"90.6",1386,"6.7",813051,669257,518692,669242,571771,605141,669743,681624,606192,"53.82",,,,,,,,35,4,"Split-Finger",3,0,3,0,0,3,3,0,"Infield shade","Standard",227,"0.001","0.024",,,,"-0.024",,3,3,0.881,0.881,30,32,31,32,2,1,11,6,13,2,"2.71","1.33","-1.33","39.4",,,,,
"FF","2025-10-04","97.8","-2.58","5.78","Ohtani, Shohei",596146,660271,,"foul",,,,,1,"Foul","D","L","R","PHI","LAD","S",,,0,2,2025,"-0.83","1.25","-0.29","2.86",,,,0,5,"Bot",,,,,,,8.131718296739272,-142.14094267739304,-5.248108068783798,-13.11724269771348,34.48583751381398,-14.266608347085722,"3.41","1.61",196,"80",65,"98.3",2628,"6.8",813051,669257,518692,669242,571771,605141,669743,681624,606192,"53.75",,,,,,,,35,3,"4-Seam Fastball",3,0,3,0,0,3,3,0,"Infield shade","Standard",217,"0","0","65.0","6.8",,"0","88.0",3,3,0.881,0.881,30,32,31,32,2,1,11,6,13,2,"1.15","0.83","-0.83","33.3",-1.5990136186455086,-5.069404421445126,33.91408286139573,41.88777487570029,28.670435694516332
"SL","2025-10-04","85.9","-2.54","6.23","Ohtani, Shohei",596146,660271,,"called_strike",,,,,11,"Called Strike","D","L","R","PHI","LAD","S",,,0,1,2025,"0.36","-0.1","-0.94","3.25",,,,0,5,"Bot",,,,,,,3.0764331277768195,-125.17720344031783,-0.6467477177608725,3.233966437159008,24.29269712106917,-33.349508446958815,"3.38","1.59",,,,"86.4",2565,"6.4",813051,669257,518692,669242,571771,605141,669743,681624,606192,"54.08",,,,,,,,35,2,"Slider",3,0,3,0,0,3,3,0,"Infield shade","Standard",86,"-0.002","-0.055",,,,"0.055",,3,3,0.883,0.883,30,32,31,32,2,1,11,6,13,2,"3.17","-0.36","0.36","39.6",,,,,
"SL","2025-10-04","85.2","-2.31","6.26","Ohtani, Shohei",596146,660271,,"swinging_strike",,,,,13,"Swinging Strike","D","L","R","PHI","LAD","S",,,0,0,2025,"0.16","0.06","-0.45","1.33",,,,0,5,"Bot",,,,,,,4.076636665779702,-124.01258353975906,-5.441580824516633,0.8620027135086767,23.807618514993973,-30.736249556977153,"3.41","1.61",,,,"85.9",2427,"6.6",813051,669257,518692,669242,571771,605141,669743,681624,606192,"53.89",,,,,,,,35,1,"Slider",3,0,3,0,0,3,3,0,"Infield shade","Standard",104,"-0.001","-0.039","74.7","8.7",,"0.039",,3,3,0.884,0.884,30,32,31,32,2,1,11,6,13,2,"3.07","-0.16","0.16","41.2",24.40813405467176,-32.821536796673996,33.6600420803521,44.338892049474396,51.43304570615138
"SL","2025-10-04","88.6","-2.35","6.29","Ohtani, Shohei",592663,660271,"field_out","hit_into_play",,,,,5,"J.T. Realmuto grounds out, third baseman Enrique Hernández to first baseman Freddie Freeman.","D","R","R","PHI","LAD","X",5,"ground_ball",0,2,2025,"0.32","-0.4","0.19","2.36",,,,2,4,"Bot",99.1,170.11,,,,,5.575044496637497,-128.87058133733927,-2.6969245654419374,2.346222899537017,27.81041603915275,-36.24375915256646,"3.66","1.74",3,"95.4",-40,"89",2675,"6.6",813051,666163,518692,669242,571771,605141,669743,681624,606192,"53.86",0.046,0.055,"0",1,0,0,2,30,4,"Slider",3,0,3,0,0,3,3,0,"Standard","Standard",66,"-0.004","-0.16","77.0","7.8",0.048,"0.16","95.4",3,3,0.84,0.84,30,34,31,34,2,1,11,7,13,2,"3.31","-0.32","-0.32","44.7",13.491734200251283,1.2518234307197404,27.317066356981528,41.11615301928266,26.40811989888811
"ST","2025-10-04","84.9","-2.69","5.69","Ohtani, Shohei",592663,660271,,"foul",,,,,5,"Foul","D","R","R","PHI","LAD","S",,,0,2,2025,"1.17","0.32","0.12","2.79",,,,2,4,"Bot",,,,,,,4.292527214742259,-123.65261829295105,-1.0832423888818106,11.049799717924294,25.77535404435202,-28.933741690875607,"3.66","1.74",179,"68.9",32,"85.7",2654,"6.9",813051,666163,518692,669242,571771,605141,669743,681624,606192,"53.63",,,,,,,,30,3,"Sweeper",3,0,3,0,0,3,3,0,"Standard","Standard",70,"0","0","68.2","6.8",,"0","88.0",3,3,0.84,0.84,30,34,31,34,2,1,11,7,13,2,"2.85","-1.17","-1.17","31.7",0.2920089472572429,12.354492255022645,32.359910496185464,40.671144237912486,20.000364227826203
"SI","2025-10-04","96.4","-2.67","5.66","Ohtani, Shohei",592663,660271,,"called_strike",,,,,5,"Called Strike","D","R","R","PHI","LAD","S",,,0,1,2025,"-0.98","0.62","-0.19","2.25",,,,2,4,"Bot",,,,,,,8.863985623639548,-140.11774690767436,-4.893788481499334,-14.921531399734903,33.01599434536741,-23.122029405939227,"3.55","1.6",,,,"96.9",2273,"6.7",813051,666163,518692,669242,571771,605141,669743,681624,606192,"53.79",,,,,,,,30,2,"Sinker",3,0,3,0,0,3,3,0,"Standard","Standard",215,"-0.001","-0.057",,,,"0.057",,3,3,0.841,0.841,30,34,31,34,2,1,11,7,13,2,"1.85","0.98","0.98","31.9",,,,,
"FF","2025-10-04","98.4","-2.43","5.74","Ohtani, Shohei",592663,660271,,"called_strike",,,,,6,"Called Strike","D","R","R","PHI","LAD","S",,,0,0,2025,"-0.49","1.49","0.43","2.75",,,,2,4,"Bot",,,,,,,8.95971667481373,-142.9193966804141,-6.157412461415069,-8.79344751311123,34.111971014054404,-10.437923842457549,"3.61","1.69",,,,"99.2",2522,"6.9",813051,666163,518692,669242,571771,605141,669743,681624,606192,"53.59",,,,,,,,30,1,"4-Seam Fastball",3,0,3,0,0,3,3,0,"Standard","Standard",213,"-0.001","-0.043",,,,"0.043",,3,3,0.842,0.842,30,34,31,34,2,1,11,7,13,2,"0.88","0.49","0.49","35.0",,,,,
"CU","2025-10-04","81.4","-1.95","6.25","Ohtani, Shohei",669016,660271,"strikeout","called_strike",,,,,6,"Brandon Marsh called out on strikes.","D","L","R","PHI","LAD","S",2,,1,2,2025,"1.04","-1.35","0.6","2.31",,,,1,4,"Bot",,,,,,,3.737665951567283,-118.3803956068075,0.5289753449263799,8.737248971701973,27.50249771174262,-45.076230135634596,"3.14","1.43",,,,"81.3",2840,"6.7",813051,666163,518692,669242,571771,605141,669743,681624,606192,"53.77",,0,"0",1,0,0,,29,4,"Curveball",3,0,3,0,0,3,3,0,"Infield shade","Standard",38,"-0.006","-0.18",,,,"0.18",,3,3,0.848,0.848,30,27,31,28,2,1,11,6,13,2,"4.86","-1.04","1.04","44.9",,,,,
"CU","2025-10-04","78.8","-2.17","6.17","Ohtani, Shohei",669016,660271,,"swinging_strike",,,,,14,"Swinging Strike","D","L","R","PHI","LAD","S",,,1,1,2025,"1.42","-0.99","1.11","0.6",,,,1,4,"Bot",,,,,,,4.499358533542226,-114.60079638738442,-3.328162349574893,11.363958538015533,25.011849415532044,-40.26951009110764,"3.2","1.53",,,,"78.7",2821,"6.7",813051,666163,518692,669242,571771,605141,669743,681624,606192,"53.83",,,,,,,,29,3,"Curveball",3,0,3,0,0,3,3,0,"Standard","Standard",42,"-0.002","-0.064","75.6","8.2",,"0.064",,3,3,0.85,0.85,30,27,31,28,2,1,11,6,13,2,"4.72","-1.42","1.42","43.7",44.54831695650188,-18.790021291677938,50.22157669077814,27.52843307697625,53.85747517867555
"FS","2025-10-04","89.7","-2.42","5.81","Ohtani, Shohei",669016,660271,,"ball",,,,,14,"Ball","D","L","R","PHI","LAD","B",,,0,1,2025,"-0.89","0.21","0.66","1.32",,,,1,4,"Bot",,,,,,,9.599393515109451,-130.21625507817873,-5.566743154512503,-12.220492656388108,27.84029630895593,-28.776138153363743,"3.14","1.49",,,,"90.4",1617,"6.9",813051,666163,518692,669242,571771,605141,669743,681624,606192,"53.63",,,,,,,,29,2,"Split-Finger",3,0,3,0,0,3,3,0,"Standard","Standard",236,"0.001","0.029",,,,"-0.029",,3,3,0.849,0.849,30,27,31,28,2,1,11,6,13,2,"2.64","0.89","-0.89","37.8",,,,,
"FF","2025-10-04","98.6","-2.29","5.89","Ohtani, Shohei",669016,660271,,"called_strike",,,,,7,"Called Strike","D","L","R","PHI","LAD","S",,,0,0,2025,"-0.86","1.37","-0.62","1.6",,,,1,4,"Bot",,,,,,,6.60406766205354,-143.12993995010953,-9.440274374067016,-13.388065310860561,34.234046693955214,-11.29717244484197,"3.2","1.53",,,,"99.2",2640,"6.8",813051,666163,518692,669242,571771,605141,669743,681624,606192,"53.68",,,,,,,,29,1,"4-Seam Fastball",3,0,3,0,0,3,3,0,"Standard","Standard",217,"-0.001","-0.039",,,,"0.039",,3,3,0.85,0.85,30,27,31,28,2,1,11,6,13,2,"0.99","0.86","-0.86","34.6",,,,,
"SL","2025-10-04","88.3","-2.19","6.28","Ohtani, Shohei",664761,660271,"field_out","hit_into_play",,,,,7,"Alec Bohm grounds out sharply, shortstop Mookie Betts to first baseman Freddie Freeman.","D","R","R","PHI","LAD","X",6,"ground_ball",2,2,2025,"0.38","0.03","-0.42","1.8",,,,0,4,"Bot",116.31,147.84,,,,,3.525043280551097,-128.52929937579944,-4.934263613272511,3.5114100409642015,25.979603862406016,-31.016965546288944,"3.59","1.64",13,"105.6",-7,"88.9",2687,"6.6",813051,666163,518692,669242,571771,605141,669743,681624,606192,"53.88",0.352,0.313,"0",1,0,0,2,28,5,"Slider",3,0,3,0,0,3,3,0,"Standard","Standard",66,"-0.009","-0.232","72.8","6.9",0.379,"0.232","105.6",3,3,0.859,0.859,30,28,31,29,2,1,11,6,13,2,"2.88","-0.38","-0.38","43.1",-4.560747461595465,1.0811414449552326,34.10588929172394,34.157131272572144,25.962910530098718
"ST","2025-10-04","87.7","-2.59","5.8","Ohtani, Shohei",664761,660271,,"ball",,,,,14,"Ball","D","R","R","PHI","LAD","B",,,1,2,2025,"1.25","0.2","1.2","1.83",,,,0,4,"Bot",,,,,,,6.618372906434198,-127.56756290935834,-3.86744883923267,12.125736641052017,28.421397917153133,-29.326322764607916,"3.5","1.57",,,,"88",2732,"6.7",813051,666163,518692,669242,571771,605141,669743,681624,606192,"53.82",,,,,,,,28,4,"Sweeper",3,0,3,0,0,3,3,0,"Standard","Standard",67,"0.001","0.043",,,,"-0.043",,3,3,0.858,0.858,30,28,31,29,2,1,11,6,13,2,"2.78","-1.25","-1.25","30.7",,,,,
"SL","2025-10-04","88.2","-1.96","6.14","Ohtani, Shohei",664761,660271,,"swinging_strike",,,,,14,"Swinging Strike","D","R","R","PHI","LAD","S",,,1,1,2025,"0.2","0.14","0.84","0.96",,,,0,4,"Bot",,,,,,,6.4547215421277615,-128.18242873202615,-6.854186218669335,0.8709299871579393,26.49237504261527,-29.346676771540217,"3.59","1.64",,,,"88.8",2495,"6.8",813051,666163,518692,669242,571771,605141,669743,681624,606192,"53.75",,,,,,,,28,3,"Slider",3,0,3,0,0,3,3,0,"Standard","Standard",83,"-0.001","-0.061","70.5","8.8",,"0.061",,3,3,0.859,0.859,30,28,31,29,2,1,11,6,13,2,"2.79","-0.2","-0.2","43.1",19.919349456959292,-22.13631221977056,34.20462752356601,50.154522820105484,40.83330683180223
"FF","2025-10-04","98.2","-2.51","5.76","Ohtani, Shohei",664761,660271,,"foul",,,,,1,"Foul","D","R","R","PHI","LAD","S",,,1,0,2025,"-0.71","1.44","-0.45","3.12",,,,0,4,"Bot",,,,,,,7.295826797694433,-142.74909533596724,-5.03865691597297,-11.462853890646796,34.68050608942922,-11.477463079645744,"3.59","1.64",232,"78.7",24,"99",2619,"6.9",813051,666163,518692,669242,571771,605141,669743,681624,606192,"53.6",,,,,,,,28,2,"4-Seam Fastball",3,0,3,0,0,3,3,0,"Standard","Standard",214,"-0.003","-0.05","69.1","6.3",,"0.05","88.0",3,3,0.862,0.862,30,28,31,29,2,1,11,6,13,2,"0.94","0.71","0.71","33.0",-4.110355445640413,25.5237471110226,28.25247668418545,35.53751928464782,13.398011102132955
"FF","2025-10-04","97.9","-2.53","5.82","Ohtani, Shohei",664761,660271,,"ball",,,,,11,"Ball","D","R","R","PHI","LAD","B",,,0,0,2025,"-0.67","1.43","-0.82","4.14",,,,0,4,"Bot",,,,,,,6.21331727018454,-142.37954394218292,-2.3316704358181477,-10.617351850291039,34.98118703853526,-12.490796410143108,"3.55","1.64",,,,"98.4",2583,"6.8",813051,666163,518692,669242,571771,605141,669743,681624,606192,"53.74",,,,,,,,28,1,"4-Seam Fastball",3,0,3,0,0,3,3,0,"Standard","Standard",217,"0.002","0.041",,,,"-0.041",,3,3,0.86,0.86,30,28,31,29,2,1,11,6,13,2,"0.97","0.67","0.67","32.4",,,,,
"FS","2025-10-04","89.9","-2.32","5.98","Ohtani, Shohei",547180,660271,"strikeout","swinging_strike",,,,,13,"Bryce Harper strikes out swinging.","D","L","R","PHI","LAD","S",2,,0,2,2025,"-1.05","0.37","-0.93","2.18",,,,2,3,"Bot",,,,,,,5.695969135900857,-130.66570697681797,-4.173513163871288,-13.256233752709411,31.359162925540694,-27.16282276900811,"3.19","1.64",,,,"90",1494,"6.7",813051,666163,518692,669242,571771,605141,669743,681624,606192,"53.78",,0,"0",1,0,0,,24,3,"Split-Finger",3,0,3,0,0,3,3,0,"Infield shade","Standard",238,"-0.003","-0.16","73.0","8.4",,"0.16",,3,3,0.817,0.817,30,32,31,33,2,1,11,6,13,2,"2.49","1.05","-1.05","37.4",22.613371143822814,-22.304163099259302,27.675459928475725,49.85383881529076,42.49669440792315
"FF","2025-10-04","100.4","-2.44","5.85","Ohtani, Shohei",547180,660271,,"foul",,,,,5,"Foul","D","L","R","PHI","LAD","S",,,0,1,2025,"-0.79","1.26","-0.03","2.6",,,,2,3,"Bot",,,,,,,8.596694165161992,-145.8914263550403,-6.647765253709559,-13.275952652437551,35.47417809370914,-12.764274404490859,"3.19","1.64",,,,"100.9",2547,"6.7",813051,666163,518692,669242,571771,605141,669743,681624,606192,"53.78",,,,,,,,24,2,"4-Seam Fastball",3,0,3,0,0,3,3,0,"Infield shade","Standard",223,"-0.001","-0.057","73.5","6.4",,"0.057",,3,3,0.818,0.818,30,32,31,33,2,1,11,6,13,2,"1.01","0.79","-0.79","32.8",0.7249180268955917,13.838205307232464,39.4190635575009,38.26672001198877,17.153487325881407
"FF","2025-10-04","100.3","-2.59","5.78","Ohtani, Shohei",547180,660271,,"swinging_strike",,,,,5,"Swinging Strike","D","L","R","PHI","LAD","S",,,0,0,2025,"-0.75","1.35","0.04","2.52",,,,2,3,"Bot",,,,,,,9.139521191134985,-145.66678775369672,-6.873029262642426,-12.952762336266847,36.12805801860876,-11.48527794402389,"3.19","1.64",,,,"100.9",2576,"6.8",813051,666163,518692,669242,571771,605141,669743,681624,606192,"53.67",,,,,,,,24,1,"4-Seam Fastball",3,0,3,0,0,3,3,0,"Infield shade","Standard",225,"-0.001","-0.043","74.9","6.3",,"0.043",,3,3,0.819,0.819,30,32,31,33,2,1,11,6,13,2,"0.94","0.75","-0.75","36.0",-3.693299257911414,23.781014595162304,42.581525545067116,39.11350991523492,17.28148651975543
"FS","2025-10-04","88.6","-2.48","5.92","Ohtani, Shohei",656941,660271,"strikeout","swinging_strike",,,,,13,"Kyle Schwarber strikes out swinging.","D","L","R","PHI","LAD","S",2,,1,2,2025,"-1.14","0.02","-0.49","1.04",,,,1,3,"Bot",,,,,,,7.313413260279086,-128.70009275666013,-5.87655180250072,-14.194022054938683,28.39612078858957,-30.83021084477117,"3.27","1.51",,,,"89.2",1377,"6.9",813051,666163,518692,669242,571771,605141,669743,681624,606192,"53.63",,0,"0",1,0,0,,23,4,"Split-Finger",3,0,3,0,0,3,3,0,"Infield shade","Strategic",237,"-0.007","-0.18","77.2","8.7",,"0.18",,3,3,0.826,0.826,30,32,31,32,2,1,11,6,13,2,"2.91","1.14","-1.14","36.4",25.503669928438793,-43.00395873332493,30.99337779160968,40.30012191279893,59.25912296981427
"FS","2025-10-04","90.6","-2.31","6","Ohtani, Shohei",656941,660271,,"ball",,,,,14,"Ball","D","L","R","PHI","LAD","B",,,0,2,2025,"-1.72","0.36","0.34","-1.45",,,,1,3,"Bot",,,,,,,10.333290290195109,-130.85245599079286,-13.39042826356108,-21.939542796500632,29.637796433937062,-25.04303192043633,"3.27","1.49",,,,"90.7",1612,"6.9",813051,666163,518692,669242,571771,605141,669743,681624,606192,"53.59",,,,,,,,23,3,"Split-Finger",3,0,3,0,0,3,3,0,"Infield shade","Strategic",235,"0.001","0.017",,,,"-0.017",,3,3,0.825,0.825,30,32,31,32,2,1,11,6,13,2,"2.47","1.72","-1.72","39.2",,,,,
"FS","2025-10-04","88.4","-2.27","6.02","Ohtani, Shohei",656941,660271,,"swinging_strike",,,,,8,"Swinging Strike","D","L","R","PHI","LAD","S",,,0,1,2025,"-1.08","-0.15","-0.21","1.91",,,,1,3,"Bot",,,,,,,7.331642449105313,-128.4640824216674,-3.599210245714101,-13.475175801952313,27.479714338452165,-33.27143835875712,"3.27","1.51",,,,"89",1451,"6.8",813051,666163,518692,669242,571771,605141,669743,681624,606192,"53.68",,,,,,,,23,2,"Split-Finger",3,0,3,0,0,3,3,0,"Infield shade","Strategic",237,"-0.002","-0.052","70.3","8.7",,"0.052",,3,3,0.827,0.827,30,32,31,32,2,1,11,6,13,2,"3.08","1.08","-1.08","36.5",23.991030981754886,-43.70932884845911,29.572020909542008,37.12029264107876,53.369973438309465
"CU","2025-10-04","75.5","-1.98","6.32","Ohtani, Shohei",656941,660271,,"swinging_strike",,,,,6,"Swinging Strike","D","L","R","PHI","LAD","S",,,0,0,2025,"1.05","-1.42","0.54","2.27",,,,1,3,"Bot",,,,,,,3.4041342198498596,-109.68897251200984,1.4386969519780826,7.52171654176963,24.40479411772931,-44.0140877920671,"3.27","1.51",,,,"75",2587,"6.6",813051,666163,518692,669242,571771,605141,669743,681624,606192,"53.9",,,,,,,,23,1,"Curveball",3,0,3,0,0,3,3,0,"Infield shade","Standard",38,"-0.001","-0.039","77.6","8.8",,"0.039",,3,3,0.828,0.828,30,32,31,32,2,1,11,6,13,2,"5.52","-1.05","1.05","43.6",31.291873804404364,-57.34076710466899,30.888392729308375,29.756703204411235,59.62482397530178
"CU","2025-10-04","82.1","-2.07","6.32","Ohtani, Shohei",607208,660271,"field_out","hit_into_play",,,,,8,"Trea Turner grounds out, third baseman Enrique Hernández to first baseman Freddie Freeman.","D","R","R","PHI","LAD","X",5,"ground_ball",1,2,2025,"0.9","-1.33","0.16","2.23",,,,0,3,"Bot",111.25,168.09,,,,,3.314267530968611,-119.45849815553697,0.015829230284369,7.711120306775106,27.959682860482484,-44.93226870069769,"3.49","1.68",8,"90.5",-16,"81.9",2797,"6.7",813051,666163,518692,669242,571771,605141,669743,681624,606192,"53.85",0.122,0.144,"0",1,0,0,2,22,4,"Curveball",3,0,3,0,0,3,3,0,"Standard","Standard",37,"-0.008","-0.189","72.1","7.4",0.139,"0.189","90.5",3,3,0.836,0.836,30,32,31,32,2,1,11,6,13,2,"4.77","-0.9","-0.9","44.0",5.819886227381585,-3.4480591827439073,23.08115224981596,39.21698921043321,27.089070398756192
"FF","2025-10-04","97.1","-2.23","5.89","Ohtani, Shohei",607208,660271,,"foul",,,,,1,"Foul","D","R","R","PHI","LAD","S",,,1,1,2025,"-0.6","1.25","-0.65","3.35",,,,0,3,"Bot",,,,,,,5.641099427190343,-141.33311635946012,-4.147972714101507,-9.27452693981531,32.03248824625138,-14.653235700272733,"3.49","1.68",236,"78.5",26,"97.9",2396,"6.7",813051,666163,518692,669242,571771,605141,669743,681624,606192,"53.77",,,,,,,,22,3,"4-Seam Fastball",3,0,3,0,0,3,3,0,"Standard","Standard",216,"-0.002","-0.061","68.7","6.2",,"0.061","88.0",3,3,0.838,0.838,30,32,31,32,2,1,11,6,13,2,"1.16","0.6","0.6","35.3",2.383050635788443,16.200326120142726,22.318911380287908,32.263469823163874,19.24829401358373
"FF","2025-10-04","98","-2.4","5.76","Ohtani, Shohei",607208,660271,,"foul",,,,,3,"Foul","D","R","R","PHI","LAD","S",,,1,0,2025,"-0.56","1.29","0.32","3.07",,,,0,3,"Bot",,,,,,,8.717684950570268,-142.39151734712652,-4.751745489449554,-9.734481766972781,34.10287903252279,-13.774723196674026,"3.49","1.68",278,"90.1",45,"98.6",2715,"6.8",813051,666163,518692,669242,571771,605141,669743,681624,606192,"53.72",,,,,,,,22,2,"4-Seam Fastball",3,0,3,0,0,3,3,0,"Standard","Standard",214,"-0.003","-0.05","70.3","6.9",,"0.05","90.1",3,3,0.841,0.841,30,32,31,32,2,1,11,6,13,2,"1.1","0.56","0.56","33.9",-0.47329329576241297,21.617954885347675,19.59940393857449,44.03281609683608,15.426260061626742
"FF","2025-10-04","98.8","-2.47","5.92","Ohtani, Shohei",607208,660271,,"ball",,,,,11,"Ball","D","R","R","PHI","LAD","B",,,0,0,2025,"-0.63","1.41","-1.01","4.58",,,,0,3,"Bot",,,,,,,5.475114624826353,-143.73140889478304,-1.4712711043035047,-10.051408035387242,36.178246358033384,-12.56536160331984,"3.55","1.76",,,,"99.1",2694,"6.7",813051,666163,518692,669242,571771,605141,669743,681624,606192,"53.82",,,,,,,,22,1,"4-Seam Fastball",3,0,3,0,0,3,3,0,"Standard","Standard",211,"0.002","0.041",,,,"-0.041",,3,3,0.839,0.839,30,32,31,32,2,1,11,6,13,2,"0.94","0.63","0.63","36.3",,,,,
"FF","2025-10-04","99.3","-2.54","5.83","Ohtani, Shohei",681082,660271,"strikeout","foul_tip",,,,,2,"Bryson Stott strikes out on a foul tip.","D","L","R","PHI","LAD","S",2,,1,2,2025,"-0.26","1.34","-0.21","3.04",,,,2,2,"Bot",,,,,,,7.032088765602474,-144.39975980573234,-5.366984700734984,-5.364180371489146,35.2063618952291,-12.32663557286707,"3.32","1.59",,,,"99.6",2665,"6.6",813051,666163,518692,669242,571771,605141,669743,681624,606192,"53.88",,0,"0",1,0,0,,17,4,"4-Seam Fastball",3,0,3,0,0,3,3,0,"Strategic","Standard",210,"-0.005","-0.182","72.9","6.3",,"0.182",,3,3,0.799,0.799,30,27,31,28,1,0,11,6,13,2,"0.98","0.26","-0.26","32.4",3.6415433088453173,11.195574524985481,27.51915393537148,34.45938766774411,20.83640910893873
"CU","2025-10-04","77.9","-2.22","6.19","Ohtani, Shohei",681082,660271,,"called_strike",,,,,1,"Called Strike","D","L","R","PHI","LAD","S",,,1,1,2025,"1.03","-1.05","-0.43","3",,,,2,2,"Bot",,,,,,,1.9688403523324796,-113.23096794427583,2.114571861503059,8.288286812174862,24.405743254322978,-41.755697348686134,"3.25","1.59",,,,"77.6",2662,"6.5",813051,666163,518692,669242,571771,605141,669743,681624,606192,"53.97",,,,,,,,17,3,"Curveball",3,0,3,0,0,3,3,0,"Standard","Standard",47,"-0.001","-0.062",,,,"0.062",,3,3,0.8,0.8,30,27,31,28,1,0,11,6,13,2,"4.87","-1.03","1.03","41.7",,,,,
"FF","2025-10-04","99","-2.57","5.88","Ohtani, Shohei",681082,660271,,"called_strike",,,,,6,"Called Strike","D","L","R","PHI","LAD","S",,,1,0,2025,"-0.65","1.35","0.54","2.48",,,,2,2,"Bot",,,,,,,10.0586469259803,-143.6619523724929,-7.009961623668463,-11.36337595853159,34.85983290598798,-11.92742019984433,"3.19","1.53",,,,"99.3",2575,"6.7",813051,666163,518692,669242,571771,605141,669743,681624,606192,"53.81",,,,,,,,17,2,"4-Seam Fastball",3,0,3,0,0,3,3,0,"Standard","Standard",214,"-0.001","-0.054",,,,"0.054",,3,3,0.801,0.801,30,27,31,28,1,0,11,6,13,2,"0.99","0.65","-0.65","37.6",,,,,
"FF","2025-10-04","93.4","-2.34","6.1","Ohtani, Shohei",681082,660271,,"ball",,,,,11,"Ball","D","L","R","PHI","LAD","B",,,0,0,2025,"-0.8","1.45","-1.08","2.87",,,,2,2,"Bot",,,,,,,5.020976858819999,-135.77135024315328,-5.724086924389795,-11.063182216721792,32.15807749803644,-13.165001051232279,"3.23","1.54",,,,"93.4",2474,"6.5",813051,666163,518692,669242,571771,605141,669743,681624,606192,"53.97",,,,,,,,17,1,"4-Seam Fastball",3,0,3,0,0,3,3,0,"Standard","Standard",212,"0.001","0.037",,,,"-0.037",,3,3,0.8,0.8,30,27,31,28,1,0,11,6,13,2,"1.18","0.8","-0.8","38.1",,,,,
"ST","2025-10-04","89.4","-2.64","5.67","Ohtani, Shohei",664056,660271,"sac_fly","hit_into_play",,,,,5,"Harrison Bader out on a sacrifice fly to left fielder Alex Call. J.T. Realmuto scores.","D","R","R","PHI","LAD","X",7,"fly_ball",0,1,2025,"0.79","0.6","-0.09","2.28",592663,,,1,2,"Bot",41.79,97.71,,,,,4.656117916474177,-130.11137827191004,-3.6281917047014143,7.9678779136715505,27.18280600892228,-24.81341058277217,"3.24","1.52",323,"85.8",33,"90.1",2684,"6.7",813051,666163,518692,669242,571771,605141,669743,681624,606192,"53.82",0.015,0.02,"0",1,0,0,3,16,2,"Sweeper",2,0,2,0,0,3,3,0,"Strategic","Standard",77,"0.023","-0.08","73.9","7.2",0.034,"0.08","88.0",2,2,0.777,0.777,30,31,31,31,1,0,11,7,13,2,"2.25","-0.79","-0.79","33.3",18.01448474473066,-20.86720816581533,27.23796398095451,34.2842187901996,39.949759212414385
"SL","2025-10-04","90.4","-2.26","6.08","Ohtani, Shohei",664056,660271,,"foul",,,,,5,"Foul","D","R","R","PHI","LAD","S",,,0,0,2025,"0.47","-0.13","-0.11","2.34",592663,,,1,2,"Bot",,,,,,,4.407226962917333,-131.63407262100205,-3.1087761920010433,4.438125903930212,29.539084932200957,-33.17360664954421,"3.24","1.52",3,"65",-44,"91.1",2582,"6.8",813051,666163,518692,669242,571771,605141,669743,681624,606192,"53.69",,,,,,,,16,1,"Slider",2,0,2,0,0,2,2,0,"Strategic","Standard",97,"-0.007","-0.045","74.2","7.3",,"0.045","88.0",2,2,0.784,0.784,30,31,31,31,1,0,11,7,13,2,"2.93","-0.47","-0.47","41.1",26.139119660443754,-27.434777490974476,20.529791654318128,32.72426934258134,43.390118242802245
"SL","2025-10-04","90.1","-2.18","6.14","Ohtani, Shohei",596146,660271,"field_out","hit_into_play",,,,,5,"Max Kepler grounds out softly, third baseman Enrique Hernández to first baseman Freddie Freeman.","D","L","R","PHI","LAD","X",5,"ground_ball",2,2,2025,"0.17","0.2","0.14","2.19",592663,,,0,2,"Bot",107.84,173.2,,,,,5.417730950119632,-131.14340161589257,-4.302570770648105,0.8649062049530168,27.295941421415947,-29.205064400607682,"3.41","1.61",2,"49.2",-45,"90.7",2762,"6.6",813051,666163,518692,669242,571771,605141,669743,681624,606192,"53.91",0.278,0.263,"0",1,0,0,1,15,5,"Slider",2,0,2,0,0,2,2,0,"Strategic","Standard",95,"-0.023","-0.201","73.2","7.8",0.31,"0.201","88.0",2,2,0.807,0.807,30,32,31,32,1,0,11,6,13,2,"2.61","-0.17","0.17","42.1",15.053433516856392,-29.298025576861402,29.606949199690824,37.95925738765345,50.7845438686702
"FF","2025-10-04","99.7","-2.55","5.64","Ohtani, Shohei",596146,660271,,"swinging_strike",,,,,14,"Swinging Strike","D","L","R","PHI","LAD","S",,,2,1,2025,"-0.16","1.31","1.57","2.2",592663,,,0,2,"Bot",,,,,,,11.790275479930456,-144.55678055147573,-7.15774453851376,-5.1371541846805355,34.867881902160335,-12.185817158751993,"3.41","1.61",,,,"100.1",2646,"6.8",813051,666163,518692,669242,571771,605141,669743,681624,606192,"53.69",,,,,,,,15,4,"4-Seam Fastball",2,0,2,0,0,2,2,0,"Strategic","Standard",216,"-0.004","-0.056","61.8","7.0",,"0.056",,2,2,0.811,0.811,30,32,31,32,1,0,11,6,13,2,"1","0.16","-0.16","31.1",10.597082956123726,-8.237489591298848,39.07623846942841,18.87227830076372,26.05468876833465
"CU","2025-10-04","78.7","-2.08","6.36","Ohtani, Shohei",596146,660271,,"ball",,,,,14,"Ball","D","L","R","PHI","LAD","B",,,1,1,2025,"1.08","-1.3","0.99","1.76",592663,,,0,2,"Bot",,,,,,,4.685137533999014,-114.3329218484289,-0.5346722197547507,8.167516311634543,26.523390568818847,-43.50962400765947,"3.32","1.54",,,,"78.2",2776,"6.6",813051,666163,518692,669242,571771,605141,669743,681624,606192,"53.9",,,,,,,,15,3,"Curveball",2,0,2,0,0,2,2,0,"Strategic","Standard",32,"0.003","0.039",,,,"-0.039",,2,2,0.808,0.808,30,32,31,32,1,0,11,6,13,2,"5.07","-1.08","1.08","43.2",,,,,
"CU","2025-10-04","78.6","-2.17","6.29","Ohtani, Shohei",596146,660271,,"called_strike",,,,,2,"Called Strike","D","L","R","PHI","LAD","S",,,1,0,2025,"0.85","-1.24","0.09","2.89",592663,,,0,2,"Bot",,,,,,,3.3430721230708564,-114.36014904847195,1.87115749507146,6.661413799762091,24.198164379544867,-43.550557750323556,"3.15","1.49",,,,"78.7",2725,"6.7",813051,666163,518692,669242,571771,605141,669743,681624,606192,"53.83",,,,,,,,15,2,"Curveball",2,0,2,0,0,2,2,0,"Strategic","Standard",47,"-0.003","-0.018",,,,"0.018",,2,2,0.811,0.811,30,32,31,32,1,0,11,6,13,2,"4.97","-0.85","0.85","45.2",,,,,
"FF","2025-10-04","101.4","-2.24","5.83","Ohtani, Shohei",596146,660271,,"ball",,,,,14,"Ball","D","L","R","PHI","LAD","B",,,0,0,2025,"-0.75","1.27","0.39","1.32",592663,,,0,2,"Bot",,,,,,,9.250402213019125,-147.05671685814133,-10.417137419130878,-13.155770701744192,35.64322824931717,-11.36441730071757,"3.36","1.61",,,,"102.2",2597,"7",813051,666163,518692,669242,571771,605141,669743,681624,606192,"53.54",,,,,,,,15,1,"4-Seam Fastball",2,0,2,0,0,2,2,0,"Strategic","Standard",217,"0.002","-0.01",,,,"0.01",,2,2,0.809,0.809,30,32,31,32,1,0,11,6,13,2,"0.97","0.75","-0.75","33.8",,,,,
"FF","2025-10-04","100.2","-2.16","5.87","Ohtani, Shohei",592663,660271,"triple","hit_into_play",,,,,5,"J.T. Realmuto triples (1) on a sharp line drive to center fielder Andy Pages. Alec Bohm scores. Brandon Marsh scores.","D","R","R","PHI","LAD","X",8,"line_drive",1,0,2025,"-0.46","1.54","-0.03","2.68",,664761,669016,0,2,"Bot",177,67,,,,,7.029121569908621,-145.64217152686172,-7.115262692340276,-8.327404574976091,36.400230131433936,-8.71996336088532,"3.66","1.74",203,"111.5",9,"100.8",2725,"6.8",813051,666163,518692,669242,571771,605141,669743,681624,606192,"53.67",0.813,0.831,"1.6",1,1,2,5,14,2,"4-Seam Fastball",0,0,0,0,0,2,2,0,"Standard","Standard",212,"0.158","0.839","77.3","6.6",1.116,"-0.839","111.5",0,0,0.651,0.651,30,34,31,34,1,0,11,7,13,2,"0.74","0.46","0.46","39.2",-4.861576566317407,12.622596104027568,37.20494501141234,37.543796241687375,23.39203590415338
"SL","2025-10-04","89.6","-2.05","6.06","Ohtani, Shohei",592663,660271,,"ball",,,,,14,"Ball","D","R","R","PHI","LAD","B",,,0,0,2025,"0.2","0.29","0.33","1.39",,664761,669016,0,2,"Bot",,,,,,,5.4705195569902,-130.31883967010802,-6.145655639555334,1.076443306927755,29.284335688957977,-27.682045187888527,"3.54","1.6",,,,"89.9",2698,"6.7",813051,666163,518692,669242,571771,605141,669743,681624,606192,"53.84",,,,,,,,14,1,"Slider",0,0,0,0,0,0,0,0,"Standard","Standard",94,"0.007","0.045",,,,"-0.045",,0,0,0.644,0.644,30,34,31,34,1,0,11,7,13,2,"2.57","-0.2","-0.2","39.9",,,,,
"FF","2025-10-04","100","-2.18","5.81","Ohtani, Shohei",669016,660271,"single","hit_into_play",,,,,8,"Brandon Marsh singles on a sharp ground ball to center fielder Andy Pages. Alec Bohm to 2nd.","D","L","R","PHI","LAD","X",8,"ground_ball",2,2,2025,"-0.35","1.51","-0.11","1.98",,,664761,0,2,"Bot",138.59,100.75,,,,,6.587721216294698,-145.22372392906334,-8.762595621349089,-6.6194749490084765,36.61364710067434,-8.910508332449965,"3.2","1.53",41,"101.9",-1,"100.5",2639,"6.9",813051,666163,518692,669242,571771,605141,669743,681624,606192,"53.64",0.451,0.455,"0.9",1,1,0,4,13,5,"4-Seam Fastball",0,0,0,0,0,0,0,0,"Strategic","Standard",213,"0.058","0.511","72.7","7.1",0.545,"-0.511","101.9",0,0,0.586,0.586,30,27,31,28,1,0,11,6,13,2,"0.79","0.35","-0.35","33.4",1.406076135573429,7.530059870022063,40.10865312488412,39.29951328518116,20.27755043747885
"FF","2025-10-04","98.3","-2.29","5.74","Ohtani, Shohei",669016,660271,,"foul",,,,,4,"Foul","D","L","R","PHI","LAD","S",,,2,1,2025,"-0.36","1.48","-0.33","2.34",,,664761,0,2,"Bot",,,,,,,6.1686391209303,-142.84983687154568,-7.201190272625231,-6.458867950336064,34.97445435337445,-10.392153495410776,"3.2","1.53",202,"77.3",21,"98.6",2575,"6.7",813051,666163,518692,669242,571771,605141,669743,681624,606192,"53.82",,,,,,,,13,4,"4-Seam Fastball",0,0,0,0,0,0,0,0,"Standard","Standard",212,"-0.009","-0.078","75.3","6.7",,"0.078","88.0",0,0,0.595,0.595,30,27,31,28,1,0,11,6,13,2,"0.89","0.36","-0.36","34.1",-0.7253143075857269,11.926051556350114,38.91772588423569,41.44317124473406,18.528801519006016
"FF","2025-10-04","99.2","-2.26","5.84","Ohtani, Shohei",669016,660271,,"ball",,,,,11,"Ball","D","L","R","PHI","LAD","B",,,1,1,2025,"-0.56","1.42","-1.24","2.49",,,664761,0,2,"Bot",,,,,,,4.127090725952829,-144.27199594999465,-7.068465919740048,-8.786666356145922,37.20761576960777,-10.923787985649557,"3.13","1.49",,,,"99.5",2527,"6.7",813051,666163,518692,669242,571771,605141,669743,681624,606192,"53.76",,,,,,,,13,3,"4-Seam Fastball",0,0,0,0,0,0,0,0,"Standard","Standard",214,"0.008","0.044",,,,"-0.044",,0,0,0.587,0.587,30,27,31,28,1,0,11,6,13,2,"0.92","0.56","-0.56","36.5",,,,,
"FF","2025-10-04","98.8","-2.35","5.76","Ohtani, Shohei",669016,660271,,"foul",,,,,8,"Foul","D","L","R","PHI","LAD","S",,,1,0,2025,"-0.64","1.53","0.2","1.78",,,664761,0,2,"Bot",,,,,,,8.505696571252187,-143.4495438120487,-9.05375745471766,-10.841994496032209,33.96354586537565,-9.044875094437938,"3.2","1.53",136,"74.4",23,"99.6",2590,"6.9",813051,666163,518692,669242,571771,605141,669743,681624,606192,"53.61",,,,,,,,13,2,"4-Seam Fastball",0,0,0,0,0,0,0,0,"Standard","Standard",220,"-0.008","-0.048","73.0","7.3",,"0.048","88.0",0,0,0.595,0.595,30,27,31,28,1,0,11,6,13,2,"0.82","0.64","-0.64","35.0",1.0139335120371393,1.47658576355084,49.326069527448475,35.797245367799874,18.75048322564144
"CU","2025-10-04","76.7","-1.83","6.22","Ohtani, Shohei",669016,660271,,"ball",,,,,9,"Ball","D","L","R","PHI","LAD","B",,,0,0,2025,"0.9","-1.33","0.55","1.49",,,664761,0,2,"Bot",,,,,,,3.4122347690672767,-111.61213808280849,-0.45221862982653915,6.661922772624494,24.15688743184517,-43.253886758452815,"3.19","1.5",,,,"76.1",2785,"6.3",813051,666163,518692,669242,571771,605141,669743,681624,606192,"54.16",,,,,,,,13,1,"Curveball",0,0,0,0,0,0,0,0,"Standard","Standard",41,"0.006","0.04",,,,"-0.04",,0,0,0.589,0.589,30,27,31,28,1,0,11,6,13,2,"5.27","-0.9","0.9","43.6",,,,,
"FF","2025-10-04","98","-2.6","5.62","Ohtani, Shohei",664761,660271,"walk","ball",,,,,13,"Alec Bohm walks.","D","R","R","PHI","LAD","B",,,3,2,2025,"-0.33","1.27","-1.14","2.29",,,,0,2,"Bot",,,,,,,4.742731729109759,-142.53084133411716,-6.439055200440073,-5.589125237676665,34.51925572923846,-13.611868984456885,"3.56","1.64",,,,"98.4",2654,"6.7",813051,666163,518692,669242,571771,605141,669743,681624,606192,"53.82",,0.691497,"0.7",1,0,0,,12,6,"4-Seam Fastball",0,0,0,0,0,0,0,0,"Standard","Standard",215,"0.032","0.356",,,,"-0.356",,0,0,0.557,0.557,30,28,31,29,1,0,11,6,13,2,"1.12","0.33","0.33","26.7",,,,,
"FF","2025-10-04","97.8","-2.69","5.64","Ohtani, Shohei",664761,660271,,"swinging_strike",,,,,9,"Swinging Strike","D","R","R","PHI","LAD","S",,,3,1,2025,"-0.22","1.35","0.33","2.18",,,,0,2,"Bot",,,,,,,8.724460644623683,-142.02392139407456,-6.953239498173549,-4.945894169569485,32.81377583059028,-12.502418759576456,"3.59","1.64",,,,"98.4",2634,"6.8",813051,666163,518692,669242,571771,605141,669743,681624,606192,"53.75",,,,,,,,12,5,"4-Seam Fastball",0,0,0,0,0,0,0,0,"Standard","Standard",218,"-0.009","-0.094","75.9","7.7",,"0.094",,0,0,0.566,0.566,30,28,31,29,1,0,11,6,13,2,"1.05","0.22","0.22","31.1",8.155124947700736,3.9339900913126082,34.96349470052824,44.6058291469544,23.59778676824289
"FC","2025-10-04","94.9","-2.61","5.78","Ohtani, Shohei",664761,660271,,"ball",,,,,14,"Ball","D","R","R","PHI","LAD","B",,,2,1,2025,"0.23","0.72","0.9","1.71",,,,0,2,"Bot",,,,,,,8.737937079800878,-138.028789002971,-6.709615820703034,1.1886949152106128,27.397251412176068,-21.6365055256113,"3.54","1.65",,,,"96.1",2714,"6.7",813051,666163,518692,669242,571771,605141,669743,681624,606192,"53.75",,,,,,,,12,4,"Cutter",0,0,0,0,0,0,0,0,"Standard","Standard",194,"0.011","0.134",,,,"-0.134",,0,0,0.555,0.555,30,28,31,29,1,0,11,6,13,2,"1.79","-0.23","-0.23","30.2",,,,,
"ST","2025-10-04","88.2","-2.31","5.75","Ohtani, Shohei",664761,660271,,"ball",,,,,14,"Ball","D","R","R","PHI","LAD","B",,,1,1,2025,"1.3","0.7","1.95","2.15",,,,0,2,"Bot",,,,,,,7.706378785205578,-128.22076950401893,-4.098792048098843,12.609811349828698,27.60766645080481,-23.807825648066988,"3.54","1.63",,,,"88.6",2732,"6.7",813051,666163,518692,669242,571771,605141,669743,681624,606192,"53.82",,,,,,,,12,3,"Sweeper",0,0,0,0,0,0,0,0,"Standard","Standard",69,"0.005","0.055",,,,"-0.055",,0,0,0.55,0.55,30,28,31,29,1,0,11,6,13,2,"2.25","-1.3","-1.3","34.7",,,,,
"FF","2025-10-04","98.4","-2.46","5.88","Ohtani, Shohei",664761,660271,,"called_strike",,,,,4,"Called Strike","D","R","R","PHI","LAD","S",,,1,0,2025,"-0.46","1.32","-0.71","2.64",,,,0,2,"Bot",,,,,,,5.859474949442785,-143.07320116821646,-6.438838805324681,-7.712409900559717,32.40487471506747,-12.74826570913549,"3.59","1.64",,,,"99.1",2565,"6.7",813051,666163,518692,669242,571771,605141,669743,681624,606192,"53.8",,,,,,,,12,2,"4-Seam Fastball",0,0,0,0,0,0,0,0,"Standard","Standard",219,"-0.005","-0.05",,,,"0.05",,0,0,0.555,0.555,30,28,31,29,1,0,11,6,13,2,"1.03","0.46","0.46","32.8",,,,,
"SI","2025-10-04","96.8","-2.23","5.85","Ohtani, Shohei",664761,660271,,"ball",,,,,14,"Ball","D","R","R","PHI","LAD","B",,,0,0,2025,"-1.47","0.94","1.02","0.55",,,,0,2,"Bot",,,,,,,12.076089239678579,-140.0350747223139,-10.737204407662427,-22.06375889805207,32.30604485975829,-17.367919453997484,"3.57","1.64",,,,"97.1",2321,"6.8",813051,666163,518692,669242,571771,605141,669743,681624,606192,"53.69",,,,,,,,12,1,"Sinker",0,0,0,0,0,0,0,0,"Standard","Standard",220,"0.004","0.041",,,,"-0.041",,0,0,0.551,0.551,30,28,31,29,1,0,11,6,13,2,"1.53","1.47","1.47","32.9",,,,,
"SL","2025-10-04","89.8","-2.28","6.18","Ohtani, Shohei",547180,660271,"field_out","hit_into_play",,,,,5,"Bryce Harper grounds out softly, pitcher Shohei Ohtani to first baseman Freddie Freeman.","D","L","R","PHI","LAD","X",1,"ground_ball",0,1,2025,"0.26","0.07","-0.07","2.7",,,,2,1,"Bot",130.18,189.46,,,,,4.950720829011483,-130.7749141218189,-2.8190754701182454,1.9768945688395858,27.209056018823613,-31.020901323466667,"3.19","1.64",1,"58",-66,"90.4",2557,"6.6",813051,666163,518692,669242,571771,605141,669743,681624,606192,"53.94",0.281,0.267,"0",1,0,0,1,6,2,"Slider",0,0,0,0,0,0,0,0,"Infield shade","Standard",89,"-0.008","-0.217","68.7","6.5",0.303,"0.217","88.0",0,0,0.508,0.508,30,32,31,33,1,0,11,6,13,2,"2.75","-0.26","0.26","42.6",-0.038294675936462165,23.361791563604353,34.46117300745417,37.15873251383353,17.248858253437476
"FF","2025-10-04","99.4","-2.3","5.88","Ohtani, Shohei",547180,660271,,"swinging_strike",,,,,11,"Swinging Strike","D","L","R","PHI","LAD","S",,,0,0,2025,"-0.51","1.36","-0.25","3.41",,,,2,1,"Bot",,,,,,,6.841792435723214,-144.49298366209075,-4.569624413043687,-8.76074242329449,35.519826677177974,-12.21050697939321,"3.19","1.64",,,,"99.9",2474,"6.7",813051,666163,518692,669242,571771,605141,669743,681624,606192,"53.76",,,,,,,,6,1,"4-Seam Fastball",0,0,0,0,0,0,0,0,"Infield shade","Standard",219,"-0.002","-0.043","71.9","5.7",,"0.043",,0,0,0.51,0.51,30,32,31,33,1,0,11,6,13,2,"0.96","0.51","-0.51","35.1",-8.978198668844191,35.41958709915645,36.67083575743534,39.326288575957214,10.096407229673272
"FF","2025-10-04","99","-2.68","5.78","Ohtani, Shohei",656941,660271,"field_out","hit_into_play",,,,,6,"Kyle Schwarber flies out sharply to right fielder Teoscar Hernández.","D","L","R","PHI","LAD","X",9,"fly_ball",2,2,2025,"-0.46","1.4","0.57","2.65",,,,1,1,"Bot",210.34,96.6,,,,,10.000261865961301,-143.6671200662431,-6.370645084468709,-8.770606235405374,35.87214700505096,-11.456176721050893,"3.27","1.51",325,"108.6",48,"99.3",2699,"6.8",813051,666163,518692,669242,571771,605141,669743,681624,606192,"53.72",0.134,0.259,"0",1,0,0,5,5,5,"4-Seam Fastball",0,0,0,0,0,0,0,0,"Infield shade","Strategic",212,"-0.014","-0.228","77.8","7.6",0.501,"0.228","108.6",0,0,0.524,0.524,30,32,31,32,1,0,11,6,13,2,"0.95","0.46","-0.46","34.8",20.501455654028025,-18.07756563987169,31.418315350088065,27.16891282138981,33.948458946116034
"CU","2025-10-04","82","-2.23","6.29","Ohtani, Shohei",656941,660271,,"ball",,,,,14,"Ball","D","L","R","PHI","LAD","B",,,1,2,2025,"1.05","-1.24","0.89","1.44",,,,1,1,"Bot",,,,,,,5.0445641385821265,-119.11303730139998,-1.7868118447825507,8.58705135274967,29.18175424059518,-43.58047046093235,"3.09","1.42",,,,"81.6",2856,"6.7",813051,666163,518692,669242,571771,605141,669743,681624,606192,"53.78",,,,,,,,5,4,"Curveball",0,0,0,0,0,0,0,0,"Infield shade","Strategic",39,"0.002","0.048",,,,"-0.048",,0,0,0.522,0.522,30,32,31,32,1,0,11,6,13,2,"4.72","-1.05","1.05","43.0",,,,,
"FF","2025-10-04","98.8","-2.56","5.81","Ohtani, Shohei",656941,660271,,"ball",,,,,12,"Ball","D","L","R","PHI","LAD","B",,,0,2,2025,"-0.35","1.19","1.12","3.93",,,,1,1,"Bot",,,,,,,10.896178695247855,-143.44328052103876,-2.4031679687864176,-7.625109645302039,37.12235114706591,-15.474712684582846,"3.17","1.42",,,,"98.7",2777,"6.7",813051,666163,518692,669242,571771,605141,669743,681624,606192,"53.84",,,,,,,,5,3,"4-Seam Fastball",0,0,0,0,0,0,0,0,"Infield shade","Strategic",214,"0.002","0.017",,,,"-0.017",,0,0,0.52,0.52,30,32,31,32,1,0,11,6,13,2,"1.18","0.35","-0.35","30.2",,,,,
"FF","2025-10-04","99.1","-2.43","5.81","Ohtani, Shohei",656941,660271,,"swinging_strike",,,,,3,"Swinging Strike","D","L","R","PHI","LAD","S",,,0,1,2025,"-0.44","1.23","0.55","3.38",,,,1,1,"Bot",,,,,,,9.232569165261205,-143.97323964802143,-4.057081698517895,-8.406564007341514,37.223671792801696,-14.332425591846219,"3.27","1.51",,,,"99.2",2724,"6.7",813051,666163,518692,669242,571771,605141,669743,681624,606192,"53.78",,,,,,,,5,2,"4-Seam Fastball",0,0,0,0,0,0,0,0,"Infield shade","Strategic",213,"-0.004","-0.052","42.4","5.4",,"0.052",,0,0,0.524,0.524,30,32,31,32,1,0,11,6,13,2,"1.12","0.44","-0.44","35.3",6.977045954591403,33.45624883440265,32.45931022198843,26.99328992371808,13.405194094927044
"FF","2025-10-04","99.8","-2.46","5.86","Ohtani, Shohei",656941,660271,,"called_strike",,,,,2,"Called Strike","D","L","R","PHI","LAD","S",,,0,0,2025,"-0.5","1.33","0.09","2.93",,,,1,1,"Bot",,,,,,,8.258211070147686,-144.88072417512967,-5.770178857927066,-9.11038349485044,38.74284323953779,-12.30176697139569,"3.13","1.4",,,,"100",2616,"6.8",813051,666163,518692,669242,571771,605141,669743,681624,606192,"53.66",,,,,,,,5,1,"4-Seam Fastball",0,0,0,0,0,0,0,0,"Infield shade","Strategic",216,"-0.002","-0.039",,,,"0.039",,0,0,0.526,0.526,30,32,31,32,1,0,11,6,13,2,"1","0.5","-0.5","31.9",,,,,
"ST","2025-10-04","87.7","-2.5","5.84","Ohtani, Shohei",607208,660271,"strikeout","swinging_strike",,,,,6,"Trea Turner strikes out swinging.","D","R","R","PHI","LAD","S",2,,2,2,2025,"1.28","0.54","0.73","2.88",,,,0,1,"Bot",,,,,,,5.1751042463594965,-127.62898805769954,-2.0786331245274177,12.551724262955336,30.24169793363556,-26.07899202403339,"3.49","1.68",,,,"87.5",2880,"6.5",813051,666163,518692,669242,571771,605141,669743,681624,606192,"53.97",,0,"0",1,0,0,,4,5,"Sweeper",0,0,0,0,0,0,0,0,"Standard","Standard",74,"-0.02","-0.232","73.0","8.5",,"0.232",,0,0,0.546,0.546,30,32,31,32,1,0,11,6,13,2,"2.46","-1.28","-1.28","32.5",6.520493917407753,-31.268008236883105,16.46827433160565,44.99274675281945,40.30730039248007
"SL","2025-10-04","91.4","-2.18","6.29","Ohtani, Shohei",607208,660271,,"ball",,,,,14,"Ball","D","R","R","PHI","LAD","B",,,1,2,2025,"0.29","0.14","1.02","2.32",,,,0,1,"Bot",,,,,,,7.497010702879711,-132.84168575405727,-4.418433744730484,1.7280264944371337,30.420323111314133,-29.66815138662656,"3.42","1.68",,,,"91.8",2678,"6.8",813051,666163,518692,669242,571771,605141,669743,681624,606192,"53.73",,,,,,,,4,4,"Slider",0,0,0,0,0,0,0,0,"Standard","Standard",131,"0.004","0.043",,,,"-0.043",,0,0,0.542,0.542,30,32,31,32,1,0,11,6,13,2,"2.61","-0.29","-0.29","41.7",,,,,
"FF","2025-10-04","97.6","-2.33","5.95","Ohtani, Shohei",607208,660271,,"foul",,,,,2,"Foul","D","R","R","PHI","LAD","S",,,1,1,2025,"-0.47","1.47","0","3.22",,,,0,1,"Bot",,,,,,,7.416064397957396,-141.89181812958327,-5.1882746578063035,-8.18733818507028,35.708106576695535,-11.398007766188027,"3.49","1.68",171,"82.5",66,"98",2625,"6.8",813051,666163,518692,669242,571771,605141,669743,681624,606192,"53.7",,,,,,,,4,3,"4-Seam Fastball",0,0,0,0,0,0,0,0,"Standard","Standard",211,"-0.005","-0.061","70.6","7.0",,"0.061","88.0",0,0,0.547,0.547,30,32,31,32,1,0,11,6,13,2,"0.95","0.47","0.47","35.8",2.8133564762419456,13.435085897292861,24.7853552938578,39.36948842115472,23.273803074890964
"ST","2025-10-04","88.8","-2.47","5.86","Ohtani, Shohei",607208,660271,,"ball",,,,,12,"Ball","D","R","R","PHI","LAD","B",,,0,1,2025,"0.84","0.58","1.54","2.85",,,,0,1,"Bot",,,,,,,8.077134105371586,-129.0795892363094,-2.4642156315600463,7.396965925884227,30.929041654853854,-25.37540863693754,"3.49","1.75",,,,"88.7",2794,"6.6",813051,666163,518692,669242,571771,605141,669743,681624,606192,"53.88",,,,,,,,4,2,"Sweeper",0,0,0,0,0,0,0,0,"Standard","Standard",71,"0.002","0.031",,,,"-0.031",,0,0,0.545,0.545,30,32,31,32,1,0,11,6,13,2,"2.35","-0.84","-0.84","33.6",,,,,
"SL","2025-10-04","84.2","-2.45","5.99","Ohtani, Shohei",607208,660271,,"swinging_strike",,,,,5,"Swinging Strike","D","R","R","PHI","LAD","S",,,0,0,2025,"0.43","0.82","-0.23","2.86",,,,0,1,"Bot",,,,,,,4.299686603955519,-122.62198096218665,-2.4927440393256934,3.3913212332588185,25.341923537042405,-23.67826262736805,"3.49","1.68",,,,"84.3",2666,"6.4",813051,666163,518692,669242,571771,605141,669743,681624,606192,"54.1",,,,,,,,4,1,"Slider",0,0,0,0,0,0,0,0,"Standard","Standard",82,"-0.003","-0.039","73.2","9.0",,"0.039",,0,0,0.548,0.548,30,32,31,32,1,0,11,6,13,2,"2.41","-0.43","-0.43","32.8",18.207196731387576,-54.42849236503376,21.930978412972006,34.67575508624735,57.091508045755965
"SL","2025-09-23","89.8","-1.83","6.03","Ohtani, Shohei",672515,660271,"field_out","hit_into_play",,,,,5,"Gabriel Moreno lines out to center fielder Andy Pages.","R","R","R","AZ","LAD","X",8,"line_drive",2,2,2025,"0.09","0.31","0.02","2.53",,606466,682998,2,6,"Bot",126.68,89.65,,,,,4.43000136601039,-130.84573141448675,-3.403178936458922,0.20056396145068323,25.264959293758036,-28.164294119530695,"3.32","1.52",315,"93.9",17,"90.8",2439,"6.6",776213,666163,518692,669242,571970,605141,624424,681624,606192,"53.87",0.625,0.611,"0",1,0,0,4,46,6,"Slider",0,3,0,3,3,0,0,3,"Standard","Standard",107,"-0.047","-0.203","70.1","6.9",0.788,"0.203","93.9",-3,-3,0.154,0.154,30,25,31,25,3,2,7,2,11,1,"2.49","-0.09","-0.09","43.7",4.660051378214762,1.2113058936524728,29.26326627689413,35.25934265018873,37.18871888057373
"FF","2025-09-23","99.8","-2.15","5.64","Ohtani, Shohei",672515,660271,,"foul",,,,,4,"Foul","R","R","R","AZ","LAD","S",,,2,2,2025,"0.01","1.14","-0.34","2.75",,606466,682998,2,6,"Bot",,,,,,,4.995068648884918,-145.18536624503608,-5.313240060789875,-1.052592307361709,34.39623040246448,-14.948882226974218,"3.32","1.52",190,"79",17,"100.7",2420,"6.8",776213,666163,518692,669242,571970,605141,624424,681624,606192,"53.69",,,,,,,,46,5,"4-Seam Fastball",0,3,0,3,3,0,0,3,"Standard","Standard",208,"0","0","70.0","5.7",,"0","88.0",-3,-3,0.154,0.154,30,25,31,25,3,2,7,2,11,1,"1.15","-0.01","-0.01","36.1",-11.214796398867126,28.332157735051616,35.99609465645121,32.2266381243916,22.566258557797674
"ST","2025-09-23","85.7","-2.36","5.49","Ohtani, Shohei",672515,660271,,"foul",,,,,9,"Foul","R","R","R","AZ","LAD","S",,,2,1,2025,"1.37","0.4","0.41","1.5",,606466,682998,2,6,"Bot",,,,,,,3.814838577140843,-124.84050841125001,-4.044632333497563,13.593842087065008,24.44155034433375,-27.430223410041922,"3.32","1.52",166,"67.5",61,"86.7",2560,"6.8",776213,666163,518692,669242,571970,605141,624424,681624,606192,"53.67",,,,,,,,46,4,"Sweeper",0,3,0,3,3,0,0,3,"Standard","Standard",67,"-0.009","-0.08","63.4","7.8",,"0.08","88.0",-3,-3,0.163,0.163,30,25,31,25,3,2,7,2,11,1,"2.69","-1.37","-1.37","34.2",12.559142735598343,-7.024276634589929,35.58041298486745,39.20068286755895,44.81279664463903
"FF","2025-09-23","98.6","-2.19","5.6","Ohtani, Shohei",672515,660271,,"called_strike",,,,,9,"Called Strike","R","R","R","AZ","LAD","S",,,2,0,2025,"-0.33","1.21","0.29","1.92",,606466,682998,2,6,"Bot",,,,,,,7.577189999869208,-143.28039649223413,-7.455914322323828,-6.128821336382489,30.56660587760769,-14.023258787792937,"3.32","1.51",,,,"99.8",2519,"6.9",776213,666163,518692,669242,571970,605141,624424,681624,606192,"53.63",,,,,,,,46,3,"4-Seam Fastball",0,3,0,3,3,0,0,3,"Standard","Standard",209,"-0.009","-0.052",,,,"0.052",,-3,-3,0.172,0.172,30,25,31,25,3,2,7,2,11,1,"1.13","0.33","0.33","36.3",,,,,
"FF","2025-09-23","98.7","-2.03","5.71","Ohtani, Shohei",672515,660271,,"ball",,,,,12,"Ball","R","R","R","AZ","LAD","B",,,1,0,2025,"-0.08","1.07","1.59","2.51",,606466,682998,2,6,"Bot",,,,,,,10.146775795362569,-143.33679830456452,-5.8007322619063375,-3.36253079824767,31.161258912329725,-16.27387840495204,"3.24","1.48",,,,"99.9",2551,"6.9",776213,666163,518692,669242,571970,605141,624424,681624,606192,"53.58",,,,,,,,46,2,"4-Seam Fastball",0,3,0,3,3,0,0,3,"Standard","Standard",203,"0.009","0.029",,,,"-0.029",,-3,-3,0.163,0.163,30,25,31,25,3,2,7,2,11,1,"1.27","0.08","0.08","37.9",,,,,
"ST","2025-09-23","85.4","-2.34","5.52","Ohtani, Shohei",672515,660271,,"ball",,,,,14,"Ball","R","R","R","AZ","LAD","B",,,0,0,2025,"1.5","0.11","0.81","0.85",,606466,682998,2,6,"Bot",,,,,,,4.430332737572541,-124.26500080485297,-4.945757323502839,14.601151260092879,25.25346816020895,-30.21981391295717,"3.24","1.42",,,,"86",2681,"6.7",776213,666163,518692,669242,571970,605141,624424,681624,606192,"53.82",,,,,,,,46,1,"Sweeper",0,3,0,3,3,0,0,3,"Standard","Standard",58,"0.004","0.024",,,,"-0.024",,-3,-3,0.159,0.159,30,25,31,25,3,2,7,2,11,1,"3.02","-1.5","-1.5","31.5",,,,,
"CU","2025-09-23","76.4","-1.85","6.14","Ohtani, Shohei",682998,660271,"single","hit_into_play",,,,,13,"Corbin Carroll singles on a fly ball to left fielder Michael Conforto. Ketel Marte to 2nd.","R","L","R","AZ","LAD","X",7,"fly_ball",1,2,2025,"0.83","-1.27","-0.68","1.4",,,606466,2,6,"Bot",77.64,125.2,,,,,0.9532732905884338,-111.15833305071524,-0.5372322815397867,6.629132827961623,23.38651574453079,-42.676966854374086,"3.21","1.54",196,"66.6",31,"76.2",2576,"6.5",776213,666163,518692,669242,571970,605141,624424,681624,606192,"53.98",0.878,0.833,"0.9",1,1,0,4,45,5,"Curveball",0,3,0,3,3,0,0,3,"Strategic","Standard",32,"0.034","0.434","69.9","8.3",0.976,"-0.434","88.0",-3,-3,0.125,0.125,30,24,31,25,3,2,7,2,11,1,"5.23","-0.83","0.83","44.2",17.706236972434745,-15.772230551312026,26.39601864042694,49.54432649856737,46.99065582910066
"FF","2025-09-23","99.9","-2.13","5.68","Ohtani, Shohei",682998,660271,,"ball",,,,,14,"Ball","R","L","R","AZ","LAD","B",,,0,2,2025,"-0.32","1.37","1.52","2.06",,,606466,2,6,"Bot",,,,,,,10.871754767224656,-145.01512048080218,-7.8868972264229615,-7.018731318384823,32.94145029713319,-11.048808082318367,"3.12","1.44",,,,"100.7",2536,"6.8",776213,666163,518692,669242,571970,605141,624424,681624,606192,"53.71",,,,,,,,45,4,"4-Seam Fastball",0,3,0,3,3,0,0,3,"Strategic","Standard",214,"0.002","0.009",,,,"-0.009",,-3,-3,0.123,0.123,30,24,31,25,3,2,7,2,11,1,"0.92","0.32","-0.32","35.3",,,,,
"SL","2025-09-23","90.4","-1.88","6.04","Ohtani, Shohei",682998,660271,,"foul",,,,,14,"Foul","R","L","R","AZ","LAD","S",,,0,2,2025,"0.17","-0.07","0.22","0.98",,,606466,2,6,"Bot",,,,,,,4.911529031803932,-131.502334907487,-6.594836225345162,0.9739590703435865,26.06897739116925,-31.917877739081444,"3.21","1.54",,,,"91.3",2614,"6.7",776213,666163,518692,669242,571970,605141,624424,681624,606192,"53.81",,,,,,,,45,3,"Slider",0,3,0,3,3,0,0,3,"Strategic","Standard",125,"0","0","70.7","8.5",,"0",,-3,-3,0.123,0.123,30,24,31,25,3,2,7,2,11,1,"2.85","-0.17","0.17","40.9",22.495309026179278,-10.717056218217554,32.6672284243713,39.0109078271671,39.200914897963344
"FF","2025-09-23","99.6","-2.21","5.64","Ohtani, Shohei",682998,660271,,"called_strike",,,,,12,"Called Strike","R","L","R","AZ","LAD","S",,,0,1,2025,"-0.51","1.26","0.89","2.9",,,606466,2,6,"Bot",,,,,,,9.756130153825886,-144.7017496122807,-5.148747587798577,-9.287862713014926,32.00393469224592,-13.41274431333892,"3.25","1.58",,,,"100.4",2521,"6.7",776213,666163,518692,669242,571970,605141,624424,681624,606192,"53.8",,,,,,,,45,2,"4-Seam Fastball",0,3,0,3,3,0,0,3,"Standard","Standard",223,"-0.004","-0.055",,,,"0.055",,-3,-3,0.127,0.127,30,24,31,25,3,2,7,2,11,1,"1.04","0.51","-0.51","32.7",,,,,
"FC","2025-09-23","94.1","-2.18","5.69","Ohtani, Shohei",682998,660271,,"foul",,,,,14,"Foul","R","L","R","AZ","LAD","S",,,0,0,2025,"0.38","0.4","0.93","1.88",,,606466,2,6,"Bot",,,,,,,7.2616265601971595,-136.89927838696522,-5.121638865308055,3.291537927416755,27.971591038792745,-26.26082558928114,"3.21","1.54",3,"90",-34,"95",2496,"6.6",776213,666163,518692,669242,571970,605141,624424,681624,606192,"53.85",,,,,,,,45,1,"Cutter",0,3,0,3,3,0,0,3,"Standard","Standard",170,"-0.004","-0.042","78.0","7.5",,"0.042","90.0",-3,-3,0.131,0.131,30,24,31,25,3,2,7,2,11,1,"2.16","-0.38","0.38","33.0",7.168781453045229,-11.184638185037796,33.47353814230608,30.03308186272229,35.97416778645352
"FF","2025-09-23","99.3","-2.17","5.7","Ohtani, Shohei",606466,660271,"force_out","hit_into_play",,,,,14,"Ketel Marte lines into a force out, second baseman Tommy Edman to shortstop Mookie Betts. Geraldo Perdomo out at 2nd. Ketel Marte to 1st.","R","L","R","AZ","LAD","X",4,"line_drive",0,0,2025,"-0.22","1.28","1.04","2.55",,,672695,1,6,"Bot",150.39,162.77,,,,,9.388082896058098,-144.23024706222023,-6.287615642501253,-5.101024569255605,31.8875958272489,-12.968766651917504,"3.66","1.75",88,"56.4",10,"100.5",2528,"6.9",776213,666163,518692,669242,571970,605141,624424,681624,606192,"53.59",0.147,0.142,"0",1,0,0,1,44,1,"4-Seam Fastball",0,3,0,3,3,0,0,3,"Standard","Standard",216,"-0.036","-0.256","68.2","7.0",0.169,"0.256","88.0",-3,-3,0.167,0.167,30,31,31,32,3,2,7,2,11,1,"1.03","0.22","-0.22","35.0",2.7511380657575613,0.8496468341236589,39.1893954277122,17.778880801667196,28.76725112968613
"CU","2025-09-23","79.9","-2.23","6.25","Ohtani, Shohei",672695,660271,"single","hit_into_play",,,,,4,"Geraldo Perdomo singles on a line drive to right fielder Teoscar Hernández.","R","L","R","AZ","LAD","X",9,"line_drive",0,1,2025,"0.77","-1.22","-0.29","2.9",,,,1,6,"Bot",145.95,130.73,,,,,2.853934813391357,-116.33854049250054,1.707354348120095,6.352313455709674,23.594370011147742,-43.79112806561894,"3.55","1.7",187,"92.4",14,"80.1",2674,"6.6",776213,666163,518692,669242,571970,605141,624424,681624,606192,"53.92",0.962,0.908,"0.9",1,1,0,4,43,2,"Curveball",0,3,0,3,3,0,0,3,"Standard","Standard",37,"0.035","0.453","67.3","6.7",1.103,"-0.453","92.4",-3,-3,0.132,0.132,30,25,31,26,3,2,7,2,11,1,"4.81","-0.77","0.77","46.8",10.327419716132246,3.168986919925452,31.91469871850491,37.74339413423354,23.63847535792064
"ST","2025-09-23","84.8","-2.48","5.56","Ohtani, Shohei",672695,660271,,"foul",,,,,14,"Foul","R","L","R","AZ","LAD","S",,,0,0,2025,"1.26","0.43","0.97","2.2",,,,1,6,"Bot",,,,,,,5.580459942695988,-123.44261811244908,-2.4105100209542405,11.744593704160671,25.19988737690392,-27.45899013031478,"3.55","1.7",341,"98.4",44,"85.3",2634,"6.6",776213,666163,518692,669242,571970,605141,624424,681624,606192,"53.86",,,,,,,,43,1,"Sweeper",0,3,0,3,3,0,0,3,"Standard","Standard",60,"-0.003","-0.039","68.0","8.5",,"0.039","98.4",-3,-3,0.135,0.135,30,25,31,26,3,2,7,2,11,1,"2.74","-1.26","1.26","30.9",23.190608368513985,-46.26221432141266,32.73141946591269,24.27977095238882,43.64119001471105
"FS","2025-09-23","89","-2.5","5.83","Ohtani, Shohei",664983,660271,"field_out","hit_into_play",,,,,13,"Jake McCarthy grounds out to pitcher Shohei Ohtani.","R","L","R","AZ","LAD","X",1,"ground_ball",0,2,2025,"-0.79","0.57","-0.87","2.48",,,,0,6,"Bot",137.84,187.02,,,,,5.720499050259235,-129.5830334289374,-3.4500446304649675,-10.06985110359321,26.301619626302664,-25.22073370644332,"3.46","1.66",2,"65.4",-54,"90",1370,"6.8",776213,666163,518692,669242,571970,605141,624424,681624,606192,"53.69",0.261,0.296,"0",1,0,0,2,42,5,"Split-Finger",0,3,0,3,3,0,0,3,"Strategic","Standard",224,"-0.018","-0.165","78.1","7.3",0.267,"0.165","88.0",-3,-3,0.153,0.153,30,27,31,28,2,1,7,3,11,1,"2.3","0.79","-0.79","37.6",8.785433484711355,0.48631424919819044,28.274563178702206,49.88197342024281,23.563489214272717
"FF","2025-09-23","99.7","-2.53","5.69","Ohtani, Shohei",664983,660271,,"foul",,,,,5,"Foul","R","L","R","AZ","LAD","S",,,0,2,2025,"-0.59","1.39","0.16","2.58",,,,0,6,"Bot",,,,,,,8.79487964972613,-144.8725758971189,-6.479106966165102,-10.2269504769516,32.04337839115737,-11.276824859383726,"3.46","1.66",226,"73.5",37,"100.4",2577,"6.6",776213,666163,518692,669242,571970,605141,624424,681624,606192,"53.87",,,,,,,,42,4,"4-Seam Fastball",0,3,0,3,3,0,0,3,"Strategic","Standard",222,"0","0","64.0","6.1",,"0","88.0",-3,-3,0.153,0.153,30,27,31,28,2,1,7,3,11,1,"0.9","0.59","-0.59","34.5",-10.384253083088705,24.764149452318595,37.288840106874815,36.86033403556846,12.02316498435905
"CU","2025-09-23","80.8","-1.92","6.33","Ohtani, Shohei",664983,660271,,"foul",,,,,9,"Foul","R","L","R","AZ","LAD","S",,,0,2,2025,"0.71","-1.21","0.51","1.61",,,,0,6,"Bot",,,,,,,4.063583207431774,-117.67721294838383,-1.5327190484847613,5.776375566872834,23.609576023198134,-43.30722966868005,"3.46","1.66",,,,"81.1",2715,"6.5",776213,666163,518692,669242,571970,605141,624424,681624,606192,"53.95",,,,,,,,42,3,"Curveball",0,3,0,3,3,0,0,3,"Strategic","Standard",35,"0","0","75.1","7.9",,"0",,-3,-3,0.153,0.153,30,27,31,28,2,1,7,3,11,1,"4.71","-0.71","0.71","48.9",23.74702995172586,-12.322465419499935,39.03570210596243,34.05532309139142,34.23427091659028
"CU","2025-09-23","76","-2.26","6.22","Ohtani, Shohei",664983,660271,,"called_strike",,,,,6,"Called Strike","R","L","R","AZ","LAD","S",,,0,1,2025,"1.03","-0.99","0.43","2.76",,,,0,6,"Bot",,,,,,,3.807366063484109,-110.63606670075328,1.6456270417416672,7.715953706724405,21.040406864669393,-40.791874679460754,"3.46","1.67",,,,"76.2",2661,"6.5",776213,666163,518692,669242,571970,605141,624424,681624,606192,"53.97",,,,,,,,42,2,"Curveball",0,3,0,3,3,0,0,3,"Standard","Standard",42,"-0.006","-0.055",,,,"0.055",,-3,-3,0.159,0.159,30,27,31,28,2,1,7,3,11,1,"4.95","-1.03","1.03","44.7",,,,,
"FF","2025-09-23","97.2","-2.38","5.75","Ohtani, Shohei",664983,660271,,"called_strike",,,,,2,"Called Strike","R","L","R","AZ","LAD","S",,,0,0,2025,"-0.78","1.12","-0.03","3.02",,,,0,6,"Bot",,,,,,,8.177731156126136,-141.37204466526023,-4.423066693327535,-12.229569559637783,30.369669704784762,-16.274097883521712,"3.46","1.8",,,,"98.4",2432,"6.9",776213,666163,518692,669242,571970,605141,624424,681624,606192,"53.63",,,,,,,,42,1,"4-Seam Fastball",0,3,0,3,3,0,0,3,"Standard","Standard",220,"-0.004","-0.039",,,,"0.039",,-3,-3,0.163,0.163,30,27,31,28,2,1,7,3,11,1,"1.28","0.78","-0.78","37.7",,,,,
"ST","2025-09-23","86.2","-2.34","5.58","Ohtani, Shohei",543510,660271,"grounded_into_double_play","hit_into_play",,,,,8,"James McCann grounds into a double play, pitcher Shohei Ohtani to second baseman Tommy Edman to first baseman Freddie Freeman. Alek Thomas out at 2nd. James McCann out at 1st.","R","R","R","AZ","LAD","X",1,"ground_ball",2,2,2025,"1.41","0","0.2","2.03",,,677950,1,5,"Bot",128.2,183.47,,,,,3.187446920031908,-125.54551487201121,-2.2449630259936217,14.327476509052332,24.539027642202484,-31.94722688772559,"3.49","1.57",4,"65.2",-29,"87.1",2712,"6.7",776213,666163,518692,669242,571970,605141,624424,681624,606192,"53.76",0.048,0.041,"0",1,0,0,2,35,5,"Sweeper",0,1,0,1,1,0,0,1,"Standard","Standard",63,"-0.075","-0.285","73.6","7.6",0.048,"0.285","88.0",-1,-1,0.415,0.415,30,35,31,35,2,1,7,3,11,1,"3.05","-1.41","-1.41","32.7",22.128110682703838,-21.377335654918834,34.17384245315384,37.50700763013522,50.93830947675642
"FF","2025-09-23","98.3","-2.09","5.63","Ohtani, Shohei",543510,660271,,"foul",,,,,6,"Foul","R","R","R","AZ","LAD","S",,,2,1,2025,"-0.15","1.15","0.29","2.32",,,677950,1,5,"Bot",,,,,,,6.8819327161157275,-143.0468613880188,-6.2784182041815235,-3.5328460297589594,30.53029156721794,-15.056977503694714,"3.49","1.57",260,"83",38,"99.6",2423,"6.8",776213,666163,518692,669242,571970,605141,624424,681624,606192,"53.65",,,,,,,,35,4,"4-Seam Fastball",0,1,0,1,1,0,0,1,"Standard","Standard",214,"-0.011","-0.075","67.8","6.2",,"0.075","88.0",-1,-1,0.426,0.426,30,35,31,35,2,1,7,3,11,1,"1.19","0.15","0.15","36.5",-9.17715052667105,15.004389013682752,37.97106404363092,41.795853159186606,21.949338378168655
"FF","2025-09-23","96.8","-2.06","5.7","Ohtani, Shohei",543510,660271,,"foul_tip",,,,,2,"Foul Tip","R","R","R","AZ","LAD","S",,,2,0,2025,"-0.47","1.31","0.2","2.93",,,677950,1,5,"Bot",,,,,,,7.187573018955766,-140.80214154910823,-4.907501137781072,-7.729908344506882,28.97230443433092,-13.829888510068352,"3.49","1.57",,,,"98.1",2431,"6.9",776213,666163,518692,669242,571970,605141,624424,681624,606192,"53.65",,,,,,,,35,3,"4-Seam Fastball",0,1,0,1,1,0,0,1,"Standard","Standard",216,"-0.011","-0.062","71.4","6.1",,"0.062",,-1,-1,0.437,0.437,30,35,31,35,2,1,7,3,11,1,"1.11","0.47","0.47","37.6",-1.4472855182486015,18.663389139759552,33.40008803083626,40.73126375856231,21.85440648496799
"SL","2025-09-23","86.9","-1.85","6","Ohtani, Shohei",543510,660271,,"ball",,,,,14,"Ball","R","R","R","AZ","LAD","B",,,1,0,2025,"0.11","0.06","0.6","0.93",,,677950,1,5,"Bot",,,,,,,5.687975431903342,-126.49708483593426,-6.206327998538022,0.21852246763904953,22.606750991954964,-30.577978532855834,"3.44","1.51",,,,"88.1",2515,"6.8",776213,666163,518692,669242,571970,605141,624424,681624,606192,"53.74",,,,,,,,35,2,"Slider",0,1,0,1,1,0,0,1,"Standard","Standard",77,"0.011","0.068",,,,"-0.068",,-1,-1,0.426,0.426,30,35,31,35,2,1,7,3,11,1,"2.93","-0.11","-0.11","43.2",,,,,
"FF","2025-09-23","97.2","-2.12","5.69","Ohtani, Shohei",543510,660271,,"ball",,,,,12,"Ball","R","R","R","AZ","LAD","B",,,0,0,2025,"-0.06","1.1","0.36","4.1",,,677950,1,5,"Bot",,,,,,,6.861135126925966,-141.5559016688514,-1.2866863499187295,-2.2839090682530014,30.338073586061697,-17.24995767663728,"3.41","1.39",,,,"98.4",2393,"6.8",776213,666163,518692,669242,571970,605141,624424,681624,606192,"53.74",,,,,,,,35,1,"4-Seam Fastball",0,1,0,1,1,0,0,1,"Standard","Standard",208,"0.006","0.035",,,,"-0.035",,-1,-1,0.42,0.42,30,35,31,35,2,1,7,3,11,1,"1.3","0.06","0.06","35.2",,,,,
"FC","2025-09-23","93.1","-2.55","5.65","Ohtani, Shohei",677950,660271,"single","hit_into_play",,,,,5,"Alek Thomas singles on a sharp line drive to right fielder Teoscar Hernández.","R","L","R","AZ","LAD","X",9,"line_drive",0,0,2025,"0.2","0.6","0.03","2.41",,,,1,5,"Bot",159.38,97.9,,,,,6.245973347333251,-135.5935112711533,-3.967992570733754,1.320192435619269,25.221630248702876,-24.155944522715952,"3.27","1.43",198,"104.1",9,"94.5",2435,"6.7",776213,666163,518692,669242,571970,605141,624424,681624,606192,"53.8",0.767,0.733,"0.9",1,1,0,4,34,1,"Cutter",0,1,0,1,1,0,0,1,"Standard","Standard",165,"0.038","0.414","74.2","7.1",0.925,"-0.414","104.1",-1,-1,0.382,0.382,30,25,31,25,2,1,7,3,11,1,"2","-0.2","0.2","33.3",8.738683030729044,1.0333052421353905,28.061961463318987,36.544257165428675,33.61240471041985
"FF","2025-09-23","97.4","-2.59","5.53","Ohtani, Shohei",545121,660271,"field_out","hit_into_play",,,,,4,"Ildemaro Vargas flies out to left fielder Michael Conforto.","R","L","R","AZ","LAD","X",7,"fly_ball",3,1,2025,"-0.25","1.36","-0.28","2.65",,,,0,5,"Bot",90.18,59.21,,,,,6.858713821951738,-141.76763139871912,-5.446906098625525,-4.859401614590388,29.493990831321256,-12.796667614997496,"3.38","1.58",356,"94.4",31,"98.8",2350,"6.9",776213,666163,518692,669242,571970,605141,624424,681624,606192,"53.64",0.119,0.195,"0",1,0,0,3,33,5,"4-Seam Fastball",0,1,0,1,1,0,0,1,"Standard","Standard",213,"-0.055","-0.439","75.9","7.3",0.364,"0.439","94.4",-1,-1,0.437,0.437,30,33,31,34,2,1,7,2,11,1,"1.03","0.25","-0.25","32.9",0.7132830959255616,6.670317747913625,24.779926512134242,38.96400864667801,18.569750528041006
"FF","2025-09-23","94.1","-2.31","5.66","Ohtani, Shohei",545121,660271,,"called_strike",,,,,5,"Called Strike","R","L","R","AZ","LAD","S",,,3,0,2025,"-0.37","1.14","0","2.28",,,,0,5,"Bot",,,,,,,6.856905812324075,-136.83188062658297,-5.6789871236136165,-6.095539685170019,28.220734441138095,-16.72564881369685,"2.8","1.41",,,,"95.1",2353,"6.8",776213,666163,518692,669242,571970,605141,624424,681624,606192,"53.73",,,,,,,,33,4,"4-Seam Fastball",0,1,0,1,1,0,0,1,"Standard","Standard",220,"-0.012","-0.09",,,,"0.09",,-1,-1,0.449,0.449,30,33,31,34,2,1,7,2,11,1,"1.42","0.37","-0.37","34.8",,,,,
"FC","2025-09-23","93.2","-2.65","5.61","Ohtani, Shohei",545121,660271,,"ball",,,,,11,"Ball","R","L","R","AZ","LAD","B",,,2,0,2025,"0.29","0.44","-1.04","3.12",,,,0,5,"Bot",,,,,,,3.5407022764713747,-135.76135160044495,-1.6535327776528546,2.9145946016543522,27.714168495579592,-26.600768615443044,"3.31","1.35",,,,"94.3",2457,"6.7",776213,666163,518692,669242,571970,605141,624424,681624,606192,"53.8",,,,,,,,33,3,"Cutter",0,1,0,1,1,0,0,1,"Standard","Standard",185,"0.017","0.152",,,,"-0.152",,-1,-1,0.432,0.432,30,33,31,34,2,1,7,2,11,1,"2.17","-0.29","0.29","32.4",,,,,
"FC","2025-09-23","92.9","-2.41","5.54","Ohtani, Shohei",545121,660271,,"ball",,,,,14,"Ball","R","L","R","AZ","LAD","B",,,1,0,2025,"-0.04","0.72","2.07","-0.84",,,,0,5,"Bot",,,,,,,11.62954571270938,-134.41205318024961,-12.214213589723984,-2.770709435219305,26.41331441764824,-20.954763671345944,"3.22","1.39",,,,"93.7",2465,"6.9",776213,666163,518692,669242,571970,605141,624424,681624,606192,"53.63",,,,,,,,33,2,"Cutter",0,1,0,1,1,0,0,1,"Standard","Standard",200,"0.011","0.077",,,,"-0.077",,-1,-1,0.421,0.421,30,33,31,34,2,1,7,2,11,1,"1.93","0.04","-0.04","31.9",,,,,
"FF","2025-09-23","95.8","-2.3","5.71","Ohtani, Shohei",545121,660271,,"ball",,,,,12,"Ball","R","L","R","AZ","LAD","B",,,0,0,2025,"-0.3","1.37","1.46","2.35",,,,0,5,"Bot",,,,,,,10.676582528362667,-139.07049240190045,-6.402471649314157,-6.241052633349093,30.970466331464426,-13.018635234111224,"2.95","1.5",,,,"96.5",2486,"6.8",776213,666163,518692,669242,571970,605141,624424,681624,606192,"53.72",,,,,,,,33,1,"4-Seam Fastball",0,1,0,1,1,0,0,1,"Standard","Standard",212,"0.006","0.041",,,,"-0.041",,-1,-1,0.415,0.415,30,33,31,34,2,1,7,2,11,1,"1.12","0.3","-0.3","35.4",,,,,
"ST","2025-09-23","85.6","-2.33","5.55","Ohtani, Shohei",677942,660271,"force_out","hit_into_play",,,,,7,"Blaze Alexander grounds into a force out, shortstop Mookie Betts to second baseman Tommy Edman. Ketel Marte out at 2nd.","R","R","R","AZ","LAD","X",6,"ground_ball",0,1,2025,"0.75","-0.15","-0.49","1.98",,,606466,2,4,"Bot",117.05,152.03,,,,,2.8283044197357836,-124.79550252616198,-1.9195291197307203,7.374972221997669,23.8213382005311,-33.53189864513867,"3.3","1.61",38,"93.8",0,"86.6",2606,"6.7",776213,666163,518692,669242,571970,605141,624424,681624,606192,"53.82",0.385,0.389,"0",1,0,0,2,29,2,"Sweeper",0,1,0,1,1,0,0,1,"Standard","Standard",59,"-0.026","-0.229","72.5","6.8",0.438,"0.229","93.8",-1,-1,0.388,0.388,30,26,31,26,2,1,7,2,11,1,"3.23","-0.75","-0.75","33.0",-2.4947312159904587,7.537333045226613,44.52339687929487,32.22986558140316,18.489589100083123
"SI","2025-09-23","95.8","-2.14","5.59","Ohtani, Shohei",677942,660271,,"called_strike",,,,,5,"Called Strike","R","R","R","AZ","LAD","S",,,0,0,2025,"-1.17","0.45","-0.07","2.4",,,606466,2,4,"Bot",,,,,,,8.194566494893229,-139.30213040589342,-3.8702182255847797,-17.123013780901722,30.94564886189921,-25.629035950002397,"3.34","1.63",,,,"96.7",2202,"6.8",776213,666163,518692,669242,571970,605141,624424,681624,606192,"53.67",,,,,,,,29,1,"Sinker",0,1,0,1,1,0,0,1,"Standard","Standard",209,"-0.004","-0.042",,,,"0.042",,-1,-1,0.392,0.392,30,26,31,26,2,1,7,2,11,1,"2.03","1.17","1.17","35.9",,,,,
"FF","2025-09-23","97.7","-2.06","5.66","Ohtani, Shohei",672515,660271,"strikeout","swinging_strike",,,,,11,"Gabriel Moreno strikes out swinging.","R","R","R","AZ","LAD","S",2,,3,2,2025,"-0.04","1.33","-1.12","3.6",,,606466,1,4,"Bot",,,,,,,2.6455741976106655,-142.37156824894143,-3.1815626969966333,-1.0985266212083404,31.41147451381326,-13.484708554309906,"3.32","1.52",,,,"98.9",2360,"6.8",776213,666163,518692,669242,571970,605141,624424,681624,606192,"53.69",,0,"0",1,0,0,,28,6,"4-Seam Fastball",0,1,0,1,1,0,0,1,"Standard","Standard",210,"-0.047","-0.32","51.7","4.7",,"0.32",,-1,-1,0.439,0.439,30,25,31,25,2,1,7,2,11,1,"1.04","0.04","0.04","38.1",-6.176252542146605,20.640751584118053,32.48938310473696,21.659347130713424,19.58818843294634
"FF","2025-09-23","98.4","-2.05","5.64","Ohtani, Shohei",672515,660271,,"foul",,,,,5,"Foul","R","R","R","AZ","LAD","S",,,3,1,2025,"-0.18","1.34","0.16","2.59",,,606466,1,4,"Bot",,,,,,,6.461465809089662,-143.14282735118073,-5.997578290530867,-3.9098065515592557,31.48918365353584,-12.59311904652039,"3.32","1.52",,,,"99.5",2485,"6.8",776213,666163,518692,669242,571970,605141,624424,681624,606192,"53.7",,,,,,,,28,5,"4-Seam Fastball",0,1,0,1,1,0,0,1,"Standard","Standard",210,"-0.013","-0.085","73.4","6.2",,"0.085",,-1,-1,0.452,0.452,30,25,31,25,2,1,7,2,11,1,"1.01","0.18","0.18","37.1",-8.324849375790945,21.207166125144433,34.427172947053165,37.50908754288653,23.944459374819267
"FF","2025-09-23","92.2","-2.03","5.89","Ohtani, Shohei",672515,660271,,"called_strike",,,,,6,"Called Strike","R","R","R","AZ","LAD","S",,,3,0,2025,"-0.36","1.37","0.81","2.64",,,606466,1,4,"Bot",,,,,,,8.081445702870427,-134.0882804644154,-5.467177696857647,-6.048949377299544,28.009324793953237,-14.659537538967468,"3.32","1.44",,,,"93",2337,"6.7",776213,666163,518692,669242,571970,605141,624424,681624,606192,"53.77",,,,,,,,28,4,"4-Seam Fastball",0,1,0,1,1,0,0,1,"Standard","Standard",210,"-0.01","-0.05",,,,"0.05",,-1,-1,0.462,0.462,30,25,31,25,2,1,7,2,11,1,"1.31","0.36","0.36","45.2",,,,,
"SI","2025-09-23","96.8","-2.26","5.58","Ohtani, Shohei",672515,660271,,"ball",,,,,14,"Ball","R","R","R","AZ","LAD","B",,,2,0,2025,"-1.2","0.53","0.48","1",,,606466,1,4,"Bot",,,,,,,10.121781720479728,-140.37147610750762,-7.883260209807786,-18.219811103654898,33.7737989450735,-23.416278816057194,"3.32","1.54",,,,"97.3",2241,"6.9",776213,666163,518692,669242,571970,605141,624424,681624,606192,"53.6",,,,,,,,28,3,"Sinker",0,1,0,1,1,0,0,1,"Standard","Standard",214,"0.015","0.097",,,,"-0.097",,-1,-1,0.447,0.447,30,25,31,25,2,1,7,2,11,1,"1.93","1.2","1.2","34.6",,,,,
"SI","2025-09-23","96.5","-2.2","5.6","Ohtani, Shohei",672515,660271,,"ball",,,,,14,"Ball","R","R","R","AZ","LAD","B",,,1,0,2025,"-1.26","0.55","0.26","0.97",,,606466,1,4,"Bot",,,,,,,9.501678302062151,-140.04112846374073,-8.016228687281622,-18.745805956271912,33.13997490250597,-23.24577764486607,"3.32","1.55",,,,"97.2",2193,"7",776213,666163,518692,669242,571970,605141,624424,681624,606192,"53.54",,,,,,,,28,2,"Sinker",0,1,0,1,1,0,0,1,"Standard","Standard",215,"0.01","0.068",,,,"-0.068",,-1,-1,0.437,0.437,30,25,31,25,2,1,7,2,11,1,"1.92","1.26","1.26","37.8",,,,,
"SL","2025-09-23","87.7","-1.93","5.98","Ohtani, Shohei",672515,660271,,"ball",,,,,14,"Ball","R","R","R","AZ","LAD","B",,,0,0,2025,"0.35","-0.21","0.96","1.42",,,606466,1,4,"Bot",,,,,,,6.291092823193382,-127.60379788897947,-4.512802405460194,2.630608170786379,24.77412705990349,-33.821093788108755,"3.32","1.39",,,,"88.5",2634,"6.7",776213,666163,518692,669242,571970,605141,624424,681624,606192,"53.84",,,,,,,,28,1,"Slider",0,1,0,1,1,0,0,1,"Standard","Standard",52,"0.005","0.035",,,,"-0.035",,-1,-1,0.432,0.432,30,25,31,25,2,1,7,2,11,1,"3.16","-0.35","-0.35","42.3",,,,,
"FF","2025-09-23","101.2","-2.4","5.57","Ohtani, Shohei",682998,660271,"strikeout","called_strike",,,,,4,"Corbin Carroll called out on strikes.","R","L","R","AZ","LAD","S",2,,2,2,2025,"-0.08","1.14","-0.46","2.4",,,606466,0,4,"Bot",,,,,,,5.658690295661243,-147.25428572311216,-6.311701930160479,-2.4573377343187217,34.4313344010167,-14.347503325985468,"3.25","1.66",,,,"102.1",2567,"6.7",776213,666163,518692,669242,571970,605141,624424,681624,606192,"53.78",,0,"0",1,0,0,,27,8,"4-Seam Fastball",0,1,0,1,1,0,0,1,"Infield shade","Standard",216,"-0.041","-0.201",,,,"0.201",,-1,-1,0.473,0.473,30,24,31,25,2,1,7,2,11,1,"1.09","0.08","-0.08","31.5",,,,,
"ST","2025-09-23","85.5","-2.37","5.59","Ohtani, Shohei",682998,660271,,"foul",,,,,4,"Foul","R","L","R","AZ","LAD","S",,,2,2,2025,"1.32","-0.13","-0.51","2.35",,,606466,0,4,"Bot",,,,,,,1.7062276065629227,-124.56140429973495,-1.0725999738950822,13.393440540335376,25.98190764028395,-33.546274392775516,"3.21","1.54",192,"67.4",29,"86.1",2720,"6.7",776213,666163,518692,669242,571970,605141,624424,681624,606192,"53.79",,,,,,,,27,7,"Sweeper",0,1,0,1,1,0,0,1,"Infield shade","Standard",58,"0","0","69.3","7.0",,"0","88.0",-1,-1,0.473,0.473,30,24,31,25,2,1,7,2,11,1,"3.25","-1.32","1.32","33.9",-1.7187259655157068,14.776748422335956,24.301683034774324,46.140805507991004,22.95145365165974
"CU","2025-09-23","78.4","-1.77","6.11","Ohtani, Shohei",682998,660271,,"blocked_ball",,,,,14,"Ball In Dirt","R","L","R","AZ","LAD","B",,,1,2,2025,"0.95","-1.3","0.92","-0.26",,,606466,0,4,"Bot",,,,,,,4.0756416201003,-113.99805200600238,-4.444479911983407,7.387183661232689,23.831509049196136,-42.66721062119686,"3.11","1.44",,,,"78.5",2673,"6.7",776213,666163,518692,669242,571970,605141,624424,681624,606192,"53.76",,,,,,,,27,6,"Curveball",0,1,0,1,1,0,0,1,"Infield shade","Standard",25,"0.007","0.036",,,,"-0.036",,-1,-1,0.466,0.466,30,24,31,25,2,1,7,2,11,1,"5.05","-0.95","0.95","46.0",,,,,
"SL","2025-09-23","90.1","-2.01","5.98","Ohtani, Shohei",682998,660271,,"blocked_ball",,,,,14,"Ball In Dirt","R","L","R","AZ","LAD","B",,,0,2,2025,"0.29","-0.08","0.66","0.11",,,606466,0,4,"Bot",,,,,,,6.044327826686904,-130.922167380409,-8.531449805629304,2.196666095172406,26.019687047190388,-31.51638790762732,"3.26","1.51",,,,"91",2449,"6.8",776213,666163,518692,669242,571970,605141,624424,681624,606192,"53.73",,,,,,,,27,5,"Slider",0,1,0,1,1,0,0,1,"Strategic","Standard",179,"0.005","0.017",,,,"-0.017",,-1,-1,0.461,0.461,30,24,31,25,2,1,7,2,11,1,"2.88","-0.29","0.29","41.4",,,,,
"FF","2025-09-23","99.3","-2.32","5.59","Ohtani, Shohei",682998,660271,,"foul",,,,,2,"Foul","R","L","R","AZ","LAD","S",,,0,2,2025,"-0.33","1.29","0.26","3.33",,,606466,0,4,"Bot",,,,,,,7.873563245388833,-144.43574856552664,-3.8659966745773238,-6.308379612993473,30.699875018459704,-13.401825225877532,"3.21","1.54",218,"76.2",61,"100.5",2461,"6.8",776213,666163,518692,669242,571970,605141,624424,681624,606192,"53.74",,,,,,,,27,4,"4-Seam Fastball",0,1,0,1,1,0,0,1,"Strategic","Standard",209,"0","0","71.7","6.5",,"0","88.0",-1,-1,0.461,0.461,30,24,31,25,2,1,7,2,11,1,"1.01","0.33","-0.33","32.6",3.8678419995688573,11.19757417042728,21.221641757181434,37.2264416964291,20.627162724725274
"SL","2025-09-23","88.1","-1.91","6.06","Ohtani, Shohei",682998,660271,,"foul",,,,,14,"Foul","R","L","R","AZ","LAD","S",,,0,2,2025,"0.15","0.25","0.54","1.03",,,606466,0,4,"Bot",,,,,,,5.670437891948732,-128.08640918882887,-6.688924822294708,0.4825783432673791,25.67944338305616,-28.214094593249605,"3.21","1.54",3,"77.3",-23,"88.7",2584,"6.6",776213,666163,518692,669242,571970,605141,624424,681624,606192,"53.85",,,,,,,,27,3,"Slider",0,1,0,1,1,0,0,1,"Standard","Standard",41,"0","0","73.1","8.4",,"0","88.0",-1,-1,0.461,0.461,30,24,31,25,2,1,7,2,11,1,"2.68","-0.15","0.15","41.4",26.347039231342045,-17.678946788080324,36.20671111385024,35.08516582433812,49.75429372521952
"SL","2025-09-23","86.6","-1.84","6.03","Ohtani, Shohei",682998,660271,,"foul",,,,,9,"Foul","R","L","R","AZ","LAD","S",,,0,1,2025,"0.26","-0.14","0.46","1.73",,,606466,0,4,"Bot",,,,,,,4.998771363250959,-126.15497787236514,-3.8274419180422905,1.8178086014346597,24.54451058663458,-33.16829587198494,"3.21","1.54",4,"88.9",-23,"87.4",2596,"6.6",776213,666163,518692,669242,571970,605141,624424,681624,606192,"53.86",,,,,,,,27,2,"Slider",0,1,0,1,1,0,0,1,"Standard","Standard",60,"-0.009","-0.053","70.5","8.0",,"0.053","88.9",-1,-1,0.47,0.47,30,24,31,25,2,1,7,2,11,1,"3.17","-0.26","0.26","42.2",22.117445267289533,-10.53713795267218,31.904542780025128,35.99802153274924,42.198954693235784
"FF","2025-09-23","99","-2.17","5.73","Ohtani, Shohei",682998,660271,,"foul",,,,,2,"Foul","R","L","R","AZ","LAD","S",,,0,0,2025,"-0.46","1.37","-0.09","2.92",,,606466,0,4,"Bot",,,,,,,6.802555811293927,-143.99368142639221,-5.518876373335041,-7.95032360642684,31.902839145218703,-11.953742103857817,"3.21","1.54",157,"84.8",11,"100",2434,"6.8",776213,666163,518692,669242,571970,605141,624424,681624,606192,"53.72",,,,,,,,27,1,"4-Seam Fastball",0,1,0,1,1,0,0,1,"Standard","Standard",222,"-0.007","-0.043","73.6","6.7",,"0.043","88.0",-1,-1,0.477,0.477,30,24,31,25,2,1,7,2,11,1,"0.95","0.46","-0.46","37.6",3.2517649644840994,19.07729542000763,25.036491932539953,41.36095087517159,20.5095385318775
"FF","2025-09-23","99.2","-2.71","5.57","Ohtani, Shohei",606466,660271,"single","hit_into_play",,,,,9,"Ketel Marte singles on a line drive to center fielder Andy Pages.","R","L","R","AZ","LAD","X",8,"line_drive",0,1,2025,"-0.56","1.38","0.57","1.78",,,,0,4,"Bot",139.94,101.8,,,,,10.349936429251873,-143.99383193056903,-8.246143203418644,-10.034568075714787,31.370059230646195,-11.174285093848008,"3.66","1.75",178,"87.4",11,"100.1",2572,"6.8",776213,666163,518692,669242,571970,605141,624424,681624,606192,"53.74",0.623,0.571,"0.9",1,1,0,4,26,2,"4-Seam Fastball",0,1,0,1,1,0,0,1,"Standard","Standard",219,"0.054","0.477","75.6","7.3",0.691,"-0.477","88.0",-1,-1,0.423,0.423,30,31,31,32,2,1,7,2,11,1,"0.94","0.56","-0.56","33.2",-3.2212987483161397,6.824658944543968,37.86140707863892,23.938419872278065,29.724302992871117
"SL","2025-09-23","85.7","-2.17","6.08","Ohtani, Shohei",606466,660271,,"called_strike",,,,,9,"Called Strike","R","L","R","AZ","LAD","S",,,0,0,2025,"0.26","0.15","0.69","1.83",,,,0,4,"Bot",,,,,,,6.285768471401742,-124.79606281426992,-4.156112252013001,1.5480971171739273,22.729510432365295,-30.041168823747228,"3.56","1.83",,,,"86.7",2482,"6.7",776213,666163,518692,669242,571970,605141,624424,681624,606192,"53.83",,,,,,,,26,1,"Slider",0,1,0,1,1,0,0,1,"Standard","Standard",91,"-0.005","-0.039",,,,"0.039",,-1,-1,0.428,0.428,30,31,31,32,2,1,7,2,11,1,"2.93","-0.26","0.26","42.2",,,,,
"FF","2025-09-23","99.4","-2.28","5.7","Ohtani, Shohei",672695,660271,"strikeout","swinging_strike",,,,,2,"Geraldo Perdomo strikes out swinging.","R","L","R","AZ","LAD","S",2,,1,2,2025,"-0.17","1.19","-0.14","3.25",,,677950,2,3,"Bot",,,,,,,6.299368866226641,-144.6478375311172,-4.138677352241137,-3.835705980875223,33.11288544040947,-14.643673236572747,"3.55","1.7",,,,"100",2595,"6.6",776213,666163,518692,669242,571970,605141,624424,681624,606192,"53.91",,0,"0",1,0,0,,21,4,"4-Seam Fastball",0,1,0,1,1,0,0,1,"Standard","Standard",212,"-0.02","-0.183","59.0","5.0",,"0.183",,-1,-1,0.397,0.397,30,25,31,26,2,1,7,2,11,1,"1.11","0.17","-0.17","36.6",-18.140103174907505,40.15748515410429,36.305662621942496,35.31350626021435,-1.0356784291197214
"FF","2025-09-23","99.3","-2.28","5.65","Ohtani, Shohei",672695,660271,,"called_strike",,,,,2,"Called Strike","R","L","R","AZ","LAD","S",,,1,1,2025,"-0.32","1.29","-0.21","3.17",,,677950,2,3,"Bot",,,,,,,6.46717850199641,-144.54149655539973,-4.469223217303601,-5.886425239796488,31.856903705686427,-13.195495594940304,"3.59","1.82",,,,"100.4",2445,"6.7",776213,666163,518692,669242,571970,605141,624424,681624,606192,"53.76",,,,,,,,21,3,"4-Seam Fastball",0,1,0,1,1,0,0,1,"Standard","Standard",211,"-0.006","-0.073",,,,"0.073",,-1,-1,0.403,0.403,30,25,31,26,2,1,7,2,11,1,"1.01","0.32","-0.32","33.8",,,,,
"FF","2025-09-23","98.4","-2.19","5.67","Ohtani, Shohei",672695,660271,,"foul",,,,,2,"Foul","R","L","R","AZ","LAD","S",,,1,0,2025,"-0.23","1.27","0.06","3.01",,,677950,2,3,"Bot",,,,,,,6.686821129932569,-143.19715789812633,-4.762729949771056,-4.607859658447513,31.711239093720156,-13.78807777838982,"3.55","1.7",157,"66.1",65,"99.4",2354,"6.7",776213,666163,518692,669242,571970,605141,624424,681624,606192,"53.75",,,,,,,,21,2,"4-Seam Fastball",0,1,0,1,1,0,0,1,"Standard","Standard",218,"-0.004","-0.05","67.4","6.7",,"0.05","88.0",-1,-1,0.407,0.407,30,25,31,26,2,1,7,2,11,1,"1.08","0.23","-0.23","34.5",6.443073219666856,2.7005524295352763,34.98677571817144,33.39883549622877,18.07161401572067
"CU","2025-09-23","76.3","-1.61","6.07","Ohtani, Shohei",672695,660271,,"ball",,,,,14,"Ball","R","L","R","AZ","LAD","B",,,0,0,2025,"1.14","-1.16","0.5","1.12",,,677950,2,3,"Bot",,,,,,,2.392777437213668,-111.10074936557565,-1.1692198031882823,8.897447378653023,22.5940883387474,-41.720896692547534,"3.55","1.78",,,,"76.3",2641,"6.6",776213,666163,518692,669242,571970,605141,624424,681624,606192,"53.91",,,,,,,,21,1,"Curveball",0,1,0,1,1,0,0,1,"Standard","Standard",39,"0.003","0.035",,,,"-0.035",,-1,-1,0.404,0.404,30,25,31,26,2,1,7,2,11,1,"5.12","-1.14","1.14","48.2",,,,,
"CU","2025-09-23","80","-1.9","6.1","Ohtani, Shohei",664983,660271,"strikeout","swinging_strike_blocked",,,,,14,"Jake McCarthy strikes out swinging.","R","L","R","AZ","LAD","S",2,,1,2,2025,"0.94","-1.39","0.17","0.72",,,677950,1,3,"Bot",,,,,,,2.8123371715278846,-116.47662592188455,-2.4658349825235093,7.856549415625587,24.743884910569967,-44.39162756156656,"3.46","1.66",,,,"80.1",2724,"6.6",776213,666163,518692,669242,571970,605141,624424,681624,606192,"53.89",,0,"0",1,0,0,,20,4,"Curveball",0,1,0,1,1,0,0,1,"Standard","Standard",37,"-0.027","-0.178","70.0","8.2",,"0.178",,-1,-1,0.431,0.431,30,27,31,28,1,0,7,3,11,1,"4.98","-0.94","0.94","46.9",17.039952177728317,-15.920444331009934,43.429486870899055,37.63757407704949,34.31503733823436
"CU","2025-09-23","76.4","-1.77","5.96","Ohtani, Shohei",664983,660271,,"swinging_strike",,,,,14,"Swinging Strike","R","L","R","AZ","LAD","S",,,1,1,2025,"0.99","-1.31","0.08","1.02",,,677950,1,3,"Bot",,,,,,,2.122984223095633,-111.18856756452486,-0.9266344406327359,7.7376030829563,22.428812938291777,-42.96417334417445,"3.46","1.66",,,,"76.5",2569,"6.6",776213,666163,518692,669242,571970,605141,624424,681624,606192,"53.88",,,,,,,,20,3,"Curveball",0,1,0,1,1,0,0,1,"Standard","Standard",42,"-0.007","-0.056","72.0","8.1",,"0.056",,-1,-1,0.438,0.438,30,27,31,28,1,0,7,3,11,1,"5.25","-0.99","0.99","43.3",24.583506168773958,-19.002506866795557,39.437400739814784,39.90451587639951,44.022117447240255
"FC","2025-09-23","93.8","-2.22","5.56","Ohtani, Shohei",664983,660271,,"foul",,,,,9,"Foul","R","L","R","AZ","LAD","S",,,1,0,2025,"0.16","0.75","0.7","1.91",,,677950,1,3,"Bot",,,,,,,7.241403306465405,-136.58166748821247,-5.516630954980313,0.7054444929648472,26.015089209225433,-21.764964458275582,"3.46","1.66",4,"89.5",-26,"95.2",2526,"6.8",776213,666163,518692,669242,571970,605141,624424,681624,606192,"53.71",,,,,,,,20,2,"Cutter",0,1,0,1,1,0,0,1,"Standard","Standard",187,"-0.007","-0.056","77.4","7.5",,"0.056","89.5",-1,-1,0.445,0.445,30,27,31,28,1,0,7,3,11,1,"1.81","-0.16","0.16","30.2",12.97888557428463,-7.768562810120615,40.596222561125224,33.57958482771306,32.30585332539991
"FC","2025-09-23","93.8","-2.26","5.64","Ohtani, Shohei",664983,660271,,"ball",,,,,1,"Ball","R","L","R","AZ","LAD","B",,,0,0,2025,"0.14","0.63","-0.65","3.08",,,677950,1,3,"Bot",,,,,,,3.8968040885892394,-136.70970029100667,-2.4155064486729847,0.9730462690789358,26.024030423140612,-23.89468105360071,"3.45","1.79",,,,"95.1",2478,"6.6",776213,666163,518692,669242,571970,605141,624424,681624,606192,"53.87",,,,,,,,20,1,"Cutter",0,1,0,1,1,0,0,1,"Standard","Standard",184,"0.005","0.035",,,,"-0.035",,-1,-1,0.44,0.44,30,27,31,28,1,0,7,3,11,1,"1.92","-0.14","0.14","35.2",,,,,
"FF","2025-09-23","99.5","-2.28","5.56","Ohtani, Shohei",543510,660271,"strikeout","foul_tip",,,,,4,"James McCann strikes out on a foul tip.","R","R","R","AZ","LAD","S",2,,1,2,2025,"-0.36","1.11","-0.45","2.39",,,677950,0,3,"Bot",,,,,,,5.908931399430725,-144.87495200468777,-5.994869194009166,-6.30459615308695,31.078272309570973,-15.367905592777303,"3.49","1.57",,,,"100.7",2482,"6.7",776213,666163,518692,669242,571970,605141,624424,681624,606192,"53.77",,0,"0",1,0,0,,19,4,"4-Seam Fastball",0,1,0,1,1,0,0,1,"Standard","Standard",213,"-0.031","-0.165","68.5","5.6",,"0.165",,-1,-1,0.471,0.471,30,35,31,35,1,0,7,3,11,1,"1.18","0.36","0.36","32.1",-16.167018332337562,24.080934152971587,45.40895820069629,30.845264443475322,20.37791284980568
"ST","2025-09-23","87.2","-2.28","5.54","Ohtani, Shohei",543510,660271,,"ball",,,,,14,"Ball","R","R","R","AZ","LAD","B",,,0,2,2025,"1.33","0.27","2.04","1.71",,,677950,0,3,"Bot",,,,,,,7.701126686990904,-126.7453838079078,-3.5716903432563676,12.775368352264804,26.023565740762262,-28.777945758564623,"3.45","1.41",,,,"87.7",2735,"6.7",776213,666163,518692,669242,571970,605141,624424,681624,606192,"53.83",,,,,,,,19,3,"Sweeper",0,1,0,1,1,0,0,1,"Standard","Standard",55,"0.004","0.017",,,,"-0.017",,-1,-1,0.467,0.467,30,35,31,35,1,0,7,3,11,1,"2.74","-1.33","-1.33","31.1",,,,,
"ST","2025-09-23","86","-2.27","5.55","Ohtani, Shohei",543510,660271,,"swinging_strike",,,,,14,"Swinging Strike","R","R","R","AZ","LAD","S",,,0,1,2025,"1.19","0.44","1.55","2.25",,,677950,0,3,"Bot",,,,,,,6.659673500142124,-125.09855839688758,-2.4790339164851067,11.20410630787447,25.093114805253144,-27.26492766845865,"3.49","1.57",,,,"86.5",2657,"6.6",776213,666163,518692,669242,571970,605141,624424,681624,606192,"53.92",,,,,,,,19,2,"Sweeper",0,1,0,1,1,0,0,1,"Standard","Standard",50,"-0.008","-0.053","69.7","7.5",,"0.053",,-1,-1,0.475,0.475,30,35,31,35,1,0,7,3,11,1,"2.64","-1.19","-1.19","30.9",20.190267642150577,-8.726928652540833,30.394864795366686,53.9498931358745,42.28445852888738
"SL","2025-09-23","87.3","-2.03","6.03","Ohtani, Shohei",543510,660271,,"swinging_strike",,,,,9,"Swinging Strike","R","R","R","AZ","LAD","S",,,0,0,2025,"0.21","0.11","0.54","1.54",,,677950,0,3,"Bot",,,,,,,5.774746949449899,-126.96500720775363,-4.904718430428089,1.1674596097630363,25.1460367649156,-30.25236937780752,"3.49","1.57",,,,"87.9",2445,"6.6",776213,666163,518692,669242,571970,605141,624424,681624,606192,"53.88",,,,,,,,19,1,"Slider",0,1,0,1,1,0,0,1,"Standard","Standard",101,"-0.006","-0.043","73.4","8.2",,"0.043",,-1,-1,0.481,0.481,30,35,31,35,1,0,7,3,11,1,"2.88","-0.21","-0.21","40.8",27.552225122401584,-32.55860292652873,34.1868577996526,42.12678545968428,61.52720577770212
"FF","2025-09-23","98.6","-2.63","5.64","Ohtani, Shohei",677950,660271,"single","hit_into_play",,,,,5,"Alek Thomas singles on a sharp line drive to pitcher Shohei Ohtani.","R","L","R","AZ","LAD","X",1,"line_drive",1,1,2025,"-0.47","1.19","-0.05","2.4",,,,0,3,"Bot",128.71,181.94,,,,,8.186481125750106,-143.36091220971454,-6.2012189587610065,-8.240024178209506,30.72387354135056,-14.55971934920164,"3.27","1.43",98,"105.8",3,"99.8",2673,"6.8",776213,666163,518692,669242,571970,605141,624424,681624,606192,"53.67",0.57,0.519,"0.9",1,1,0,4,18,3,"4-Seam Fastball",0,1,0,1,1,0,0,1,"Standard","Standard",211,"0.045","0.447","72.1","6.6",0.636,"-0.447","105.8",-1,-1,0.436,0.436,30,25,31,25,1,0,7,3,11,1,"1.15","0.47","-0.47","34.0",3.238267732887673,12.06598979696616,29.16780992451453,36.25915052285316,27.05039248070478
"CU","2025-09-23","73.4","-2.18","6.17","Ohtani, Shohei",677950,660271,,"called_strike",,,,,6,"Called Strike","R","L","R","AZ","LAD","S",,,1,0,2025,"1.17","-1.03","0.36","1.9",,,,0,3,"Bot",,,,,,,3.1280737260968947,-106.82295617934209,0.5624658801371114,8.28858800915184,20.240061185036982,-40.37341262984154,"3.11","1.32",,,,"73.4",2563,"6.5",776213,666163,518692,669242,571970,605141,624424,681624,606192,"53.98",,,,,,,,18,2,"Curveball",0,1,0,1,1,0,0,1,"Standard","Standard",43,"-0.005","-0.05",,,,"0.05",,-1,-1,0.441,0.441,30,25,31,25,1,0,7,3,11,1,"5.3","-1.17","1.17","44.4",,,,,
"FF","2025-09-23","97.2","-2.34","5.84","Ohtani, Shohei",677950,660271,,"ball",,,,,11,"Ball","R","L","R","AZ","LAD","B",,,0,0,2025,"-0.61","1.41","-0.05","3.47",,,,0,3,"Bot",,,,,,,7.586227497215438,-141.31760015564143,-4.081542257573932,-9.860724709613821,31.431356961637643,-12.484010400218365,"3.28","1.49",,,,"97.9",2469,"6.7",776213,666163,518692,669242,571970,605141,624424,681624,606192,"53.83",,,,,,,,18,1,"4-Seam Fastball",0,1,0,1,1,0,0,1,"Standard","Standard",228,"0.004","0.041",,,,"-0.041",,-1,-1,0.437,0.437,30,25,31,25,1,0,7,3,11,1,"1","0.61","-0.61","34.9",,,,,
"FF","2025-09-23","98.7","-2.56","5.68","Ohtani, Shohei",545121,660271,"field_out","hit_into_play",,,,,8,"Ildemaro Vargas grounds out, second baseman Tommy Edman to first baseman Freddie Freeman.","R","L","R","AZ","LAD","X",4,"ground_ball",1,2,2025,"-0.08","1.13","0.21","1.94",,,,2,2,"Bot",132.59,151.42,,,,,7.776780127644871,-143.43188935827058,-7.411420928710524,-2.7845649336095053,32.063026012963626,-15.008344294987403,"3.38","1.58",8,"75.5",-13,"99.6",2456,"6.8",776213,666163,518692,669242,571970,605141,624424,681624,606192,"53.72",0.066,0.057,"0",1,0,0,2,14,4,"4-Seam Fastball",0,1,0,1,1,0,0,1,"Strategic","Standard",215,"-0.009","-0.182","71.8","6.9",0.075,"0.182","88.0",-1,-1,0.397,0.397,30,33,31,34,1,0,7,2,11,1,"1.21","0.08","-0.08","32.0",-12.714026135720806,10.605586322836427,32.2475003529985,30.023708424887104,14.67670170386464
"FS","2025-09-23","90.4","-2.38","5.87","Ohtani, Shohei",545121,660271,,"ball",,,,,13,"Ball","R","L","R","AZ","LAD","B",,,0,2,2025,"-1.3","0.49","-0.5","0.8",,,,2,2,"Bot",,,,,,,7.5154194521363555,-131.27521834669187,-7.786001485375111,-16.590328254465724,26.574911874272974,-25.064943439787022,"3.33","1.45",,,,"91.1",1354,"6.7",776213,666163,518692,669242,571970,605141,624424,681624,606192,"53.76",,,,,,,,14,3,"Split-Finger",0,1,0,1,1,0,0,1,"Strategic","Standard",227,"0.001","0.022",,,,"-0.022",,-1,-1,0.396,0.396,30,33,31,34,1,0,7,2,11,1,"2.3","1.3","-1.3","38.7",,,,,
"CU","2025-09-23","73.1","-2.22","6.11","Ohtani, Shohei",545121,660271,,"swinging_strike",,,,,13,"Swinging Strike","R","L","R","AZ","LAD","S",,,0,1,2025,"1.1","-1.39","-0.75","0.93",,,,2,2,"Bot",,,,,,,1.0686475590779059,-106.3691223833322,-0.5868437668296167,8.00323116777198,21.160086164930792,-42.69568066615637,"3.38","1.58",,,,"72.9",2455,"6.5",776213,666163,518692,669242,571970,605141,624424,681624,606192,"54",,,,,,,,14,2,"Curveball",0,1,0,1,1,0,0,1,"Standard","Standard",36,"-0.002","-0.057","30.0","7.1",,"0.057",,-1,-1,0.398,0.398,30,33,31,34,1,0,7,2,11,1,"5.71","-1.1","1.1","43.4",0.41108878723395953,-18.025040423673953,26.06608207211469,43.323160058371926,29.34780102314823
"FC","2025-09-23","93","-2.65","5.55","Ohtani, Shohei",545121,660271,,"called_strike",,,,,1,"Called Strike","R","L","R","AZ","LAD","S",,,0,0,2025,"0.15","0.66","-0.6","2.77",,,,2,2,"Bot",,,,,,,4.999566248877581,-135.5059354298923,-2.9559187489841325,0.9766411816561132,24.437962685030953,-23.53211561055469,"3.26","1.53",,,,"94.6",2411,"6.8",776213,666163,518692,669242,571970,605141,624424,681624,606192,"53.75",,,,,,,,14,1,"Cutter",0,1,0,1,1,0,0,1,"Standard","Standard",190,"-0.002","-0.043",,,,"0.043",,-1,-1,0.4,0.4,30,33,31,34,1,0,7,2,11,1,"1.93","-0.15","0.15","30.2",,,,,
"ST","2025-09-23","87.8","-2.65","5.43","Ohtani, Shohei",677942,660271,"strikeout","swinging_strike",,,,,14,"Blaze Alexander strikes out swinging.","R","R","R","AZ","LAD","S",2,,3,2,2025,"1.31","0.44","1.37","1.74",,,,1,2,"Bot",,,,,,,7.088410710444034,-127.69722785649263,-3.749213276566582,12.910125670131118,25.60822843747969,-26.824354423215688,"3.3","1.61",,,,"88.7",2649,"6.8",776213,666163,518692,669242,571970,605141,624424,681624,606192,"53.71",,0,"0",1,0,0,,13,7,"Sweeper",0,1,0,1,1,0,0,1,"Standard","Standard",58,"-0.022","-0.332","70.4","8.3",,"0.332",,-1,-1,0.422,0.422,30,26,31,26,1,0,7,2,11,1,"2.52","-1.31","-1.31","30.5",15.465266051464305,-12.537995236464257,29.61212885890481,52.959795190599955,35.63956793768202
"FF","2025-09-23","99","-2.5","5.61","Ohtani, Shohei",677942,660271,,"foul",,,,,1,"Foul","R","R","R","AZ","LAD","S",,,3,2,2025,"-0.42","1.37","-0.45","2.78",,,,1,2,"Bot",,,,,,,6.635153177754799,-144.0685954324211,-5.595584184390278,-7.297102997770065,30.11177240690875,-11.923574007657646,"3.3","1.61",116,"75.4",27,"100.4",2581,"6.9",776213,666163,518692,669242,571970,605141,624424,681624,606192,"53.65",,,,,,,,13,6,"4-Seam Fastball",0,1,0,1,1,0,0,1,"Standard","Standard",212,"0","0","70.3","6.2",,"0","88.0",-1,-1,0.422,0.422,30,26,31,26,1,0,7,2,11,1,"0.94","0.42","0.42","35.1",-3.690671702540605,13.079043004268085,35.98301166288716,32.17121373930274,17.04748380415996
"SL","2025-09-23","86.9","-2.42","6.04","Ohtani, Shohei",677942,660271,,"ball",,,,,11,"Ball","R","R","R","AZ","LAD","B",,,2,2,2025,"0.35","0.08","-1.31","2.84",,,,1,2,"Bot",,,,,,,1.9593640130287844,-126.72251761688788,-1.7163182347353554,3.4183255856795096,24.171714526161065,-31.193137662574284,"3.3","1.67",,,,"87.9",2641,"6.6",776213,666163,518692,669242,571970,605141,624424,681624,606192,"53.87",,,,,,,,13,5,"Slider",0,1,0,1,1,0,0,1,"Standard","Standard",71,"0.006","0.104",,,,"-0.104",,-1,-1,0.416,0.416,30,26,31,26,1,0,7,2,11,1,"2.91","-0.35","-0.35","40.6",,,,,
"FF","2025-09-23","99.5","-2.59","5.64","Ohtani, Shohei",677942,660271,,"ball",,,,,12,"Ball","R","R","R","AZ","LAD","B",,,1,2,2025,"-0.51","1.3","0.65","3.52",,,,1,2,"Bot",,,,,,,10.168023449252878,-144.59117003686268,-3.4875495681190936,-9.44958826030528,31.03670985170405,-13.289071582171443,"3.3","1.56",,,,"100.5",2610,"6.7",776213,666163,518692,669242,571970,605141,624424,681624,606192,"53.78",,,,,,,,13,4,"4-Seam Fastball",0,1,0,1,1,0,0,1,"Standard","Standard",212,"0.003","0.048",,,,"-0.048",,-1,-1,0.413,0.413,30,26,31,26,1,0,7,2,11,1,"1","0.51","0.51","32.1",,,,,
"ST","2025-09-23","85.5","-2.63","5.61","Ohtani, Shohei",677942,660271,,"swinging_strike",,,,,14,"Swinging Strike","R","R","R","AZ","LAD","S",,,1,1,2025,"1.28","0.26","0.3","1.46",,,,1,2,"Bot",,,,,,,4.355552071950104,-124.43477251959507,-4.024023844673247,12.345140668208963,25.784237400266523,-28.891013928323368,"3.3","1.61",,,,"86",2658,"6.7",776213,666163,518692,669242,571970,605141,624424,681624,606192,"53.84",,,,,,,,13,3,"Sweeper",0,1,0,1,1,0,0,1,"Standard","Standard",63,"-0.004","-0.064","72.6","8.6",,"0.064",,-1,-1,0.417,0.417,30,26,31,26,1,0,7,2,11,1,"2.87","-1.28","-1.28","29.4",25.83223981934678,-24.42389372607742,42.91469200677744,40.19773428562347,43.72576387388402
"FF","2025-09-23","98.2","-2.57","5.59","Ohtani, Shohei",677942,660271,,"foul_tip",,,,,11,"Foul Tip","R","R","R","AZ","LAD","S",,,1,0,2025,"-0.52","1.4","-0.95","2.99",,,,1,2,"Bot",,,,,,,5.641377246250485,-142.97882558217694,-4.882612083223479,-8.397166118369638,31.475701594516206,-11.969991195439711,"3.3","1.61",,,,"99.2",2513,"6.7",776213,666163,518692,669242,571970,605141,624424,681624,606192,"53.78",,,,,,,,13,2,"4-Seam Fastball",0,1,0,1,1,0,0,1,"Standard","Standard",212,"-0.004","-0.049","65.2","5.7",,"0.049",,-1,-1,0.421,0.421,30,26,31,26,1,0,7,2,11,1,"0.95","0.52","0.52","33.7",-5.636901899122674,15.453007721871277,42.136599192037245,26.938861327667084,14.823002627062367
"FF","2025-09-23","98.3","-2.51","5.62","Ohtani, Shohei",677942,660271,,"ball",,,,,11,"Ball","R","R","R","AZ","LAD","B",,,0,0,2025,"-0.51","1.37","-0.04","3.46",,,,1,2,"Bot",,,,,,,7.931524398209322,-142.97135883142272,-3.649388232621596,-8.674925278883764,30.43050678792955,-12.604268391926707,"3.3","1.57",,,,"99.5",2579,"6.8",776213,666163,518692,669242,571970,605141,624424,681624,606192,"53.7",,,,,,,,13,1,"4-Seam Fastball",0,1,0,1,1,0,0,1,"Standard","Standard",212,"0.003","0.039",,,,"-0.039",,-1,-1,0.418,0.418,30,26,31,26,1,0,7,2,11,1,"0.97","0.51","0.51","31.6",,,,,
"FF","2025-09-23","98.4","-2.58","5.59","Ohtani, Shohei",672515,660271,"strikeout","swinging_strike",,,,,2,"Gabriel Moreno strikes out swinging.","R","R","R","AZ","LAD","S",2,,3,2,2025,"-0.53","1.3","-0.27","2.82",,,,0,2,"Bot",,,,,,,7.52215229107514,-143.16712484693696,-5.1291888401237635,-8.917889055754651,30.90024793562455,-13.318611764045098,"3.32","1.52",,,,"99.3",2593,"6.7",776213,666163,518692,669242,571970,605141,624424,681624,606192,"53.84",,0,"0",1,0,0,,12,6,"4-Seam Fastball",0,1,0,1,1,0,0,1,"Standard","Standard",220,"-0.031","-0.345","73.9","6.3",,"0.345",,-1,-1,0.449,0.449,30,25,31,25,1,0,7,2,11,1,"1.05","0.53","0.53","33.2",-3.7024221519641674,19.80823432102607,34.41499968434162,31.54362833714272,23.684376627352794
"FF","2025-09-23","97.1","-2.67","5.54","Ohtani, Shohei",672515,660271,,"swinging_strike",,,,,6,"Swinging Strike","R","R","R","AZ","LAD","S",,,3,1,2025,"-0.37","1.19","0.33","2.51",,,,0,2,"Bot",,,,,,,8.949627568403855,-141.15341278951888,-5.344953152145348,-6.94466653077633,30.309828537219577,-15.191400734128225,"3.32","1.52",,,,"98.1",2518,"6.8",776213,666163,518692,669242,571970,605141,624424,681624,606192,"53.73",,,,,,,,12,5,"4-Seam Fastball",0,1,0,1,1,0,0,1,"Standard","Standard",210,"-0.01","-0.094","75.2","6.7",,"0.094",,-1,-1,0.459,0.459,30,25,31,25,1,0,7,2,11,1,"1.22","0.37","0.37","31.5",-1.8480734533806196,19.574489197984878,34.648071584777995,39.000611000666595,24.7535499145967
"FF","2025-09-23","94.8","-2.43","5.66","Ohtani, Shohei",672515,660271,,"called_strike",,,,,6,"Called Strike","R","R","R","AZ","LAD","S",,,3,0,2025,"-0.51","1.14","0.44","2",,,,0,2,"Bot",,,,,,,8.707133552000942,-137.7433539754924,-6.500360818183538,-8.340118491995527,29.342891749767038,-16.316928823511187,"3.26","1.42",,,,"95.7",2389,"6.8",776213,666163,518692,669242,571970,605141,624424,681624,606192,"53.69",,,,,,,,12,4,"4-Seam Fastball",0,1,0,1,1,0,0,1,"Standard","Standard",218,"-0.009","-0.09",,,,"0.09",,-1,-1,0.468,0.468,30,25,31,25,1,0,7,2,11,1,"1.39","0.51","0.51","33.6",,,,,
"FF","2025-09-23","96.5","-2.46","5.63","Ohtani, Shohei",672515,660271,,"ball",,,,,12,"Ball","R","R","R","AZ","LAD","B",,,2,0,2025,"-0.41","1.3","0.88","3.22",,,,0,2,"Bot",,,,,,,9.894925247406146,-140.3636577843237,-3.8873636072393998,-7.505369333542604,28.330625001630626,-14.16016269153026,"3.32","1.55",,,,"97.6",2532,"6.7",776213,666163,518692,669242,571970,605141,624424,681624,606192,"53.83",,,,,,,,12,3,"4-Seam Fastball",0,1,0,1,1,0,0,1,"Standard","Standard",209,"0.013","0.152",,,,"-0.152",,-1,-1,0.455,0.455,30,25,31,25,1,0,7,2,11,1,"1.12","0.41","0.41","32.3",,,,,
"FF","2025-09-23","97.2","-2.6","5.58","Ohtani, Shohei",672515,660271,,"ball",,,,,1,"Ball","R","R","R","AZ","LAD","B",,,1,0,2025,"-0.57","1.03","-0.74","3.22",,,,0,2,"Bot",,,,,,,6.349070109041619,-141.54057528319893,-3.2180706271424397,-9.083120306819927,30.955443117027816,-17.792792067985744,"3.17","1.42",,,,"98.1",2513,"6.7",776213,666163,518692,669242,571970,605141,624424,681624,606192,"53.83",,,,,,,,12,2,"4-Seam Fastball",0,1,0,1,1,0,0,1,"Strategic","Standard",219,"0.008","0.077",,,,"-0.077",,-1,-1,0.447,0.447,30,25,31,25,1,0,7,2,11,1,"1.37","0.57","0.57","30.4",,,,,
"ST","2025-09-23","82.1","-2.45","5.69","Ohtani, Shohei",672515,660271,,"ball",,,,,14,"Ball","R","R","R","AZ","LAD","B",,,0,0,2025,"1.05","0.19","1.38","1.15",,,,0,2,"Bot",,,,,,,6.6732604310485,-119.46367896541732,-4.101628689018429,8.753144547893912,22.751920487227384,-29.810929042291452,"3.06","1.36",,,,"82.7",2631,"6.6",776213,666163,518692,669242,571970,605141,624424,681624,606192,"53.87",,,,,,,,12,1,"Sweeper",0,1,0,1,1,0,0,1,"Strategic","Standard",72,"0.004","0.041",,,,"-0.041",,-1,-1,0.443,0.443,30,25,31,25,1,0,7,2,11,1,"3.19","-1.05","-1.05","31.9",,,,,
"CU","2025-09-23","79.8","-2.22","6.18","Ohtani, Shohei",682998,660271,"strikeout","called_strike",,,,,6,"Corbin Carroll called out on strikes.","R","L","R","AZ","LAD","S",2,,2,2,2025,"0.9","-1.18","0.33","2.24",,,,2,1,"Bot",,,,,,,3.9225997513267155,-116.04572475599626,0.37342870240681547,7.239372582297054,24.5383612340732,-43.03388579959614,"3.11","1.41",,,,"79.5",2677,"6.4",776213,666163,518692,669242,571970,605141,624424,681624,606192,"54.09",,0,"0",1,0,0,,7,5,"Curveball",0,0,0,0,0,0,0,0,"Infield shade","Standard",43,"-0.009","-0.224",,,,"0.224",,0,0,0.509,0.509,30,24,31,25,1,0,7,2,11,1,"4.8","-0.9","0.9","44.5",,,,,
"SL","2025-09-23","89.3","-2.24","5.99","Ohtani, Shohei",682998,660271,,"foul",,,,,14,"Foul","R","L","R","AZ","LAD","S",,,2,1,2025,"-0.07","0.11","0.13","0.96",,,,2,1,"Bot",,,,,,,6.056938324548296,-129.84612884615356,-6.625211375002843,-2.112385469705184,28.66793090741311,-29.64495273786601,"3.21","1.54",3,"71.8",-20,"90.1",2454,"6.9",776213,666163,518692,669242,571970,605141,624424,681624,606192,"53.56",,,,,,,,7,4,"Slider",0,0,0,0,0,0,0,0,"Infield shade","Standard",172,"-0.002","-0.073","70.1","8.2",,"0.073","88.0",0,0,0.511,0.511,30,24,31,25,1,0,7,2,11,1,"2.76","0.07","-0.07","39.9",14.419685363756173,-10.772939600720816,30.01519755285828,38.79573764688624,42.72969970829608
"FF","2025-09-23","99.2","-2.55","5.56","Ohtani, Shohei",682998,660271,,"ball",,,,,14,"Ball","R","L","R","AZ","LAD","B",,,1,1,2025,"-0.55","1.23","0.59","0.7",,,,2,1,"Bot",,,,,,,9.92902677393237,-143.96151061641845,-10.847689101812815,-9.700173835098454,29.52334179787892,-12.81440693668801,"3.22","1.57",,,,"100.2",2463,"6.7",776213,666163,518692,669242,571970,605141,624424,681624,606192,"53.76",,,,,,,,7,3,"4-Seam Fastball",0,0,0,0,0,0,0,0,"Standard","Standard",224,"0.002","0.053",,,,"-0.053",,0,0,0.509,0.509,30,24,31,25,1,0,7,2,11,1,"1.08","0.55","-0.55","32.2",,,,,
"FF","2025-09-23","99.5","-2.65","5.56","Ohtani, Shohei",682998,660271,,"swinging_strike",,,,,12,"Swinging Strike","R","L","R","AZ","LAD","S",,,1,0,2025,"-0.38","1.21","0.93","2.87",,,,2,1,"Bot",,,,,,,10.77456778395863,-144.4829514519617,-4.856019709647455,-7.651815215640293,31.524027904024923,-14.247206324897467,"3.21","1.54",,,,"100.4",2461,"6.8",776213,666163,518692,669242,571970,605141,624424,681624,606192,"53.73",,,,,,,,7,2,"4-Seam Fastball",0,0,0,0,0,0,0,0,"Standard","Standard",223,"-0.002","-0.054","76.4","6.6",,"0.054",,0,0,0.511,0.511,30,24,31,25,1,0,7,2,11,1,"1.09","0.38","-0.38","31.6",7.8199881955890715,5.970198006912588,26.992947667302158,29.402980831552703,27.21061371850336
"FF","2025-09-23","97.8","-2.49","5.73","Ohtani, Shohei",682998,660271,,"ball",,,,,14,"Ball","R","L","R","AZ","LAD","B",,,0,0,2025,"-0.14","1.26","1.69","2.2",,,,2,1,"Bot",,,,,,,11.666670417641944,-141.94253022109163,-6.998615573296383,-4.386319438005844,30.005625076577918,-13.63758154063643,"3.21","1.54",,,,"98.7",2539,"6.7",776213,666163,518692,669242,571970,605141,624424,681624,606192,"53.76",,,,,,,,7,1,"4-Seam Fastball",0,0,0,0,0,0,0,0,"Standard","Standard",217,"0.001","0.037",,,,"-0.037",,0,0,0.51,0.51,30,24,31,25,1,0,7,2,11,1,"1.12","0.14","-0.14","35.2",,,,,
"FF","2025-09-23","97.9","-2.4","5.68","Ohtani, Shohei",606466,660271,"field_out","hit_into_play",,,,,9,"Ketel Marte grounds out, second baseman Tommy Edman to first baseman Freddie Freeman.","R","L","R","AZ","LAD","X",4,"ground_ball",2,1,2025,"-0.43","1.37","0.7","2.28",,,,1,1,"Bot",149.5,154.05,,,,,9.434526276733418,-142.3135571141281,-6.945717380518651,-7.776771216130339,29.482633360338202,-12.151230308179668,"3.66","1.75",21,"74.8",-4,"99.3",2471,"6.9",776213,666163,518692,669242,571970,605141,624424,681624,606192,"53.61",0.096,0.088,"0",1,0,0,2,6,4,"4-Seam Fastball",0,0,0,0,0,0,0,0,"Standard","Standard",223,"-0.019","-0.298","70.2","6.6",0.121,"0.298","88.0",0,0,0.529,0.529,30,31,31,32,1,0,7,2,11,1,"1","0.43","-0.43","34.4",-4.38781305079754,12.516977436693633,42.639718428310864,20.919355526117656,27.712501560846217
"FF","2025-09-23","99.1","-2.62","5.63","Ohtani, Shohei",606466,660271,,"ball",,,,,14,"Ball","R","L","R","AZ","LAD","B",,,1,1,2025,"-0.09","1.03","1.73","2.55",,,,1,1,"Bot",,,,,,,12.166414209458578,-143.8873662392622,-5.446002549316193,-3.9349038204201707,31.76956185345748,-16.682073481450573,"3.66","1.68",,,,"99.9",2467,"6.7",776213,666163,518692,669242,571970,605141,624424,681624,606192,"53.75",,,,,,,,6,3,"4-Seam Fastball",0,0,0,0,0,0,0,0,"Standard","Standard",205,"0.004","0.055",,,,"-0.055",,0,0,0.525,0.525,30,31,31,32,1,0,7,2,11,1,"1.29","0.09","-0.09","30.1",,,,,
"CU","2025-09-23","75.5","-2.16","6.15","Ohtani, Shohei",606466,660271,,"ball",,,,,14,"Ball","R","L","R","AZ","LAD","B",,,0,1,2025,"0.89","-1.22","0.59","0.12",,,,1,1,"Bot",,,,,,,4.143978590136015,-109.78470799198486,-3.171109836022847,6.237727004574606,22.384521212209037,-41.488030910407936,"3.48","1.62",,,,"75.4",2490,"6.6",776213,666163,518692,669242,571970,605141,624424,681624,606192,"53.91",,,,,,,,6,2,"Curveball",0,0,0,0,0,0,0,0,"Standard","Standard",35,"0.001","0.029",,,,"-0.029",,0,0,0.524,0.524,30,31,31,32,1,0,7,2,11,1,"5.27","-0.89","0.89","43.2",,,,,
"FF","2025-09-23","98.8","-2.45","5.76","Ohtani, Shohei",606466,660271,,"swinging_strike",,,,,4,"Swinging Strike","R","L","R","AZ","LAD","S",,,0,0,2025,"-0.51","1.27","-0.39","2.95",,,,1,1,"Bot",,,,,,,6.855601657284326,-143.72578181226936,-5.2051801775323465,-8.66378185216855,33.02495416218197,-13.5175652316784,"3.66","1.75",,,,"99.5",2517,"6.7",776213,666163,518692,669242,571970,605141,624424,681624,606192,"53.8",,,,,,,,6,1,"4-Seam Fastball",0,0,0,0,0,0,0,0,"Standard","Standard",220,"-0.002","-0.039","70.9","7.0",,"0.039",,0,0,0.526,0.526,30,31,31,32,1,0,7,2,11,1,"1.06","0.51","-0.51","30.8",8.449603781913613,20.926959564306305,29.100789491940592,34.58038032314589,27.668059090952138
"FC","2025-09-23","94.2","-2.59","5.69","Ohtani, Shohei",672695,660271,"field_out","hit_into_play",,,,,6,"Geraldo Perdomo flies out to right fielder Teoscar Hernández.","R","L","R","AZ","LAD","X",9,"fly_ball",0,1,2025,"0.19","0.77","0.6","2.92",,,,0,1,"Bot",183.36,123.36,,,,,7.908090608431431,-137.1597086848709,-3.2974808208533783,0.9381909106063366,26.148580172947707,-21.863975413385656,"3.55","1.7",236,"69.8",41,"95.3",2612,"6.6",776213,666163,518692,669242,571970,605141,624424,681624,606192,"53.92",0.408,0.407,"0",1,0,0,3,5,2,"Cutter",0,0,0,0,0,0,0,0,"Standard","Standard",186,"-0.019","-0.22","68.6","6.8",0.504,"0.22","88.0",0,0,0.545,0.545,30,25,31,26,1,0,7,2,11,1,"1.77","-0.19","0.19","29.4",13.154194648263456,-6.354419298541359,34.805706760868986,27.58484769264279,23.89638872065951
"FF","2025-09-23","98.1","-2.38","5.83","Ohtani, Shohei",672695,660271,,"called_strike",,,,,6,"Called Strike","R","L","R","AZ","LAD","S",,,0,0,2025,"-0.46","1.19","0.78","2.94",,,,0,1,"Bot",,,,,,,9.67660641708243,-142.61556642584753,-5.157075518684653,-8.382807212999426,31.559515357902843,-14.829921808465514,"3.55","1.67",,,,"98.9",2392,"6.7",776213,666163,518692,669242,571970,605141,624424,681624,606192,"53.77",,,,,,,,5,1,"4-Seam Fastball",0,0,0,0,0,0,0,0,"Standard","Standard",222,"-0.003","-0.039",,,,"0.039",,0,0,0.548,0.548,30,25,31,26,1,0,7,2,11,1,"1.17","0.46","-0.46","33.7",,,,,
"FF","2025-09-16","97.1","-2.62","5.41","Ohtani, Shohei",642215,660271,"field_out","hit_into_play",,,,,8,"Weston Wilson flies out to right fielder Teoscar Hernández.","R","R","R","LAD","PHI","X",9,"fly_ball",2,1,2025,"-0.19","1.03","0.16","2.27",,,,2,5,"Top",210.86,108.88,,,,,7.904992494200667,-141.15967195898872,-5.255575565077484,-4.327317779948455,31.392164337523468,-17.446013621113796,"3.68","1.66",305,"91.5",32,"97.5",2609,"6.5",776297,666163,518692,669242,571771,605141,669743,681624,606192,"53.99",0.051,0.076,"0",1,0,0,3,34,4,"4-Seam Fastball",4,0,0,4,0,4,0,4,"Strategic","Standard",211,"0.007","-0.296","71.2","7.2",0.138,"0.296","91.5",4,-4,0.924,0.07599999999999996,30,30,31,31,2,1,11,1,7,1,"1.39","0.19","0.19","31.6",0.6375335327182841,11.168696706935158,34.61338535174456,38.410678070265625,21.66432880650034
"ST","2025-09-16","85.3","-2.53","5.53","Ohtani, Shohei",642215,660271,,"ball",,,,,14,"Ball","R","R","R","LAD","PHI","B",,,1,1,2025,"1.33","0.17","0.2","1.32",,,,2,5,"Top",,,,,,,3.7667400838036302,-124.24081367932529,-3.964504078282169,13.029686991944882,25.166736950784042,-29.81391016123843,"3.58","1.66",,,,"85.7",2631,"6.5",776297,666163,518692,669242,571771,605141,669743,681624,606192,"53.98",,,,,,,,34,3,"Sweeper",4,0,0,4,0,4,0,4,"Strategic","Standard",63,"-0.001","0.053",,,,"-0.053",,4,-4,0.925,0.07499999999999996,30,30,31,31,2,1,11,1,7,1,"2.96","-1.33","-1.33","30.9",,,,,
"FF","2025-09-16","98.2","-2.46","5.55","Ohtani, Shohei",642215,660271,,"foul",,,,,6,"Foul","R","R","R","LAD","PHI","S",,,1,0,2025,"-0.19","1.14","0.28","2.56",,,,2,5,"Top",,,,,,,7.906931351296979,-142.85737356146535,-5.332810694633271,-4.226665023015329,29.491515031278368,-15.494861843985268,"3.68","1.66",240,"81.2",51,"99.1",2522,"6.6",776297,666163,518692,669242,571771,605141,669743,681624,606192,"53.9",,,,,,,,34,2,"4-Seam Fastball",4,0,0,4,0,4,0,4,"Strategic","Standard",217,"0.001","-0.054","72.2","7.2",,"0.054","88.0",4,-4,0.924,0.07599999999999996,30,30,31,31,2,1,11,1,7,1,"1.21","0.19","0.19","35.7",5.2918586704400346,13.607738191831965,35.8117051482762,39.35226519466515,22.415150858991552
"SL","2025-09-16","88.3","-2.16","5.93","Ohtani, Shohei",642215,660271,,"ball",,,,,14,"Ball","R","R","R","LAD","PHI","B",,,0,0,2025,"0.16","0","0.04","0.83",,,,2,5,"Top",,,,,,,5.035578684580785,-128.45521113714506,-6.334933616881118,0.7700703886023758,26.807072746946744,-31.070894411549357,"3.61","1.58",,,,"88.8",2466,"6.6",776297,666163,518692,669242,571771,605141,669743,681624,606192,"53.9",,,,,,,,34,1,"Slider",4,0,0,4,0,4,0,4,"Strategic","Standard",93,"-0.001","0.037",,,,"-0.037",,4,-4,0.925,0.07499999999999996,30,30,31,31,2,1,11,1,7,1,"2.93","-0.16","-0.16","40.4",,,,,
"FF","2025-09-16","99.2","-2.72","5.43","Ohtani, Shohei",596146,660271,"field_out","hit_into_play",,,,,7,"Max Kepler flies out to left fielder Alex Call.","R","L","R","LAD","PHI","X",7,"fly_ball",1,0,2025,"-0.45","1.09","-0.32","2.15",,,,1,5,"Top",75.11,58.85,,,,,7.656919199519267,-144.337167722792,-6.179596449100687,-7.998318134204936,31.405002120475505,-15.636392203826874,"3.43","1.63",368,"98.9",30,"99.9",2452,"6.5",776297,666163,518692,669242,571771,605141,669743,681624,606192,"53.96",0.431,0.8408124999999997,"0",1,0,0,6,33,2,"4-Seam Fastball",4,0,0,4,0,4,0,4,"Infield shade","Standard",220,"0.013","-0.293","71.0","7.4",1.6400625000000004,"0.293","98.9",4,-4,0.912,0.08799999999999997,30,32,31,32,2,1,11,1,7,1,"1.21","0.45","-0.45","30.2",3.4665672592925727,0.7713956248744774,34.63824395940887,41.29077167108562,26.702089033479893
"FF","2025-09-16","98.9","-2.41","5.54","Ohtani, Shohei",596146,660271,,"ball",,,,,11,"Ball","R","L","R","LAD","PHI","B",,,0,0,2025,"-0.62","1.29","-0.91","2.58",,,,1,5,"Top",,,,,,,5.563951846654146,-143.98747334691677,-5.704820792959981,-9.831484328883155,31.893351467375574,-13.083166744349862,"3.45","1.63",,,,"99.6",2501,"6.5",776297,666163,518692,669242,571771,605141,669743,681624,606192,"53.96",,,,,,,,33,1,"4-Seam Fastball",4,0,0,4,0,4,0,4,"Infield shade","Standard",220,"-0.002","0.039",,,,"-0.039",,4,-4,0.914,0.08599999999999997,30,32,31,32,2,1,11,1,7,1,"1.03","0.62","-0.62","32.9",,,,,
"SL","2025-09-16","89.9","-2.07","5.98","Ohtani, Shohei",805249,660271,"strikeout","swinging_strike",,,,,14,"Otto Kemp strikes out swinging.","R","R","R","LAD","PHI","S",2,,1,2,2025,"0.14","0","0.63","1.2",,,,0,5,"Top",,,,,,,6.415753683971333,-130.72791525855456,-5.920910623092856,0.3449853604129932,26.109520352304617,-31.122195297845916,"3.45","1.57",,,,"90.6",2566,"6.7",776297,666163,518692,669242,571771,605141,669743,681624,606192,"53.85",,0,"0",1,0,0,,32,6,"Slider",4,0,0,4,0,4,0,4,"Standard","Standard",113,"0.013","-0.189","68.6","8.5",,"0.189",,4,-4,0.901,0.09899999999999998,30,25,31,26,2,1,11,1,7,1,"2.81","-0.14","-0.14","40.1",26.606060947462034,-33.69305274884322,36.1255448289542,36.685552701030126,49.31708490237574
"FF","2025-09-16","100.4","-2.41","5.47","Ohtani, Shohei",805249,660271,,"foul",,,,,5,"Foul","R","R","R","LAD","PHI","S",,,1,2,2025,"-0.61","1.24","-0.14","2.75",,,,0,5,"Top",,,,,,,7.8045693357893375,-145.92151898620705,-5.124143339630787,-10.525717626354902,34.13457208658335,-13.48464834530129,"3.45","1.57",229,"74.8",31,"101.1",2603,"6.7",776297,666163,518692,669242,571771,605141,669743,681624,606192,"53.77",,,,,,,,32,5,"4-Seam Fastball",4,0,0,4,0,4,0,4,"Standard","Standard",222,"0","0","67.3","5.9",,"0","88.0",4,-4,0.901,0.09899999999999998,30,25,31,26,2,1,11,1,7,1,"1.03","0.61","0.61","32.7",-14.24945375404242,21.699267957130175,40.87002513193754,29.113235742902333,13.674153085557867
"CU","2025-09-16","79.7","-2.08","6.05","Ohtani, Shohei",805249,660271,,"foul",,,,,4,"Foul","R","R","R","LAD","PHI","S",,,1,2,2025,"1.36","-1.15","-0.57","2.17",,,,0,5,"Top",,,,,,,0.7704025878923632,-115.9861542411802,0.5040499626730408,11.932637225861669,25.11150865296969,-42.82226395632452,"3.45","1.57",4,"65.7",-31,"79.9",2747,"6.8",776297,666163,518692,669242,571771,605141,669743,681624,606192,"53.75",,,,,,,,32,4,"Curveball",4,0,0,4,0,4,0,4,"Standard","Standard",38,"0","0","78.7","7.6",,"0","88.0",4,-4,0.901,0.09899999999999998,30,25,31,26,2,1,11,1,7,1,"4.79","-1.36","-1.36","43.1",24.488507743427647,-28.897244437132546,37.48270667213094,23.18582358821884,42.127395428178396
"FF","2025-09-16","98.9","-2.31","5.63","Ohtani, Shohei",805249,660271,,"ball",,,,,11,"Ball","R","R","R","LAD","PHI","B",,,0,2,2025,"-0.55","1.2","-0.35","4.47",,,,0,5,"Top",,,,,,,6.636794102788812,-144.0285471308187,-0.5570706193380656,-9.105034142174903,32.600061430304855,-15.468597096668816,"3.41","1.57",,,,"99.4",2417,"6.5",776297,666163,518692,669242,571771,605141,669743,681624,606192,"54.03",,,,,,,,32,3,"4-Seam Fastball",4,0,0,4,0,4,0,4,"Standard","Standard",215,"-0.001","0.024",,,,"-0.024",,4,-4,0.902,0.09799999999999998,30,25,31,26,2,1,11,1,7,1,"1.12","0.55","0.55","31.4",,,,,
"SI","2025-09-16","95","-2.34","5.53","Ohtani, Shohei",805249,660271,,"foul",,,,,4,"Foul","R","R","R","LAD","PHI","S",,,0,1,2025,"-1.03","0.93","-0.29","2.62",,,,0,5,"Top",,,,,,,7.763081711057258,-138.0656066961944,-4.067017366688714,-14.961947609019894,31.16830652831922,-19.55918753216745,"3.45","1.57",166,"81.7",67,"95.8",2230,"6.8",776297,666163,518692,669242,571771,605141,669743,681624,606192,"53.67",,,,,,,,32,2,"Sinker",4,0,0,4,0,4,0,4,"Standard","Standard",216,"0.003","-0.055","73.7","6.9",,"0.055","88.0",4,-4,0.899,0.10099999999999998,30,25,31,26,2,1,11,1,7,1,"1.6","1.03","1.03","30.5",6.037231464572893,-2.901434116240389,36.7210167081036,27.526461058693585,25.882443531365084
"ST","2025-09-16","82.8","-2.5","5.57","Ohtani, Shohei",805249,660271,,"called_strike",,,,,1,"Called Strike","R","R","R","LAD","PHI","S",,,0,0,2025,"1.4","0.39","-0.28","2.93",,,,0,5,"Top",,,,,,,2.344314983903521,-120.66083150695606,-0.32299795039813295,13.19246530992543,23.87316759923895,-28.480491853088477,"3.42","1.57",,,,"83.2",2624,"6.5",776297,666163,518692,669242,571771,605141,669743,681624,606192,"53.96",,,,,,,,32,1,"Sweeper",4,0,0,4,0,4,0,4,"Standard","Standard",67,"0.003","-0.039",,,,"0.039",,4,-4,0.896,0.10399999999999998,30,25,31,26,2,1,11,1,7,1,"2.93","-1.4","-1.4","29.9",,,,,
"SI","2025-09-16","95.8","-2.69","5.38","Ohtani, Shohei",669016,660271,"field_out","hit_into_play",,,,,13,"Brandon Marsh grounds out, second baseman Tommy Edman to first baseman Freddie Freeman.","R","L","R","LAD","PHI","X",4,"ground_ball",3,2,2025,"-1.14","0.41","-0.05","1.23",,,,2,4,"Top",153.2,153.94,,,,,9.60217918610949,-139.14387710266894,-6.293699500766067,-16.902929531556556,30.958855003858574,-25.62300797590117,"3.19","1.53",5,"85.7",-12,"96.5",2123,"6.8",776297,666163,518692,669242,571771,605141,669743,681624,606192,"53.72",0.096,0.102,"0",1,0,0,2,26,8,"Sinker",3,0,0,3,0,3,0,3,"Infield shade","Standard",211,"0.011","-0.328","71.7","6.9",0.098,"0.328","88.0",3,-3,0.849,0.15100000000000002,30,27,31,28,2,1,11,1,7,3,"2.08","1.14","-1.14","29.4",1.1714919389477234,2.791305416638243,50.31428525909078,36.07926575966406,23.25949304252955
"CU","2025-09-16","80.4","-2.11","6.1","Ohtani, Shohei",669016,660271,,"ball",,,,,14,"Ball","R","L","R","LAD","PHI","B",,,2,2,2025,"0.93","-1.04","1.4","0.87",,,,2,4,"Top",,,,,,,6.0298399042846915,-117.02223944293438,-2.9171869955038128,7.344218980656191,23.004024614759143,-41.36345414358381,"3.15","1.53",,,,"80.6",2797,"6.5",776297,666163,518692,669242,571771,605141,669743,681624,606192,"54",,,,,,,,26,7,"Curveball",3,0,0,3,0,3,0,3,"Infield shade","Standard",42,"-0.003","0.104",,,,"-0.104",,3,-3,0.852,0.14800000000000002,30,27,31,28,2,1,11,1,7,3,"4.58","-0.93","0.93","44.1",,,,,
"SL","2025-09-16","89.1","-2.24","5.9","Ohtani, Shohei",669016,660271,,"foul",,,,,8,"Foul","R","L","R","LAD","PHI","S",,,2,2,2025,"0.09","0.06","-0.04","1.73",,,,2,4,"Top",,,,,,,5.225302305442417,-129.70839427410945,-4.413471197691392,0.021420849286499278,24.976022123113935,-30.85067358675817,"3.19","1.53",3,"93.1",-34,"89.7",2476,"6.5",776297,666163,518692,669242,571771,605141,669743,681624,606192,"54.03",,,,,,,,26,6,"Slider",3,0,0,3,0,3,0,3,"Infield shade","Standard",107,"0","0","69.2","7.8",,"0","93.1",3,-3,0.852,0.14800000000000002,30,27,31,28,2,1,11,1,7,3,"2.79","-0.09","0.09","42.5",30.269951251591912,-9.793059997892685,36.9055209554638,38.005141718087344,39.61873962145194
"FF","2025-09-16","98.5","-2.53","5.47","Ohtani, Shohei",669016,660271,,"foul",,,,,12,"Foul","R","L","R","LAD","PHI","S",,,2,2,2025,"-0.1","0.98","0.64","3.45",,,,2,4,"Top",,,,,,,8.884399459173274,-143.37018486261408,-2.3653653720835512,-3.2433735370679737,30.112767358520564,-18.23352240273516,"3.19","1.53",181,"64.7",44,"99.3",2548,"6.5",776297,666163,518692,669242,571771,605141,669743,681624,606192,"53.97",,,,,,,,26,5,"4-Seam Fastball",3,0,0,3,0,3,0,3,"Infield shade","Standard",213,"0","0","61.9","5.4",,"0","88.0",3,-3,0.852,0.14800000000000002,30,27,31,28,2,1,11,1,7,3,"1.35","0.1","-0.1","29.3",-0.09907829168141981,14.514549373736832,32.77184281306569,28.340069970352005,16.79397891485906
"SI","2025-09-16","96.5","-2.48","5.51","Ohtani, Shohei",669016,660271,,"swinging_strike",,,,,1,"Swinging Strike","R","L","R","LAD","PHI","S",,,2,1,2025,"-1.07","0.52","-0.69","2.68",,,,2,4,"Top",,,,,,,7.252369749104136,-140.35711156853665,-3.184014370088307,-15.773054725611964,29.766757339165352,-24.737505790747058,"3.19","1.53",,,,"97.2",2176,"6.5",776297,666163,518692,669242,571771,605141,669743,681624,606192,"53.95",,,,,,,,26,4,"Sinker",3,0,0,3,0,3,0,3,"Infield shade","Standard",209,"0.002","-0.073","74.3","6.8",,"0.073",,3,-3,0.85,0.15000000000000002,30,27,31,28,2,1,11,1,7,3,"1.91","1.07","-1.07","29.5",4.353137360074222,7.168942002311918,35.37735491613992,44.49684515713088,25.168492723682682
"SL","2025-09-16","87.3","-2.24","5.99","Ohtani, Shohei",669016,660271,,"ball",,,,,11,"Ball","R","L","R","LAD","PHI","B",,,1,1,2025,"0.31","-0.08","-0.98","3.28",,,,2,4,"Top",,,,,,,2.413650488506306,-127.31286088188013,-0.29684287014561095,2.9090905495718893,23.917165941132897,-33.13918099568705,"3.19","1.41",,,,"88",2500,"6.4",776297,666163,518692,669242,571771,605141,669743,681624,606192,"54.05",,,,,,,,26,3,"Slider",3,0,0,3,0,3,0,3,"Infield shade","Standard",81,"-0.001","0.053",,,,"-0.053",,3,-3,0.851,0.14900000000000002,30,27,31,28,2,1,11,1,7,3,"3.03","-0.31","0.31","41.4",,,,,
"FF","2025-09-16","99","-2.61","5.46","Ohtani, Shohei",669016,660271,,"ball",,,,,11,"Ball","R","L","R","LAD","PHI","B",,,0,1,2025,"-0.28","1","-0.91","3.25",,,,2,4,"Top",,,,,,,5.305362244919644,-144.25230620698858,-3.012491721264122,-5.02148530188957,31.330518359257415,-17.676219054276906,"3.17","1.53",,,,"99.6",2629,"6.4",776297,666163,518692,669242,571771,605141,669743,681624,606192,"54.1",,,,,,,,26,2,"4-Seam Fastball",3,0,0,3,0,3,0,3,"Infield shade","Standard",212,"-0.001","0.027",,,,"-0.027",,3,-3,0.852,0.14800000000000002,30,27,31,28,2,1,11,1,7,3,"1.31","0.28","-0.28","27.9",,,,,
"CU","2025-09-16","72.5","-2.16","6.09","Ohtani, Shohei",669016,660271,,"called_strike",,,,,8,"Called Strike","R","L","R","LAD","PHI","S",,,0,0,2025,"0.97","-1.25","-0.19","1.74",,,,2,4,"Top",,,,,,,2.2761359426052823,-105.52646311787491,0.9667813936542125,6.753204097493443,20.25530889859518,-41.86937620493395,"3.19","1.4",,,,"72.4",2484,"6.5",776297,666163,518692,669242,571771,605141,669743,681624,606192,"53.98",,,,,,,,26,1,"Curveball",3,0,0,3,0,3,0,3,"Infield shade","Standard",35,"0.001","-0.043",,,,"0.043",,3,-3,0.851,0.14900000000000002,30,27,31,28,2,1,11,1,7,3,"5.63","-0.97","0.97","42.9",,,,,
"CU","2025-09-16","83.2","-2.18","6.14","Ohtani, Shohei",547180,660271,"strikeout","swinging_strike",,,,,14,"Bryce Harper strikes out swinging.","R","L","R","LAD","PHI","S",2,,0,2,2025,"0.87","-1.17","0.65","1.25",,,,1,4,"Top",,,,,,,4.8137710852582805,-121.13929692703954,-2.4472659352276143,7.525865116167561,24.89927405554545,-43.387774847125876,"3.17","1.65",,,,"83.3",2868,"6.5",776297,666163,518692,669242,571771,605141,669743,681624,606192,"54.04",,0,"0",1,0,0,,25,3,"Curveball",3,0,0,3,0,3,0,3,"Infield shade","Standard",40,"0.01","-0.163","69.8","8.2",,"0.163",,3,-3,0.841,0.15900000000000003,30,32,31,33,2,1,11,1,7,1,"4.47","-0.87","0.87","44.3",21.509207900184887,-27.93211969478337,42.403969473921634,31.104797733676804,47.76439221032683
"FF","2025-09-16","99.8","-2.68","5.46","Ohtani, Shohei",547180,660271,,"foul",,,,,12,"Foul","R","L","R","LAD","PHI","S",,,0,1,2025,"-0.46","1.27","0.92","2.76",,,,1,4,"Top",,,,,,,11.094348403444263,-144.9586455817333,-5.1047969499353645,-8.931461661480968,31.18239771149876,-13.204581057420203,"3.17","1.65",,,,"100.9",2744,"6.8",776297,666163,518692,669242,571771,605141,669743,681624,606192,"53.7",,,,,,,,25,2,"4-Seam Fastball",3,0,0,3,0,3,0,3,"Infield shade","Standard",216,"0.003","-0.052","63.5","5.3",,"0.052",,3,-3,0.838,0.16200000000000003,30,32,31,33,2,1,11,1,7,1,"1.01","0.46","-0.46","32.1",-16.363719379972732,27.564840092505474,46.81844418782164,26.606343101210822,11.555263588570018
"ST","2025-09-16","85.7","-2.48","5.46","Ohtani, Shohei",547180,660271,,"foul",,,,,2,"Foul","R","L","R","LAD","PHI","S",,,0,0,2025,"1.06","0.39","-0.05","2.88",,,,1,4,"Top",,,,,,,3.5995811308598338,-124.80679524750812,-0.6426174554244168,10.368272776063005,24.64668557089637,-28.193300161554717,"3.17","1.65",150,"63.7",32,"86",2630,"6.4",776297,666163,518692,669242,571771,605141,669743,681624,606192,"54.12",,,,,,,,25,1,"Sweeper",3,0,0,3,0,3,0,3,"Infield shade","Standard",62,"0.002","-0.039","61.1","6.0",,"0.039","88.0",3,-3,0.836,0.16400000000000003,30,32,31,33,2,1,11,1,7,1,"2.71","-1.06","1.06","29.9",-12.620732153973513,26.33100915081283,37.19130293777109,37.03797036471198,14.305228744701711
"FC","2025-09-16","94.6","-2.5","5.54","Ohtani, Shohei",656941,660271,"field_out","hit_into_play",,,,,1,"Kyle Schwarber flies out to left fielder Alex Call.","R","L","R","LAD","PHI","X",7,"fly_ball",2,1,2025,"0.23","0.72","-0.3","3.2",,,,0,4,"Top",46.25,87.69,,,,,5.246702981664725,-137.8877809509694,-2.1237477965899783,1.8974730910774718,27.1087631217712,-22.66091179776213,"3.26","1.56",337,"99.1",39,"95.4",2640,"6.4",776297,666163,518692,669242,571771,605141,669743,681624,606192,"54.11",0.18,0.366,"0",1,0,0,3,24,4,"Cutter",3,0,0,3,0,3,0,3,"Infield shade","Standard",186,"0.026","-0.305","74.3","6.5",0.719,"0.305","99.1",3,-3,0.81,0.18999999999999995,30,32,31,32,2,1,11,1,7,1,"1.79","-0.23","0.23","30.7",11.853850689471404,21.415849381066412,22.87891150595015,37.111159950665694,22.693279511086118
"SL","2025-09-16","87.2","-2.15","5.94","Ohtani, Shohei",656941,660271,,"called_strike",,,,,3,"Called Strike","R","L","R","LAD","PHI","S",,,2,0,2025,"0.16","0.18","0.35","2.65",,,,0,4,"Top",,,,,,,5.708329280858221,-126.89370239639663,-2.1573714744216863,0.6735797423943769,24.692915037610426,-29.96470359237412,"3.1","1.39",,,,"87.9",2518,"6.6",776297,666163,518692,669242,571771,605141,669743,681624,606192,"53.9",,,,,,,,24,3,"Slider",3,0,0,3,0,3,0,3,"Infield shade","Standard",106,"0.008","-0.072",,,,"0.072",,3,-3,0.802,0.19799999999999995,30,32,31,32,2,1,11,1,7,1,"2.8","-0.16","0.16","41.7",,,,,
"FF","2025-09-16","99","-2.64","5.56","Ohtani, Shohei",656941,660271,,"ball",,,,,12,"Ball","R","L","R","LAD","PHI","B",,,1,0,2025,"-0.54","1.21","0.69","3.48",,,,0,4,"Top",,,,,,,10.383245283183275,-143.86251406118157,-3.08187515118322,-9.798241352602549,31.480249377079332,-14.830956737254532,"3.14","1.56",,,,"99.5",2663,"6.5",776297,666163,518692,669242,571771,605141,669743,681624,606192,"53.96",,,,,,,,24,2,"4-Seam Fastball",3,0,0,3,0,3,0,3,"Infield shade","Standard",218,"-0.008","0.077",,,,"-0.077",,3,-3,0.81,0.18999999999999995,30,32,31,32,2,1,11,1,7,1,"1.11","0.54","-0.54","33.0",,,,,
"FF","2025-09-16","99.3","-2.44","5.67","Ohtani, Shohei",656941,660271,,"ball",,,,,11,"Ball","R","L","R","LAD","PHI","B",,,0,0,2025,"-0.46","1.35","-0.69","4.64",,,,0,4,"Top",,,,,,,5.897740875624979,-144.6557821080239,-0.6259498475611851,-7.8268810122823025,32.11722497759304,-13.201636037406598,"3.26","1.56",,,,"99.9",2721,"6.5",776297,666163,518692,669242,571771,605141,669743,681624,606192,"54.05",,,,,,,,24,1,"4-Seam Fastball",3,0,0,3,0,3,0,3,"Infield shade","Standard",212,"-0.004","0.041",,,,"-0.041",,3,-3,0.814,0.18600000000000005,30,32,31,32,2,1,11,1,7,1,"0.95","0.46","-0.46","32.9",,,,,
"SL","2025-09-16","87.2","-2.28","5.94","Ohtani, Shohei",664056,660271,"field_out","hit_into_play",,,,,4,"Harrison Bader grounds out, third baseman Enrique Hernández to first baseman Freddie Freeman.","R","R","R","LAD","PHI","X",5,"ground_ball",1,1,2025,"0.48","-0.12","-0.78","2.4",,,,2,3,"Top",99.34,165.44,,,,,2.642281698506927,-127.13004882015042,-2.162526446504773,4.719432888906187,24.133021965060255,-33.30496875910684,"3.23","1.52",6,"69.9",-23,"87.9",2609,"6.5",776297,666163,518692,669242,571771,605141,669743,681624,606192,"54.04",0.03,0.046,"0",1,0,0,2,20,3,"Slider",3,0,0,3,0,3,0,3,"Standard","Standard",92,"0.008","-0.244","67.8","6.4",0.03,"0.244","88.0",3,-3,0.831,0.16900000000000004,30,31,31,31,2,1,11,1,7,1,"3.09","-0.48","-0.48","39.5",6.667158805948208,-0.9270537752820062,26.114812145904928,24.069422256196674,30.049829420114982
"FF","2025-09-16","100","-2.47","5.63","Ohtani, Shohei",664056,660271,,"ball",,,,,13,"Ball","R","R","R","LAD","PHI","B",,,0,1,2025,"-0.71","1.12","-0.97","1.81",,,,2,3,"Top",,,,,,,5.820456512382524,-145.38353296542118,-7.8355077905999755,-11.481431780494255,33.62167188996312,-14.586794477903958,"3.29","1.52",,,,"100.4",2568,"6.6",776297,666163,518692,669242,571771,605141,669743,681624,606192,"53.95",,,,,,,,20,2,"4-Seam Fastball",3,0,0,3,0,3,0,3,"Standard","Standard",217,"-0.001","0.027",,,,"-0.027",,3,-3,0.832,0.16800000000000004,30,31,31,31,2,1,11,1,7,1,"1.16","0.71","0.71","33.7",,,,,
"ST","2025-09-16","79.6","-2.45","5.76","Ohtani, Shohei",664056,660271,,"called_strike",,,,,1,"Called Strike","R","R","R","LAD","PHI","S",,,0,0,2025,"1.4","0.07","-0.69","2.68",,,,2,3,"Top",,,,,,,1.2442536217898923,-115.94256663771347,-0.14730266827164118,12.337484466448164,22.04944116920886,-31.732083035576633,"3.15","1.52",,,,"79.7",2518,"6.4",776297,666163,518692,669242,571771,605141,669743,681624,606192,"54.12",,,,,,,,20,1,"Sweeper",3,0,0,3,0,3,0,3,"Standard","Standard",64,"0.001","-0.043",,,,"0.043",,3,-3,0.831,0.16900000000000004,30,31,31,31,2,1,11,1,7,1,"3.52","-1.4","-1.4","32.2",,,,,
"FF","2025-09-16","99","-2.52","5.53","Ohtani, Shohei",665561,660271,"field_out","hit_into_play",,,,,4,"Rafael Marchán flies out to center fielder Andy Pages.","R","L","R","LAD","PHI","X",8,"fly_ball",2,1,2025,"-0.47","1.27","-0.29","2.45",,,,1,3,"Top",81.13,69.41,,,,,7.231169394034985,-143.9581223284634,-5.967277970617254,-8.183244291983787,32.05645561444075,-13.336988722671538,"3.2","1.39",340,"94.3",32,"99.6",2536,"6.6",776297,666163,518692,669242,571771,605141,669743,681624,606192,"53.93",0.122,0.225,"0",1,0,0,3,19,4,"4-Seam Fastball",3,0,0,3,0,3,0,3,"Infield shade","Standard",220,"0.017","-0.298","64.9","7.0",0.423,"0.298","94.3",3,-3,0.814,0.18600000000000005,30,26,31,26,1,0,11,4,7,7,"1.05","0.47","-0.47","34.8",2.0292897706223623,5.909785655030127,31.683229804450402,39.95493883988809,24.068363003532436
"FC","2025-09-16","93.7","-2.73","5.49","Ohtani, Shohei",665561,660271,,"foul",,,,,5,"Foul","R","L","R","LAD","PHI","S",,,2,0,2025,"0","0.97","0.19","1.98",,,,1,3,"Top",,,,,,,7.601775825558761,-136.3297164367204,-5.584763485672898,-1.4739341330218931,25.72142674188698,-19.048820638098572,"3.2","1.39",152,"101.8",10,"94.9",2543,"6.7",776297,666163,518692,669242,571771,605141,669743,681624,606192,"53.84",,,,,,,,19,3,"Cutter",3,0,0,3,0,3,0,3,"Infield shade","Standard",209,"0.005","-0.066","66.5","8.3",,"0.066","101.8",3,-3,0.809,0.19099999999999995,30,26,31,26,1,0,11,4,7,7,"1.6","0","0","32.2",20.859725489099517,-15.091121054079043,34.96822857699856,34.13469234630259,36.64217604893502
"FF","2025-09-16","98.8","-2.45","5.53","Ohtani, Shohei",665561,660271,,"ball",,,,,14,"Ball","R","L","R","LAD","PHI","B",,,1,0,2025,"-0.9","1.21","0.86","1.53",,,,1,3,"Top",,,,,,,11.135768099779364,-143.2425628243405,-8.26646339190123,-15.019671336206008,33.06428774075363,-13.658210225898591,"3.19","1.39",,,,"98.9",2597,"6.6",776297,666163,518692,669242,571771,605141,669743,681624,606192,"53.94",,,,,,,,19,2,"4-Seam Fastball",3,0,0,3,0,3,0,3,"Infield shade","Standard",216,"-0.005","0.071",,,,"-0.071",,3,-3,0.814,0.18600000000000005,30,26,31,26,1,0,11,4,7,7,"1.14","0.9","-0.9","33.0",,,,,
"FF","2025-09-16","98.8","-2.59","5.55","Ohtani, Shohei",665561,660271,,"ball",,,,,11,"Ball","R","L","R","LAD","PHI","B",,,0,0,2025,"-0.89","1.23","-1.22","2.59",,,,1,3,"Top",,,,,,,5.828270893263366,-143.72724833825336,-5.487740492011147,-13.645795989195127,33.956167678536865,-14.078459483822604,"3.21","1.39",,,,"99.1",2569,"6.5",776297,666163,518692,669242,571771,605141,669743,681624,606192,"54.01",,,,,,,,19,1,"4-Seam Fastball",3,0,0,3,0,3,0,3,"Infield shade","Standard",222,"-0.002","0.039",,,,"-0.039",,3,-3,0.816,0.18400000000000005,30,26,31,26,1,0,11,4,7,7,"1.11","0.89","-0.89","31.0",,,,,
"FF","2025-09-16","98.9","-2.56","5.51","Ohtani, Shohei",681082,660271,"field_out","hit_into_play",,,,,2,"Bryson Stott flies out to left fielder Alex Call.","R","L","R","LAD","PHI","X",7,"fly_ball",1,1,2025,"-0.88","1.11","-0.13","2.89",,,,0,3,"Top",60.2,75.05,,,,,8.701383910274203,-143.83186971127193,-4.323209951371894,-14.237894200991413,33.260887588194116,-15.997135880064125,"3.27","1.58",346,"98.4",34,"99.2",2535,"6.5",776297,666163,518692,669242,571771,605141,669743,681624,606192,"54.01",0.2804117647058823,0.5551176470588235,"0",1,0,0,5,18,3,"4-Seam Fastball",3,0,0,3,0,3,0,3,"Infield shade","Standard",215,"0.021","-0.251","79.7","6.3",1.0868823529411764,"0.251","98.4",3,-3,0.795,0.20499999999999996,30,27,31,28,1,0,11,1,7,1,"1.23","0.88","-0.88","32.3",5.521895057497666,8.188092976758886,28.563490654686394,33.65432732562741,27.92340078137581
"FF","2025-09-16","99.5","-2.52","5.65","Ohtani, Shohei",681082,660271,,"ball",,,,,13,"Ball","R","L","R","LAD","PHI","B",,,0,1,2025,"-1.09","0.98","-1.49","1.94",,,,0,3,"Top",,,,,,,5.393459835999149,-144.661835478581,-7.08372003372963,-16.518264523883857,34.3550227208291,-16.948628032051325,"3.24","1.58",,,,"99.9",2483,"6.6",776297,666163,518692,669242,571771,605141,669743,681624,606192,"53.91",,,,,,,,18,2,"4-Seam Fastball",3,0,0,3,0,3,0,3,"Infield shade","Standard",221,"-0.002","0.031",,,,"-0.031",,3,-3,0.797,0.20299999999999996,30,27,31,28,1,0,11,1,7,1,"1.33","1.09","-1.09","31.6",,,,,
"FF","2025-09-16","94.3","-2.29","5.71","Ohtani, Shohei",681082,660271,,"called_strike",,,,,1,"Called Strike","R","L","R","LAD","PHI","S",,,0,0,2025,"-0.8","1.23","-0.58","2.73",,,,0,3,"Top",,,,,,,6.246911293011938,-137.21302548663098,-4.828113763365678,-11.457302071305358,28.64389338702455,-15.68550069986178,"3.21","1.58",,,,"95.1",2391,"6.6",776297,666163,518692,669242,571771,605141,669743,681624,606192,"53.88",,,,,,,,18,1,"4-Seam Fastball",3,0,0,3,0,3,0,3,"Infield shade","Standard",217,"0.003","-0.039",,,,"0.039",,3,-3,0.794,0.20599999999999996,30,27,31,28,1,0,11,1,7,1,"1.32","0.8","-0.8","33.1",,,,,
"ST","2025-09-16","87.1","-2.62","5.59","Ohtani, Shohei",642215,660271,"strikeout","swinging_strike",,,,,14,"Weston Wilson strikes out swinging.","R","R","R","LAD","PHI","S",2,,1,2,2025,"1.37","0.27","1.15","1.85",,,,2,2,"Top",,,,,,,6.269159419819752,-126.75243909885744,-3.339537670984674,13.369085799071444,26.67909526755417,-28.785988643597687,"3.68","1.66",,,,"87.2",2682,"6.4",776297,666163,518692,669242,571771,605141,669743,681624,606192,"54.1",,0,"0",1,0,0,,11,4,"Sweeper",0,0,0,0,0,0,0,0,"Standard","Standard",57,"0.008","-0.182","69.8","8.8",,"0.182",,0,0,0.543,0.45699999999999996,30,30,31,31,1,0,11,1,7,1,"2.74","-1.37","-1.37","31.1",29.49269453941361,-37.249759030766086,35.35109942554893,46.32495907864363,56.7498363257172
"FF","2025-09-16","99.7","-2.5","5.51","Ohtani, Shohei",642215,660271,,"ball",,,,,12,"Ball","R","R","R","LAD","PHI","B",,,0,2,2025,"-0.13","1.02","0.99","2.69",,,,2,2,"Top",,,,,,,9.926423117555508,-144.85109989368206,-4.776884763423708,-4.046970901628001,32.63436049518724,-16.789199650123866,"3.67","1.66",,,,"100.2",2557,"6.6",776297,666163,518692,669242,571771,605141,669743,681624,606192,"53.92",,,,,,,,11,3,"4-Seam Fastball",0,0,0,0,0,0,0,0,"Standard","Standard",218,"-0.001","0.022",,,,"-0.022",,0,0,0.544,0.45599999999999996,30,30,31,31,1,0,11,1,7,1,"1.27","0.13","0.13","30.9",,,,,
"FF","2025-09-16","99.1","-2.55","5.53","Ohtani, Shohei",642215,660271,,"called_strike",,,,,6,"Called Strike","R","R","R","LAD","PHI","S",,,0,1,2025,"-0.05","1.05","0.68","2.76",,,,2,2,"Top",,,,,,,8.966588625692818,-144.04051807356194,-4.598079470000766,-2.80385251098046,33.501562443904476,-16.71717529281935,"3.56","1.66",,,,"99.3",2594,"6.5",776297,666163,518692,669242,571771,605141,669743,681624,606192,"54.05",,,,,,,,11,2,"4-Seam Fastball",0,0,0,0,0,0,0,0,"Strategic","Standard",219,"0.002","-0.057",,,,"0.057",,0,0,0.542,0.45799999999999996,30,30,31,31,1,0,11,1,7,1,"1.28","0.05","0.05","30.8",,,,,
"FF","2025-09-16","99","-2.54","5.54","Ohtani, Shohei",642215,660271,,"called_strike",,,,,9,"Called Strike","R","R","R","LAD","PHI","S",,,0,0,2025,"-0.26","1.12","0.44","1.67",,,,2,2,"Top",,,,,,,8.760393450614114,-143.7985949393702,-7.7729454263336555,-5.519603541830014,32.27057882244154,-15.043144024418636,"3.6","1.66",,,,"99.4",2541,"6.5",776297,666163,518692,669242,571771,605141,669743,681624,606192,"53.96",,,,,,,,11,1,"4-Seam Fastball",0,0,0,0,0,0,0,0,"Strategic","Standard",218,"0.002","-0.043",,,,"0.043",,0,0,0.54,0.45999999999999996,30,30,31,31,1,0,11,1,7,1,"1.21","0.26","0.26","31.4",,,,,
"FF","2025-09-16","100","-2.47","5.58","Ohtani, Shohei",596146,660271,"field_out","hit_into_play",,,,,8,"Max Kepler grounds out, second baseman Tommy Edman to first baseman Freddie Freeman.","R","L","R","LAD","PHI","X",4,"ground_ball",2,2,2025,"-0.27","1.2","0.14","2.11",,,,1,2,"Top",155.62,149.1,,,,,7.8640049479358,-145.47605509029708,-7.1238102915301775,-5.437281924836073,30.173183432116076,-13.68255690575123,"3.43","1.63",13,"93.5",-8,"101",2534,"6.6",776297,666163,518692,669242,571771,605141,669743,681624,606192,"53.9",0.225,0.221,"0",1,0,0,2,10,6,"4-Seam Fastball",0,0,0,0,0,0,0,0,"Infield shade","Standard",218,"0.015","-0.228","73.6","7.3",0.248,"0.228","93.5",0,0,0.525,0.475,30,32,31,32,1,0,11,1,7,1,"1.06","0.27","-0.27","33.6",0.4237492073167344,1.3077257170573282,36.532724975449874,35.416302012256715,27.807238735761267
"CU","2025-09-16","80.3","-2.12","6.03","Ohtani, Shohei",596146,660271,,"ball",,,,,14,"Ball","R","L","R","LAD","PHI","B",,,1,2,2025,"0.95","-1.3","1.53","1.1",,,,1,2,"Top",,,,,,,6.331485269512109,-116.68666589841668,-1.64667442712415,7.266414993874058,24.31050816895199,-43.87383885410526,"3.44","1.63",,,,"80.5",2769,"6.7",776297,666163,518692,669242,571771,605141,669743,681624,606192,"53.77",,,,,,,,10,5,"Curveball",0,0,0,0,0,0,0,0,"Infield shade","Standard",38,"-0.002","0.048",,,,"-0.048",,0,0,0.527,0.473,30,32,31,32,1,0,11,1,7,1,"4.88","-0.95","0.95","44.3",,,,,
"SL","2025-09-16","90.3","-2.27","5.94","Ohtani, Shohei",596146,660271,,"foul",,,,,13,"Foul","R","L","R","LAD","PHI","S",,,1,2,2025,"0.1","0.21","-0.22","1.06",,,,1,2,"Top",,,,,,,4.921442969405915,-131.47651055839458,-6.757126279210386,0.20912553547293525,24.503836824967117,-28.570350306494518,"3.43","1.63",,,,"91.3",2540,"6.6",776297,666163,518692,669242,571771,605141,669743,681624,606192,"53.93",,,,,,,,10,4,"Slider",0,0,0,0,0,0,0,0,"Infield shade","Standard",113,"0","0","62.1","7.9",,"0",,0,0,0.527,0.473,30,32,31,32,1,0,11,1,7,1,"2.55","-0.1","0.1","39.8",16.200818718938717,-8.278769097567183,35.620323129777844,40.870076583675626,34.12413508847135
"FF","2025-09-16","100.7","-2.7","5.54","Ohtani, Shohei",596146,660271,,"ball",,,,,11,"Ball","R","L","R","LAD","PHI","B",,,0,2,2025,"-0.61","1.14","-0.92","2.83",,,,1,2,"Top",,,,,,,6.459949809875607,-146.63314949917591,-4.986042159354433,-10.323027470534727,32.17378150146779,-14.702484805210194,"3.45","1.63",,,,"101.9",2614,"6.7",776297,666163,518692,669242,571771,605141,669743,681624,606192,"53.76",,,,,,,,10,3,"4-Seam Fastball",0,0,0,0,0,0,0,0,"Infield shade","Standard",225,"-0.002","0.017",,,,"-0.017",,0,0,0.529,0.471,30,32,31,32,1,0,11,1,7,1,"1.09","0.61","-0.61","33.4",,,,,
"FF","2025-09-16","100.5","-2.52","5.58","Ohtani, Shohei",596146,660271,,"called_strike",,,,,5,"Called Strike","R","L","R","LAD","PHI","S",,,0,1,2025,"-0.61","1.3","-0.2","2.32",,,,1,2,"Top",,,,,,,7.919317536718742,-146.1050456301151,-6.805449953591268,-10.571195484474346,32.12285204855,-12.137438488127643,"3.49","1.63",,,,"101",2609,"6.4",776297,666163,518692,669242,571771,605141,669743,681624,606192,"54.05",,,,,,,,10,2,"4-Seam Fastball",0,0,0,0,0,0,0,0,"Infield shade","Standard",219,"0.003","-0.052",,,,"0.052",,0,0,0.526,0.474,30,32,31,32,1,0,11,1,7,1,"0.95","0.61","-0.61","32.5",,,,,
"FF","2025-09-16","99.9","-2.46","5.6","Ohtani, Shohei",596146,660271,,"called_strike",,,,,7,"Called Strike","R","L","R","LAD","PHI","S",,,0,0,2025,"-0.78","1.08","-0.39","1.77",,,,1,2,"Top",,,,,,,7.554219927141718,-145.21307651813018,-7.744053537590858,-12.69951682786377,32.4998049793826,-15.24590501724588,"3.42","1.63",,,,"100.5",2586,"6.6",776297,666163,518692,669242,571771,605141,669743,681624,606192,"53.92",,,,,,,,10,1,"4-Seam Fastball",0,0,0,0,0,0,0,0,"Infield shade","Standard",216,"0.003","-0.039",,,,"0.039",,0,0,0.523,0.477,30,32,31,32,1,0,11,1,7,1,"1.2","0.78","-0.78","34.4",,,,,
"FF","2025-09-16","99.1","-2.51","5.48","Ohtani, Shohei",805249,660271,"strikeout","called_strike",,,,,7,"Otto Kemp called out on strikes.","R","R","R","LAD","PHI","S",2,,2,2,2025,"-0.68","1.08","-0.38","1.98",,,,0,2,"Top",,,,,,,7.459877454610225,-144.10568939887506,-6.711743491510774,-11.180515021907267,33.19960919612356,-15.76977348739779,"3.5","1.57",,,,"99.9",2530,"6.7",776297,666163,518692,669242,571771,605141,669743,681624,606192,"53.77",,0,"0",1,0,0,,9,5,"4-Seam Fastball",0,0,0,0,0,0,0,0,"Standard","Standard",225,"0.021","-0.232",,,,"0.232",,0,0,0.502,0.498,30,25,31,26,1,0,11,1,7,1,"1.24","0.68","0.68","32.2",,,,,
"ST","2025-09-16","87.9","-2.5","5.55","Ohtani, Shohei",805249,660271,,"ball",,,,,14,"Ball","R","R","R","LAD","PHI","B",,,1,2,2025,"1.36","0.3","2.4","1.71",,,,0,2,"Top",,,,,,,9.091479008869223,-127.69340682093409,-3.7994747544363503,12.954053836040082,26.599412734788384,-28.26848131264244,"3.44","1.57",,,,"88.2",2765,"6.6",776297,666163,518692,669242,571771,605141,669743,681624,606192,"53.88",,,,,,,,9,4,"Sweeper",0,0,0,0,0,0,0,0,"Standard","Standard",59,"-0.004","0.043",,,,"-0.043",,0,0,0.506,0.494,30,25,31,26,1,0,11,1,7,1,"2.66","-1.36","-1.36","29.9",,,,,
"FF","2025-09-16","99.9","-2.3","5.72","Ohtani, Shohei",805249,660271,,"ball",,,,,12,"Ball","R","R","R","LAD","PHI","B",,,0,2,2025,"-0.44","1.28","0.53","3.89",,,,0,2,"Top",,,,,,,8.861018772713225,-145.27719364417862,-2.694271367893765,-8.193372829241195,32.77496844060096,-13.621214680295678,"3.42","1.64",,,,"100.6",2631,"6.6",776297,666163,518692,669242,571771,605141,669743,681624,606192,"53.86",,,,,,,,9,3,"4-Seam Fastball",0,0,0,0,0,0,0,0,"Standard","Standard",210,"-0.002","0.024",,,,"-0.024",,0,0,0.508,0.492,30,25,31,26,1,0,11,1,7,1,"1","0.44","0.44","34.5",,,,,
"SL","2025-09-16","89.1","-2.2","6.07","Ohtani, Shohei",805249,660271,,"swinging_strike",,,,,9,"Swinging Strike","R","R","R","LAD","PHI","S",,,0,1,2025,"0.01","0.17","0.54","1.83",,,,0,2,"Top",,,,,,,6.747634153177733,-129.64325983957465,-4.818445396585092,-1.2122457419425237,25.216609933689426,-29.456760400354767,"3.45","1.57",,,,"89.9",2527,"6.6",776297,666163,518692,669242,571771,605141,669743,681624,606192,"53.88",,,,,,,,9,2,"Slider",0,0,0,0,0,0,0,0,"Standard","Standard",93,"0.005","-0.055","79.4","8.2",,"0.055",,0,0,0.503,0.497,30,25,31,26,1,0,11,1,7,1,"2.68","-0.01","-0.01","41.4",19.756057493412538,-24.215189715979147,33.5709574667793,36.73410998237769,50.0038932548319
"FF","2025-09-16","98.4","-2.07","5.73","Ohtani, Shohei",805249,660271,,"called_strike",,,,,5,"Called Strike","R","R","R","LAD","PHI","S",,,0,0,2025,"-0.88","1.17","-0.05","2.59",,,,0,2,"Top",,,,,,,7.574188481200415,-143.1491555979078,-5.868959527144831,-13.801146774211418,31.13779616709106,-14.871546704900444,"3.49","1.57",,,,"99.4",2466,"6.7",776297,666163,518692,669242,571771,605141,669743,681624,606192,"53.78",,,,,,,,9,1,"4-Seam Fastball",0,0,0,0,0,0,0,0,"Standard","Standard",221,"0.003","-0.039",,,,"0.039",,0,0,0.5,0.5,30,25,31,26,1,0,11,1,7,1,"1.17","0.88","0.88","36.0",,,,,
"FF","2025-09-16","98.5","-2.09","5.67","Ohtani, Shohei",669016,660271,"field_out","hit_into_play",,,,,7,"Brandon Marsh grounds out sharply, pitcher Shohei Ohtani to first baseman Freddie Freeman.","R","L","R","LAD","PHI","X",1,"ground_ball",0,0,2025,"-0.55","1.17","-0.29","1.79",,,547180,2,1,"Top",128.09,166.92,,,,,6.235691817185019,-143.25102630272588,-7.878622675336367,-8.975025865920223,32.97522720832086,-14.425815667053522,"3.19","1.53",6,"103.5",-15,"99.5",2537,"6.9",776297,666163,518692,669242,571771,605141,669743,681624,606192,"53.64",0.23,0.245,"0",1,0,0,2,4,1,"4-Seam Fastball",0,0,0,0,0,0,0,0,"Infield shade","Standard",218,"0.022","-0.271","71.8","6.6",0.253,"0.271","103.5",0,0,0.526,0.474,30,27,31,28,1,0,11,1,7,3,"1.18","0.55","-0.55","33.6",-0.994638918276357,19.016849045368648,43.67812962746755,40.16264297849021,17.844976656368782
"SL","2025-09-16","89.1","-2.22","5.78","Ohtani, Shohei",547180,660271,"walk","ball",,,,,13,"Bryce Harper walks.","R","L","R","LAD","PHI","B",,,3,1,2025,"0.23","0.01","-0.05","1",,,,2,1,"Top",,,,,,,4.884172194538991,-129.7645069242167,-5.8391239222847595,1.7044352819399615,24.3866464414039,-31.144927572344344,"3.3","1.65",,,,"90.2",2544,"6.7",776297,666163,518692,669242,571771,605141,669743,681624,606192,"53.83",,0.691497,"0.7",1,0,0,,3,5,"Slider",0,0,0,0,0,0,0,0,"Infield shade","Standard",119,"-0.007","0.173",,,,"-0.173",,0,0,0.533,0.46699999999999997,30,32,31,33,1,0,11,1,7,1,"2.83","-0.23","0.23","37.2",,,,,
"FS","2025-09-16","89.4","-2.37","5.72","Ohtani, Shohei",547180,660271,,"ball",,,,,13,"Ball","R","L","R","LAD","PHI","B",,,2,1,2025,"-1.11","-0.08","-0.58","-0.12",,,,2,1,"Top",,,,,,,6.801981429273215,-130.00987362717282,-8.327202216046459,-13.942929736549376,24.042826796428706,-31.73986704379222,"3.4","1.65",,,,"90.5",1504,"6.7",776297,666163,518692,669242,571771,605141,669743,681624,606192,"53.78",,,,,,,,3,4,"Split-Finger",0,0,0,0,0,0,0,0,"Infield shade","Standard",241,"-0.004","0.117",,,,"-0.117",,0,0,0.537,0.46299999999999997,30,32,31,33,1,0,11,1,7,1,"2.91","1.11","-1.11","33.3",,,,,
"FF","2025-09-16","100.6","-2.54","5.65","Ohtani, Shohei",547180,660271,,"ball",,,,,3,"Ball","R","L","R","LAD","PHI","B",,,1,1,2025,"-0.39","1.21","0.64","3.28",,,,2,1,"Top",,,,,,,9.756918910806048,-146.29213590003238,-4.188403650159285,-7.692465645124826,29.698430007666605,-13.862640940476256,"3.41","1.76",,,,"101.4",2494,"6.5",776297,666163,518692,669242,571771,605141,669743,681624,606192,"54.05",,,,,,,,3,3,"4-Seam Fastball",0,0,0,0,0,0,0,0,"Infield shade","Standard",222,"-0.001","0.053",,,,"-0.053",,0,0,0.538,0.46199999999999997,30,32,31,33,1,0,11,1,7,1,"1.02","0.39","-0.39","32.1",,,,,
"SL","2025-09-16","91.7","-2.18","5.94","Ohtani, Shohei",547180,660271,,"ball",,,,,14,"Ball","R","L","R","LAD","PHI","B",,,0,1,2025,"0.19","0.12","0.82","0.17",,,,2,1,"Top",,,,,,,7.2095361634987425,-133.2622463827736,-9.097490545366945,0.9089290628926192,24.744413655291787,-29.201204658957938,"3.37","1.65",,,,"92.7",2644,"6.7",776297,666163,518692,669242,571771,605141,669743,681624,606192,"53.84",,,,,,,,3,2,"Slider",0,0,0,0,0,0,0,0,"Infield shade","Standard",144,"-0.002","0.027",,,,"-0.027",,0,0,0.54,0.45999999999999996,30,32,31,33,1,0,11,1,7,1,"2.57","-0.19","0.19","36.2",,,,,
"FF","2025-09-16","99.7","-2.52","5.62","Ohtani, Shohei",547180,660271,,"foul",,,,,12,"Foul","R","L","R","LAD","PHI","S",,,0,0,2025,"-0.36","1.23","1.14","2.99",,,,2,1,"Top",,,,,,,10.895465943883508,-144.90047242792863,-4.74207286588994,-7.440837828212779,31.900104132800625,-13.874634635961472,"3.17","1.65",7,"82.2",-22,"100.1",2504,"6.5",776297,666163,518692,669242,571771,605141,669743,681624,606192,"54.05",,,,,,,,3,1,"4-Seam Fastball",0,0,0,0,0,0,0,0,"Infield shade","Standard",217,"0.002","-0.043","66.3","5.1",,"0.043","88.0",0,0,0.538,0.46199999999999997,30,32,31,33,1,0,11,1,7,1,"1.06","0.36","-0.36","32.8",-21.802705172688743,32.97175883937588,45.39285237272824,22.63035315324027,16.898705724699116
"SL","2025-09-16","88.6","-2.18","5.96","Ohtani, Shohei",656941,660271,"strikeout","called_strike",,,,,3,"Kyle Schwarber called out on strikes.","R","L","R","LAD","PHI","S",2,,2,2,2025,"0.5","-0.14","0.42","3.17",,,,1,1,"Top",,,,,,,5.332364815641431,-129.05089840441198,-0.5189598702623544,4.63992466923082,24.268312179621805,-33.8533212253963,"3.26","1.5",,,,"89.6",2697,"6.6",776297,666163,518692,669242,571771,605141,669743,681624,606192,"53.88",,0,"0",1,0,0,,2,5,"Slider",0,0,0,0,0,0,0,0,"Infield shade","Standard",71,"0.014","-0.228",,,,"0.228",,0,0,0.524,0.476,30,32,31,32,1,0,11,1,7,1,"3.02","-0.5","0.5","41.3",,,,,
"SL","2025-09-16","90.4","-2.36","5.92","Ohtani, Shohei",656941,660271,,"swinging_strike",,,,,7,"Swinging Strike","R","L","R","LAD","PHI","S",,,2,1,2025,"0.17","0.11","-0.46","1.67",,,,1,1,"Top",,,,,,,4.3913867165780385,-131.6571619015852,-4.965714186176856,1.131198164889471,25.487868753109353,-30.10168588085417,"3.26","1.56",,,,"91.4",2545,"6.6",776297,666163,518692,669242,571771,605141,669743,681624,606192,"53.86",,,,,,,,2,4,"Slider",0,0,0,0,0,0,0,0,"Infield shade","Standard",98,"0.004","-0.07","77.2","8.7",,"0.07",,0,0,0.52,0.48,30,32,31,32,1,0,11,1,7,1,"2.65","-0.17","0.17","38.5",23.55132120206329,-42.064332635590766,27.504988986761166,38.90886111694173,56.89838120114884
"FC","2025-09-16","95.6","-2.64","5.41","Ohtani, Shohei",656941,660271,,"ball",,,,,14,"Ball","R","L","R","LAD","PHI","B",,,1,1,2025,"0.18","0.53","1.77","1.85",,,,1,1,"Top",,,,,,,11.294682813367032,-138.90728305457444,-5.073503089184067,0.290665493694318,26.131348466158634,-24.40858980530199,"3.26","1.57",,,,"96.9",2649,"6.7",776297,666163,518692,669242,571771,605141,669743,681624,606192,"53.76",,,,,,,,2,3,"Cutter",0,0,0,0,0,0,0,0,"Infield shade","Standard",199,"-0.003","0.055",,,,"-0.055",,0,0,0.523,0.477,30,32,31,32,1,0,11,1,7,1,"1.94","-0.18","0.18","28.6",,,,,
"CU","2025-09-16","79.4","-2.17","6","Ohtani, Shohei",656941,660271,,"ball",,,,,14,"Ball","R","L","R","LAD","PHI","B",,,0,1,2025,"0.94","-1.06","1.08","1.22",,,,1,1,"Top",,,,,,,5.405819547258271,-115.45806087655856,-1.6457475265517152,7.2707793396935605,23.02178925827636,-41.53610568266251,"3.21","1.56",,,,"79.8",2693,"6.8",776297,666163,518692,669242,571771,605141,669743,681624,606192,"53.74",,,,,,,,2,2,"Curveball",0,0,0,0,0,0,0,0,"Infield shade","Standard",43,"-0.001","0.029",,,,"-0.029",,0,0,0.524,0.476,30,32,31,32,1,0,11,1,7,1,"4.7","-0.94","0.94","43.2",,,,,
"FF","2025-09-16","101.7","-2.54","5.57","Ohtani, Shohei",656941,660271,,"foul",,,,,6,"Foul","R","L","R","LAD","PHI","S",,,0,0,2025,"-0.38","1.28","0.6","2.09",,,,1,1,"Top",,,,,,,9.817186615390428,-147.795877222748,-7.616996213929762,-7.835245847185301,32.726945779684065,-11.765089140957082,"3.26","1.56",,,,"102.8",2510,"6.8",776297,666163,518692,669242,571771,605141,669743,681624,606192,"53.71",,,,,,,,2,1,"4-Seam Fastball",0,0,0,0,0,0,0,0,"Infield shade","Standard",227,"0.002","-0.039","71.6","6.5",,"0.039",,0,0,0.522,0.478,30,32,31,32,1,0,11,1,7,1,"0.92","0.38","-0.38","33.5",-1.4676590837917418,11.752511064221824,34.18285572635481,25.200430140627763,19.78628022549978
"FF","2025-09-16","99.8","-2.36","5.5","Ohtani, Shohei",664056,660271,"field_out","hit_into_play",,,,,14,"Harrison Bader grounds out, second baseman Tommy Edman to first baseman Freddie Freeman.","R","R","R","LAD","PHI","X",4,"ground_ball",2,2,2025,"-0.74","1.05","0.79","1.23",,,,0,1,"Top",143.51,151.52,,,,,10.46766137685316,-144.8829528404082,-8.935041461515658,-12.643945262399383,30.67917359798229,-15.499634918532934,"3.23","1.52",2,"93.9",-26,"100.9",2471,"6.8",776297,666163,518692,669242,571771,605141,669743,681624,606192,"53.67",0.076,0.079,"0",1,0,0,2,1,5,"4-Seam Fastball",0,0,0,0,0,0,0,0,"Standard","Standard",252,"0.02","-0.232","68.1","6.9",0.093,"0.232","93.9",0,0,0.502,0.498,30,31,31,31,1,0,11,1,7,1,"1.23","0.74","0.74","31.2",-3.875534064050307,17.157433595682487,35.20489959770352,43.90785262534574,14.814159339591896
"FF","2025-09-16","98.8","-2.6","5.48","Ohtani, Shohei",664056,660271,,"called_strike",,,,,8,"Called Strike","R","R","R","LAD","PHI","S",,,2,1,2025,"-0.76","1.03","0.24","1.71",,,,0,1,"Top",,,,,,,9.598277713920105,-143.54579727845254,-7.344883860482001,-12.627843435092226,29.880196794983796,-16.425031867036225,"3.23","1.56",,,,"100",2541,"6.8",776297,666163,518692,669242,571771,605141,669743,681624,606192,"53.67",,,,,,,,1,4,"4-Seam Fastball",0,0,0,0,0,0,0,0,"Standard","Standard",261,"0.006","-0.073",,,,"0.073",,0,0,0.496,0.504,30,31,31,31,1,0,11,1,7,1,"1.29","0.76","0.76","31.4",,,,,
"SI","2025-09-16","95.5","-2.46","5.66","Ohtani, Shohei",664056,660271,,"ball",,,,,14,"Ball","R","R","R","LAD","PHI","B",,,1,1,2025,"-1.37","0.8","1.25","1.58",,,,0,1,"Top",,,,,,,12.894482079793534,-138.5305711605088,-6.98445300422619,-20.325531179173634,26.141658881170763,-20.525737852152872,"3.26","1.52",,,,"96.3",2166,"6.6",776297,666163,518692,669242,571771,605141,669743,681624,606192,"53.93",,,,,,,,1,3,"Sinker",0,0,0,0,0,0,0,0,"Standard","Standard",317,"-0.005","0.055",,,,"-0.055",,0,0,0.501,0.499,30,31,31,31,1,0,11,1,7,1,"1.69","1.37","1.37","32.1",,,,,
"CU","2025-09-16","77.8","-2.06","6.05","Ohtani, Shohei",664056,660271,,"ball",,,,,14,"Ball","R","R","R","LAD","PHI","B",,,0,1,2025,"0.89","-1.08","0.31","0.09",,,,0,1,"Top",,,,,,,3.4667757971447655,-113.20644467480972,-3.8940375800460085,6.966944379494851,20.99044211195958,-40.938650238170176,"3.17","1.34",,,,"78.1",2638,"6.5",776297,666163,518692,669242,571771,605141,669743,681624,606192,"53.99",,,,,,,,1,2,"Curveball",0,0,0,0,0,0,0,0,"Standard","Standard",44,"-0.002","0.031",,,,"-0.031",,0,0,0.503,0.497,30,31,31,31,1,0,11,1,7,1,"4.85","-0.89","-0.89","40.6",,,,,
"FF","2025-09-16","97.8","-2.21","5.63","Ohtani, Shohei",664056,660271,,"foul",,,,,12,"Foul","R","R","R","LAD","PHI","S",,,0,0,2025,"-0.67","1.15","0.84","3",,,,0,1,"Top",,,,,,,9.842777230871132,-142.17752090451327,-4.331232851616493,-11.206560561378582,29.461787100595533,-15.683562692471922,"3.23","1.52",,,,"98.8",2422,"6.7",776297,666163,518692,669242,571771,605141,669743,681624,606192,"53.83",,,,,,,,1,1,"4-Seam Fastball",0,0,0,0,0,0,0,0,"Standard","Standard",212,"0.003","-0.039","76.1","6.8",,"0.039",,0,0,0.5,0.5,30,31,31,31,1,0,11,1,7,1,"1.22","0.67","0.67","32.1",9.373268530677588,9.541969946707534,20.9022355131548,42.29184512839528,25.221003046759026
"ST","2025-09-05","89.7","-2.55","5.56","Ohtani, Shohei",656896,660271,"strikeout","swinging_strike",,,,,14,"Emmanuel Rivera strikes out swinging.","R","R","R","BAL","LAD","S",2,,1,2,2025,"1.14","0.35","1.12","2.32",663624,,,1,4,"Bot",,,,,,,6.704187351272371,-130.5585861828547,-2.7845065857595506,11.610549812714707,27.821314562245938,-27.742858896811413,"3.42","1.66",,,,"90.1",2827,"6.5",776454,687221,518692,500743,571771,605141,624424,681624,606192,"53.95",,0,"0",1,0,0,,32,5,"Sweeper",0,0,0,0,0,0,0,0,"Strategic","Standard",68,"-0.056","-0.328","63.7","7.7",,"0.328",,0,0,0.604,0.604,30,29,31,29,2,1,9,2,11,1,"2.48","-1.14","-1.14","29.3",19.343142152416775,-25.397058739766376,26.44688383728813,44.320233240112756,45.35090939215194
"CU","2025-09-05","84.7","-2.08","6.19","Ohtani, Shohei",656896,660271,,"ball",,,,,14,"Ball","R","R","R","BAL","LAD","B",,,0,2,2025,"0.87","-1.09","0.61","0.79",663624,,,1,4,"Bot",,,,,,,4.54143643822902,-123.2092559745085,-4.007726322186171,7.805277114816524,27.418217899632605,-42.56528483796542,"3.22","1.52",,,,"84.7",2794,"6.6",776454,687221,518692,500743,571771,605141,624424,681624,606192,"53.89",,,,,,,,32,4,"Curveball",0,0,0,0,0,0,0,0,"Strategic","Standard",48,"0.008","0.03",,,,"-0.03",,0,0,0.596,0.596,30,29,31,29,2,1,9,2,11,1,"4.31","-0.87","-0.87","45.3",,,,,
"FF","2025-09-05","101.5","-2.4","5.7","Ohtani, Shohei",656896,660271,,"foul",,,,,12,"Foul","R","R","R","BAL","LAD","S",,,0,2,2025,"-0.11","1.2","0.23","3.82",663624,,,1,4,"Bot",,,,,,,7.6811030181083,-147.5972011189361,-2.83311001366858,-3.504783228559585,35.423073926026184,-14.1842861223877,"3.42","1.66",,,,"102.1",2583,"6.7",776454,687221,518692,500743,571771,605141,624424,681624,606192,"53.85",,,,,,,,32,3,"4-Seam Fastball",0,0,0,0,0,0,0,0,"Strategic","Standard",217,"0","0","62.1","6.3",,"0",,0,0,0.596,0.596,30,29,31,29,2,1,9,2,11,1,"1.02","0.11","0.11","33.8",10.803143171953947,6.051397434969836,21.20807731489643,37.29161624968951,20.945330614248633
"FF","2025-09-05","100.2","-2.57","5.68","Ohtani, Shohei",656896,660271,,"foul",,,,,5,"Foul","R","R","R","BAL","LAD","S",,,0,1,2025,"-0.12","1.08","0.14","2.85",663624,,,1,4,"Bot",,,,,,,7.810366744795165,-145.8032588232152,-5.068002993608963,-3.4829956904116663,33.02858088391459,-15.787535415461658,"3.42","1.66",227,"83.8",57,"100.9",2603,"6.6",776454,687221,518692,500743,571771,605141,624424,681624,606192,"53.93",,,,,,,,32,2,"4-Seam Fastball",0,0,0,0,0,0,0,0,"Strategic","Standard",214,"-0.015","-0.093","68.6","6.7",,"0.093","88.0",0,0,0.611,0.611,30,29,31,29,2,1,9,2,11,1,"1.19","0.12","0.12","30.9",7.386654469390832,10.844437988684065,29.756197357565508,37.50827525394188,27.63441411560006
"FF","2025-09-05","100.6","-2.3","5.76","Ohtani, Shohei",656896,660271,,"swinging_strike",,,,,5,"Swinging Strike","R","R","R","BAL","LAD","S",,,0,0,2025,"-0.39","1.33","0.11","2.69",663624,,,1,4,"Bot",,,,,,,7.642816328738096,-146.34487266986784,-6.421757049262781,-7.267371752989693,32.551440635601466,-11.684314886718504,"3.42","1.66",,,,"101.5",2601,"6.7",776454,687221,518692,500743,571771,605141,624424,681624,606192,"53.84",,,,,,,,32,1,"4-Seam Fastball",0,0,0,0,0,0,0,0,"Strategic","Standard",217,"-0.011","-0.045","73.4","6.9",,"0.045",,0,0,0.622,0.622,30,29,31,29,2,1,9,2,11,1,"0.91","0.39","0.39","33.7",4.445580722359359,9.020871328823135,31.17201630059586,37.327050463433864,22.92194754888794
"FF","2025-09-05","100.9","-2.46","5.75","Ohtani, Shohei",681297,660271,"strikeout","swinging_strike",,,,,11,"Colton Cowser strikes out swinging.","R","L","R","BAL","LAD","S",2,,3,2,2025,"-0.23","1.18","-0.64","4",663624,,,0,4,"Bot",,,,,,,5.671654075673502,-146.86777808658977,-2.3875577343538548,-4.6523640194078615,33.46599772356278,-14.64772083717628,"3.33","1.65",,,,"101.8",2608,"6.7",776454,687221,518692,500743,571771,605141,624424,681624,606192,"53.8",,0,"0",1,0,0,,31,9,"4-Seam Fastball",0,0,0,0,0,0,0,0,"Strategic","Standard",206,"-0.049","-0.325","36.8","4.6",,"0.325",,0,0,0.671,0.671,30,25,31,25,2,1,9,2,11,1,"1.05","0.23","-0.23","33.5",-16.85265159810715,51.702184573548806,35.168383946431796,41.14148704661747,1.0767745315644142
"ST","2025-09-05","88.1","-2.46","5.71","Ohtani, Shohei",681297,660271,,"foul",,,,,2,"Foul","R","L","R","BAL","LAD","S",,,3,2,2025,"1.1","0.53","0.23","3.07",663624,,,0,4,"Bot",,,,,,,4.241520364551579,-128.2529455469495,-1.4231629955348573,11.22151101248415,27.656999728980825,-26.233319253109457,"3.33","1.65",239,"95.1",18,"88.1",2677,"6.4",776454,687221,518692,500743,571771,605141,624424,681624,606192,"54.11",,,,,,,,31,8,"Sweeper",0,0,0,0,0,0,0,0,"Strategic","Standard",65,"0","0","74.8","8.0",,"0","95.1",0,0,0.671,0.671,30,25,31,25,2,1,9,2,11,1,"2.41","-1.1","1.1","31.9",29.235524911463003,-25.9691070907072,35.66256950800718,35.1692751994451,52.908539573306285
"CU","2025-09-05","81.4","-1.92","6.27","Ohtani, Shohei",681297,660271,,"ball",,,,,14,"Ball","R","L","R","BAL","LAD","B",,,2,2,2025,"0.93","-1.3","1.23","1.02",663624,,,0,4,"Bot",,,,,,,5.3261334065921355,-118.38463162944032,-2.5405069051776765,7.367592285198855,27.552269620937494,-43.897464255473686,"3.26","1.62",,,,"81.2",2731,"6.7",776454,687221,518692,500743,571771,605141,624424,681624,606192,"53.8",,,,,,,,31,7,"Curveball",0,0,0,0,0,0,0,0,"Strategic","Standard",35,"0.01","0.045",,,,"-0.045",,0,0,0.661,0.661,30,25,31,25,2,1,9,2,11,1,"4.81","-0.93","0.93","46.8",,,,,
"SL","2025-09-05","91.4","-2.19","6.26","Ohtani, Shohei",681297,660271,,"foul",,,,,1,"Foul","R","L","R","BAL","LAD","S",,,2,2,2025,"0.36","-0.02","-0.58","2.88",663624,,,0,4,"Bot",,,,,,,3.296008222377681,-133.1695819455528,-2.641141180726439,3.648590374973782,27.107785192369597,-32.09226404058905,"3.33","1.65",,,,"92",2565,"6.4",776454,687221,518692,500743,571771,605141,624424,681624,606192,"54.06",,,,,,,,31,6,"Slider",0,0,0,0,0,0,0,0,"Strategic","Standard",97,"0","0","72.0","6.8",,"0",,0,0,0.661,0.661,30,25,31,25,2,1,9,2,11,1,"2.73","-0.36","0.36","40.9",15.420661424914421,3.963405514754772,30.494605965253335,42.71176323957071,37.47605364420147
"FF","2025-09-05","101.4","-2.7","5.54","Ohtani, Shohei",681297,660271,,"foul",,,,,2,"Foul","R","L","R","BAL","LAD","S",,,2,2,2025,"-0.61","1.31","0.08","3.02",663624,,,0,4,"Bot",,,,,,,9.252535886024434,-147.40483634072532,-4.909124796395978,-11.04096310443452,35.03062848175388,-12.017205210811134,"3.33","1.65",203,"73.7",57,"102",2582,"6.7",776454,687221,518692,500743,571771,605141,624424,681624,606192,"53.84",,,,,,,,31,5,"4-Seam Fastball",0,0,0,0,0,0,0,0,"Strategic","Standard",229,"0","0","72.2","6.3",,"0","88.0",0,0,0.661,0.661,30,25,31,25,2,1,9,2,11,1,"0.91","0.61","-0.61","29.7",3.0594051176571995,5.51269534592617,38.000623732731654,34.34433751648503,25.481318609947234
"FF","2025-09-05","100.9","-2.45","5.73","Ohtani, Shohei",681297,660271,,"foul",,,,,1,"Foul","R","L","R","BAL","LAD","S",,,2,1,2025,"-0.5","1.31","-0.34","3.42",663624,,,0,4,"Bot",,,,,,,7.098759395352659,-146.7216655387706,-4.259688612071389,-8.897990284488502,34.51639539281214,-12.364807495522626,"3.33","1.65",241,"84.5",52,"101.6",2564,"6.7",776454,687221,518692,500743,571771,605141,624424,681624,606192,"53.81",,,,,,,,31,4,"4-Seam Fastball",0,0,0,0,0,0,0,0,"Strategic","Standard",217,"-0.008","-0.056","70.0","6.0",,"0.056","88.0",0,0,0.669,0.669,30,25,31,25,2,1,9,2,11,1,"0.93","0.5","-0.5","34.0",3.450924350489967,16.812516686295215,33.2071963456355,38.89615542920566,25.484574472742956
"CU","2025-09-05","77.8","-1.83","6.15","Ohtani, Shohei",681297,660271,,"ball",,,,,14,"Ball","R","L","R","BAL","LAD","B",,,1,1,2025,"0.77","-1.32","0.9","-0.08",,663624,,0,4,"Bot",,,,,,,4.466257374043342,-113.15585569989088,-3.910860854014153,5.544800033633481,24.847879307911793,-42.72597677724033,"3.29","1.43",,,,"77.7",2588,"6.7",776454,687221,518692,500743,571771,605141,624424,681624,606192,"53.79",,,,,,,,31,3,"Curveball",0,0,0,0,0,0,0,0,"Standard","Standard",39,"0.037","0.045",,,,"-0.045",,0,0,0.632,0.632,30,25,31,25,2,1,9,2,11,1,"5.15","-0.77","0.77","44.7",,,,,
"FS","2025-09-05","88.7","-2.33","5.81","Ohtani, Shohei",681297,660271,,"ball",,,,,14,"Ball","R","L","R","BAL","LAD","B",,,0,1,2025,"-1.51","0.07","0.59","0.76",,663624,,0,4,"Bot",,,,,,,10.384169731504791,-128.7261673451136,-6.485189544257651,-18.971852026810794,26.29110582861795,-30.206762363147874,"3.25","1.5",,,,"89.4",1593,"6.9",776454,687221,518692,500743,571771,605141,624424,681624,606192,"53.64",,,,,,,,31,2,"Split-Finger",0,0,0,0,0,0,0,0,"Standard","Standard",237,"0.005","0.026",,,,"-0.026",,0,0,0.627,0.627,30,25,31,25,2,1,9,2,11,1,"2.84","1.51","-1.51","34.4",,,,,
"FF","2025-09-05","98.4","-2","5.93","Ohtani, Shohei",681297,660271,,"foul",,,,,5,"Foul","R","L","R","BAL","LAD","S",,,0,0,2025,"-0.57","1.42","0.02","2.5",,663624,,0,4,"Bot",,,,,,,6.847533810254608,-143.02165050259984,-7.198809431943763,-9.381767279902249,30.97088230361959,-11.213760157313606,"3.33","1.65",231,"79.3",25,"99.3",2460,"6.7",776454,687221,518692,500743,571771,605141,624424,681624,606192,"53.77",,,,,,,,31,1,"4-Seam Fastball",0,0,0,0,0,0,0,0,"Standard","Standard",214,"-0.007","-0.043","77.5","6.9",,"0.043","88.0",0,0,0.634,0.634,30,25,31,25,2,1,9,2,11,1,"0.93","0.57","-0.57","37.4",8.189114988442237,4.491855040095492,46.18988834446682,34.80560021279593,29.82836702031974
"SI","2025-09-05","95.6","-2.36","5.85","Ohtani, Shohei",663624,660271,"double","hit_into_play",,,,,11,"Ryan Mountcastle doubles (18) on a ground ball to left fielder Michael Conforto.","R","R","R","BAL","LAD","X",7,"ground_ball",0,0,2025,"-1.25","0.85","-1.13","2.75",,,,0,4,"Bot",51.48,129.89,,,,,6.096943430104175,-138.96066531006636,-4.423091650353226,-17.58081658649633,32.84450070751161,-20.384362460365004,"3.61","1.77",89,"89.7",6,"95.6",2057,"6.5",776454,687221,518692,500743,571771,605141,624424,681624,606192,"54.01",0.476,0.436,"1.25",1,1,1,4,30,1,"Sinker",0,0,0,0,0,0,0,0,"Standard","Standard",216,"0.074","0.716","84.2","8.0",0.535,"-0.716","89.7",0,0,0.56,0.56,30,28,31,28,2,1,9,2,11,1,"1.66","1.25","1.25","33.4",17.05432182243911,-13.192410131430133,37.789092885316435,28.780395169596986,32.28769434603253
"FC","2025-09-05","94.9","-2.35","5.71","Ohtani, Shohei",683002,660271,"field_out","hit_into_play",,,,,6,"Gunnar Henderson grounds out, pitcher Shohei Ohtani to first baseman Freddie Freeman.","R","L","R","BAL","LAD","X",1,"ground_ball",2,0,2025,"0.21","0.76","0.34","2.45",,702616,669236,2,3,"Bot",130.03,192.22,,,,,6.595764369391838,-138.14143083919055,-4.693217359097567,1.4747809189294718,25.8053583628546,-21.570917480868026,"3.68","1.78",1,"55.7",-64,"96.1",2579,"6.6",776454,687221,518692,808975,500743,605141,624424,681624,606192,"53.92",0.258,0.271,"0",1,0,0,1,23,3,"Cutter",0,0,0,0,0,0,0,0,"Standard","Standard",183,"-0.059","-0.335","68.3","6.6",0.268,"0.335","88.0",0,0,0.559,0.559,30,24,31,24,2,1,9,3,11,1,"1.73","-0.21","0.21","35.1",-6.2046756267056455,20.694603318399462,34.05173883331586,28.578872797144147,19.8187888186638
"FF","2025-09-05","100.2","-2.03","5.78","Ohtani, Shohei",683002,660271,,"ball",,,,,14,"Ball","R","L","R","BAL","LAD","B",,,1,0,2025,"-0.25","0.95","1.92","2.72",,702616,669236,2,3,"Bot",,,,,,,11.571304685401756,-145.4980948881741,-5.3852038534293,-6.007457300684347,31.33641297186625,-17.56324518553414,"3.7","1.78",,,,"101.2",2664,"6.8",776454,687221,518692,808975,500743,605141,624424,681624,606192,"53.74",,,,,,,,23,2,"4-Seam Fastball",0,0,0,0,0,0,0,0,"Standard","Standard",213,"0.007","0.029",,,,"-0.029",,0,0,0.552,0.552,30,24,31,24,2,1,9,3,11,1,"1.32","0.25","-0.25","36.4",,,,,
"CU","2025-09-05","80","-2","6.15","Ohtani, Shohei",683002,660271,,"ball",,,,,13,"Ball","R","L","R","BAL","LAD","B",,,0,0,2025,"1.13","-0.97","-0.15","1.45",,702616,669236,2,3,"Bot",,,,,,,1.9555480142859105,-116.5497935338014,-1.792153916375353,9.861366197109259,23.401700005862477,-40.87793923452514,"3.55","1.6",,,,"80.3",2702,"6.6",776454,687221,518692,808975,500743,605141,624424,681624,606192,"53.91",,,,,,,,23,1,"Curveball",0,0,0,0,0,0,0,0,"Standard","Standard",42,"0.003","0.024",,,,"-0.024",,0,0,0.549,0.549,30,24,31,24,2,1,9,3,11,1,"4.55","-1.13","1.13","44.4",,,,,
"SL","2025-09-05","87.9","-1.82","6.18","Ohtani, Shohei",669236,660271,"single","hit_into_play",,,,,4,"Jeremiah Jackson singles on a ground ball to shortstop Mookie Betts. Jackson Holliday to 2nd.","R","R","R","BAL","LAD","X",6,"ground_ball",0,0,2025,"0.26","0.11","-0.44","2.69",,,702616,2,3,"Bot",99.62,152.7,,,,,2.810099174326279,-128.09007143448267,-2.6683067239947675,2.3244718078516518,24.22788651965507,-30.59911247812693,"3.33","1.56",89,"107.1",4,"88.6",2567,"6.5",776454,687221,518692,808975,500743,605141,624424,681624,606192,"54.04",0.595,0.555,"0.9",1,1,0,4,22,1,"Slider",0,0,0,0,0,0,0,0,"Standard","Standard",100,"0.023","0.346","76.5","7.7",0.667,"-0.346","107.1",0,0,0.526,0.526,30,25,31,25,2,1,9,2,11,1,"2.81","-0.26","-0.26","44.4",15.212361498830271,-2.2583780833947076,25.95292359220018,36.565802869135744,32.1742439975626
"FC","2025-09-05","93.9","-2.65","5.64","Ohtani, Shohei",702616,660271,"walk","ball",,,,,11,"Jackson Holliday walks.","R","L","R","BAL","LAD","B",,,3,1,2025,"0.28","0.48","-1.5","3.36",,,,2,3,"Bot",,,,,,,2.376266389676711,-136.8913443424584,-1.3388141180132198,3.1318259642388804,25.241694319837965,-26.04868215955778,"3.27","1.62",,,,"95.1",2405,"6.5",776454,687221,518692,808975,500743,605141,624424,681624,606192,"53.97",,0.691497,"0.7",1,0,0,,21,5,"Cutter",0,0,0,0,0,0,0,0,"Standard","Standard",192,"0.008","0.173",,,,"-0.173",,0,0,0.518,0.518,30,21,31,22,2,1,9,2,11,1,"2.07","-0.28","0.28","31.2",,,,,
"FC","2025-09-05","93.9","-2.71","5.68","Ohtani, Shohei",702616,660271,,"ball",,,,,11,"Ball","R","L","R","BAL","LAD","B",,,2,1,2025,"0.25","0.36","-1.19","3.04",,,,2,3,"Bot",,,,,,,3.3953017331727438,-136.94934151911013,-2.026872310276962,2.5255776320811743,25.417944088987333,-27.43065296940953,"3.4","1.47",,,,"95",2484,"6.4",776454,687221,518692,808975,500743,605141,624424,681624,606192,"54.06",,,,,,,,21,4,"Cutter",0,0,0,0,0,0,0,0,"Standard","Standard",172,"0.005","0.117",,,,"-0.117",,0,0,0.513,0.513,30,21,31,22,2,1,9,2,11,1,"2.18","-0.25","0.25","34.2",,,,,
"CU","2025-09-05","79.4","-2.07","6.23","Ohtani, Shohei",702616,660271,,"ball",,,,,14,"Ball","R","L","R","BAL","LAD","B",,,1,1,2025,"1.2","-0.96","1.75","1.34",,,,2,3,"Bot",,,,,,,6.137863152460936,-115.51095203511109,-2.1236772253518312,9.537023990346315,22.62525635374295,-40.52457734036677,"3.25","1.52",,,,"79.7",2762,"6.6",776454,687221,518692,808975,500743,605141,624424,681624,606192,"53.85",,,,,,,,21,3,"Curveball",0,0,0,0,0,0,0,0,"Standard","Standard",48,"0.002","0.053",,,,"-0.053",,0,0,0.511,0.511,30,21,31,22,2,1,9,2,11,1,"4.59","-1.2","1.2","45.8",,,,,
"CU","2025-09-05","73.8","-2.18","6.23","Ohtani, Shohei",702616,660271,,"called_strike",,,,,7,"Called Strike","R","L","R","BAL","LAD","S",,,1,0,2025,"1.08","-1.21","-0.72","1.82",,,,2,3,"Bot",,,,,,,1.0840163382119568,-107.35540328892277,0.5378797690145443,8.077417179363481,21.360767975531058,-41.7578709846832,"3.2","1.48",,,,"73.7",2530,"6.5",776454,687221,518692,808975,500743,605141,624424,681624,606192,"53.95",,,,,,,,21,2,"Curveball",0,0,0,0,0,0,0,0,"Standard","Standard",36,"-0.002","-0.054",,,,"0.054",,0,0,0.513,0.513,30,21,31,22,2,1,9,2,11,1,"5.45","-1.08","1.08","45.4",,,,,
"FC","2025-09-05","93.7","-2.56","5.66","Ohtani, Shohei",702616,660271,,"ball",,,,,11,"Ball","R","L","R","BAL","LAD","B",,,0,0,2025,"0.33","0.55","-0.86","3.44",,,,2,3,"Bot",,,,,,,3.699438208915325,-136.59721311583397,-1.3033485476425153,3.4428571659967697,27.05963417892532,-25.204226551843245,"3.3","1.64",,,,"94.6",2690,"6.5",776454,687221,518692,808975,500743,605141,624424,681624,606192,"54.03",,,,,,,,21,1,"Cutter",0,0,0,0,0,0,0,0,"Standard","Standard",173,"0.001","0.037",,,,"-0.037",,0,0,0.512,0.512,30,21,31,22,2,1,9,2,11,1,"2.02","-0.33","0.33","32.1",,,,,
"ST","2025-09-05","88.3","-2.63","5.74","Ohtani, Shohei",691723,660271,"field_out","hit_into_play",,,,,8,"Coby Mayo grounds out to pitcher Shohei Ohtani.","R","R","R","BAL","LAD","X",1,"ground_ball",1,2,2025,"1.02","0.33","0.07","2.16",,,,1,3,"Bot",130.15,201.72,,,,,4.4478274890634895,-128.58177608652431,-3.371583908927817,10.539114121596793,25.26738354469781,-27.99375210423334,"3.6","1.69",3,"34.6",-40,"88.6",2687,"6.3",776454,687221,518692,808975,500743,605141,624424,681624,606192,"54.16",0.235,0.23,"0",1,0,0,1,20,4,"Sweeper",0,0,0,0,0,0,0,0,"Standard","Standard",70,"-0.014","-0.18","74.3","8.1",0.243,"0.18","88.0",0,0,0.526,0.526,30,23,31,24,1,0,9,2,11,1,"2.57","-1.02","-1.02","31.5",21.973646611235885,-30.409681726770156,33.1139539701542,35.4086316627791,49.356552560049735
"SL","2025-09-05","88.1","-2.08","6.18","Ohtani, Shohei",691723,660271,,"foul",,,,,5,"Foul","R","R","R","BAL","LAD","S",,,1,1,2025,"0.54","-0.27","0.23","2.35",,,,1,3,"Bot",,,,,,,4.500702728830973,-128.32810961402575,-2.666616965007282,5.076604275673647,25.86651933319152,-34.78554566621485,"3.6","1.69",3,"70.2",-43,"88.6",2561,"6.5",776454,687221,518692,808975,500743,605141,624424,681624,606192,"54",,,,,,,,20,3,"Slider",0,0,0,0,0,0,0,0,"Standard","Standard",88,"-0.003","-0.064","75.5","7.6",,"0.064","88.0",0,0,0.529,0.529,30,23,31,24,1,0,9,2,11,1,"3.19","-0.54","-0.54","42.0",15.539618359828019,-19.48748949523222,31.905870395926705,39.76401060388617,39.24180799697575
"FF","2025-09-05","98","-2.49","5.65","Ohtani, Shohei",691723,660271,,"foul",,,,,3,"Foul","R","R","R","BAL","LAD","S",,,1,0,2025,"-0.21","1.11","0.36","3.52",,,,1,3,"Bot",,,,,,,8.229993521790343,-142.5601865821456,-2.863530189232663,-4.7558688503470306,32.069241068398924,-16.52999994680782,"3.6","1.69",196,"69.3",51,"98.6",2632,"6.6",776454,687221,518692,808975,500743,605141,624424,681624,606192,"53.93",,,,,,,,20,2,"4-Seam Fastball",0,0,0,0,0,0,0,0,"Standard","Standard",214,"-0.004","-0.049","67.6","7.0",,"0.049","88.0",0,0,0.533,0.533,30,23,31,24,1,0,9,2,11,1,"1.26","0.21","0.21","31.4",7.6275758112390015,-21.11203110513331,25.797719749868655,42.180803193001225,37.73536656941143
"ST","2025-09-05","78.3","-2.38","6.02","Ohtani, Shohei",691723,660271,,"ball",,,,,14,"Ball","R","R","R","BAL","LAD","B",,,0,0,2025,"1.55","0.24","0.99","2.05",,,,1,3,"Bot",,,,,,,4.407934699031785,-113.9265600541928,-2.134160430213498,12.65901927652417,21.47396271700227,-29.933935329405827,"3.56","1.51",,,,"78.2",2482,"6.3",776454,687221,518692,808975,500743,605141,624424,681624,606192,"54.19",,,,,,,,20,1,"Sweeper",0,0,0,0,0,0,0,0,"Standard","Standard",60,"0.003","0.039",,,,"-0.039",,0,0,0.53,0.53,30,23,31,24,1,0,9,2,11,1,"3.49","-1.55","-1.55","37.5",,,,,
"SL","2025-09-05","91.6","-2.26","6.13","Ohtani, Shohei",694212,660271,"strikeout","swinging_strike_blocked",,,,,14,"Samuel Basallo strikes out swinging.","R","L","R","BAL","LAD","S",2,,1,2,2025,"0.33","0.07","0.03","0.81",,,,0,3,"Bot",,,,,,,5.099791246305533,-133.33623720311084,-7.84463575537812,3.052287449643705,25.454162404704984,-29.955444899284952,"3.58","1.71",,,,"92.7",2543,"6.6",776454,687221,518692,808975,500743,605141,624424,681624,606192,"53.85",,0,"0",1,0,0,,19,5,"Slider",0,0,0,0,0,0,0,0,"Infield shade","Standard",166,"-0.019","-0.189","75.4","8.3",,"0.189",,0,0,0.549,0.549,30,20,31,21,1,0,9,3,11,1,"2.62","-0.33","0.33","43.4",14.315111527972673,-11.728898450045468,37.68863910776967,33.26113075698039,39.357604438021575
"FF","2025-09-05","100.6","-2.6","5.66","Ohtani, Shohei",694212,660271,,"foul",,,,,11,"Foul","R","L","R","BAL","LAD","S",,,1,2,2025,"-0.27","1.27","-0.13","3.75",,,,0,3,"Bot",,,,,,,7.497566392890366,-146.36043942730493,-2.974901203399255,-5.662434573852566,34.30908242255579,-13.440953130622486,"3.58","1.71",229,"77.3",50,"100.9",2578,"6.5",776454,687221,518692,808975,500743,605141,624424,681624,606192,"54.03",,,,,,,,19,4,"4-Seam Fastball",0,0,0,0,0,0,0,0,"Strategic","Standard",221,"0","0","67.3","5.6",,"0","88.0",0,0,0.549,0.549,30,20,31,21,1,0,9,3,11,1,"0.98","0.27","-0.27","30.1",-5.331497128615177,30.134076411001868,24.74405644459291,33.46116602214526,18.776708672623755
"CU","2025-09-05","82.7","-2.01","6.33","Ohtani, Shohei",694212,660271,,"ball",,,,,14,"Ball","R","L","R","BAL","LAD","B",,,0,2,2025,"0.82","-1.11","1.45","0.38",,,,0,3,"Bot",,,,,,,6.339732310810027,-120.34244843328321,-4.938119140946899,6.680521393972868,23.637069034304034,-42.15924381821768,"3.42","1.58",,,,"83.2",2780,"6.6",776454,687221,518692,808975,500743,605141,624424,681624,606192,"53.87",,,,,,,,19,3,"Curveball",0,0,0,0,0,0,0,0,"Infield shade","Standard",41,"0.003","0.024",,,,"-0.024",,0,0,0.546,0.546,30,20,31,21,1,0,9,3,11,1,"4.44","-0.82","0.82","45.8",,,,,
"FC","2025-09-05","94.6","-2.44","5.7","Ohtani, Shohei",694212,660271,,"foul_tip",,,,,5,"Foul Tip","R","L","R","BAL","LAD","S",,,0,1,2025,"0.19","0.76","0.21","2.68",,,,0,3,"Bot",,,,,,,6.529845435364772,-137.84735698094494,-4.072453098628872,1.3349760574818719,23.53189226832542,-21.712088128775875,"3.58","1.71",,,,"95.9",2662,"6.4",776454,687221,518692,808975,500743,605141,624424,681624,606192,"54.07",,,,,,,,19,2,"Cutter",0,0,0,0,0,0,0,0,"Infield shade","Standard",195,"-0.005","-0.055","75.8","6.1",,"0.055",,0,0,0.551,0.551,30,20,31,21,1,0,9,3,11,1,"1.73","-0.19","0.19","32.3",-4.922278468545769,28.016664229809155,36.989180314227475,29.424747947358735,20.932018239052223
"FC","2025-09-05","94.9","-2.55","5.75","Ohtani, Shohei",694212,660271,,"called_strike",,,,,2,"Called Strike","R","L","R","BAL","LAD","S",,,0,0,2025,"0.15","0.82","0.19","2.98",,,,0,3,"Bot",,,,,,,6.877909443081958,-138.22976557948598,-3.5612079058131245,0.6722782525039482,24.440177918791182,-21.0014687785845,"3.46","1.65",,,,"96.2",2613,"6.5",776454,687221,518692,808975,500743,605141,624424,681624,606192,"53.99",,,,,,,,19,1,"Cutter",0,0,0,0,0,0,0,0,"Strategic","Standard",202,"-0.004","-0.039",,,,"0.039",,0,0,0.555,0.555,30,20,31,21,1,0,9,3,11,1,"1.66","-0.15","0.15","32.6",,,,,
"ST","2025-09-05","85.3","-2.15","5.76","Ohtani, Shohei",687637,660271,"strikeout","foul_tip",,,,,9,"Dylan Beavers strikes out on a foul tip.","R","L","R","BAL","LAD","S",2,,2,2,2025,"1.29","-0.1","0.34","2.09",,656896,,2,2,"Bot",,,,,,,3.2771204859901477,-124.17252285931954,-2.1095928324199402,12.636958768093118,25.874372152923037,-33.03841052598785,"3.48","1.73",,,,"85.5",2637,"6.5",776454,687221,518692,808975,500743,605141,624424,681624,606192,"54.04",,0,"0",1,0,0,,13,6,"Sweeper",0,0,0,0,0,0,0,0,"Standard","Standard",59,"-0.032","-0.22","68.2","8.4",,"0.22",,0,0,0.532,0.532,30,23,31,24,1,0,9,3,11,1,"3.25","-1.29","1.29","33.9",22.59857251188333,-21.4598915836671,36.455374479808164,31.047989059673736,46.38637708042543
"SL","2025-09-05","90.8","-1.84","6.18","Ohtani, Shohei",687637,660271,,"ball",,,,,14,"Ball","R","L","R","BAL","LAD","B",,,1,2,2025,"0.3","0.16","0.12","0.35",,,656896,2,2,"Bot",,,,,,,4.285795709455084,-132.00087853101584,-9.024053199540509,2.541695268186239,28.563930174212203,-28.54463541652096,"3.4","1.65",,,,"91.1",2485,"6.5",776454,687221,518692,808975,500743,605141,624424,681624,606192,"53.96",,,,,,,,13,5,"Slider",0,0,0,0,0,0,0,0,"Strategic","Standard",141,"0.014","0.033",,,,"-0.033",,0,0,0.518,0.518,30,23,31,24,1,0,9,3,11,1,"2.61","-0.3","0.3","41.6",,,,,
"FF","2025-09-05","100.5","-2.26","5.78","Ohtani, Shohei",687637,660271,,"foul",,,,,11,"Foul","R","L","R","BAL","LAD","S",,,1,2,2025,"-0.46","1.21","-0.95","3.41",,,656896,2,2,"Bot",,,,,,,4.742317918895101,-146.31321846171363,-4.111435524428241,-7.802634128963197,35.32476723188405,-14.001373047251198,"3.48","1.73",242,"79.7",41,"100.9",2490,"6.6",776454,687221,518692,808975,500743,605141,624424,681624,606192,"53.94",,,,,,,,13,4,"4-Seam Fastball",0,0,0,0,0,0,0,0,"Strategic","Standard",217,"0","0","64.5","6.4",,"0","88.0",0,0,0.518,0.518,30,23,31,24,1,0,9,3,11,1,"1.05","0.46","-0.46","35.3",-13.690307848234026,15.969176025747323,31.07466353540925,45.238455529346766,10.75665746168255
"FF","2025-09-05","98.7","-2.03","5.74","Ohtani, Shohei",687637,660271,,"called_strike",,,,,8,"Called Strike","R","L","R","BAL","LAD","S",,,1,1,2025,"-0.58","1.31","0","1.62",,,656896,2,2,"Bot",,,,,,,6.9199444736964555,-143.39843358965695,-8.835799239204349,-9.619129407997718,33.58748099086789,-12.257468099803054,"3.42","1.67",,,,"99.1",2484,"6.7",776454,687221,518692,808975,500743,605141,624424,681624,606192,"53.85",,,,,,,,13,3,"4-Seam Fastball",0,0,0,0,0,0,0,0,"Standard","Standard",216,"-0.005","-0.073",,,,"0.073",,0,0,0.523,0.523,30,23,31,24,1,0,9,3,11,1,"1.04","0.58","-0.58","37.5",,,,,
"FF","2025-09-05","99.3","-2.23","5.73","Ohtani, Shohei",687637,660271,,"called_strike",,,,,7,"Called Strike","R","L","R","BAL","LAD","S",,,1,0,2025,"-0.45","1.27","-0.66","2.16",,,656896,2,2,"Bot",,,,,,,5.3935668785774515,-144.37721083670084,-7.3713103447151305,-7.494780744087879,33.877132237282545,-12.874949078335963,"3.41","1.69",,,,"99.9",2421,"6.7",776454,687221,518692,808975,500743,605141,624424,681624,606192,"53.84",,,,,,,,13,2,"4-Seam Fastball",0,0,0,0,0,0,0,0,"Standard","Standard",214,"-0.003","-0.05",,,,"0.05",,0,0,0.526,0.526,30,23,31,24,1,0,9,3,11,1,"1.05","0.45","-0.45","36.5",,,,,
"CU","2025-09-05","78.1","-1.86","6.16","Ohtani, Shohei",687637,660271,,"ball",,,,,14,"Ball","R","L","R","BAL","LAD","B",,,0,0,2025,"0.8","-1.06","0.59","1.23",,,656896,2,2,"Bot",,,,,,,3.82581087436443,-113.72047280784254,-1.7239490852983905,6.109976423431033,22.551236850977336,-41.24443450680737,"3.36","1.64",,,,"78.3",2589,"6.5",776454,687221,518692,808975,500743,605141,624424,681624,606192,"53.95",,,,,,,,13,1,"Curveball",0,0,0,0,0,0,0,0,"Standard","Standard",49,"0.002","0.035",,,,"-0.035",,0,0,0.524,0.524,30,23,31,24,1,0,9,3,11,1,"4.82","-0.8","0.8","47.0",,,,,
"FC","2025-09-05","92.5","-2.59","5.84","Ohtani, Shohei",656896,660271,"single","hit_into_play",,,,,8,"Emmanuel Rivera singles on a ground ball to center fielder Andy Pages.","R","R","R","BAL","LAD","X",8,"ground_ball",0,1,2025,"0.27","0.53","-0.04","2.2",,,,2,2,"Bot",120.91,96.45,,,,,5.917197877234942,-134.6029857320379,-4.66723566081394,2.087574810192397,26.962896627855514,-24.96712408131262,"3.42","1.66",47,"97.8",0,"93",2520,"6.4",776454,687221,518692,808975,500743,605141,624424,681624,606192,"54.1",0.448,0.429,"0.9",1,1,0,4,12,2,"Cutter",0,0,0,0,0,0,0,0,"Standard","Standard",178,"0.015","0.368","65.9","6.8",0.513,"-0.368","97.8",0,0,0.509,0.509,30,29,31,29,1,0,9,2,11,1,"2.12","-0.27","-0.27","35.3",3.433777510629986,4.603788599142248,31.2339511001176,33.216722969778466,33.648845550369515
"FF","2025-09-05","99","-2.42","5.79","Ohtani, Shohei",656896,660271,,"swinging_strike",,,,,5,"Swinging Strike","R","R","R","BAL","LAD","S",,,0,0,2025,"-0.31","1.27","0.24","2.66",,,,2,2,"Bot",,,,,,,7.994448192130154,-143.89096925841582,-6.099781023617204,-6.038340958960487,32.10791668095302,-13.226724188442324,"3.42","1.66",,,,"99.5",2448,"6.5",776454,687221,518692,808975,500743,605141,624424,681624,606192,"53.96",,,,,,,,12,1,"4-Seam Fastball",0,0,0,0,0,0,0,0,"Standard","Standard",220,"-0.002","-0.043","70.3","6.6",,"0.043",,0,0,0.511,0.511,30,29,31,29,1,0,9,2,11,1,"1.05","0.31","0.31","39.2",-0.9005965167434644,16.949116924132632,32.069617663678855,38.30759592759767,21.00493859662521
"FC","2025-09-05","93.8","-2.59","5.6","Ohtani, Shohei",681297,660271,"strikeout","swinging_strike",,,,,4,"Colton Cowser strikes out swinging.","R","L","R","BAL","LAD","S",2,,3,2,2025,"0.2","0.66","-0.5","2.34",,,,1,2,"Bot",,,,,,,5.010234323240739,-136.56573944419245,-4.213668786353439,1.4567383971490502,27.836946384354643,-23.242099392906876,"3.33","1.65",,,,"94.5",2502,"6.5",776454,687221,518692,808975,500743,605141,624424,681624,606192,"53.99",,0,"0",1,0,0,,11,7,"Cutter",0,0,0,0,0,0,0,0,"Infield shade","Standard",183,"-0.021","-0.332","69.2","7.3",,"0.332",,0,0,0.532,0.532,30,25,31,25,1,0,9,2,11,1,"1.92","-0.2","0.2","32.3",13.329381385168288,4.584003234349521,33.31866760295176,41.9492844328635,27.832759558243165
"FS","2025-09-05","90.6","-2.53","5.73","Ohtani, Shohei",681297,660271,,"ball",,,,,13,"Ball","R","L","R","BAL","LAD","B",,,2,2,2025,"-1.24","0.04","-0.93","0.86",,,,1,2,"Bot",,,,,,,6.655771474519873,-131.64119545420735,-6.298275117633549,-15.823960227977407,29.009063143013943,-30.55548619035117,"3.32","1.65",,,,"90.7",1536,"6.5",776454,687221,518692,808975,500743,605141,624424,681624,606192,"53.96",,,,,,,,11,6,"Split-Finger",0,0,0,0,0,0,0,0,"Strategic","Standard",234,"0.006","0.104",,,,"-0.104",,0,0,0.526,0.526,30,25,31,25,1,0,9,2,11,1,"2.76","1.24","-1.24","34.7",,,,,
"CU","2025-09-05","83.2","-2.07","6.27","Ohtani, Shohei",681297,660271,,"foul",,,,,9,"Foul","R","L","R","BAL","LAD","S",,,2,2,2025,"0.92","-1.17","0.31","1.75",,,,1,2,"Bot",,,,,,,3.668381522550087,-121.13204383225391,-1.5838277723067034,8.217601428731673,25.2147165493521,-43.5815898078036,"3.33","1.65",5,"91.6",-20,"83.3",2767,"6.5",776454,687221,518692,808975,500743,605141,624424,681624,606192,"54.05",,,,,,,,11,5,"Curveball",0,0,0,0,0,0,0,0,"Strategic","Standard",41,"0","0","76.6","7.5",,"0","91.6",0,0,0.526,0.526,30,25,31,25,1,0,9,2,11,1,"4.48","-0.92","0.92","46.4",14.709949859639135,-3.26325523857707,41.55921386826067,32.9018103725136,40.929825435053495
"FF","2025-09-05","100.2","-2.5","5.82","Ohtani, Shohei",681297,660271,,"foul",,,,,2,"Foul","R","L","R","BAL","LAD","S",,,2,1,2025,"-0.51","1.37","-0.16","3.21",,,,1,2,"Bot",,,,,,,7.700644383533702,-145.72022879554402,-5.126477367551854,-9.004848123485749,32.26879032236076,-11.658580011629716,"3.33","1.65",145,"86.7",9,"100.9",2521,"6.6",776454,687221,518692,808975,500743,605141,624424,681624,606192,"53.92",,,,,,,,11,4,"4-Seam Fastball",0,0,0,0,0,0,0,0,"Infield shade","Standard",211,"-0.005","-0.07","74.2","6.4",,"0.07","88.0",0,0,0.531,0.531,30,25,31,25,1,0,9,2,11,1,"0.9","0.51","-0.51","35.3",5.29637603326989,14.907471340683271,36.29956231748325,38.448746274091306,21.731981914385123
"CU","2025-09-05","79.4","-2.12","6.19","Ohtani, Shohei",681297,660271,,"ball",,,,,9,"Ball","R","L","R","BAL","LAD","B",,,1,1,2025,"1.13","-1.2","0.43","1.6",,,,1,2,"Bot",,,,,,,3.469873095040818,-115.55359053296299,-0.9724255896233286,9.331837343647146,23.82512998985138,-42.851926581187136,"3.25","1.65",,,,"79.4",2742,"6.5",776454,687221,518692,808975,500743,605141,624424,681624,606192,"54.01",,,,,,,,11,3,"Curveball",0,0,0,0,0,0,0,0,"Infield shade","Standard",53,"0.004","0.055",,,,"-0.055",,0,0,0.527,0.527,30,25,31,25,1,0,9,2,11,1,"4.84","-1.13","1.13","43.6",,,,,
"FS","2025-09-05","89.7","-2.5","5.94","Ohtani, Shohei",681297,660271,,"ball",,,,,13,"Ball","R","L","R","BAL","LAD","B",,,0,1,2025,"-1.31","0.34","-0.56","1.32",,,,1,2,"Bot",,,,,,,7.615288273340387,-130.34377635700366,-6.226481922733654,-16.493500388484886,25.622600703997275,-27.174622937021702,"3.26","1.53",,,,"90.4",1586,"6.6",776454,687221,518692,808975,500743,605141,624424,681624,606192,"53.88",,,,,,,,11,2,"Split-Finger",0,0,0,0,0,0,0,0,"Infield shade","Standard",240,"0.002","0.029",,,,"-0.029",,0,0,0.525,0.525,30,25,31,25,1,0,9,2,11,1,"2.48","1.31","-1.31","35.9",,,,,
"FF","2025-09-05","99.9","-2.42","5.73","Ohtani, Shohei",681297,660271,,"called_strike",,,,,1,"Called Strike","R","L","R","BAL","LAD","S",,,0,0,2025,"-0.77","1.27","-0.77","2.87",,,,1,2,"Bot",,,,,,,6.398058576264323,-145.36030873646575,-5.488208987846127,-12.482131551708793,34.41120701740944,-13.050208794928421,"3.23","1.53",,,,"100.3",2548,"6.5",776454,687221,518692,808975,500743,605141,624424,681624,606192,"53.98",,,,,,,,11,1,"4-Seam Fastball",0,0,0,0,0,0,0,0,"Infield shade","Standard",221,"-0.003","-0.039",,,,"0.039",,0,0,0.528,0.528,30,25,31,25,1,0,9,2,11,1,"1.01","0.77","-0.77","33.1",,,,,
"SL","2025-09-05","88.8","-2.2","6.19","Ohtani, Shohei",663624,660271,"field_out","hit_into_play",,,,,8,"Ryan Mountcastle grounds out, third baseman Miguel Rojas to first baseman Freddie Freeman.","R","R","R","BAL","LAD","X",5,"ground_ball",2,2,2025,"0.25","0.21","-0.18","1.96",,,,0,2,"Bot",108.24,163.34,,,,,4.437275950351988,-129.28517834501798,-4.795772160731723,1.9443725819672748,26.034631913099652,-29.015019222989956,"3.61","1.77",47,"86.6",2,"89.3",2619,"6.5",776454,687221,518692,808975,500743,605141,624424,681624,606192,"54.03",0.301,0.287,"0",1,0,0,2,10,5,"Slider",0,0,0,0,0,0,0,0,"Standard","Standard",102,"-0.021","-0.232","79.5","8.1",0.326,"0.232","88.0",0,0,0.549,0.549,30,28,31,28,1,0,9,2,11,1,"2.67","-0.25","-0.25","45.7",16.422417853404944,-11.749610437043284,39.04045373961802,38.748083128303996,31.196123807064932
"FF","2025-09-05","99.8","-2.47","5.71","Ohtani, Shohei",663624,660271,,"ball",,,,,12,"Ball","R","R","R","BAL","LAD","B",,,1,2,2025,"-0.45","1.28","0.93","2.91",,,,0,2,"Bot",,,,,,,10.43108510978276,-144.94467889410387,-5.32583916785195,-8.73937823600916,34.026923256632756,-13.091150124936274,"3.39","1.72",,,,"100.1",2649,"6.6",776454,687221,518692,808975,500743,605141,624424,681624,606192,"53.95",,,,,,,,10,4,"4-Seam Fastball",0,0,0,0,0,0,0,0,"Standard","Standard",214,"0.004","0.043",,,,"-0.043",,0,0,0.545,0.545,30,28,31,28,1,0,9,2,11,1,"1.02","0.45","0.45","32.2",,,,,
"ST","2025-09-05","85.4","-2.65","5.68","Ohtani, Shohei",663624,660271,,"swinging_strike",,,,,2,"Swinging Strike","R","R","R","BAL","LAD","S",,,1,1,2025,"1.18","0.52","-0.21","3.53",,,,0,2,"Bot",,,,,,,3.3767252474916614,-124.43564500209787,0.15786979511518084,11.58469147037687,25.62003887061409,-27.0162161610809,"3.61","1.77",,,,"85.5",2640,"6.3",776454,687221,518692,808975,500743,605141,624424,681624,606192,"54.17",,,,,,,,10,3,"Sweeper",0,0,0,0,0,0,0,0,"Standard","Standard",74,"-0.005","-0.061","76.6","6.9",,"0.061",,0,0,0.55,0.55,30,28,31,28,1,0,9,2,11,1,"2.6","-1.18","-1.18","32.7",6.278342572574626,6.457958590912581,27.84086345157377,39.80367082843547,19.96278871059079
"FF","2025-09-05","97.8","-2.49","5.84","Ohtani, Shohei",663624,660271,,"called_strike",,,,,4,"Called Strike","R","R","R","BAL","LAD","S",,,1,0,2025,"-0.47","1.35","-0.68","2.87",,,,0,2,"Bot",,,,,,,5.960192630440498,-142.25887227487974,-5.626644848401914,-7.773325694028268,32.80456467103369,-12.786941874872076,"3.56","1.72",,,,"98",2513,"6.4",776454,687221,518692,808975,500743,605141,624424,681624,606192,"54.06",,,,,,,,10,2,"4-Seam Fastball",0,0,0,0,0,0,0,0,"Standard","Standard",211,"-0.005","-0.05",,,,"0.05",,0,0,0.555,0.555,30,28,31,28,1,0,9,2,11,1,"1.04","0.47","0.47","34.4",,,,,
"ST","2025-09-05","85.1","-2.48","5.85","Ohtani, Shohei",663624,660271,,"ball",,,,,14,"Ball","R","R","R","BAL","LAD","B",,,0,0,2025,"0.79","0.59","0.89","1.81",,,,0,2,"Bot",,,,,,,6.311729978794587,-123.82843903928462,-4.355212630964115,6.877639041574355,25.141106165308994,-25.41012719574951,"3.62","1.65",,,,"85.2",2523,"6.4",776454,687221,518692,808975,500743,605141,624424,681624,606192,"54.08",,,,,,,,10,1,"Sweeper",0,0,0,0,0,0,0,0,"Standard","Standard",64,"0.004","0.041",,,,"-0.041",,0,0,0.551,0.551,30,28,31,28,1,0,9,2,11,1,"2.56","-0.79","-0.79","34.4",,,,,
"FC","2025-09-05","93.4","-2.46","5.71","Ohtani, Shohei",683002,660271,"field_out","hit_into_play",,,,,8,"Gunnar Henderson grounds out, second baseman Hyeseong Kim to first baseman Freddie Freeman.","R","L","R","BAL","LAD","X",4,"ground_ball",3,2,2025,"0.35","0.44","0.17","1.82",,,,2,1,"Bot",140.67,147.63,,,,,6.0383198882867255,-136.08498818431653,-5.357172388561089,3.334235258274445,24.96792865479195,-25.837228086291287,"3.68","1.78",16,"75.2",-5,"94.6",2572,"6.5",776454,687221,518692,808975,500743,605141,624424,681624,606192,"53.97",0.081,0.086,"0",1,0,0,2,6,7,"Cutter",0,0,0,0,0,0,0,0,"Infield shade","Standard",170,"-0.012","-0.328","74.3","7.2",0.093,"0.328","88.0",0,0,0.512,0.512,30,24,31,24,1,0,9,3,11,1,"2.13","-0.35","0.35","32.3",-3.806811156796947,9.648741142874485,36.67719290932025,30.221578129748778,28.826257960975532
"CU","2025-09-05","80.2","-2.1","6.23","Ohtani, Shohei",683002,660271,,"ball",,,,,14,"Ball","R","L","R","BAL","LAD","B",,,2,2,2025,"0.91","-1.04","1.43","0.78",,,,2,1,"Bot",,,,,,,6.117444882086721,-116.6956940983741,-3.3661319038396464,7.098241518602614,22.483642880178007,-41.25011621493409,"3.67","1.71",,,,"80.4",2714,"6.5",776454,687221,518692,808975,500743,605141,624424,681624,606192,"54.02",,,,,,,,6,6,"Curveball",0,0,0,0,0,0,0,0,"Infield shade","Standard",47,"0.003","0.104",,,,"-0.104",,0,0,0.509,0.509,30,24,31,24,1,0,9,3,11,1,"4.59","-0.91","0.91","44.0",,,,,
"FS","2025-09-05","90.6","-2.3","6.03","Ohtani, Shohei",683002,660271,,"ball",,,,,14,"Ball","R","L","R","BAL","LAD","B",,,1,2,2025,"-1.4","0.26","0.82","-0.77",,,,2,1,"Bot",,,,,,,10.798531032664638,-131.17965458562375,-11.640247065770293,-18.340009173298117,26.33467591037122,-26.81472417823093,"3.62","1.68",,,,"91",1449,"6.7",776454,687221,518692,808975,500743,605141,624424,681624,606192,"53.79",,,,,,,,6,5,"Split-Finger",0,0,0,0,0,0,0,0,"Infield shade","Standard",234,"0.001","0.042",,,,"-0.042",,0,0,0.508,0.508,30,24,31,24,1,0,9,3,11,1,"2.53","1.4","-1.4","39.6",,,,,
"FF","2025-09-05","100","-2.54","5.91","Ohtani, Shohei",683002,660271,,"foul",,,,,1,"Foul","R","L","R","BAL","LAD","S",,,1,2,2025,"-0.57","1.21","-0.35","3.42",,,,2,1,"Bot",,,,,,,7.3813252919281656,-145.4476058122796,-4.340685664517038,-9.740709216981271,33.699508751773536,-14.130166128522536,"3.68","1.78",,,,"100.1",2525,"6.4",776454,687221,518692,808975,500743,605141,624424,681624,606192,"54.13",,,,,,,,6,4,"4-Seam Fastball",0,0,0,0,0,0,0,0,"Strategic","Standard",222,"0","0","69.3","5.5",,"0",,0,0,0.508,0.508,30,24,31,24,1,0,9,3,11,1,"1.07","0.57","-0.57","33.9",-14.969404628263284,40.8083234127916,30.76758704336152,35.907846110930336,13.310340796441235
"CU","2025-09-05","78.5","-2.2","6.26","Ohtani, Shohei",683002,660271,,"swinging_strike",,,,,14,"Swinging Strike","R","L","R","BAL","LAD","S",,,1,1,2025,"0.87","-0.93","0.85","1.74",,,,2,1,"Bot",,,,,,,5.033006653004319,-114.21207716072944,-1.1406748712298758,6.5174458693477915,23.153042579169462,-40.28203973232587,"3.68","1.78",,,,"78.6",2629,"6.6",776454,687221,518692,808975,500743,605141,624424,681624,606192,"53.9",,,,,,,,6,3,"Curveball",0,0,0,0,0,0,0,0,"Infield shade","Standard",49,"-0.001","-0.062","74.1","8.3",,"0.062",,0,0,0.509,0.509,30,24,31,24,1,0,9,3,11,1,"4.66","-0.87","0.87","44.1",28.052968944077882,-45.54881841852483,31.284663010836237,24.654634798242792,62.73998757524148
"FC","2025-09-05","94.9","-2.44","5.74","Ohtani, Shohei",683002,660271,,"ball",,,,,14,"Ball","R","L","R","BAL","LAD","B",,,0,1,2025,"0.15","0.62","1.58","2.55",,,,2,1,"Bot",,,,,,,10.197262191296922,-137.94808263391232,-4.090133016987806,-0.26886707523569553,29.589805476372838,-23.54097273104293,"3.65","1.7",,,,"95.2",2694,"6.4",776454,687221,518692,808975,500743,605141,624424,681624,606192,"54.06",,,,,,,,6,2,"Cutter",0,0,0,0,0,0,0,0,"Infield shade","Standard",195,"0.001","0.027",,,,"-0.027",,0,0,0.508,0.508,30,24,31,24,1,0,9,3,11,1,"1.91","-0.15","0.15","33.6",,,,,
"FS","2025-09-05","88.1","-2.32","5.97","Ohtani, Shohei",683002,660271,,"foul",,,,,9,"Foul","R","L","R","BAL","LAD","S",,,0,0,2025,"-0.92","0.05","0.67","1.81",,,,2,1,"Bot",,,,,,,9.210654018014298,-128.0621474786175,-4.165596067246025,-11.937947750440948,24.610087712564756,-30.955623794801916,"3.68","1.78",305,"98",22,"88.8",1636,"6.7",776454,687221,518692,808975,500743,605141,624424,681624,606192,"53.84",,,,,,,,6,1,"Split-Finger",0,0,0,0,0,0,0,0,"Strategic","Standard",234,"-0.002","-0.043","80.3","8.0",,"0.043","98.0",0,0,0.51,0.51,30,24,31,24,1,0,9,3,11,1,"2.87","0.92","-0.92","37.2",19.150301662052023,-30.295061317986722,33.38073962710872,24.82081619874751,55.04454765807025
"CU","2025-09-05","79.2","-2.02","6.25","Ohtani, Shohei",669236,660271,"field_out","hit_into_play",,,,,5,"Jeremiah Jackson flies out to center fielder Andy Pages.","R","R","R","BAL","LAD","X",8,"fly_ball",1,2,2025,"0.85","-1.11","0.11","2.66",,,,1,1,"Bot",124.01,48.11,,,,,3.0986575133228618,-115.27129156027631,0.9982126286838564,6.981668068649213,21.07264092901389,-42.455527492221194,"3.33","1.56",373,"97.2",32,"79.6",2691,"6.5",776454,687221,518692,808975,500743,605141,624424,681624,606192,"53.96",0.25860000000000005,0.4915000000000001,"0",1,0,0,5,5,4,"Curveball",0,0,0,0,0,0,0,0,"Standard","Standard",51,"-0.012","-0.18","69.7","7.1",0.9722999999999999,"0.18","97.2",0,0,0.522,0.522,30,25,31,25,1,0,9,2,11,1,"4.73","-0.85","-0.85","44.6",14.301737751239035,-4.179599688951052,18.363725885326467,41.657963553161494,35.48142450050739
"ST","2025-09-05","86","-2.58","5.76","Ohtani, Shohei",669236,660271,,"swinging_strike",,,,,2,"Swinging Strike","R","R","R","BAL","LAD","S",,,1,1,2025,"1.13","0.74","-0.07","3.35",,,,1,1,"Bot",,,,,,,3.661080917518637,-125.31950303746058,-1.0229526358341638,11.264670976744984,23.0726127944991,-24.330348410373226,"3.33","1.56",,,,"86.5",2631,"6.3",776454,687221,518692,808975,500743,605141,624424,681624,606192,"54.18",,,,,,,,5,3,"Sweeper",0,0,0,0,0,0,0,0,"Standard","Standard",83,"-0.003","-0.064","71.4","7.6",,"0.064",,0,0,0.525,0.525,30,25,31,25,1,0,9,2,11,1,"2.31","-1.13","-1.13","32.9",13.239727891474926,-8.269078958948189,20.763565180528516,41.17158567760898,34.48181059755961
"ST","2025-09-05","83.6","-2.56","5.8","Ohtani, Shohei",669236,660271,,"ball",,,,,11,"Ball","R","R","R","BAL","LAD","B",,,0,1,2025,"1.39","0.51","-1.9","3.86",,,,1,1,"Bot",,,,,,,-1.236847828652161,-121.84008324219612,0.8943886243844937,14.173947536172209,22.541199558177723,-27.406327956597554,"3.36","1.48",,,,"83.8",2657,"6.2",776454,687221,518692,808975,500743,605141,624424,681624,606192,"54.31",,,,,,,,5,2,"Sweeper",0,0,0,0,0,0,0,0,"Standard","Standard",78,"0.001","0.029",,,,"-0.029",,0,0,0.524,0.524,30,25,31,25,1,0,9,2,11,1,"2.72","-1.39","-1.39","34.7",,,,,
"SI","2025-09-05","97.7","-2.58","5.81","Ohtani, Shohei",669236,660271,,"swinging_strike",,,,,11,"Swinging Strike","R","R","R","BAL","LAD","S",,,0,0,2025,"-1.28","0.84","-0.91","3.55",,,,1,1,"Bot",,,,,,,7.492657027524871,-142.2165485333387,-2.577908015597051,-19.0680568511708,30.793664806223603,-20.295396571112736,"3.33","1.56",,,,"98.3",2226,"6.5",776454,687221,518692,808975,500743,605141,624424,681624,606192,"54",,,,,,,,5,1,"Sinker",0,0,0,0,0,0,0,0,"Standard","Standard",217,"-0.002","-0.039","67.4","5.8",,"0.039",,0,0,0.526,0.526,30,25,31,25,1,0,9,2,11,1,"1.53","1.28","1.28","34.5",2.9547559783463493,31.616623750729335,20.079671539512308,31.288051034589458,12.883589626585703
"SI","2025-09-05","96.4","-2.42","5.69","Ohtani, Shohei",702616,660271,"field_out","hit_into_play",,,,,5,"Jackson Holliday flies out to left fielder Michael Conforto.","R","L","R","BAL","LAD","X",7,"fly_ball",3,2,2025,"-1.28","0.7","0.03","2.32",,,,0,1,"Bot",40.99,108.03,,,,,9.445955707615386,-140.12116509406002,-5.017027082167174,-18.92586780800141,28.954272513916955,-21.978066173627603,"3.4","1.62",307,"93.9",48,"97.1",2251,"6.5",776454,687221,518692,808975,500743,605141,624424,681624,606192,"53.97",0.008,0.01,"0",1,0,0,3,4,6,"Sinker",0,0,0,0,0,0,0,0,"Infield shade","Standard",217,"-0.027","-0.345","71.1","6.7",0.018,"0.345","93.9",0,0,0.553,0.553,30,21,31,22,1,0,9,2,11,1,"1.74","1.28","-1.28","30.6",10.472707832668554,6.976381109528329,32.884876536719375,32.91674575583983,26.628264920092242
"FF","2025-09-05","99.2","-2.61","5.69","Ohtani, Shohei",702616,660271,,"ball",,,,,14,"Ball","R","L","R","BAL","LAD","B",,,2,2,2025,"-0.75","1.34","0.48","0.74",,,,0,1,"Bot",,,,,,,10.218318640413143,-143.74300526364308,-11.284327433030414,-12.646800380352136,30.91666410842785,-11.072213589256915,"3.38","1.57",,,,"99.6",2595,"6.6",776454,687221,518692,808975,500743,605141,624424,681624,606192,"53.9",,,,,,,,4,5,"4-Seam Fastball",0,0,0,0,0,0,0,0,"Strategic","Standard",221,"0.007","0.112",,,,"-0.112",,0,0,0.546,0.546,30,21,31,22,1,0,9,2,11,1,"0.98","0.75","-0.75","32.6",,,,,
"FS","2025-09-05","89.5","-2.38","5.97","Ohtani, Shohei",702616,660271,,"ball",,,,,14,"Ball","R","L","R","BAL","LAD","B",,,1,2,2025,"-1.18","-0.04","0.32","0.95",,,,0,1,"Bot",,,,,,,9.197688212888366,-129.96692185072482,-6.381890552027686,-15.155600384618625,24.271562355957524,-31.50664336165013,"3.36","1.62",,,,"90.5",1567,"6.8",776454,687221,518692,808975,500743,605141,624424,681624,606192,"53.74",,,,,,,,4,4,"Split-Finger",0,0,0,0,0,0,0,0,"Infield shade","Standard",229,"0.004","0.043",,,,"-0.043",,0,0,0.542,0.542,30,21,31,22,1,0,9,2,11,1,"2.87","1.18","-1.18","36.8",,,,,
"FC","2025-09-05","94.5","-2.55","5.67","Ohtani, Shohei",702616,660271,,"called_strike",,,,,9,"Called Strike","R","L","R","BAL","LAD","S",,,1,1,2025,"0.15","0.86","0.3","1.83",,,,0,1,"Bot",,,,,,,7.129845014785463,-137.49400100328054,-6.317725731410599,0.5892321303082253,26.50803330670915,-20.12007701215491,"3.41","1.54",,,,"95.3",2656,"6.5",776454,687221,518692,808975,500743,605141,624424,681624,606192,"54.02",,,,,,,,4,3,"Cutter",0,0,0,0,0,0,0,0,"Standard","Standard",202,"-0.005","-0.061",,,,"0.061",,0,0,0.547,0.547,30,21,31,22,1,0,9,2,11,1,"1.67","-0.15","0.15","30.7",,,,,
"FF","2025-09-05","98.3","-2.57","5.78","Ohtani, Shohei",702616,660271,,"foul",,,,,4,"Foul","R","L","R","BAL","LAD","S",,,1,0,2025,"-0.93","1.19","-0.52","2.26",,,,0,1,"Bot",,,,,,,7.715925335565379,-142.72184903222214,-6.797074592152679,-14.495063021593062,34.88250393682439,-14.475233848107392,"3.4","1.62",117,"83.2",7,"98.3",2493,"6.6",776454,687221,518692,808975,500743,605141,624424,681624,606192,"53.92",,,,,,,,4,2,"4-Seam Fastball",0,0,0,0,0,0,0,0,"Standard","Standard",218,"-0.004","-0.05","73.6","7.1",,"0.05","88.0",0,0,0.551,0.551,30,21,31,22,1,0,9,2,11,1,"1.19","0.93","-0.93","34.8",7.087747118940637,0.9830200727557702,33.074711247895515,39.09690498398537,25.063788729325644
"FF","2025-09-05","97.8","-2.4","5.8","Ohtani, Shohei",702616,660271,,"ball",,,,,14,"Ball","R","L","R","BAL","LAD","B",,,0,0,2025,"-0.81","1.38","0.43","1.46",,,,0,1,"Bot",,,,,,,9.553239941967094,-141.878516405397,-9.41147614337632,-13.19153291158737,32.471288159975046,-11.452433486011229,"3.46","1.65",,,,"98.2",2517,"6.7",776454,687221,518692,808975,500743,605141,624424,681624,606192,"53.84",,,,,,,,4,1,"4-Seam Fastball",0,0,0,0,0,0,0,0,"Standard","Standard",214,"0.003","0.041",,,,"-0.041",,0,0,0.548,0.548,30,21,31,22,1,0,9,2,11,1,"1.02","0.81","-0.81","37.7",,,,,
"SL","2025-08-27","89.4","-2.15","6.09","Ohtani, Shohei",670770,660271,"field_out","hit_into_play",,,,,4,"TJ Friedl grounds out to first baseman Enrique Hernández.","R","L","R","LAD","CIN","X",3,"ground_ball",2,2,2025,"0.11","0.08","-0.7","2.3",,,,2,5,"Top",157.43,165.93,,,,,3.3462260585040005,-130.19286235993184,-3.5282054035808628,0.5595843268902467,26.36030317448615,-30.77380372177481,"3.23","1.51",26,"75",-3,"89.9",2515,"6.5",776562,687221,571771,500743,690976,605141,624424,681624,606192,"54.05",0.109,0.101,"0",1,0,0,2,37,5,"Slider",4,1,1,4,1,4,1,4,"Strategic","Standard",83,"0.008","-0.224","70.6","7.2",0.149,"0.224","88.0",3,-3,0.876,0.124,30,29,31,30,3,2,7,2,9,2,"2.76","-0.11","0.11","40.7",19.618449973850126,-16.04214619076713,26.141786147606425,39.257854263837686,46.33034042660172
"FC","2025-08-27","94.7","-2.49","5.42","Ohtani, Shohei",670770,660271,,"called_strike",,,,,7,"Called Strike","R","L","R","LAD","CIN","S",,,2,1,2025,"0.2","0.65","-0.31","1.7",,,,2,5,"Top",,,,,,,5.284592203938679,-137.962940819856,-5.615582776416597,1.5496230142016887,26.477642266252897,-22.819413899408627,"3.32","1.4",,,,"95.9",2543,"6.6",776562,687221,571771,500743,690976,605141,624424,681624,606192,"53.91",,,,,,,,37,4,"Cutter",4,1,1,4,1,4,1,4,"Strategic","Standard",184,"0.002","-0.073",,,,"0.073",,3,-3,0.874,0.126,30,29,31,30,3,2,7,2,9,2,"1.85","-0.2","0.2","30.9",,,,,
"CU","2025-08-27","80.1","-1.94","5.99","Ohtani, Shohei",670770,660271,,"ball",,,,,14,"Ball","R","L","R","LAD","CIN","B",,,1,1,2025,"0.94","-1.13","0.64","1.31",,,,2,5,"Top",,,,,,,3.92392433403212,-116.64391426068197,-1.4709112728737674,7.7401765921790515,23.687035287935203,-42.323058950553985,"3.28","1.48",,,,"80",2607,"6.4",776562,687221,571771,500743,690976,605141,624424,681624,606192,"54.11",,,,,,,,37,3,"Curveball",4,1,1,4,1,4,1,4,"Standard","Standard",38,"-0.001","0.053",,,,"-0.053",,3,-3,0.875,0.125,30,29,31,30,3,2,7,2,9,2,"4.7","-0.94","0.94","43.6",,,,,
"FC","2025-08-27","92.7","-2.31","5.41","Ohtani, Shohei",670770,660271,,"foul",,,,,6,"Foul","R","L","R","LAD","CIN","S",,,1,0,2025,"0.31","0.55","0.79","2.17",,,,2,5,"Top",,,,,,,7.278030203298078,-134.90317201630768,-3.7474687265895668,2.316336563167061,26.85000943287234,-24.827873481435702,"3.23","1.51",,,,"93.2",2511,"6.4",776562,687221,571771,500743,690976,605141,624424,681624,606192,"54.12",,,,,,,,37,2,"Cutter",4,1,1,4,1,4,1,4,"Standard","Standard",187,"0.001","-0.054","73.3","7.3",,"0.054",,3,-3,0.874,0.126,30,29,31,30,3,2,7,2,9,2,"2.08","-0.31","0.31","31.6",17.272762304306113,-31.405302437312393,28.219111021518557,21.485178871383965,43.91804610287269
"CU","2025-08-27","77.3","-2.03","5.99","Ohtani, Shohei",670770,660271,,"ball",,,,,14,"Ball","R","L","R","LAD","CIN","B",,,0,0,2025,"0.71","-1.36","0.49","0.29",,,,2,5,"Top",,,,,,,4.091748517026431,-112.40257218571273,-2.5914344851289193,5.102640407328341,23.726562535630414,-43.278629149595815,"3.19","1.4",,,,"77.2",2638,"6.6",776562,687221,571771,500743,690976,605141,624424,681624,606192,"53.87",,,,,,,,37,1,"Curveball",4,1,1,4,1,4,1,4,"Standard","Standard",38,"-0.001","0.037",,,,"-0.037",,3,-3,0.875,0.125,30,29,31,30,3,2,7,2,9,2,"5.23","-0.71","0.71","42.1",,,,,
"SL","2025-08-27","88.9","-1.98","6.08","Ohtani, Shohei",680574,660271,"strikeout","swinging_strike",,,,,9,"Matt McLain strikes out swinging.","R","R","R","LAD","CIN","S",2,,1,2,2025,"0.52","-0.28","0.72","1.4",,,,1,5,"Top",,,,,,,5.5488388541361005,-129.36468052956084,-4.862967889246643,4.702026129052605,26.93653195554269,-34.458442846661555,"3.14","1.39",,,,"89.4",2581,"6.6",776562,687221,571771,500743,690976,605141,624424,681624,606192,"53.89",,0,"0",1,0,0,,36,4,"Slider",4,1,1,4,1,4,1,4,"Standard","Standard",91,"0.012","-0.18","71.9","7.9",,"0.18",,3,-3,0.863,0.137,30,25,31,26,2,1,7,1,9,3,"3.16","-0.52","-0.52","41.2",27.84778656973197,-21.445889144297148,33.61863964179222,42.90769678392729,45.296959374062425
"ST","2025-08-27","86.7","-2.45","5.51","Ohtani, Shohei",680574,660271,,"called_strike",,,,,4,"Called Strike","R","R","R","LAD","CIN","S",,,1,1,2025,"0.98","0.21","-0.65","2.44",,,,1,5,"Top",,,,,,,2.3097586041320946,-126.24805445153225,-1.5470540175429048,9.92814434920827,26.697152249807182,-29.86428392744616,"3.1","1.28",,,,"86.6",2723,"6.2",776562,687221,571771,500743,690976,605141,624424,681624,606192,"54.26",,,,,,,,36,3,"Sweeper",4,1,1,4,1,4,1,4,"Standard","Standard",74,"0.003","-0.064",,,,"0.064",,3,-3,0.86,0.14,30,25,31,26,2,1,7,1,9,3,"2.83","-0.98","-0.98","30.4",,,,,
"CU","2025-08-27","77.4","-1.99","6.06","Ohtani, Shohei",680574,660271,,"called_strike",,,,,5,"Called Strike","R","R","R","LAD","CIN","S",,,1,0,2025,"0.8","-1.31","0","1.98",,,,1,5,"Top",,,,,,,2.806910715733109,-112.65653405247033,0.7477664056819764,6.148285305546127,23.396518927991014,-43.648785709353554,"3.12","1.3",,,,"77.4",2665,"6.6",776562,687221,571771,500743,690976,605141,624424,681624,606192,"53.88",,,,,,,,36,2,"Curveball",4,1,1,4,1,4,1,4,"Standard","Standard",40,"0.004","-0.049",,,,"0.049",,3,-3,0.856,0.14400000000000002,30,25,31,26,2,1,7,1,9,3,"5.16","-0.8","-0.8","42.7",,,,,
"FF","2025-08-27","96.1","-2.31","5.59","Ohtani, Shohei",680574,660271,,"ball",,,,,11,"Ball","R","R","R","LAD","CIN","B",,,0,0,2025,"-0.29","1.3","-0.07","3.76",,,,1,5,"Top",,,,,,,6.668338177020645,-139.88026283802174,-2.236151281216924,-5.25941574573881,30.75074994832447,-14.825049845747596,"3.15","1.39",,,,"97.1",2471,"6.8",776562,687221,571771,500743,690976,605141,624424,681624,606192,"53.71",,,,,,,,36,1,"4-Seam Fastball",4,1,1,4,1,4,1,4,"Standard","Standard",222,"-0.003","0.039",,,,"-0.039",,3,-3,0.859,0.14100000000000001,30,25,31,26,2,1,7,1,9,3,"1.17","0.29","0.29","33.8",,,,,
"SL","2025-08-27","87.3","-2.03","5.95","Ohtani, Shohei",663647,660271,"field_out","hit_into_play",,,,,8,"Ke'Bryan Hayes grounds out, third baseman Alex Freeland to first baseman Enrique Hernández.","R","R","R","LAD","CIN","X",5,"ground_ball",3,2,2025,"0.34","-0.02","0.22","1.77",,,,0,5,"Top",103.57,168.95,,,,,4.732641947302594,-127.04391829473154,-3.9355557620990282,2.8075740006659644,24.850905620771854,-31.779818309577756,"3.26","1.5",,,,"88.1",2519,"6.7",776562,687221,571771,500743,690976,605141,624424,681624,606192,"53.81",,,"0",,0,0,,35,6,"Slider",4,1,1,4,1,4,1,4,"Standard","Standard",94,"0.029","-0.345","71.5","7.2",,"0.345",,3,-3,0.83,0.17000000000000004,30,28,31,28,2,1,7,1,9,2,"3","-0.34","-0.34","42.0",-0.8001569005578082,-3.558139443776121,26.959875719948403,37.80467933170602,35.94276642164127
"FF","2025-08-27","96.8","-2.37","5.54","Ohtani, Shohei",663647,660271,,"foul",,,,,5,"Foul","R","R","R","LAD","CIN","S",,,3,1,2025,"-0.37","1.14","0.28","2.49",,,,0,5,"Top",,,,,,,7.95896603718855,-140.69849159838512,-5.226921410842292,-6.690347297692718,30.960760945421114,-15.967602806419244,"3.26","1.5",233,"78",49,"97.7",2476,"6.8",776562,687221,571771,500743,690976,605141,624424,681624,606192,"53.72",,,,,,,,35,5,"4-Seam Fastball",4,1,1,4,1,4,1,4,"Standard","Standard",220,"0.01","-0.094","68.7","6.4",,"0.094","88.0",3,-3,0.82,0.18000000000000005,30,28,31,28,2,1,7,1,9,2,"1.29","0.37","0.37","32.6",-8.754234321746145,17.195449615077344,26.32416443122919,39.72679081995136,23.81078309474836
"ST","2025-08-27","84","-2.33","5.48","Ohtani, Shohei",663647,660271,,"ball",,,,,12,"Ball","R","R","R","LAD","CIN","B",,,2,1,2025,"0.84","0.17","0.36","3.7",,,,0,5,"Top",,,,,,,4.568083030480925,-122.26500892501447,1.9623275234831172,7.554503039348249,24.41461371890242,-31.108476864261597,"3.28","1.59",,,,"84.3",2679,"6.5",776562,687221,571771,500743,690976,605141,624424,681624,606192,"53.98",,,,,,,,35,4,"Sweeper",4,1,1,4,1,4,1,4,"Standard","Standard",74,"-0.012","0.134",,,,"-0.134",,3,-3,0.832,0.16800000000000004,30,28,31,28,2,1,7,1,9,2,"3.06","-0.84","-0.84","32.8",,,,,
"ST","2025-08-27","83.4","-2.45","5.61","Ohtani, Shohei",663647,660271,,"called_strike",,,,,8,"Called Strike","R","R","R","LAD","CIN","S",,,2,0,2025,"0.55","0.56","-0.23","2.12",,,,0,5,"Top",,,,,,,4.035959190593022,-121.42161155432991,-2.701778322599612,4.635142935358518,23.367440319638987,-26.315164041282387,"3.36","1.6",,,,"84",2527,"6.6",776562,687221,571771,500743,690976,605141,624424,681624,606192,"53.91",,,,,,,,35,3,"Sweeper",4,1,1,4,1,4,1,4,"Standard","Standard",80,"0.008","-0.072",,,,"0.072",,3,-3,0.824,0.17600000000000005,30,28,31,28,2,1,7,1,9,2,"2.71","-0.55","-0.55","31.7",,,,,
"SI","2025-08-27","94.1","-2.28","5.66","Ohtani, Shohei",663647,660271,,"ball",,,,,9,"Ball","R","R","R","LAD","CIN","B",,,1,0,2025,"-1.4","0.62","0.44","1.45",,,,0,5,"Top",,,,,,,10.206973169724888,-136.49393417739012,-6.599181764495473,-19.778363893353085,30.66500474270532,-23.05351907414307,"3.25","1.48",,,,"94.5",2144,"6.7",776562,687221,571771,500743,690976,605141,624424,681624,606192,"53.77",,,,,,,,35,2,"Sinker",4,1,1,4,1,4,1,4,"Standard","Standard",224,"-0.008","0.077",,,,"-0.077",,3,-3,0.832,0.16800000000000004,30,28,31,28,2,1,7,1,9,2,"1.97","1.4","1.4","32.0",,,,,
"CU","2025-08-27","74.7","-1.73","6.18","Ohtani, Shohei",663647,660271,,"ball",,,,,14,"Ball","R","R","R","LAD","CIN","B",,,0,0,2025,"0.85","-1.18","1.04","1.89",,,,0,5,"Top",,,,,,,4.240146221734863,-108.58465616838983,0.5541627927090655,5.807028445090109,21.409125409824366,-41.807133890035395,"3.29","1.5",,,,"74.6",2543,"6.6",776562,687221,571771,500743,690976,605141,624424,681624,606192,"53.91",,,,,,,,35,1,"Curveball",4,1,1,4,1,4,1,4,"Standard","Standard",38,"-0.004","0.041",,,,"-0.041",,3,-3,0.836,0.16400000000000003,30,28,31,28,2,1,7,1,9,2,"5.32","-0.85","-0.85","44.0",,,,,
"ST","2025-08-27","85","-2.44","5.51","Ohtani, Shohei",624431,660271,"field_out","hit_into_play",,,,,3,"Jose Trevino pops out to first baseman Enrique Hernández.","R","R","R","LAD","CIN","X",3,"popup",1,1,2025,"1.59","0.19","0.52","2.86",,,,2,4,"Top",133.21,194.69,,,,,3.7634382325392193,-123.78621728799178,-0.2569433765162721,15.477175810669506,25.95976551026921,-30.358407617963163,"3.24","1.46",27,"63.6",81,"85.3",2684,"6.5",776562,687221,571771,500743,690976,605141,624424,681624,606192,"53.98",0.008,0.008,"0",1,0,0,3,25,3,"Sweeper",0,1,1,0,1,0,1,0,"Standard","Standard",64,"0.01","-0.244","67.8","7.2",0.009,"0.244","88.0",-1,1,0.418,0.5820000000000001,30,32,31,33,2,1,7,1,9,2,"2.97","-1.59","-1.59","29.2",12.608879187062888,-4.144711847532404,14.869149674979218,47.051436852976224,36.03517988648959
"FF","2025-08-27","97.5","-2.16","5.64","Ohtani, Shohei",624431,660271,,"ball",,,,,6,"Ball","R","R","R","LAD","CIN","B",,,0,1,2025,"-0.07","1.09","0.78","2.66",,,,2,4,"Top",,,,,,,8.077053605269963,-141.79373231436816,-5.040712685479411,-2.650245894081344,29.6517178338837,-16.498963814164274,"3.24","1.45",,,,"98.2",2487,"6.5",776562,687221,571771,500743,690976,605141,624424,681624,606192,"53.98",,,,,,,,25,2,"4-Seam Fastball",0,1,1,0,1,0,1,0,"Standard","Standard",217,"-0.001","0.027",,,,"-0.027",,-1,1,0.419,0.581,30,32,31,33,2,1,7,1,9,2,"1.3","0.07","0.07","32.1",,,,,
"CU","2025-08-27","78","-1.95","6","Ohtani, Shohei",624431,660271,,"called_strike",,,,,5,"Called Strike","R","R","R","LAD","CIN","S",,,0,0,2025,"0.94","-1.23","-0.06","2.48",,,,2,4,"Top",,,,,,,2.3441169061371006,-113.4750686108608,1.6875930703331818,7.550640315861776,23.324136932552598,-43.27376472855055,"3.1","1.37",,,,"77.9",2665,"6.5",776562,687221,571771,500743,690976,605141,624424,681624,606192,"53.98",,,,,,,,25,1,"Curveball",0,1,1,0,1,0,1,0,"Standard","Standard",40,"0.002","-0.043",,,,"0.043",,-1,1,0.417,0.583,30,32,31,33,2,1,7,1,9,2,"5.01","-0.94","-0.94","42.0",,,,,
"CU","2025-08-27","81.7","-2.14","5.97","Ohtani, Shohei",668715,660271,"field_out","hit_into_play",,,,,6,"Spencer Steer grounds out, third baseman Alex Freeland to first baseman Enrique Hernández.","R","R","R","LAD","CIN","X",5,"ground_ball",1,2,2025,"0.94","-1.14","0.28","2.42",,,,1,4,"Top",85.93,161.62,,,,,3.6526373456457106,-118.929163400514,0.8608218971275674,8.0303475001945,25.49787582827506,-43.34412654648818,"3.36","1.58",7,"85.8",-19,"81.8",2803,"6.6",776562,687221,571771,500743,690976,605141,624424,681624,606192,"53.87",0.076,0.074,"0",1,0,0,2,24,4,"Curveball",0,1,1,0,1,0,1,0,"Standard","Standard",41,"0.013","-0.18","69.4","7.4",0.092,"0.18","88.0",-1,1,0.404,0.596,30,27,31,28,2,1,7,1,9,2,"4.59","-0.94","-0.94","41.2",11.477359913186474,-10.721317373970754,26.282323594815562,38.063846175255435,38.86962357749542
"SI","2025-08-27","96.5","-2.42","5.47","Ohtani, Shohei",668715,660271,,"swinging_strike",,,,,13,"Swinging Strike","R","R","R","LAD","CIN","S",,,1,1,2025,"-1.27","0.46","-0.91","1.3",,,,1,4,"Top",,,,,,,6.938490477358461,-140.31260065115185,-6.637456850470398,-18.283873482938592,29.38156233454864,-24.7698184205535,"3.36","1.58",,,,"97.3",2138,"6.6",776562,687221,571771,500743,690976,605141,624424,681624,606192,"53.87",,,,,,,,24,3,"Sinker",0,1,1,0,1,0,1,0,"Standard","Standard",223,"0.003","-0.064","73.4","7.7",,"0.064",,-1,1,0.401,0.599,30,27,31,28,2,1,7,1,9,2,"1.97","1.27","1.27","31.9",14.146588081259322,-12.936586153842011,37.11032505343972,25.03015891085105,37.495092389692005
"ST","2025-08-27","85.9","-2.39","5.46","Ohtani, Shohei",668715,660271,,"ball",,,,,11,"Ball","R","R","R","LAD","CIN","B",,,0,1,2025,"1.1","0.57","-0.53","4.21",,,,1,4,"Top",,,,,,,2.176738531003037,-125.01944868662024,2.1535086848667984,11.052833859440678,26.110053804744837,-26.84553923933919,"3.3","1.49",,,,"86.1",2613,"6.5",776562,687221,571771,500743,690976,605141,624424,681624,606192,"53.99",,,,,,,,24,2,"Sweeper",0,1,1,0,1,0,1,0,"Standard","Standard",74,"-0.002","0.029",,,,"-0.029",,-1,1,0.403,0.597,30,27,31,28,2,1,7,1,9,2,"2.52","-1.1","-1.1","31.3",,,,,
"FC","2025-08-27","93.9","-2.52","5.49","Ohtani, Shohei",668715,660271,,"foul",,,,,4,"Foul","R","R","R","LAD","CIN","S",,,0,0,2025,"0.3","0.62","-0.8","2.72",,,,1,4,"Top",,,,,,,3.785645467987352,-136.88432188727504,-2.939222872146804,3.165685387329105,25.654615574065982,-23.90218177720688,"3.36","1.58",80,"59.6",72,"95",2616,"6.5",776562,687221,571771,500743,690976,605141,624424,681624,606192,"54",,,,,,,,24,1,"Cutter",0,1,1,0,1,0,1,0,"Standard","Standard",179,"0.003","-0.039","66.7","6.5",,"0.039","88.0",-1,1,0.4,0.6,30,27,31,28,2,1,7,1,9,2,"1.92","-0.3","-0.3","30.9",3.1776539188638333,6.55110097984299,29.15838308923055,24.561772550927223,27.77394142522525
"CU","2025-08-27","82.6","-2.16","5.92","Ohtani, Shohei",666158,660271,"strikeout","swinging_strike",,,,,8,"Gavin Lux strikes out swinging.","R","L","R","LAD","CIN","S",2,,2,2,2025,"0.65","-1.3","-0.09","1.94",,,,0,4,"Top",,,,,,,3.4942604767299295,-120.15820329671845,0.043630949349246384,5.458553718436601,25.714635553093345,-44.944590731541204,"3.22","1.55",,,,"82.8",2738,"6.7",776562,687221,571771,500743,690976,605141,624424,681624,606192,"53.83",,0,"0",1,0,0,,23,6,"Curveball",0,1,1,0,1,0,1,0,"Strategic","Standard",39,"0.021","-0.232","72.0","7.9",,"0.232",,-1,1,0.379,0.621,30,27,31,28,2,1,7,1,9,2,"4.67","-0.65","0.65","38.9",18.199931104903484,-11.04274500143041,28.59828651775163,36.569451028109434,37.9586571435989
"FS","2025-08-27","92.2","-2.26","5.65","Ohtani, Shohei",666158,660271,,"ball",,,,,14,"Ball","R","L","R","LAD","CIN","B",,,1,2,2025,"-1.13","0.52","0.46","-0.66",,,,0,4,"Top",,,,,,,9.419335436640102,-133.53162778031478,-11.385267558746774,-15.524728859442193,27.363412456837782,-23.66251878391963,"3.21","1.45",,,,"92.9",1401,"6.8",776562,687221,571771,500743,690976,605141,624424,681624,606192,"53.66",,,,,,,,23,5,"Split-Finger",0,1,1,0,1,0,1,0,"Strategic","Standard",234,"-0.004","0.043",,,,"-0.043",,-1,1,0.383,0.617,30,27,31,28,2,1,7,1,9,2,"2.18","1.13","-1.13","32.9",,,,,
"FF","2025-08-27","100","-2.43","5.53","Ohtani, Shohei",666158,660271,,"foul",,,,,4,"Foul","R","L","R","LAD","CIN","S",,,1,2,2025,"-0.77","1.26","-0.56","2.64",,,,0,4,"Top",,,,,,,6.981638996217474,-145.4214034924253,-5.6024062340929985,-12.499590007114527,33.18106423585845,-13.152070444653885,"3.22","1.55",270,"80",36,"100.6",2629,"6.6",776562,687221,571771,500743,690976,605141,624424,681624,606192,"53.91",,,,,,,,23,4,"4-Seam Fastball",0,1,1,0,1,0,1,0,"Strategic","Standard",221,"0","0","61.7","6.6",,"0","88.0",-1,1,0.383,0.617,30,27,31,28,2,1,7,1,9,2,"1.02","0.77","-0.77","30.5",-1.9403928282969252,18.279128303628866,33.51591007257335,41.417910468869266,15.657193004860929
"CU","2025-08-27","78.7","-2.08","6","Ohtani, Shohei",666158,660271,,"called_strike",,,,,3,"Called Strike","R","L","R","LAD","CIN","S",,,1,1,2025,"0.81","-0.98","0.29","2.95",,,,0,4,"Top",,,,,,,3.657095172690078,-114.48562725276943,2.1421784312421135,6.344062841988245,23.5372925687644,-41.39667222622958,"3.21","1.62",,,,"78.8",2605,"6.6",776562,687221,571771,500743,690976,605141,624424,681624,606192,"53.87",,,,,,,,23,3,"Curveball",0,1,1,0,1,0,1,0,"Strategic","Standard",43,"0.005","-0.061",,,,"0.061",,-1,1,0.378,0.622,30,27,31,28,2,1,7,1,9,2,"4.7","-0.81","0.81","40.8",,,,,
"FC","2025-08-27","93.1","-2.5","5.47","Ohtani, Shohei",666158,660271,,"foul",,,,,1,"Foul","R","L","R","LAD","CIN","S",,,1,0,2025,"-0.05","0.73","-0.5","2.78",,,,0,4,"Top",,,,,,,5.268752918904712,-135.65518139059128,-2.8454590072370176,-1.5593670350207718,24.825084108757487,-22.690780813612175,"3.22","1.55",220,"77.8",51,"94.4",2565,"6.6",776562,687221,571771,500743,690976,605141,624424,681624,606192,"53.86",,,,,,,,23,2,"Cutter",0,1,1,0,1,0,1,0,"Strategic","Standard",216,"0.005","-0.05","70.0","7.1",,"0.05","88.0",-1,1,0.373,0.627,30,27,31,28,2,1,7,1,9,2,"1.86","0.05","-0.05","29.3",7.241551402052063,9.536017727750025,29.373677034750234,40.728971042256866,27.8220250127751
"FF","2025-08-27","96.6","-2.28","5.68","Ohtani, Shohei",666158,660271,,"ball",,,,,11,"Ball","R","L","R","LAD","CIN","B",,,0,0,2025,"-0.86","1.14","-1.71","2.9",,,,0,4,"Top",,,,,,,3.51050703105991,-140.65479682959065,-4.464821746670867,-12.278862262155279,31.822500174075962,-16.20678853766186,"3.24","1.55",,,,"97",2520,"6.5",776562,687221,571771,500743,690976,605141,624424,681624,606192,"54",,,,,,,,23,1,"4-Seam Fastball",0,1,1,0,1,0,1,0,"Strategic","Standard",220,"-0.004","0.041",,,,"-0.041",,-1,1,0.377,0.623,30,27,31,28,2,1,7,1,9,2,"1.3","0.86","-0.86","32.3",,,,,
"ST","2025-08-27","87.3","-2.58","5.46","Ohtani, Shohei",669720,660271,"strikeout","swinging_strike",,,,,8,"Austin Hays strikes out swinging.","R","R","R","LAD","CIN","S",2,,3,2,2025,"1.33","0.16","0.24","1.37",,,,2,3,"Top",,,,,,,4.050103356877631,-127.04879274706434,-3.9920119523047704,13.448798376088838,27.851666029374975,-29.82224336916798,"3.26","1.45",,,,"87.5",2689,"6.6",776562,687221,571771,500743,690976,605141,624424,681624,606192,"53.9",,0,"0",1,0,0,,19,6,"Sweeper",0,1,1,0,1,0,1,0,"Standard","Standard",70,"0.013","-0.328","66.3","6.6",,"0.328",,-1,1,0.424,0.5760000000000001,30,29,31,30,2,1,7,1,9,2,"2.85","-1.33","-1.33","29.3",4.187420009045329,-2.076356100982187,31.43918857546968,37.55924650362583,31.948596929102077
"SI","2025-08-27","96","-2.27","5.52","Ohtani, Shohei",669720,660271,,"foul",,,,,4,"Foul","R","R","R","LAD","CIN","S",,,3,1,2025,"-1.13","0.6","-0.47","2.51",,,,2,3,"Top",,,,,,,7.362593180276464,-139.70984259574792,-3.7744094598334867,-16.465555776700498,29.96317417848142,-23.715617136752893,"3.26","1.45",,,,"96.8",2129,"6.6",776562,687221,571771,500743,690976,605141,624424,681624,606192,"53.89",,,,,,,,19,5,"Sinker",0,1,1,0,1,0,1,0,"Standard","Standard",223,"0.003","-0.086","73.9","7.4",,"0.086",,-1,1,0.421,0.579,30,29,31,30,2,1,7,1,9,2,"1.87","1.13","1.13","34.7",20.457193248060115,-23.656133535975847,26.409709889961935,31.21788764338708,42.900861470408486
"FF","2025-08-27","97.5","-2.46","5.42","Ohtani, Shohei",669720,660271,,"ball",,,,,14,"Ball","R","R","R","LAD","CIN","B",,,2,1,2025,"-0.12","1.29","1.44","1.99",,,,2,3,"Top",,,,,,,10.818550275264528,-141.5546853853962,-6.742259605267283,-3.908175526475666,30.402900079681345,-13.38166749270841,"3.35","1.49",,,,"98.3",2542,"6.8",776562,687221,571771,500743,690976,605141,624424,681624,606192,"53.75",,,,,,,,19,4,"4-Seam Fastball",0,1,1,0,1,0,1,0,"Standard","Standard",213,"-0.004","0.117",,,,"-0.117",,-1,1,0.425,0.575,30,29,31,30,2,1,7,1,9,2,"1.1","0.12","0.12","33.5",,,,,
"FS","2025-08-27","88.2","-2.35","5.59","Ohtani, Shohei",669720,660271,,"ball",,,,,13,"Ball","R","R","R","LAD","CIN","B",,,1,1,2025,"-0.95","-0.35","-1.48","2.05",,,,2,3,"Top",,,,,,,4.1445212674909415,-128.4223725796451,-1.784968657043137,-11.401272767509798,26.73508031087982,-35.84052560258979,"3.34","1.42",,,,"88.9",1395,"6.7",776562,687221,571771,500743,690976,605141,624424,681624,606192,"53.77",,,,,,,,19,3,"Split-Finger",0,1,1,0,1,0,1,0,"Standard","Standard",244,"-0.002","0.053",,,,"-0.053",,-1,1,0.427,0.573,30,29,31,30,2,1,7,1,9,2,"3.27","0.95","0.95","33.7",,,,,
"SI","2025-08-27","97.2","-2.52","5.43","Ohtani, Shohei",669720,660271,,"foul",,,,,4,"Foul","R","R","R","LAD","CIN","S",,,1,0,2025,"-1.17","0.69","-0.3","2.46",,,,2,3,"Top",,,,,,,8.660668940372174,-141.29682908134933,-4.06480002929257,-17.605782847504226,30.379938200113262,-22.13666089339252,"3.26","1.45",2,"88.7",-50,"97.9",2206,"6.6",776562,687221,571771,500743,690976,605141,624424,681624,606192,"53.88",,,,,,,,19,2,"Sinker",0,1,1,0,1,0,1,0,"Standard","Standard",222,"0.002","-0.054","73.8","7.0",,"0.054","88.7",-1,1,0.425,0.575,30,29,31,30,2,1,7,1,9,2,"1.71","1.17","1.17","29.7",18.36851186503434,-6.475176981530349,30.812982622238867,32.5300836025021,34.839269445118724
"ST","2025-08-27","81.4","-2.39","5.67","Ohtani, Shohei",669720,660271,,"ball",,,,,14,"Ball","R","R","R","LAD","CIN","B",,,0,0,2025,"1.19","0.09","1.04","1.5",,,,2,3,"Top",,,,,,,5.431720978009148,-118.47485297760969,-2.9097644938359366,10.09784450289553,23.713249827015847,-31.003350560194125,"3.3","1.53",,,,"81.6",2641,"6.5",776562,687221,571771,500743,690976,605141,624424,681624,606192,"53.95",,,,,,,,19,1,"Sweeper",0,1,1,0,1,0,1,0,"Standard","Standard",54,"-0.001","0.037",,,,"-0.037",,-1,1,0.426,0.5740000000000001,30,29,31,30,2,1,7,1,9,2,"3.37","-1.19","-1.19","34.2",,,,,
"FF","2025-08-27","100","-2.44","5.48","Ohtani, Shohei",682829,660271,"strikeout","called_strike",,,,,6,"Elly De La Cruz called out on strikes.","R","L","R","LAD","CIN","S",2,,2,2,2025,"-0.39","1.17","0.5","2.67",,,,1,3,"Top",,,,,,,9.065675740912381,-145.41629405920833,-5.169715550446669,-7.627428637785472,32.48896807390797,-14.5162586315419,"3.73","1.81",,,,"100.8",2530,"6.7",776562,687221,571771,500743,690976,605141,624424,681624,606192,"53.84",,0,"0",1,0,0,,18,5,"4-Seam Fastball",0,1,1,0,1,0,1,0,"Strategic","Standard",219,"0.014","-0.228",,,,"0.228",,-1,1,0.412,0.5880000000000001,30,23,31,23,2,1,7,1,9,2,"1.1","0.39","-0.39","34.6",,,,,
"CU","2025-08-27","78.3","-2.05","6.02","Ohtani, Shohei",682829,660271,,"foul",,,,,8,"Foul","R","L","R","LAD","CIN","S",,,2,1,2025,"0.85","-1.06","0.03","2.07",,,,1,3,"Top",,,,,,,2.942030228468396,-114.02164926374171,0.3157663206711667,6.8254339994402,21.595613911257,-41.66709900974471,"3.69","1.77",186,"77.2",59,"78.8",2731,"6.7",776562,687221,571771,500743,690976,605141,624424,681624,606192,"53.82",,,,,,,,18,4,"Curveball",0,1,1,0,1,0,1,0,"Strategic","Standard",43,"0.004","-0.07","76.1","7.1",,"0.07","88.0",-1,1,0.408,0.5920000000000001,30,23,31,23,2,1,7,1,9,2,"4.78","-0.85","0.85","42.5",6.282185403904073,-0.5748147381802771,35.99122611803289,39.17433039282214,38.40905467582863
"FC","2025-08-27","93.4","-2.6","5.52","Ohtani, Shohei",682829,660271,,"ball",,,,,11,"Ball","R","L","R","LAD","CIN","B",,,1,1,2025,"0.45","0.24","-0.97","3.89",,,,1,3,"Top",,,,,,,3.2264375326870183,-136.10182708202535,0.9472897186119844,5.028611929393652,26.451026831137384,-29.523849904928625,"3.69","1.77",,,,"94.3",2659,"6.5",776562,687221,571771,500743,690976,605141,624424,681624,606192,"53.99",,,,,,,,18,3,"Cutter",0,1,1,0,1,0,1,0,"Strategic","Standard",139,"-0.003","0.055",,,,"-0.055",,-1,1,0.411,0.589,30,23,31,23,2,1,7,1,9,2,"2.34","-0.45","0.45","31.6",,,,,
"ST","2025-08-27","85.8","-2.43","5.55","Ohtani, Shohei",682829,660271,,"swinging_strike",,,,,14,"Swinging Strike","R","L","R","LAD","CIN","S",,,1,0,2025,"0.98","-0.06","1.12","1.51",,,,1,3,"Top",,,,,,,6.466400316311593,-124.78939961493361,-3.1445752285078292,8.82386224503706,26.232322017507503,-32.362962816962636,"3.69","1.77",,,,"86.2",2701,"6.7",776562,687221,571771,500743,690976,605141,624424,681624,606192,"53.84",,,,,,,,18,2,"Sweeper",0,1,1,0,1,0,1,0,"Strategic","Standard",72,"0.003","-0.049","70.0","8.2",,"0.049",,-1,1,0.408,0.5920000000000001,30,23,31,23,2,1,7,1,9,2,"3.17","-0.98","0.98","34.9",20.489590824137732,-29.189647335744777,40.88981324503037,26.729728269259866,49.521609869214856
"CU","2025-08-27","79","-2.13","6.05","Ohtani, Shohei",682829,660271,,"ball",,,,,11,"Ball","R","L","R","LAD","CIN","B",,,0,0,2025,"0.88","-1.05","-1.49","4.55",,,,1,3,"Top",,,,,,,-0.24111945294508813,-114.8049036831482,5.541441748130986,7.763489439663876,22.150985888992267,-42.72572207367712,"3.55","1.6",,,,"79",2641,"6.4",776562,687221,571771,500743,690976,605141,624424,681624,606192,"54.06",,,,,,,,18,1,"Curveball",0,1,1,0,1,0,1,0,"Strategic","Standard",45,"-0.002","0.039",,,,"-0.039",,-1,1,0.41,0.5900000000000001,30,23,31,23,2,1,7,1,9,2,"4.72","-0.88","0.88","41.4",,,,,
"FC","2025-08-27","93.2","-2.27","5.56","Ohtani, Shohei",682622,660271,"home_run","hit_into_play",,,,,5,"Noelvi Marte homers (11) on a fly ball to left center field.","R","R","R","LAD","CIN","X",,"fly_ball",0,0,2025,"0.12","0.6","0.01","2.25",,,,1,3,"Top",74.92,41,,,,,5.644173663981073,-135.77176102154777,-4.191614301378275,0.39348292584435557,25.387253046678392,-24.02233629418439,"3.43","1.67",410,"108.9",22,"94.4",2520,"6.6",776562,687221,571771,500743,690976,605141,624424,681624,606192,"53.87",0.883525,1.690175,"2",1,0,3,6,17,1,"Cutter",0,0,0,0,1,0,1,0,"Standard","Standard",194,"-0.115","1.583","71.6","7.6",3.2955749999999995,"-1.583","108.9",0,0,0.525,0.475,30,23,31,24,2,1,7,1,9,2,"1.98","-0.12","-0.12","31.7",9.963242988926932,-6.481256402748333,35.45776076018778,34.16768443422286,32.98493035831865
"FS","2025-08-27","88.9","-2.3","5.7","Ohtani, Shohei",670770,660271,"field_out","hit_into_play",,,,,4,"TJ Friedl grounds out to first baseman Enrique Hernández.","R","L","R","LAD","CIN","X",3,"ground_ball",0,1,2025,"-0.95","-0.08","-0.76","2.12",,,,0,3,"Top",155.62,167.14,,,,,5.81485495543691,-129.4348997322382,-2.638708164548927,-11.866238948973143,23.603824270018485,-32.74216321808011,"3.23","1.51",7,"70.8",-18,"89.9",1499,"6.6",776562,687221,571771,500743,690976,605141,624424,681624,606192,"53.89",0.043,0.047,"0",1,0,0,2,16,2,"Split-Finger",0,0,0,0,0,0,0,0,"Standard","Standard",244,"0.021","-0.22","71.8","7.4",0.045,"0.22","88.0",0,0,0.504,0.496,30,29,31,30,2,1,7,2,9,2,"2.93","0.95","-0.95","35.4",11.424165326439528,-15.44054448983869,25.233420015882697,39.52459165310968,44.76560662406973
"FC","2025-08-27","92.9","-2.28","5.6","Ohtani, Shohei",670770,660271,,"called_strike",,,,,2,"Called Strike","R","L","R","LAD","CIN","S",,,0,0,2025,"0.11","0.8","0.03","2.74",,,,0,3,"Top",,,,,,,5.706954541823604,-135.38568536224776,-3.4006698329876563,0.32819183273520736,25.087798725256807,-21.813213726471787,"3.27","1.42",,,,"94.1",2510,"6.6",776562,687221,571771,500743,690976,605141,624424,681624,606192,"53.95",,,,,,,,16,1,"Cutter",0,0,0,0,0,0,0,0,"Standard","Standard",207,"0.004","-0.039",,,,"0.039",,0,0,0.5,0.5,30,29,31,30,2,1,7,2,9,2,"1.81","-0.11","0.11","34.1",,,,,
"CU","2025-08-27","81.4","-2.07","6.1","Ohtani, Shohei",680574,660271,"strikeout","swinging_strike",,,,,9,"Matt McLain strikes out swinging.","R","R","R","LAD","CIN","S",2,,2,2,2025,"1.02","-1.24","0.32","1.62",668715,624431,,2,2,"Top",,,,,,,3.4356499697813043,-118.48835021596554,-1.0055557782177198,8.75828234839262,25.36145577117671,-43.759693259852526,"3.14","1.39",,,,"81.7",2738,"6.8",776562,687221,571771,500743,690976,605141,624424,681624,606192,"53.74",,0,"0",1,0,0,,12,7,"Curveball",0,0,0,0,0,0,0,0,"Standard","Standard",32,"0.054","-0.219","71.4","8.2",,"0.219",,0,0,0.497,0.503,30,25,31,26,1,0,7,1,9,3,"4.71","-1.02","-1.02","45.2",26.92140877726489,-30.07372112046482,32.41252376670386,36.30193175506753,55.89145644536171
"ST","2025-08-27","89.1","-2.37","5.41","Ohtani, Shohei",680574,660271,,"foul",,,,,12,"Foul","R","R","R","LAD","CIN","S",,,2,2,2025,"1.43","0.36","1.36","2.44",668715,624431,,2,2,"Top",,,,,,,6.194021643721714,-129.66123763011726,-2.031141280421719,14.794526584538435,27.469663431412716,-27.847425402890728,"3.14","1.39",190,"67.5",34,"89.4",2665,"6.5",776562,687221,571771,500743,690976,605141,624424,681624,606192,"54.01",,,,,,,,12,6,"Sweeper",0,0,0,0,0,0,0,0,"Standard","Standard",61,"0","0",,,,"0","88.0",0,0,0.497,0.503,30,25,31,26,1,0,7,1,9,3,"2.51","-1.43","-1.43","34.1",,,,,
"FF","2025-08-27","100.2","-2.32","5.58","Ohtani, Shohei",680574,660271,,"ball",,,,,14,"Ball","R","R","R","LAD","CIN","B",,,1,2,2025,"-0.31","1.11","0.91","1.75",668715,624431,,2,2,"Top",,,,,,,9.745915169362966,-145.57593127190356,-7.951385520418574,-6.409905022756059,29.488564699859467,-14.768131515831584,"2.99","1.3",,,,"101.6",2592,"6.8",776562,687221,571771,500743,690976,605141,624424,681624,606192,"53.69",,,,,,,,12,5,"4-Seam Fastball",0,0,0,0,0,0,0,0,"Standard","Standard",216,"-0.009","0.023",,,,"-0.023",,0,0,0.506,0.494,30,25,31,26,1,0,7,1,9,3,"1.15","0.31","0.31","34.9",,,,,
"FS","2025-08-27","91.3","-2.09","5.89","Ohtani, Shohei",680574,660271,,"ball",,,,,13,"Ball","R","R","R","LAD","CIN","B",,,0,2,2025,"-1.15","0.23","0","1.01",668715,624431,,2,2,"Top",,,,,,,7.796972379871094,-132.6769456483491,-6.9785376625139985,-15.234881046750356,26.33517693777146,-28.176465540710407,"3.1","1.35",,,,"92.3",1414,"6.8",776562,687221,571771,500743,690976,605141,624424,681624,606192,"53.72",,,,,,,,12,4,"Split-Finger",0,0,0,0,0,0,0,0,"Standard","Standard",235,"-0.006","-0.014",,,,"0.014",,0,0,0.512,0.488,30,25,31,26,1,0,7,1,9,3,"2.49","1.15","1.15","38.5",,,,,
"ST","2025-08-27","89.1","-2.59","5.44","Ohtani, Shohei",680574,660271,,"foul",,,,,2,"Foul","R","R","R","LAD","CIN","S",,,0,2,2025,"0.89","0.45","-0.18","2.79",668715,624431,,2,2,"Top",,,,,,,4.091549148009986,-129.8080128889963,-1.4286799059099566,9.131807815471676,27.53072157000625,-27.055678915117085,"3.14","1.39",,,,"89.6",2746,"6.6",776562,687221,571771,500743,690976,605141,624424,681624,606192,"53.91",,,,,,,,12,3,"Sweeper",0,0,0,0,0,0,0,0,"Standard","Standard",75,"0","0","61.9","5.7",,"0",,0,0,0.512,0.488,30,25,31,26,1,0,7,1,9,3,"2.42","-0.89","-0.89","31.6",-0.35812571128305193,14.88374451111704,33.81366604777384,34.08989025314534,21.770348889558804
"FS","2025-08-27","91.3","-2.01","5.71","Ohtani, Shohei",680574,660271,,"swinging_strike",,,,,8,"Swinging Strike","R","R","R","LAD","CIN","S",,,0,1,2025,"-1.04","0.05","0.08","1.6",668715,624431,,2,2,"Top",,,,,,,7.562383796039984,-132.7493764975634,-4.58871002817345,-13.916764764637216,27.354406024130995,-30.86656664263312,"3.14","1.39",,,,"92.2",1390,"6.8",776562,687221,571771,500743,690976,605141,624424,681624,606192,"53.72",,,,,,,,12,2,"Split-Finger",0,0,0,0,0,0,0,0,"Standard","Standard",239,"0.012","-0.048","71.8","7.5",,"0.048",,0,0,0.5,0.5,30,25,31,26,1,0,7,1,9,3,"2.68","1.04","1.04","38.8",20.228461058133526,-14.930134443580984,35.4474519531913,35.776851152304616,41.637802270452156
"SI","2025-08-27","98.9","-2.27","5.5","Ohtani, Shohei",680574,660271,,"called_strike",,,,,8,"Called Strike","R","R","R","LAD","CIN","S",,,0,0,2025,"-1.36","0.67","-0.1","1.83",668715,624431,,2,2,"Top",,,,,,,9.174175551791622,-143.64390673792715,-6.191450667797959,-20.948573757233998,32.45838918022868,-21.656453338218697,"3.1","1.32",,,,"100",2317,"6.9",776562,687221,571771,500743,690976,605141,624424,681624,606192,"53.55",,,,,,,,12,1,"Sinker",0,0,0,0,0,0,0,0,"Standard","Standard",221,"0.009","-0.036",,,,"0.036",,0,0,0.491,0.509,30,25,31,26,1,0,7,1,9,3,"1.67","1.36","1.36","33.7",,,,,
"FF","2025-08-27","100.3","-1.85","5.65","Ohtani, Shohei",663647,660271,"strikeout","foul_tip",,,,,11,"Ke'Bryan Hayes strikes out on a foul tip.","R","R","R","LAD","CIN","S",2,,1,2,2025,"-0.35","1.25","-0.03","3.42",668715,624431,,1,2,"Top",,,,,,,5.924482411626109,-146.02873058092615,-3.851365228625802,-6.325770077390282,31.141030794907326,-13.516430486501521,"3.26","1.5",,,,"101.5",2496,"6.7",776562,687221,571771,500743,690976,605141,624424,681624,606192,"53.78",,0,"0",1,0,0,,11,4,"4-Seam Fastball",0,0,0,0,0,0,0,0,"Standard","Standard",211,"0.062","-0.279","61.6","5.2",,"0.279",,0,0,0.429,0.571,30,28,31,28,1,0,7,1,9,2,"1","0.35","0.35","35.0",-6.768929669700569,41.147657652317186,23.01470848803428,34.02556998824936,15.11260371800033
"FS","2025-08-27","91.1","-1.76","5.89","Ohtani, Shohei",663647,660271,,"ball",,,,,14,"Ball","R","R","R","LAD","CIN","B",,,0,2,2025,"-0.88","-0.01","1.19","0.14",,668715,624431,1,2,"Top",,,,,,,9.35700822613982,-132.27122560498657,-8.613441545429328,-12.231666662802324,25.617007166891575,-30.76887401737135,"3.24","1.55",,,,"92",1647,"6.7",776562,687221,571771,500743,690976,605141,624424,681624,606192,"53.75",,,,,,,,11,3,"Split-Finger",0,0,0,0,0,0,0,0,"Standard","Standard",238,"-0.046","0.014",,,,"-0.014",,0,0,0.475,0.525,30,28,31,28,1,0,7,1,9,2,"2.75","0.88","0.88","38.7",,,,,
"SI","2025-08-27","98","-1.83","5.56","Ohtani, Shohei",663647,660271,,"called_strike",,,,,9,"Called Strike","R","R","R","LAD","CIN","S",,,0,1,2025,"-1.4","0.57","0.64","1.5",,668715,624431,1,2,"Top",,,,,,,10.004200500775365,-142.3261390368871,-6.83506210030691,-21.30689782306399,32.88535754972092,-22.960195977319476,"3.21","1.53",,,,"98.9",2420,"6.9",776562,687221,571771,500743,690976,605141,624424,681624,606192,"53.6",,,,,,,,11,2,"Sinker",0,0,0,0,0,0,0,0,"Standard","Standard",214,"0.01","-0.053",,,,"0.053",,0,0,0.465,0.5349999999999999,30,28,31,28,1,0,7,1,9,2,"1.81","1.4","1.4","32.6",,,,,
"ST","2025-08-27","85.6","-2.01","5.48","Ohtani, Shohei",663647,660271,,"swinging_strike",,,,,14,"Swinging Strike","R","R","R","LAD","CIN","S",,,0,0,2025,"1.3","0.06","1.22","0.75",,668715,624431,1,2,"Top",,,,,,,5.054885095612234,-124.54047801394948,-4.993522809716949,12.459437535833318,25.862252160204584,-30.764513098056742,"3.26","1.5",,,,"86.2",2918,"6.8",776562,687221,571771,500743,690976,605141,624424,681624,606192,"53.72",,,,,,,,11,1,"Sweeper",0,0,0,0,0,0,0,0,"Standard","Standard",65,"0.007","-0.033","71.3","8.1",,"0.033",,0,0,0.458,0.542,30,28,31,28,1,0,7,1,9,2,"3.06","-1.3","-1.3","30.1",11.22355392242082,-26.63920268791637,27.88973579535532,46.58531874200081,54.88242937998025
"ST","2025-08-27","88.3","-2.09","5.42","Ohtani, Shohei",624431,660271,"walk","ball",,,,,14,"Jose Trevino walks.","R","R","R","LAD","CIN","B",,,3,2,2025,"1.32","0.3","1.95","1.21",,668715,,1,2,"Top",,,,,,,7.153283174738356,-128.43709598248682,-4.836215431654877,13.135528679582567,26.070538717975648,-27.999598975009857,"3.15","1.42",,,,"89.1",2813,"6.8",776562,687221,571771,500743,690976,605141,624424,681624,606192,"53.75",,0.691497,"0.7",1,0,0,,10,6,"Sweeper",0,0,0,0,0,0,0,0,"Standard","Standard",67,"-0.019","0.212",,,,"-0.212",,0,0,0.477,0.523,30,32,31,33,1,0,7,1,9,2,"2.62","-1.32","-1.32","28.5",,,,,
"SL","2025-08-27","90.4","-1.63","5.91","Ohtani, Shohei",624431,660271,,"blocked_ball",,,,,14,"Ball In Dirt","R","R","R","LAD","CIN","B",,,2,2,2025,"0.18","0.04","1.67","0.15",,668715,,1,2,"Top",,,,,,,7.899680719195212,-131.23237862621914,-8.525091267207973,0.4251243196182497,27.319200798189694,-30.101293760106756,"3.22","1.33",,,,"91",2597,"6.7",776562,687221,571771,500743,690976,605141,624424,681624,606192,"53.75",,,,,,,,10,5,"Slider",0,0,0,0,0,0,0,0,"Standard","Standard",147,"-0.007","0.068",,,,"-0.068",,0,0,0.484,0.516,30,32,31,33,1,0,7,1,9,2,"2.76","-0.18","-0.18","41.6",,,,,
"FS","2025-08-27","89.7","-1.87","5.68","Ohtani, Shohei",624431,660271,,"ball",,,,,14,"Ball","R","R","R","LAD","CIN","B",,,1,2,2025,"-0.82","-0.07","1.01","-0.6",,,668715,1,2,"Top",,,,,,,8.944380268763881,-130.14826973765332,-9.465961914548409,-11.089708135597894,25.68669648339983,-31.229906800649605,"3.32","1.51",,,,"90.7",1378,"6.9",776562,687221,571771,500743,690976,605141,624424,681624,606192,"53.56",,,,,,,,10,4,"Split-Finger",0,0,0,0,0,0,0,0,"Standard","Standard",246,"-0.021","0.044",,,,"-0.044",,0,0,0.505,0.495,30,32,31,33,1,0,7,1,9,2,"2.91","0.82","0.82","36.4",,,,,
"CU","2025-08-27","82","-1.72","6.03","Ohtani, Shohei",624431,660271,,"blocked_ball",,,,,14,"Ball In Dirt","R","R","R","LAD","CIN","B",,,0,2,2025,"0.97","-1.25","0.98","-0.14",,,668715,1,2,"Top",,,,,,,4.270090016077364,-119.24570602471299,-4.960870596902112,8.341927104443371,24.282828395067757,-43.27083335274353,"3.31","1.49",,,,"82.4",2853,"6.7",776562,687221,571771,500743,690976,605141,624424,681624,606192,"53.75",,,,,,,,10,3,"Curveball",0,0,0,0,0,0,0,0,"Standard","Standard",38,"-0.003","0.01",,,,"-0.01",,0,0,0.508,0.492,30,32,31,33,1,0,7,1,9,2,"4.66","-0.97","-0.97","46.5",,,,,
"FF","2025-08-27","98.9","-2.01","5.6","Ohtani, Shohei",624431,660271,,"called_strike",,,,,8,"Called Strike","R","R","R","LAD","CIN","S",,,0,1,2025,"0.02","1.01","0","1.84",,,668715,1,2,"Top",,,,,,,5.512885919039383,-143.90055067933713,-7.284478419746707,-0.9805857332198997,31.53487932899471,-16.694620819873883,"3.34","1.52",,,,"100.1",2481,"6.9",776562,687221,571771,500743,690976,605141,624424,681624,606192,"53.64",,,,,,,,10,2,"4-Seam Fastball",0,0,0,0,0,0,0,0,"Standard","Standard",211,"0.006","-0.047",,,,"0.047",,0,0,0.502,0.498,30,32,31,33,1,0,7,1,9,2,"1.31","-0.02","-0.02","34.1",,,,,
"ST","2025-08-27","85.4","-2.15","5.6","Ohtani, Shohei",624431,660271,,"swinging_strike",,,,,9,"Swinging Strike","R","R","R","LAD","CIN","S",,,0,0,2025,"1.02","0.27","0.32","1.85",,,668715,1,2,"Top",,,,,,,3.7888150764838926,-124.47862025679683,-3.1484347305797264,9.984111183942254,23.139048115172947,-28.97712643088092,"3.24","1.46",,,,"86.3",2664,"6.6",776562,687221,571771,500743,690976,605141,624424,681624,606192,"53.88",,,,,,,,10,1,"Sweeper",0,0,0,0,0,0,0,0,"Standard","Standard",68,"0.005","-0.04","70.5","7.8",,"0.04",,0,0,0.497,0.503,30,32,31,33,1,0,7,1,9,2,"2.83","-1.02","-1.02","29.4",10.786259794948457,-19.83503623818419,22.362953098013502,44.3283035418291,41.51218442358169
"FF","2025-08-27","98","-2.35","5.56","Ohtani, Shohei",668715,660271,"walk","ball",,,,,11,"Spencer Steer walks.","R","R","R","LAD","CIN","B",,,3,2,2025,"-0.1","0.83","-0.12","3.85",,,,1,2,"Top",,,,,,,6.291402174221801,-142.71348230519516,-1.1335461588013889,-2.6831448734061403,28.150121057414754,-20.706115510006715,"3.38","1.58",,,,"99.3",2397,"6.6",776562,687221,571771,500743,690976,605141,624424,681624,606192,"53.86",,0.691497,"0.7",1,0,0,,9,6,"4-Seam Fastball",0,0,0,0,0,0,0,0,"Standard","Standard",214,"-0.022","0.339",,,,"-0.339",,0,0,0.519,0.481,30,27,31,28,1,0,7,1,9,2,"1.52","0.1","0.1","33.2",,,,,
"CU","2025-08-27","84","-2","6","Ohtani, Shohei",668715,660271,,"ball",,,,,14,"Ball","R","R","R","LAD","CIN","B",,,2,2,2025,"0.64","-1.11","1.24","0.85",,,,1,2,"Top",,,,,,,6.30878052208588,-122.1720925450335,-3.287259356917673,5.120780569541274,25.21962522012232,-42.83740657442816,"3.24","1.54",,,,"84.6",2792,"6.8",776562,687221,571771,500743,690976,605141,624424,681624,606192,"53.67",,,,,,,,9,5,"Curveball",0,0,0,0,0,0,0,0,"Standard","Standard",40,"-0.006","0.104",,,,"-0.104",,0,0,0.525,0.475,30,27,31,28,1,0,7,1,9,2,"4.36","-0.64","-0.64","40.4",,,,,
"ST","2025-08-27","85.7","-2.54","5.6","Ohtani, Shohei",668715,660271,,"foul",,,,,1,"Foul","R","R","R","LAD","CIN","S",,,2,1,2025,"0.88","0.46","-0.79","2.85",,,,1,2,"Top",,,,,,,2.35999438166068,-124.84004013285039,-1.205375806031446,8.81002613758709,23.979766879179437,-27.289443082322123,"3.36","1.58",4,"51",-31,"86.6",2610,"6.7",776562,687221,571771,500743,690976,605141,624424,681624,606192,"53.78",,,,,,,,9,4,"Sweeper",0,0,0,0,0,0,0,0,"Standard","Standard",73,"0.005","-0.07",,,,"0.07","88.0",0,0,0.52,0.48,30,27,31,28,1,0,7,1,9,2,"2.62","-0.88","-0.88","32.4",,,,,
"CU","2025-08-27","80.8","-2.17","6.03","Ohtani, Shohei",668715,660271,,"ball",,,,,11,"Ball","R","R","R","LAD","CIN","B",,,1,1,2025,"0.95","-1.19","-1.11","2.73",,,,1,2,"Top",,,,,,,0.5574132134164786,-117.6121828684274,1.6204050935629326,8.70905692693086,23.655786323700436,-43.74298357257747,"3.31","1.45",,,,"81",2724,"6.5",776562,687221,571771,500743,690976,605141,624424,681624,606192,"53.98",,,,,,,,9,3,"Curveball",0,0,0,0,0,0,0,0,"Standard","Standard",44,"-0.004","0.055",,,,"-0.055",,0,0,0.524,0.476,30,27,31,28,1,0,7,1,9,2,"4.7","-0.95","-0.95","41.3",,,,,
"FC","2025-08-27","92.8","-2.55","5.56","Ohtani, Shohei",668715,660271,,"called_strike",,,,,4,"Called Strike","R","R","R","LAD","CIN","S",,,1,0,2025,"0.4","0.33","-0.29","2.47",,,,1,2,"Top",,,,,,,4.960360744295842,-135.31606649765726,-2.972448433229996,4.065495506225882,24.684428674070208,-27.72966054121264,"3.36","1.54",,,,"94.2",2586,"6.6",776562,687221,571771,500743,690976,605141,624424,681624,606192,"53.87",,,,,,,,9,2,"Cutter",0,0,0,0,0,0,0,0,"Standard","Standard",146,"0.004","-0.049",,,,"0.049",,0,0,0.52,0.48,30,27,31,28,1,0,7,1,9,2,"2.27","-0.4","-0.4","31.8",,,,,
"CU","2025-08-27","79.7","-2.1","6.08","Ohtani, Shohei",668715,660271,,"ball",,,,,11,"Ball","R","R","R","LAD","CIN","B",,,0,0,2025,"0.85","-1.14","-1.3","2.53",,,,1,2,"Top",,,,,,,0.15816192693893205,-116.02211557469037,1.0899406672313157,7.678023215407603,22.00504390585646,-42.889874508199455,"3.31","1.51",,,,"79.9",2620,"6.4",776562,687221,571771,500743,690976,605141,624424,681624,606192,"54.08",,,,,,,,9,1,"Curveball",0,0,0,0,0,0,0,0,"Standard","Standard",44,"-0.003","0.039",,,,"-0.039",,0,0,0.523,0.477,30,27,31,28,1,0,7,1,9,2,"4.73","-0.85","-0.85","41.2",,,,,
"CU","2025-08-27","81.9","-2.07","5.99","Ohtani, Shohei",666158,660271,"strikeout","swinging_strike",,,,,9,"Gavin Lux strikes out swinging.","R","L","R","LAD","CIN","S",2,,1,2,2025,"0.7","-1.27","0.41","1.77",,,,0,2,"Top",,,,,,,4.292333390776711,-119.1496942719933,-0.4509329652331071,5.725611693334152,24.733696253125277,-44.37454078456103,"3.22","1.55",,,,"82.2",2731,"6.7",776562,687221,571771,500743,690976,605141,624424,681624,606192,"53.78",,0,"0",1,0,0,,8,4,"Curveball",0,0,0,0,0,0,0,0,"Infield shade","Standard",41,"0.017","-0.189","64.4","8.1",,"0.189",,0,0,0.506,0.494,30,27,31,28,1,0,7,1,9,2,"4.7","-0.7","0.7","41.3",25.413050446341273,-28.143631663763042,34.16080120116141,32.41422043203871,49.00517133150299
"FC","2025-08-27","95.3","-2.66","5.48","Ohtani, Shohei",666158,660271,,"foul",,,,,6,"Foul","R","L","R","LAD","CIN","S",,,1,1,2025,"-0.04","0.8","0.39","2.45",,,,0,2,"Top",,,,,,,8.153457556053347,-138.7885029485735,-4.27014132332692,-1.971051402497316,24.36313116943067,-21.017198521074935,"3.22","1.55",,,,"96.9",2684,"6.7",776562,687221,571771,500743,690976,605141,624424,681624,606192,"53.82",,,,,,,,8,3,"Cutter",0,0,0,0,0,0,0,0,"Infield shade","Standard",202,"0.005","-0.061","74.8","7.5",,"0.061",,0,0,0.501,0.499,30,27,31,28,1,0,7,1,9,2,"1.66","0.04","-0.04","30.8",21.96445430856972,-10.557392501542434,31.23562300421158,31.36161482401782,34.40209878339341
"FS","2025-08-27","90.7","-2.08","5.81","Ohtani, Shohei",666158,660271,,"ball",,,,,14,"Ball","R","L","R","LAD","CIN","B",,,0,1,2025,"-1.26","-0.16","0.53","0.2",,,,0,2,"Top",,,,,,,9.27399036885397,-131.6711271684555,-7.877661696680281,-16.553761190844497,24.355922595780306,-32.640505333357616,"3.28","1.5",,,,"91.8",1498,"6.8",776562,687221,571771,500743,690976,605141,624424,681624,606192,"53.71",,,,,,,,8,2,"Split-Finger",0,0,0,0,0,0,0,0,"Infield shade","Standard",233,"-0.002","0.031",,,,"-0.031",,0,0,0.503,0.497,30,27,31,28,1,0,7,1,9,2,"2.91","1.26","-1.26","36.5",,,,,
"CU","2025-08-27","77.1","-2.1","5.99","Ohtani, Shohei",666158,660271,,"called_strike",,,,,4,"Called Strike","R","L","R","LAD","CIN","S",,,0,0,2025,"1.03","-0.9","-0.61","2.25",,,,0,2,"Top",,,,,,,1.3021955816660062,-112.33241761148824,0.6721521415952241,8.46607680883012,20.698416671919613,-40.16048803701476,"3.24","1.52",,,,"77.7",2617,"6.7",776562,687221,571771,500743,690976,605141,624424,681624,606192,"53.84",,,,,,,,8,1,"Curveball",0,0,0,0,0,0,0,0,"Strategic","Standard",47,"0.003","-0.039",,,,"0.039",,0,0,0.5,0.5,30,27,31,28,1,0,7,1,9,2,"4.73","-1.03","1.03","40.5",,,,,
"FF","2025-08-27","96.7","-1.82","5.67","Ohtani, Shohei",669720,660271,"field_out","hit_into_play",,,,,5,"Austin Hays flies out to center fielder Andy Pages.","R","R","R","LAD","CIN","X",8,"fly_ball",3,1,2025,"-0.46","1.26","-0.2","2.58",,,670770,2,1,"Top",152.97,75.62,,,,,5.390124963359377,-140.786832988222,-5.6374033679323095,-7.24308730781309,29.581185316452174,-14.352713536461602,"3.26","1.45",312,"93.9",44,"97.9",2313,"6.8",776562,687221,571771,500743,690976,605141,624424,681624,606192,"53.75",0.015,0.028,"0",1,0,0,3,4,5,"4-Seam Fastball",0,0,0,0,0,0,0,0,"Standard","Standard",215,"0.03","-0.388","73.2","6.7",0.054,"0.388","93.9",0,0,0.518,0.482,30,29,31,30,1,0,7,1,9,2,"1.16","0.46","0.46","37.5",10.318386961550864,2.869043963853375,28.133660518712126,32.83690698088579,34.18029398350997
"ST","2025-08-27","85.9","-2.07","5.51","Ohtani, Shohei",669720,660271,,"ball",,,,,14,"Ball","R","R","R","LAD","CIN","B",,,2,1,2025,"0.95","0.02","1.47","1.55",,,670770,2,1,"Top",,,,,,,6.532242906981501,-124.99108704833218,-3.172600397357309,8.548032692369626,25.752814210038967,-31.475368603085332,"3.34","1.54",,,,"86.5",2674,"6.7",776562,687221,571771,500743,690976,605141,624424,681624,606192,"53.78",,,,,,,,4,4,"Sweeper",0,0,0,0,0,0,0,0,"Standard","Standard",66,"-0.006","0.079",,,,"-0.079",,0,0,0.524,0.476,30,29,31,30,1,0,7,1,9,2,"3.07","-0.95","-0.95","31.2",,,,,
"CU","2025-08-27","79.5","-1.52","6.06","Ohtani, Shohei",669720,660271,,"blocked_ball",,,,,14,"Ball In Dirt","R","R","R","LAD","CIN","B",,,1,1,2025,"1.04","-1.06","0.74","0.35",,,670770,2,1,"Top",,,,,,,3.0005742928127184,-115.74988838346692,-3.7511364459493004,8.74242483689388,22.59547532412441,-41.18814525704331,"3.3","1.38",,,,"79.9",2624,"6.7",776562,687221,571771,500743,690976,605141,624424,681624,606192,"53.84",,,,,,,,4,3,"Curveball",0,0,0,0,0,0,0,0,"Standard","Standard",38,"-0.003","0.054",,,,"-0.054",,0,0,0.527,0.473,30,29,31,30,1,0,7,1,9,2,"4.68","-1.04","-1.04","44.0",,,,,
"FS","2025-08-27","88.4","-1.75","5.81","Ohtani, Shohei",669720,660271,,"blocked_ball",,,,,14,"Ball In Dirt","R","R","R","LAD","CIN","B",,,0,1,2025,"-0.57","0.04","0.64","0.19",,,670770,2,1,"Top",,,,,,,7.071166975179569,-128.54289030850668,-7.821764089202798,-7.672337590465332,24.781030639669307,-30.319246624387805,"3.3","1.41",,,,"89.4",1404,"6.8",776562,687221,571771,500743,690976,605141,624424,681624,606192,"53.69",,,,,,,,4,2,"Split-Finger",0,0,0,0,0,0,0,0,"Standard","Standard",240,"-0.002","0.027",,,,"-0.027",,0,0,0.529,0.471,30,29,31,30,1,0,7,1,9,2,"2.86","0.57","0.57","39.9",,,,,
"FF","2025-08-27","97.2","-1.87","5.62","Ohtani, Shohei",669720,660271,,"foul",,,,,4,"Foul","R","R","R","LAD","CIN","S",,,0,0,2025,"-0.21","1.16","-0.5","2.18",,,670770,2,1,"Top",,,,,,,4.178099543442118,-141.56352508372996,-6.479909480379355,-3.7115867520054397,28.807374435357513,-15.23792254273958,"3.26","1.45",,,,"98.4",2438,"6.7",776562,687221,571771,500743,690976,605141,624424,681624,606192,"53.85",,,,,,,,4,1,"4-Seam Fastball",0,0,0,0,0,0,0,0,"Standard","Standard",210,"0.003","-0.042","73.3","6.8",,"0.042",,0,0,0.526,0.474,30,29,31,30,1,0,7,1,9,2,"1.22","0.21","0.21","35.6",3.2396393506431105,0.6068149379989992,36.290605799673436,29.695844405750048,31.83395315516757
"SL","2025-08-27","89.7","-1.72","5.95","Ohtani, Shohei",682829,660271,"strikeout","swinging_strike",,,,,14,"Elly De La Cruz strikes out swinging.","R","L","R","LAD","CIN","S",2,,3,2,2025,"0.02","0.03","0.48","1.04",,,670770,1,1,"Top",,,,,,,5.424088178291911,-130.5986445625155,-6.348548234406892,-0.7403799568180947,22.980922269993673,-30.873061360655303,"3.69","1.77",,,,"90.9",2433,"6.7",776562,687221,571771,500743,690976,605141,624424,681624,606192,"53.85",,0,"0",1,0,0,,3,8,"Slider",0,0,0,0,0,0,0,0,"Strategic","Standard",94,"0.034","-0.32","71.5","8.2",,"0.32",,0,0,0.492,0.508,30,23,31,23,1,0,7,1,9,2,"2.76","-0.02","0.02","41.1",22.87542078269117,-24.83617762976674,41.75056334402253,32.75832788179945,52.05765179374677
"CU","2025-08-27","80.2","-1.68","6.05","Ohtani, Shohei",682829,660271,,"foul",,,,,7,"Foul","R","L","R","LAD","CIN","S",,,3,2,2025,"0.92","-1.08","-0.72","1.67",,,670770,1,1,"Top",,,,,,,0.38364728010930965,-116.75385487340424,-0.9235884748143166,8.342104342501907,23.083999891148384,-42.086403295470575,"3.69","1.77",191,"71.8",50,"80.7",2642,"6.7",776562,687221,571771,500743,690976,605141,624424,681624,606192,"53.77",,,,,,,,3,7,"Curveball",0,0,0,0,0,0,0,0,"Strategic","Standard",41,"0","0","64.9","7.2",,"0","88.0",0,0,0.492,0.508,30,23,31,23,1,0,7,1,9,2,"4.64","-0.92","0.92","43.6",-2.6617743181435753,2.439140523819143,36.244377158509806,45.96822804527608,33.575376329267584
"FF","2025-08-27","98.9","-2.05","5.54","Ohtani, Shohei",682829,660271,,"foul",,,,,8,"Foul","R","L","R","LAD","CIN","S",,,3,2,2025,"-0.32","1.2","0.01","2.24",,,670770,1,1,"Top",,,,,,,6.407770896962658,-143.98792279978636,-6.491826543092831,-5.770275778561186,29.105763343534377,-14.141965212600814,"3.69","1.77",179,"90.4",11,"100.3",2519,"6.8",776562,687221,571771,500743,690976,605141,624424,681624,606192,"53.74",,,,,,,,3,6,"4-Seam Fastball",0,0,0,0,0,0,0,0,"Strategic","Standard",219,"0","0","66.4","6.2",,"0","90.4",0,0,0.492,0.508,30,23,31,23,1,0,7,1,9,2,"1.1","0.32","-0.32","29.2",-14.280720153579542,27.036089676752724,36.571303931002994,37.391763059521274,20.723445768095708
"FS","2025-08-27","90.9","-2","5.73","Ohtani, Shohei",682829,660271,,"blocked_ball",,,,,13,"Ball In Dirt","R","L","R","LAD","CIN","B",,,2,2,2025,"-0.76","-0.14","-0.14","0.44",,,670770,1,1,"Top",,,,,,,6.343157027979463,-132.21105688820387,-7.1576259446361945,-10.163664057114483,25.59359156100861,-32.63618821877076,"3.79","1.68",,,,"92",1495,"6.8",776562,687221,571771,500743,690976,605141,624424,681624,606192,"53.73",,,,,,,,3,5,"Split-Finger",0,0,0,0,0,0,0,0,"Strategic","Standard",241,"-0.009","0.098",,,,"-0.098",,0,0,0.501,0.499,30,23,31,23,1,0,7,1,9,2,"2.88","0.76","-0.76","34.9",,,,,
"FC","2025-08-27","93.8","-2.12","5.5","Ohtani, Shohei",682829,660271,,"foul",,,,,8,"Foul","R","L","R","LAD","CIN","S",,,2,1,2025,"0.31","0.34","-0.07","2.27",,,670770,1,1,"Top",,,,,,,4.668443016709304,-136.65094956388097,-3.489069555497371,3.063577074856969,26.49448831479127,-27.3937171248669,"3.69","1.77",4,"105.2",-26,"95.1",2489,"6.7",776562,687221,571771,500743,690976,605141,624424,681624,606192,"53.78",,,,,,,,3,4,"Cutter",0,0,0,0,0,0,0,0,"Strategic","Standard",182,"0.007","-0.075","55.8","5.8",,"0.075","105.2",0,0,0.494,0.506,30,23,31,23,1,0,7,1,9,2,"2.22","-0.31","0.31","28.0",-17.78589360542561,36.46580132213245,34.38902544018982,37.52139221316942,14.236713610093926
"CU","2025-08-27","81","-1.69","6.02","Ohtani, Shohei",682829,660271,,"ball",,,,,14,"Ball","R","L","R","LAD","CIN","B",,,1,1,2025,"0.92","-1.26","0.26","1.15",,,670770,1,1,"Top",,,,,,,2.5936161261091373,-118.01130275843256,-1.8326717942162822,8.087508191945153,23.562439496550873,-43.72183841361787,"3.72","1.74",,,,"81.6",2717,"6.7",776562,687221,571771,500743,690976,605141,624424,681624,606192,"53.79",,,,,,,,3,3,"Curveball",0,0,0,0,0,0,0,0,"Strategic","Standard",44,"-0.005","0.063",,,,"-0.063",,0,0,0.499,0.501,30,23,31,23,1,0,7,1,9,2,"4.73","-0.92","0.92","41.4",,,,,
"FS","2025-08-27","89.3","-1.75","5.83","Ohtani, Shohei",682829,660271,,"blocked_ball",,,,,14,"Ball In Dirt","R","L","R","LAD","CIN","B",,,0,1,2025,"-0.96","-0.03","0.81","0.52",,,670770,1,1,"Top",,,,,,,8.391258803320445,-129.7391752570659,-7.051796997839769,-12.578942644876133,25.27113926779306,-31.295239851953575,"3.76","1.69",,,,"90.2",1497,"6.8",776562,687221,571771,500743,690976,605141,624424,681624,606192,"53.74",,,,,,,,3,2,"Split-Finger",0,0,0,0,0,0,0,0,"Strategic","Standard",240,"-0.003","0.019",,,,"-0.019",,0,0,0.502,0.498,30,23,31,23,1,0,7,1,9,2,"2.88","0.96","-0.96","34.6",,,,,
"CU","2025-08-27","77.6","-1.55","6.1","Ohtani, Shohei",682829,660271,,"called_strike",,,,,9,"Called Strike","R","L","R","LAD","CIN","S",,,0,0,2025,"0.93","-1.14","0.36","2.15",,,670770,1,1,"Top",,,,,,,2.424578752456685,-113.0710608616624,0.5647608563780968,7.487678141116526,20.951814639806415,-42.27944198771106,"3.67","1.69",,,,"78.2",2622,"6.6",776562,687221,571771,500743,690976,605141,624424,681624,606192,"53.86",,,,,,,,3,1,"Curveball",0,0,0,0,0,0,0,0,"Strategic","Standard",42,"0.004","-0.04",,,,"0.04",,0,0,0.498,0.502,30,23,31,23,1,0,7,1,9,2,"4.92","-0.93","0.93","43.2",,,,,
"CU","2025-08-27","79.8","-1.45","6.16","Ohtani, Shohei",682622,660271,"strikeout","swinging_strike_blocked",,,,,14,"Noelvi Marte strikes out swinging.","R","R","R","LAD","CIN","S",2,,1,2,2025,"0.7","-1.26","1.49","0.85",,,670770,0,1,"Top",,,,,,,5.179465583806737,-116.13818936573678,-2.5679434930732805,5.350434708238015,22.607069298011464,-43.30664732877066,"3.43","1.67",,,,"80.6",2699,"6.9",776562,687221,571771,500743,690976,605141,624424,681624,606192,"53.61",,0,"0",1,0,0,,2,4,"Curveball",0,0,0,0,0,0,0,0,"Standard","Standard",34,"0.025","-0.165","29.4","7.4",,"0.165",,0,0,0.473,0.527,30,23,31,24,1,0,7,1,9,2,"4.85","-0.7","-0.7","44.1",23.10713429978843,-9.06178239448195,29.60048683300478,49.16405177467405,44.60368581615955
"ST","2025-08-27","84.5","-2.16","5.57","Ohtani, Shohei",682622,660271,,"swinging_strike",,,,,9,"Swinging Strike","R","R","R","LAD","CIN","S",,,1,1,2025,"1.07","0.27","0.31","2.13",,,670770,0,1,"Top",,,,,,,3.662911142009505,-123.11254966772222,-2.277472736189397,10.299060477291764,21.901924161400405,-29.22280469367748,"3.43","1.67",,,,"85.3",2701,"6.5",776562,687221,571771,500743,690976,605141,624424,681624,606192,"53.96",,,,,,,,2,3,"Sweeper",0,0,0,0,0,0,0,0,"Standard","Standard",68,"0.007","-0.07","72.6","8.2",,"0.07",,0,0,0.466,0.534,30,23,31,24,1,0,7,1,9,2,"2.89","-1.07","-1.07","31.7",22.535429848185178,-33.480250678179935,32.74788577037991,35.00690584024048,53.813931508572
"CU","2025-08-27","79.3","-1.6","5.99","Ohtani, Shohei",682622,660271,,"called_strike",,,,,7,"Called Strike","R","R","R","LAD","CIN","S",,,1,0,2025,"0.58","-0.74","-0.5","1.79",,,670770,0,1,"Top",,,,,,,1.3296521447570762,-115.62236656721723,-1.0872404008196974,4.951469471577398,20.2333504473424,-38.83024185755982,"3.39","1.5",,,,"80.1",2526,"6.6",776562,687221,571771,500743,690976,605141,624424,681624,606192,"53.89",,,,,,,,2,2,"Curveball",0,0,0,0,0,0,0,0,"Standard","Standard",47,"0.007","-0.048",,,,"0.048",,0,0,0.459,0.5409999999999999,30,23,31,24,1,0,7,1,9,2,"4.33","-0.58","-0.58","42.0",,,,,
"SI","2025-08-27","95.4","-1.78","5.75","Ohtani, Shohei",682622,660271,,"ball",,,,,14,"Ball","R","R","R","LAD","CIN","B",,,0,0,2025,"-1.17","0.61","0.56","1.27",,,670770,0,1,"Top",,,,,,,8.864394238955542,-138.70458998945517,-7.662703052142122,-16.938525995635136,25.90539387872703,-22.90045907855879,"3.49","1.66",,,,"96.8",2082,"6.7",776562,687221,571771,500743,690976,605141,624424,681624,606192,"53.76",,,,,,,,2,1,"Sinker",0,0,0,0,0,0,0,0,"Standard","Standard",221,"-0.005","0.04",,,,"-0.04",,0,0,0.464,0.536,30,23,31,24,1,0,7,1,9,2,"1.87","1.17","1.17","35.9",,,,,
"FF","2025-08-27","96.2","-2.46","5.68","Ohtani, Shohei",670770,660271,"single","hit_into_play",,,,,1,"TJ Friedl singles on a line drive to left fielder Michael Conforto.","R","L","R","LAD","CIN","X",7,"line_drive",0,0,2025,"-0.71","1.13","-0.52","2.9",,,,0,1,"Top",80.68,104.3,,,,,6.802796753042733,-139.93157931272074,-4.4039504999910415,-10.794035282971869,30.04388318477836,-16.441701370120548,"3.23","1.51",176,"95.3",10,"97.1",2220,"6.7",776562,687221,571771,500743,690976,605141,624424,681624,606192,"53.81",0.732,0.671,"0.9",1,1,0,4,1,1,"4-Seam Fastball",0,0,0,0,0,0,0,0,"Standard","Standard",218,"-0.036","0.438","62.6","5.8",0.814,"-0.438","95.3",0,0,0.5,0.5,30,29,31,30,1,0,7,2,9,2,"1.32","0.71","-0.71","32.4",-1.4160623445701848,11.970408217173501,20.999681977838442,36.66101920112715,28.0967275127136
"CU","2025-08-20","79.4","-1.58","6.15","Ohtani, Shohei",678662,660271,"strikeout","swinging_strike_blocked",,,,,14,"Ezequiel Tovar strikes out swinging.","R","R","R","COL","LAD","S",2,,2,2,2025,"0.94","-1.02","1.07","0.7",,690022,671289,2,4,"Bot",,,,,,,4.091923394872445,-115.70094279809373,-3.356677431815828,7.7960580579172785,19.719534448127774,-41.01803246228574,"3.32","1.51",,,,"80.6",2692,"6.8",776660,669257,518692,690976,671083,500743,624424,681624,606192,"53.69",,0,"0",1,0,0,,35,6,"Curveball",5,0,5,0,0,5,5,0,"Standard","Standard",37,"-0.008","-0.203","62.1","8.2",,"0.203",,5,5,0.944,0.944,30,23,31,24,3,2,7,1,7,1,"4.6","-0.94","-0.94","46.4",18.91346169820288,-20.21704507427924,35.93982172680457,42.488468473671034,42.060124260431834
"FC","2025-08-20","97.8","-2.02","5.65","Ohtani, Shohei",678662,660271,,"foul",,,,,14,"Foul","R","R","R","COL","LAD","S",,,2,2,2025,"-0.07","0.54","1.03","1.73",,690022,671289,2,4,"Bot",,,,,,,8.463333579808422,-142.30599883881106,-6.44940734844388,-2.62781471090734,27.34108170657382,-23.603488548160055,"3.32","1.51",191,"69.2",22,"99.4",2436,"6.8",776660,669257,518692,690976,671083,500743,624424,681624,606192,"53.69",,,,,,,,35,5,"Cutter",5,0,5,0,0,5,5,0,"Standard","Standard",210,"0","0","69.8","7.7",,"0","88.0",5,5,0.944,0.944,30,23,31,24,3,2,7,1,7,1,"1.81","0.07","0.07","36.8",3.2548206534434456,13.433622549243356,33.92866430902296,45.695772228143944,14.538328355637779
"ST","2025-08-20","85.6","-2.13","5.66","Ohtani, Shohei",678662,660271,,"ball",,,,,14,"Ball","R","R","R","COL","LAD","B",,,1,2,2025,"0.94","-0.02","1.47","1.07",,690022,671289,2,4,"Bot",,,,,,,6.645646677502421,-124.64865000703098,-4.605772747939309,8.643788191509122,22.835214411679313,-31.75172533716695,"3.08","1.44",,,,"86.5",2597,"6.7",776660,669257,518692,690976,671083,500743,624424,681624,606192,"53.85",,,,,,,,35,4,"Sweeper",5,0,5,0,0,5,5,0,"Standard","Standard",63,"0.001","0.012",,,,"-0.012",,5,5,0.943,0.943,30,23,31,24,3,2,7,1,7,1,"3.11","-0.94","-0.94","36.1",,,,,
"FF","2025-08-20","96.7","-2.12","5.77","Ohtani, Shohei",678662,660271,,"foul",,,,,2,"Foul","R","R","R","COL","LAD","S",,,1,1,2025,"-0.18","0.88","0.09","3.31",,690022,671289,2,4,"Bot",,,,,,,6.337262614236488,-140.9417841971567,-3.1755595268781147,-3.5198403473246542,25.20854334435034,-19.817699283111924,"3.32","1.51",146,"84.2",9,"98.4",2475,"6.7",776660,669257,518692,690976,671083,500743,624424,681624,606192,"53.81",,,,,,,,35,3,"4-Seam Fastball",5,0,5,0,0,5,5,0,"Standard","Standard",216,"-0.002","-0.063","67.6","6.3",,"0.063","88.0",5,5,0.945,0.945,30,23,31,24,3,2,7,1,7,1,"1.51","0.18","0.18","35.8",-1.6258204807866157,20.688359688852582,29.163969027334616,32.72287412808316,15.278360671009734
"SL","2025-08-20","87","-1.98","6.05","Ohtani, Shohei",678662,660271,,"foul",,,,,7,"Foul","R","R","R","COL","LAD","S",,,1,0,2025,"0.35","-0.29","-0.4","1.7",,690022,671289,2,4,"Bot",,,,,,,3.0878513040939386,-126.82826407161193,-3.8532988105339268,3.3628158763009997,20.389262882081614,-34.86106909261747,"3.32","1.51",5,"84.4",-21,"88.5",2485,"6.7",776660,669257,518692,690976,671083,500743,624424,681624,606192,"53.83",,,,,,,,35,2,"Slider",5,0,5,0,0,5,5,0,"Standard","Standard",101,"0","-0.052","67.9","8.4",,"0.052","88.0",5,5,0.945,0.945,30,23,31,24,3,2,7,1,7,1,"3.24","-0.35","-0.35","42.4",21.548464130390563,-27.470322402980123,42.54666267470451,27.116477567562185,44.77124115878851
"ST","2025-08-20","85.6","-1.94","5.61","Ohtani, Shohei",678662,660271,,"blocked_ball",,,,,14,"Ball In Dirt","R","R","R","COL","LAD","B",,,0,0,2025,"1.06","-0.02","2.25","0.43",,690022,671289,2,4,"Bot",,,,,,,7.815595762877656,-124.6526155633945,-6.10170123398222,10.086557198278433,19.204279820947995,-31.569866134369704,"3.21","1.53",,,,"87.1",2578,"6.7",776660,669257,518692,690976,671083,500743,624424,681624,606192,"53.8",,,,,,,,35,1,"Sweeper",5,0,5,0,0,5,5,0,"Standard","Standard",57,"0","0.024",,,,"-0.024",,5,5,0.945,0.945,30,23,31,24,3,2,7,1,7,1,"3.07","-1.06","-1.06","30.1",,,,,
"SI","2025-08-20","98.3","-2.01","5.67","Ohtani, Shohei",671289,660271,"single","hit_into_play",,,,,4,"Tyler Freeman singles on a line drive to right fielder Teoscar Hernández. Orlando Arcia scores. Ryan Ritter to 2nd.","R","R","R","COL","LAD","X",9,"line_drive",1,0,2025,"-1.03","0.41","-0.35","2.11",606115,,690022,2,4,"Bot",183.31,116.61,,,,,6.944157722290485,-143.17705275278962,-5.295265292615528,-15.604615611970159,25.905906195129276,-25.557747986202624,"3.29","1.57",151,"92.5",8,"100",2138,"6.7",776660,669257,518692,690976,671083,500743,624424,681624,606192,"53.79",0.537,0.492,"0.9",1,1,0,4,34,2,"Sinker",4,0,4,0,0,5,5,0,"Standard","Standard",218,"0.032","0.613","70.2","6.2",0.586,"-0.613","92.5",4,4,0.913,0.913,30,26,31,26,3,2,7,1,7,1,"1.9","1.03","1.03","31.8",-9.558521163881096,18.74906490181589,40.494151079016895,32.67730748502455,19.964538288676337
"ST","2025-08-20","85","-2.07","5.66","Ohtani, Shohei",671289,660271,,"ball",,,,,14,"Ball","R","R","R","COL","LAD","B",,,0,0,2025,"1.16","0.07","1.24","2.26",606115,,690022,2,4,"Bot",,,,,,,5.463583434578572,-123.85439072444248,-1.9295473230964855,11.240201515101013,20.40481439243319,-31.25255316583109,"3.27","1.57",,,,"86.2",2649,"6.6",776660,669257,518692,690976,671083,500743,624424,681624,606192,"53.89",,,,,,,,34,1,"Sweeper",4,0,4,0,0,4,4,0,"Standard","Standard",59,"0.001","0.009",,,,"-0.009",,4,4,0.912,0.912,30,26,31,26,3,2,7,1,7,1,"3.03","-1.16","-1.16","32.9",,,,,
"ST","2025-08-20","86.7","-2.02","5.72","Ohtani, Shohei",690022,660271,"fielders_choice_out","hit_into_play",,,,,14,"Ryan Ritter reaches on a fielder's choice out, pitcher Shohei Ohtani to catcher Will Smith to third baseman Buddy Kennedy. Brenton Doyle out at home. Orlando Arcia to 3rd.","R","R","R","COL","LAD","X",1,"ground_ball",0,2,2025,"1.06","-0.04","1.52","1.92",686668,,606115,1,4,"Bot",130.66,178.89,,,,,6.3575402927335745,-126.36473613536972,-2.9615963991606025,10.459276830955961,20.79544773591257,-32.25528225078208,"3.5","1.6",5,"63.1",-21,"88.1",2650,"6.6",776660,669257,518692,690976,671083,500743,624424,681624,606192,"53.85",0.048,0.056,"0",1,0,0,2,33,3,"Sweeper",4,0,4,0,0,4,4,0,"Standard","Standard",60,"-0.014","-0.177","54.4","6.5",0.055,"0.177","88.0",4,4,0.926,0.926,30,24,31,25,2,1,7,1,7,1,"3.01","-1.06","-1.06","35.3",4.410854009361736,15.529966299409587,29.38111828376265,50.11817114314114,18.197502618164904
"SL","2025-08-20","86.7","-1.71","6.12","Ohtani, Shohei",690022,660271,,"foul",,,,,9,"Foul","R","R","R","COL","LAD","S",,,0,1,2025,"0.43","-0.36","0.67","2.1",686668,,606115,1,4,"Bot",,,,,,,4.866097511426539,-126.26231661279586,-2.771583280239393,3.7381442271801215,22.37818910562844,-35.78931451467887,"3.5","1.6",,,,"87.8",2663,"6.7",776660,669257,518692,690976,671083,500743,624424,681624,606192,"53.85",,,,,,,,33,2,"Slider",4,0,4,0,0,4,4,0,"Standard","Standard",83,"-0.004","-0.073",,,,"0.073",,4,4,0.93,0.93,30,24,31,25,2,1,7,1,7,1,"3.36","-0.43","-0.43","42.1",,,,,
"ST","2025-08-20","84.5","-2.16","5.67","Ohtani, Shohei",690022,660271,,"called_strike",,,,,5,"Called Strike","R","R","R","COL","LAD","S",,,0,0,2025,"1.2","-0.1","0.06","2.46",686668,,606115,1,4,"Bot",,,,,,,2.7991379944902057,-123.14043795948562,-1.0389762693153093,11.837902169987286,20.8244407981057,-33.21162998499697,"3.06","1.42",,,,"85.5",2646,"6.5",776660,669257,518692,690976,671083,500743,624424,681624,606192,"53.97",,,,,,,,33,1,"Sweeper",4,0,4,0,0,4,4,0,"Standard","Standard",65,"-0.003","-0.041",,,,"0.041",,4,4,0.933,0.933,30,24,31,25,2,1,7,1,7,1,"3.24","-1.2","-1.2","33.8",,,,,
"SL","2025-08-20","88.7","-2.1","6.16","Ohtani, Shohei",606115,660271,"single","hit_into_play",,,,,9,"Orlando Arcia singles on a line drive to pitcher Shohei Ohtani. Mickey Moniak scores. Brenton Doyle to 3rd.","R","R","R","COL","LAD","X",1,"line_drive",0,2,2025,"0.3","-0.38","0.31","2.2",666160,686668,,1,4,"Bot",122.05,183.44,,,,,5.320855798651496,-129.24708272567509,-2.968330478175832,2.4578090787966618,22.68637187084303,-36.097517942619305,"3.52","1.62",84,"93.7",3,"90",2784,"6.7",776660,669257,518692,690976,671083,500743,624424,681624,606192,"53.83",0.461,0.425,"0.9",1,1,0,4,32,3,"Slider",3,0,3,0,0,4,4,0,"Strategic","Standard",67,"0.045","0.621","69.4","7.7",0.525,"-0.621","93.7",3,3,0.888,0.888,30,30,31,31,2,1,7,3,7,1,"3.23","-0.3","-0.3","43.4",1.3611893233717793,5.0648903791705875,24.562379919640872,38.57006208132922,27.412317589735803
"SL","2025-08-20","89.5","-2.25","6.14","Ohtani, Shohei",606115,660271,,"swinging_strike",,,,,8,"Swinging Strike","R","R","R","COL","LAD","S",,,0,1,2025,"0.21","-0.28","0.23","2.09",666160,686668,,1,4,"Bot",,,,,,,5.69799836076705,-130.40886359552192,-3.510156031466641,1.4273355802009553,23.677976606772393,-34.906769071703486,"3.52","1.62",,,,"90.5",2685,"6.5",776660,669257,518692,690976,671083,500743,624424,681624,606192,"53.96",,,,,,,,32,2,"Slider",3,0,3,0,0,3,3,0,"Strategic","Standard",88,"-0.007","-0.083","70.9","8.6",,"0.083",,3,3,0.895,0.895,30,30,31,31,2,1,7,3,7,1,"3.08","-0.21","-0.21","42.1",16.76780668336581,-23.458789866677506,28.49214544738555,37.484640606683826,39.2044307023795
"SL","2025-08-20","89.2","-2.2","6.08","Ohtani, Shohei",606115,660271,,"swinging_strike",,,,,9,"Swinging Strike","R","R","R","COL","LAD","S",,,0,0,2025,"0.26","-0.29","0.39","1.89",666160,686668,,1,4,"Bot",,,,,,,5.878946363541787,-129.8405615354912,-3.7299377158454274,1.8149694476811244,24.629253912594688,-34.99810440771826,"3.52","1.62",,,,"90.1",2648,"6.6",776660,669257,518692,690976,671083,500743,624424,681624,606192,"53.9",,,,,,,,32,1,"Slider",3,0,3,0,0,3,3,0,"Strategic","Standard",87,"-0.006","-0.051","68.6","8.8",,"0.051",,3,3,0.901,0.901,30,30,31,31,2,1,7,3,7,1,"3.13","-0.26","-0.26","41.3",17.972743681469083,-40.356996384304075,23.990631660302444,38.47272419251128,56.6938612867293
"ST","2025-08-20","83.7","-2.21","5.62","Ohtani, Shohei",686668,660271,"single","hit_into_play",,,,,8,"Brenton Doyle singles on a line drive to center fielder Andy Pages. Mickey Moniak to 3rd. Brenton Doyle to 2nd.","R","R","R","COL","LAD","X",8,"line_drive",0,1,2025,"1.11","-0.21","0.18","2.18",,,666160,1,4,"Bot",117,91,,,,,3.334366046449561,-122.02388741983167,-1.2624761011931291,10.77324134444267,18.927547688793144,-34.25731505023058,"3.46","1.68",204,"73.4",20,"84.9",2606,"6.5",776660,669257,518692,690976,671083,500743,624424,681624,606192,"53.98",0.957,0.882,"0.9",1,1,0,4,31,2,"Sweeper",3,0,3,0,0,3,3,0,"Standard","Standard",67,"0.042","0.446","64.3","7.5",1.028,"-0.446","88.0",3,3,0.859,0.859,30,27,31,27,2,1,7,1,7,1,"3.39","-1.11","-1.11","33.0",16.442841401957224,-7.899738861663896,30.814307440603564,40.47096560795755,33.62692587110796
"ST","2025-08-20","84.1","-2.24","5.75","Ohtani, Shohei",686668,660271,,"swinging_strike",,,,,9,"Swinging Strike","R","R","R","COL","LAD","S",,,0,0,2025,"0.88","0.31","0.57","2.13",,,666160,1,4,"Bot",,,,,,,4.825331808561083,-122.68280227218631,-2.7990204356689343,8.283987688991287,18.76049528087299,-28.6789258562631,"3.46","1.68",,,,"85.5",2420,"6.6",776660,669257,518692,690976,671083,500743,624424,681624,606192,"53.92",,,,,,,,31,1,"Sweeper",3,0,3,0,0,3,3,0,"Standard","Standard",64,"-0.002","-0.04","67.0","7.8",,"0.04",,3,3,0.861,0.861,30,27,31,27,2,1,7,1,7,1,"2.83","-0.88","-0.88","35.8",14.54148962557896,-14.916653271134274,26.760581789062492,45.734507838119356,36.36782442351716
"FS","2025-08-20","88.4","-2.22","5.88","Ohtani, Shohei",666160,660271,"single","hit_into_play",,,,,5,"Mickey Moniak singles on a line drive to right fielder Teoscar Hernández.","R","L","R","COL","LAD","X",9,"line_drive",0,1,2025,"-0.81","0.78","-0.06","2.42",,,,1,4,"Bot",173.1,120.26,,,,,7.00352249977022,-128.74486172897647,-4.12067113626735,-10.282532738524004,22.19010838990949,-22.88292450052733,"3.48","1.64",203,"98.7",13,"89.9",1606,"6.8",776660,669257,518692,690976,671083,500743,624424,681624,606192,"53.7",0.909,0.871,"0.9",1,1,0,4,30,2,"Split-Finger",3,0,3,0,0,3,3,0,"Standard","Standard",229,"0.012","0.453","75.5","7.8",1.093,"-0.453","98.7",3,3,0.849,0.849,30,27,31,27,2,1,7,1,7,2,"2.1","0.81","-0.81","36.8",16.358144737829623,-6.618618481122057,32.5995937771457,41.0521117653334,33.20680131518807
"CU","2025-08-20","74.1","-2.03","6.26","Ohtani, Shohei",666160,660271,,"called_strike",,,,,11,"Called Strike","R","L","R","COL","LAD","S",,,0,0,2025,"0.6","-0.93","-0.88","2.88",,,,1,4,"Bot",,,,,,,1.3221804105318198,-108.06569508326429,1.8430170602738503,4.57045562925055,15.67362786856221,-40.01885250666214,"3.28","1.61",,,,"75",2448,"6.5",776660,669257,518692,690976,671083,500743,624424,681624,606192,"54.03",,,,,,,,30,1,"Curveball",3,0,3,0,0,3,3,0,"Standard","Standard",52,"-0.001","-0.039",,,,"0.039",,3,3,0.85,0.85,30,27,31,27,2,1,7,1,7,2,"5.01","-0.6","0.6","44.7",,,,,
"SI","2025-08-20","93.8","-1.91","5.86","Ohtani, Shohei",682653,660271,"double","hit_into_play",,,,,1,"Warming Bernabel doubles (7) on a line drive to left fielder Michael Conforto. Jordan Beck scores. Throwing error by left fielder Michael Conforto. Warming Bernabel out at 3rd, second baseman Alex Freeland to shortstop Miguel Rojas.","R","R","R","COL","LAD","X",7,"line_drive",0,0,2025,"-1.02","0.59","-0.37","2.9",,,687597,0,4,"Bot",43.38,110.64,,,,,6.299390579124616,-136.63802117096384,-3.3819761144309153,-14.111083141658707,24.213075289870734,-24.236145005427925,"3.09","1.37",281,"99.7",14,"95.4",2001,"6.7",776660,669257,518692,690976,671083,500743,624424,681624,606192,"53.8",0.82,0.812,"1.25",1,1,1,4,29,1,"Sinker",2,0,2,0,0,3,3,0,"Standard","Standard",219,"0.041","0.731","69.3","7.7",1.05,"-0.731","99.7",2,2,0.809,0.809,30,23,31,23,2,1,7,1,7,2,"1.95","1.02","1.02","37.0",5.159539450567794,-19.399203133337085,28.797752413883245,29.834962484042567,33.76770917962396
"SI","2025-08-20","95.2","-2.25","5.82","Ohtani, Shohei",687597,660271,"single","hit_into_play",,,,,7,"Jordan Beck singles on a line drive to right fielder Teoscar Hernández.","R","R","R","COL","LAD","X",9,"line_drive",1,1,2025,"-0.83","0.65","-0.46","2.2",,,,0,4,"Bot",163.85,93.34,,,,,6.606480935762753,-138.639228595478,-5.459509689110975,-12.02953417980048,26.441493545425836,-22.77079763865078,"3.65","1.74",145,"102.2",7,"96.6",2171,"6.7",776660,669257,518692,690976,671083,500743,624424,681624,606192,"53.81",0.643,0.596,"0.9",1,1,0,4,28,3,"Sinker",2,0,2,0,0,2,2,0,"Standard","Standard",221,"0.024","0.447","77.2","7.1",0.72,"-0.447","102.2",2,2,0.785,0.785,30,24,31,24,2,1,7,1,7,1,"1.83","0.83","0.83","35.1",7.411564785875791,-1.0804719944473014,40.81707392960862,33.89209924952508,13.536817585197268
"SI","2025-08-20","93","-2.42","5.87","Ohtani, Shohei",687597,660271,,"called_strike",,,,,5,"Called Strike","R","R","R","COL","LAD","S",,,1,0,2025,"-0.94","0.8","0.23","2.63",,,,0,4,"Bot",,,,,,,8.860668039756003,-135.2143614356757,-4.343103635311393,-13.300763710792115,26.325199819638943,-21.59375049101247,"3.65","1.73",,,,"93.8",2141,"6.5",776660,669257,518692,690976,671083,500743,624424,681624,606192,"53.95",,,,,,,,28,2,"Sinker",2,0,2,0,0,2,2,0,"Standard","Standard",220,"-0.003","-0.05",,,,"0.05",,2,2,0.788,0.788,30,24,31,24,2,1,7,1,7,1,"1.82","0.94","0.94","36.6",,,,,
"CU","2025-08-20","73.6","-1.87","6.38","Ohtani, Shohei",687597,660271,,"ball",,,,,12,"Ball","R","R","R","COL","LAD","B",,,0,0,2025,"0.69","-0.87","1.25","3.1",,,,0,4,"Bot",,,,,,,5.146013497610122,-107.05307766808254,2.1425583876066345,4.521010648285367,17.327024615252373,-39.422828588094454,"3.45","1.59",,,,"74.2",2541,"6.6",776660,669257,518692,690976,671083,500743,624424,681624,606192,"53.87",,,,,,,,28,1,"Curveball",2,0,2,0,0,2,2,0,"Standard","Standard",44,"0.002","0.041",,,,"-0.041",,2,2,0.786,0.786,30,24,31,24,2,1,7,1,7,1,"5.06","-0.69","-0.69","46.4",,,,,
"FC","2025-08-20","97.2","-2.49","5.77","Ohtani, Shohei",696100,660271,"field_out","hit_into_play",,,,,6,"Hunter Goodman grounds out, second baseman Alex Freeland to first baseman Freddie Freeman.","R","R","R","COL","LAD","X",4,"ground_ball",0,1,2025,"0.1","0.49","0.64","2.4",,,,2,3,"Bot",131.55,144.08,,,,,8.22916638054949,-141.63602136284894,-4.827353373314621,0.09473318343001493,22.876314180645625,-24.75893324380351,"3.42","1.6",12,"96.8",-11,"99.2",2378,"6.7",776660,669257,518692,690976,671083,500743,624424,681624,606192,"53.82",0.23,0.223,"0",1,0,0,2,23,2,"Cutter",2,0,2,0,0,2,2,0,"Standard","Standard",210,"-0.007","-0.217","75.7","6.7",0.272,"0.217","96.8",2,2,0.736,0.736,30,25,31,26,2,1,7,1,7,1,"1.86","-0.1","-0.1","35.4",3.230698175610729,15.373991871962756,23.199056129327015,45.36829917930808,28.888990898905433
"ST","2025-08-20","81.5","-2.35","5.8","Ohtani, Shohei",696100,660271,,"called_strike",,,,,1,"Called Strike","R","R","R","COL","LAD","S",,,0,0,2025,"0.82","0.17","-0.62","3.24",,,,2,3,"Bot",,,,,,,2.3294466934994786,-118.94699513465443,0.31480682130356885,7.6111812505091745,16.77739462047052,-30.684899163078402,"3.21","1.54",,,,"82.7",2472,"6.4",776660,669257,518692,690976,671083,500743,624424,681624,606192,"54.13",,,,,,,,23,1,"Sweeper",2,0,2,0,0,2,2,0,"Standard","Standard",71,"-0.001","-0.043",,,,"0.043",,2,2,0.737,0.737,30,25,31,26,2,1,7,1,7,1,"3.16","-0.82","-0.82","35.0",,,,,
"SL","2025-08-20","89.3","-2.07","6.14","Ohtani, Shohei",678662,660271,"field_out","hit_into_play",,,,,9,"Ezequiel Tovar grounds out, third baseman Buddy Kennedy to first baseman Freddie Freeman.","R","R","R","COL","LAD","X",5,"ground_ball",0,2,2025,"0.21","0.08","0.46","1.44",,,,1,3,"Bot",100.83,168.69,,,,,5.831415329627746,-130.02425761475934,-5.892466451784089,1.4086050046693965,22.021541283717465,-30.37012793966384,"3.32","1.51",7,"72.2",-13,"90.6",2477,"6.6",776660,669257,518692,690976,671083,500743,624424,681624,606192,"53.9",0.058,0.059,"0",1,0,0,2,22,6,"Slider",2,0,2,0,0,2,2,0,"Standard","Standard",106,"-0.008","-0.163","72.0","7.9",0.069,"0.163","88.0",2,2,0.745,0.745,30,23,31,24,2,1,7,1,7,1,"2.73","-0.21","-0.21","43.5",14.662175086139285,-9.168027549518207,38.974133007633455,37.054870371106965,33.74125534451893
"SI","2025-08-20","96.1","-2.37","5.76","Ohtani, Shohei",678662,660271,,"foul",,,,,6,"Foul","R","R","R","COL","LAD","S",,,0,2,2025,"-0.75","0.33","0.33","2.42",,,,1,3,"Bot",,,,,,,8.904004816349918,-139.8824691380054,-4.1252378930256235,-11.628265023187792,26.261708357393665,-27.162815141019813,"3.32","1.51",307,"86.1",33,"97.3",2045,"6.6",776660,669257,518692,690976,671083,500743,624424,681624,606192,"53.92",,,,,,,,22,5,"Sinker",2,0,2,0,0,2,2,0,"Standard","Standard",215,"0","0","69.7","6.9",,"0","88.0",2,2,0.745,0.745,30,23,31,24,2,1,7,1,7,1,"2.1","0.75","0.75","35.3",0.2048686054488108,21.11886861216173,34.02585341519526,35.84043547712696,11.590819740500681
"SL","2025-08-20","87.3","-2.27","6.2","Ohtani, Shohei",678662,660271,,"foul",,,,,5,"Foul","R","R","R","COL","LAD","S",,,0,2,2025,"0.39","-0.15","0.22","2.11",,,,1,3,"Bot",,,,,,,5.22617478380816,-127.26261731363684,-3.519448442651317,3.347429033977327,22.03251351921852,-33.367983405650385,"3.32","1.51",220,"80.8",59,"88.3",2523,"6.5",776660,669257,518692,690976,671083,500743,624424,681624,606192,"54.05",,,,,,,,22,4,"Slider",2,0,2,0,0,2,2,0,"Standard","Standard",87,"0","0","75.9","7.3",,"0","88.0",2,2,0.745,0.745,30,23,31,24,2,1,7,1,7,1,"3.09","-0.39","-0.39","42.5",6.910956149653722,-1.0609554764778826,36.94610885577162,34.67430862830278,24.567361609674492
"FF","2025-08-20","96.9","-2.37","5.82","Ohtani, Shohei",678662,660271,,"foul",,,,,12,"Foul","R","R","R","COL","LAD","S",,,0,2,2025,"-0.13","0.72","0.94","3.47",,,,1,3,"Bot",,,,,,,9.196555036038829,-141.0561762929579,-2.47144840637144,-3.4840524856156434,27.363466024262447,-22.149820201334542,"3.32","1.51",129,"86.5",8,"98",2501,"6.5",776660,669257,518692,690976,671083,500743,624424,681624,606192,"53.95",,,,,,,,22,3,"4-Seam Fastball",2,0,2,0,0,2,2,0,"Standard","Standard",206,"0","0","59.7","5.8",,"0","88.0",2,2,0.745,0.745,30,23,31,24,2,1,7,1,7,1,"1.68","0.13","0.13","36.5",-4.307124118722246,39.377079817337936,23.162761924187482,44.04737243556275,1.6548203186944672
"ST","2025-08-20","85.3","-2.47","5.67","Ohtani, Shohei",678662,660271,,"foul_tip",,,,,3,"Foul Tip","R","R","R","COL","LAD","S",,,0,1,2025,"0.97","0.17","0.69","3.03",,,,1,3,"Bot",,,,,,,5.508761151569873,-124.26927492126565,-0.36514569510907324,9.174240673742824,21.223010237903157,-30.465079229222226,"3.32","1.51",,,,"86.3",2553,"6.5",776660,669257,518692,690976,671083,500743,624424,681624,606192,"53.99",,,,,,,,22,2,"Sweeper",2,0,2,0,0,2,2,0,"Standard","Standard",68,"-0.002","-0.052","69.6","7.7",,"0.052",,2,2,0.747,0.747,30,23,31,24,2,1,7,1,7,1,"2.91","-0.97","-0.97","32.9",14.356187937265197,-0.6039101884741293,27.02562721515966,40.20602308626191,29.88610102382638
"ST","2025-08-20","83.4","-2.33","5.8","Ohtani, Shohei",678662,660271,,"foul",,,,,9,"Foul","R","R","R","COL","LAD","S",,,0,0,2025,"0.7","0.25","0.69","1.99",,,,1,3,"Bot",,,,,,,5.5873832979732505,-121.41369255826642,-2.9152553391268063,6.004343260825721,20.67091283823604,-29.317311944890037,"3.32","1.51",,,,"84.1",2464,"6.5",776660,669257,518692,690976,671083,500743,624424,681624,606192,"54.04",,,,,,,,22,1,"Sweeper",2,0,2,0,0,2,2,0,"Standard","Standard",57,"-0.002","-0.039","80.4","8.1",,"0.039",,2,2,0.749,0.749,30,23,31,24,2,1,7,1,7,1,"2.99","-0.7","-0.7","35.5",12.293408096536105,-24.491781594696377,34.19753620679432,39.02453189300342,44.4656051778902
"SL","2025-08-20","84.3","-2.17","6.2","Ohtani, Shohei",671289,660271,"field_out","hit_into_play",,,,,5,"Tyler Freeman flies out to left fielder Michael Conforto.","R","R","R","COL","LAD","X",7,"fly_ball",1,1,2025,"0.24","0.09","-0.15","2.57",,,,0,3,"Bot",75.64,50.89,,,,,4.241890010680197,-122.90194201597308,-2.368752624224207,1.7605271781546545,19.86458195390267,-31.03681995689532,"3.29","1.57",385,"97.6",38,"85.3",2512,"6.4",776660,669257,518692,690976,671083,500743,624424,681624,606192,"54.06",0.179,0.351,"0",1,0,0,3,21,3,"Slider",2,0,2,0,0,2,2,0,"Standard","Standard",100,"-0.014","-0.251","73.1","7.2",0.694,"0.251","97.6",2,2,0.763,0.763,30,26,31,26,2,1,7,1,7,1,"3.06","-0.24","-0.24","43.2",9.377541483625679,-11.994178853653814,32.64120898290049,33.5268180063227,38.39800027729373
"CU","2025-08-20","73.9","-2.2","6.28","Ohtani, Shohei",671289,660271,,"ball",,,,,12,"Ball","R","R","R","COL","LAD","B",,,0,1,2025,"0.9","-0.79","0.25","3.89",,,,0,3,"Bot",,,,,,,3.429827059108536,-107.6815914973092,3.6391454541534696,6.589122460363438,15.672911172217828,-39.07378274435373,"3.18","1.52",,,,"74.6",2507,"6.3",776660,669257,518692,690976,671083,500743,624424,681624,606192,"54.15",,,,,,,,21,2,"Curveball",2,0,2,0,0,2,2,0,"Standard","Standard",49,"0.001","0.031",,,,"-0.031",,2,2,0.762,0.762,30,26,31,26,2,1,7,1,7,1,"4.89","-0.9","-0.9","44.7",,,,,
"SI","2025-08-20","94.5","-2.45","5.79","Ohtani, Shohei",671289,660271,,"called_strike",,,,,8,"Called Strike","R","R","R","COL","LAD","S",,,0,0,2025,"-0.97","0.61","0.25","1.88",,,,0,3,"Bot",,,,,,,9.237144015352069,-137.3923885948861,-5.948737770668206,-14.1635344593376,25.394803610527255,-23.399693970901573,"3.2","1.5",,,,"95.6",2097,"6.6",776660,669257,518692,690976,671083,500743,624424,681624,606192,"53.88",,,,,,,,21,1,"Sinker",2,0,2,0,0,2,2,0,"Standard","Standard",217,"-0.002","-0.039",,,,"0.039",,2,2,0.764,0.764,30,26,31,26,2,1,7,1,7,1,"1.92","0.97","0.97","34.6",,,,,
"SL","2025-08-20","87.8","-2.17","6.15","Ohtani, Shohei",690022,660271,"strikeout","swinging_strike",,,,,14,"Ryan Ritter strikes out swinging.","R","R","R","COL","LAD","S",2,,1,2,2025,"0.37","-0.26","0.36","1.15",686668,,,2,2,"Bot",,,,,,,5.391130739302087,-127.89772363058374,-5.563061062797837,3.061959728420691,23.539508182645623,-34.18503072690733,"3.5","1.6",,,,"88.8",2564,"6.6",776660,669257,518692,690976,671083,500743,624424,681624,606192,"53.91",,0,"0",1,0,0,,16,4,"Slider",2,0,2,0,0,2,2,0,"Standard","Standard",90,"-0.021","-0.192","60.4","8.1",,"0.192",,2,2,0.733,0.733,30,24,31,25,1,0,7,1,7,1,"3.18","-0.37","-0.37","43.9",32.27322657489304,-31.234920688181433,43.904038877890116,38.358713166193056,41.69047689495515
"SL","2025-08-20","87.3","-2.03","6.18","Ohtani, Shohei",690022,660271,,"ball",,,,,14,"Ball","R","R","R","COL","LAD","B",,,0,2,2025,"0.3","-0.32","2.09","1.11",686668,,,2,2,"Bot",,,,,,,9.359841511637258,-126.82810906660411,-5.487403985487308,1.6462175684056701,22.4057164332166,-34.794310592871966,"3.39","1.65",,,,"88.3",2475,"6.7",776660,669257,518692,690976,671083,500743,624424,681624,606192,"53.83",,,,,,,,16,3,"Slider",2,0,2,0,0,2,2,0,"Standard","Standard",68,"0.003","0.027",,,,"-0.027",,2,2,0.73,0.73,30,24,31,25,1,0,7,1,7,1,"3.28","-0.3","-0.3","44.3",,,,,
"SL","2025-08-20","88.1","-2.09","6.14","Ohtani, Shohei",690022,660271,,"swinging_strike",,,,,9,"Swinging Strike","R","R","R","COL","LAD","S",,,0,1,2025,"0.26","-0.13","0.55","1.49",686668,,,2,2,"Bot",,,,,,,5.894931961739838,-128.27247775340535,-5.041007724542697,1.949782956003318,21.973123623053976,-32.89345743885482,"3.5","1.6",,,,"89.1",2504,"6.5",776660,669257,518692,690976,671083,500743,624424,681624,606192,"53.97",,,,,,,,16,2,"Slider",2,0,2,0,0,2,2,0,"Standard","Standard",99,"-0.006","-0.062","67.5","7.8",,"0.062",,2,2,0.736,0.736,30,24,31,25,1,0,7,1,7,1,"3.02","-0.26","-0.26","45.1",22.3867704421594,-23.922764361195124,36.71943379061833,41.24355570832718,40.53210157983044
"ST","2025-08-20","85.6","-2.42","5.65","Ohtani, Shohei",690022,660271,,"foul",,,,,6,"Foul","R","R","R","COL","LAD","S",,,0,0,2025,"1","0.23","0.46","2.78",686668,,,2,2,"Bot",,,,,,,4.8067638727483155,-124.78861566769973,-1.0800398893254455,9.757522691064834,20.823841943821485,-29.77950978432245,"3.5","1.6",226,"71.7",32,"86.6",2606,"6.4",776660,669257,518692,690976,671083,500743,624424,681624,606192,"54.05",,,,,,,,16,1,"Sweeper",2,0,2,0,0,2,2,0,"Standard","Standard",65,"-0.004","-0.044","71.7","7.7",,"0.044","88.0",2,2,0.74,0.74,30,24,31,25,1,0,7,1,7,1,"2.83","-1","-1","34.5",0.1387102912613107,-17.027671921146627,38.62559737368074,43.36742025303808,35.75290651766973
"FC","2025-08-20","98.7","-2.01","5.77","Ohtani, Shohei",606115,660271,"sac_fly","hit_into_play",,,,,3,"Orlando Arcia out on a sacrifice fly to right fielder Teoscar Hernández in foul territory. Mickey Moniak scores. Brenton Doyle to 3rd.","R","R","R","COL","LAD","X",9,"fly_ball",0,2,2025,"0.1","0.73","0.58","3.58",666160,686668,,1,2,"Bot",220.16,110,,,,,6.864144407573329,-143.8259262378327,-2.3389399716709773,0.16230137921105797,25.850543210802403,-21.63496637403884,"3.52","1.62",318,"86.7",42,"100.3",2461,"6.6",776660,669257,518692,690976,671083,500743,624424,681624,606192,"53.92",0.001,0,"0",1,0,0,3,15,3,"Cutter",1,0,1,0,0,2,2,0,"Standard","Standard",205,"0.032","-0.061","66.4","7.1",0.001,"0.061","88.0",1,1,0.708,0.708,30,30,31,31,1,0,7,3,7,1,"1.56","-0.1","-0.1","36.9",5.980922724663794,11.42735548013974,15.059900833767166,41.939586829718905,20.80106377658877
"SL","2025-08-20","88","-1.99","6.01","Ohtani, Shohei",606115,660271,,"foul",,,,,14,"Foul","R","R","R","COL","LAD","S",,,0,1,2025,"0.23","-0.12","0.25","1.11",666160,686668,,1,2,"Bot",,,,,,,5.004931003748487,-128.1069638481488,-5.672012709364491,1.6322213584438117,22.470722700911576,-32.678348353268994,"3.52","1.62",1,"59.5",-41,"89.1",2505,"6.6",776660,669257,518692,690976,671083,500743,624424,681624,606192,"53.88",,,,,,,,15,2,"Slider",1,0,1,0,0,1,1,0,"Standard","Standard",106,"-0.014","-0.083","63.6","8.4",,"0.083","88.0",1,1,0.722,0.722,30,30,31,31,1,0,7,3,7,1,"3.02","-0.23","-0.23","42.0",8.558959126368913,-8.8972382183016,32.59574079211065,38.09144278638532,30.901609794616256
"SI","2025-08-20","95.3","-1.99","5.75","Ohtani, Shohei",606115,660271,,"foul",,,,,5,"Foul","R","R","R","COL","LAD","S",,,0,0,2025,"-0.87","0.67","0.18","2.36",666160,686668,,1,2,"Bot",,,,,,,7.715026104945661,-138.78332509217196,-4.90473818564402,-12.867398954707799,25.301555682194454,-22.595151181027607,"3.52","1.62",235,"76.5",26,"96.6",2170,"6.6",776660,669257,518692,690976,671083,500743,624424,681624,606192,"53.95",,,,,,,,15,1,"Sinker",1,0,1,0,0,1,1,0,"Standard","Standard",214,"-0.01","-0.051","70.9","7.0",,"0.051","88.0",1,1,0.732,0.732,30,30,31,31,1,0,7,3,7,1,"1.8","0.87","0.87","37.5",-8.026740569238322,28.96456903430671,34.024392969156246,36.88922897503039,10.464367396451921
"ST","2025-08-20","85.5","-2.04","5.64","Ohtani, Shohei",686668,660271,"double","hit_into_play",,,,,8,"Brenton Doyle doubles (16) on a fly ball to left fielder Michael Conforto. Warming Bernabel scores. Mickey Moniak to 3rd.","R","R","R","COL","LAD","X",7,"fly_ball",3,2,2025,"1.1","0.19","0.09","1.69",,682653,666160,1,2,"Bot",39.59,112.65,,,,,2.8365087210646722,-124.55418101648822,-3.5143512792808664,11.006033939373133,22.34481953512795,-29.736090670790933,"3.46","1.68",276,"76.4",31,"86.4",2539,"6.5",776660,669257,518692,690976,671083,500743,624424,681624,606192,"53.95",0.261,0.26,"1.25",1,1,1,3,14,6,"Sweeper",0,0,0,0,0,1,1,0,"Standard","Standard",56,"0.13","0.724","65.2","7.9",0.337,"-0.724","88.0",0,0,0.602,0.602,30,27,31,27,1,0,7,1,7,1,"2.89","-1.1","-1.1","35.8",20.121422511228015,-13.23382567937331,35.72075395746365,38.12851857657602,42.50889927343462
"ST","2025-08-20","86.2","-2.2","5.68","Ohtani, Shohei",686668,660271,,"ball",,,,,13,"Ball","R","R","R","COL","LAD","B",,,2,2,2025,"1.06","0.06","-0.86","2.27",,682653,666160,1,2,"Bot",,,,,,,1.0307561959243803,-125.69297662782083,-2.0862702680383927,11.148754569652288,22.69734057360793,-31.350873287110165,"3.4","1.68",,,,"87.1",2569,"6.5",776660,669257,518692,690976,671083,500743,624424,681624,606192,"53.98",,,,,,,,14,5,"Sweeper",0,0,0,0,0,0,0,0,"Standard","Standard",65,"0.014","0.096",,,,"-0.096",,0,0,0.588,0.588,30,27,31,27,1,0,7,1,7,1,"2.97","-1.06","-1.06","31.8",,,,,
"SL","2025-08-20","88.6","-1.81","6.06","Ohtani, Shohei",686668,660271,,"blocked_ball",,,,,14,"Ball In Dirt","R","R","R","COL","LAD","B",,,1,2,2025,"0.3","0","0.21","0.42",,682653,666160,1,2,"Bot",,,,,,,4.341824831781782,-128.9945049429331,-7.850206740452561,2.6269440370444848,22.958731570583808,-30.981470144076106,"3.28","1.65",,,,"89.8",2523,"6.7",776660,669257,518692,690976,671083,500743,624424,681624,606192,"53.8",,,,,,,,14,4,"Slider",0,0,0,0,0,0,0,0,"Standard","Standard",124,"0.007","0.043",,,,"-0.043",,0,0,0.581,0.581,30,27,31,27,1,0,7,1,7,1,"2.87","-0.3","-0.3","44.4",,,,,
"ST","2025-08-20","85.2","-2.14","5.71","Ohtani, Shohei",686668,660271,,"foul",,,,,5,"Foul","R","R","R","COL","LAD","S",,,1,1,2025,"0.87","0.55","0.25","2.38",,682653,666160,1,2,"Bot",,,,,,,3.880426432043422,-124.09430102590417,-2.6852943057147285,8.375171362185009,22.69979119667825,-26.14629615240614,"3.46","1.68",19,"67.6",-6,"86.1",2579,"6.6",776660,669257,518692,690976,671083,500743,624424,681624,606192,"53.91",,,,,,,,14,3,"Sweeper",0,0,0,0,0,0,0,0,"Standard","Standard",82,"-0.01","-0.058","69.1","8.3",,"0.058","88.0",0,0,0.591,0.591,30,27,31,27,1,0,7,1,7,1,"2.56","-0.87","-0.87","35.9",26.108931618100595,-27.742087401856725,32.5475986084656,40.79328604660883,42.75433849048005
"FF","2025-08-20","97.7","-2","5.75","Ohtani, Shohei",686668,660271,,"called_strike",,,,,8,"Called Strike","R","R","R","COL","LAD","S",,,1,0,2025,"-0.28","0.88","-0.05","1.96",,682653,666160,1,2,"Bot",,,,,,,5.976831970146623,-142.3268258166356,-6.90447500825011,-4.945296602220781,26.416893773255694,-18.918304529496517,"3.35","1.68",,,,"99.5",2372,"6.8",776660,669257,518692,690976,671083,500743,624424,681624,606192,"53.72",,,,,,,,14,2,"4-Seam Fastball",0,0,0,0,0,0,0,0,"Standard","Standard",209,"-0.008","-0.045",,,,"0.045",,0,0,0.599,0.599,30,27,31,27,1,0,7,1,7,1,"1.47","0.28","0.28","38.4",,,,,
"ST","2025-08-20","81.1","-2.12","5.77","Ohtani, Shohei",686668,660271,,"ball",,,,,14,"Ball","R","R","R","COL","LAD","B",,,0,0,2025,"1.13","-0.05","0.43","1.18",,682653,666160,1,2,"Bot",,,,,,,3.5563162189957,-118.1551120271493,-3.6758933217299727,10.124088013969644,18.82104441330518,-32.19853459370632,"3.14","1.55",,,,"82.1",2582,"6.5",776660,669257,518692,690976,671083,500743,624424,681624,606192,"53.97",,,,,,,,14,1,"Sweeper",0,0,0,0,0,0,0,0,"Standard","Standard",57,"0.006","0.031",,,,"-0.031",,0,0,0.593,0.593,30,27,31,27,1,0,7,1,7,1,"3.46","-1.13","-1.13","35.9",,,,,
"FF","2025-08-20","99.1","-2.17","5.66","Ohtani, Shohei",666160,660271,"single","hit_into_play",,,,,5,"Mickey Moniak singles on a line drive to center fielder Andy Pages. Warming Bernabel to 2nd.","R","L","R","COL","LAD","X",8,"line_drive",2,2,2025,"-0.11","0.84","0","2.21",,,682653,1,2,"Bot",111.16,67.48,,,,,6.236223445492452,-144.37787053740828,-6.152525891553149,-2.6690554755295066,26.22492068267701,-19.190706725582007,"3.48","1.64",283,"97.5",14,"100.8",2445,"6.7",776660,669257,518692,690976,671083,500743,624424,681624,606192,"53.81",0.863,0.851,"0.9",1,1,0,4,13,5,"4-Seam Fastball",0,0,0,0,0,0,0,0,"Standard","Standard",215,"0.042","0.439","79.8","7.5",1.076,"-0.439","97.5",0,0,0.551,0.551,30,27,31,27,1,0,7,1,7,2,"1.43","0.11","-0.11","35.2",1.5642125999966372,5.0888320274171255,38.36587682905766,38.92451663842827,22.11601813673688
"FC","2025-08-20","93","-2.2","5.65","Ohtani, Shohei",666160,660271,,"swinging_strike",,,,,13,"Swinging Strike","R","L","R","COL","LAD","S",,,2,1,2025,"0.17","0.56","-0.58","1.47",,,682653,1,2,"Bot",,,,,,,3.8117897069623834,-135.64965962406885,-6.394272150834494,1.5653734638011259,21.135752567950117,-24.201610243719706,"3.48","1.64",,,,"94.8",2410,"6.6",776660,669257,518692,690976,671083,500743,624424,681624,606192,"53.92",,,,,,,,13,4,"Cutter",0,0,0,0,0,0,0,0,"Standard","Standard",206,"-0.007","-0.075","33.9","6.6",,"0.075",,0,0,0.558,0.558,30,27,31,27,1,0,7,1,7,2,"2","-0.17","0.17","33.4",-13.236585103997696,32.42625986876294,34.9294099103376,45.80870114192156,4.725603297313761
"FF","2025-08-20","98.5","-2.11","5.74","Ohtani, Shohei",666160,660271,,"ball",,,,,11,"Ball","R","L","R","COL","LAD","B",,,1,1,2025,"-0.39","0.96","-0.97","2.83",,,682653,1,2,"Bot",,,,,,,4.044170004273988,-143.54955176473513,-4.839370371937212,-6.282622613622368,26.000477077369343,-18.008983457739085,"3.4","1.66",,,,"100.3",2440,"6.7",776660,669257,518692,690976,671083,500743,624424,681624,606192,"53.78",,,,,,,,13,3,"4-Seam Fastball",0,0,0,0,0,0,0,0,"Standard","Standard",221,"0.006","0.063",,,,"-0.063",,0,0,0.552,0.552,30,27,31,27,1,0,7,1,7,2,"1.34","0.39","-0.39","35.3",,,,,
"FC","2025-08-20","93.2","-2.23","5.7","Ohtani, Shohei",666160,660271,,"foul_tip",,,,,5,"Foul Tip","R","L","R","COL","LAD","S",,,1,0,2025,"0.39","0.44","0.08","2.34",,,682653,1,2,"Bot",,,,,,,5.107685087614228,-135.82053761373643,-3.9953102268825873,4.09942909848106,22.71015014162089,-26.098527745133655,"3.48","1.64",,,,"94.7",2552,"6.6",776660,669257,518692,690976,671083,500743,624424,681624,606192,"53.92",,,,,,,,13,2,"Cutter",0,0,0,0,0,0,0,0,"Standard","Standard",186,"-0.006","-0.056","70.7","7.4",,"0.056",,0,0,0.558,0.558,30,27,31,27,1,0,7,1,7,2,"2.13","-0.39","0.39","36.5",-2.244452438322038,12.204878895571593,37.444787021880686,39.871876689694005,18.384623560192974
"FC","2025-08-20","93.5","-2.12","5.69","Ohtani, Shohei",666160,660271,,"ball",,,,,14,"Ball","R","L","R","COL","LAD","B",,,0,0,2025,"0.26","0.38","0.77","1.38",,,682653,1,2,"Bot",,,,,,,6.929476491109866,-136.20760616362378,-6.366598453521142,2.1320907300380663,23.3504682736668,-26.457537871475676,"3.38","1.64",,,,"95",2437,"6.6",776660,669257,518692,690976,671083,500743,624424,681624,606192,"53.87",,,,,,,,13,1,"Cutter",0,0,0,0,0,0,0,0,"Standard","Standard",185,"0.004","0.035",,,,"-0.035",,0,0,0.554,0.554,30,27,31,27,1,0,7,1,7,2,"2.18","-0.26","0.26","32.8",,,,,
"FF","2025-08-20","97.1","-1.92","5.83","Ohtani, Shohei",682653,660271,"force_out","hit_into_play",,,,,4,"Warming Bernabel grounds into a force out, shortstop Miguel Rojas to second baseman Alex Freeland. Jordan Beck out at 2nd. Warming Bernabel to 1st.","R","R","R","COL","LAD","X",6,"ground_ball",1,1,2025,"-0.26","0.98","-0.57","2.14",,,687597,0,2,"Bot",120.12,168.08,,,,,4.239914624264418,-141.40771759949388,-6.744432355193215,-4.2816532240628336,25.298161401797696,-17.730153556013605,"3.09","1.37",17,"60.7",-5,"98.8",2445,"6.7",776660,669257,518692,690976,671083,500743,624424,681624,606192,"53.8",0.046,0.05,"0",1,0,0,2,12,3,"4-Seam Fastball",0,0,0,0,0,0,0,0,"Standard","Standard",217,"-0.033","-0.327","69.3","7.2",0.046,"0.327","88.0",0,0,0.587,0.587,30,23,31,23,1,0,7,1,7,2,"1.39","0.26","0.26","37.4",-12.47388337033653,-4.706005215370686,45.027219289649636,28.05830895662222,19.26367309159844
"ST","2025-08-20","85.2","-2.09","5.75","Ohtani, Shohei",682653,660271,,"ball",,,,,14,"Ball","R","R","R","COL","LAD","B",,,0,1,2025,"0.63","0.44","1.62","1.09",,,687597,0,2,"Bot",,,,,,,7.482079141573606,-123.99192087377004,-5.648261205037245,5.3342635124069675,20.57524885681753,-26.77705374302575,"3.03","1.39",,,,"86.2",2488,"6.6",776660,669257,518692,690976,671083,500743,624424,681624,606192,"53.94",,,,,,,,12,2,"Sweeper",0,0,0,0,0,0,0,0,"Standard","Standard",79,"0.003","0.034",,,,"-0.034",,0,0,0.584,0.584,30,23,31,23,1,0,7,1,7,2,"2.66","-0.63","-0.63","34.7",,,,,
"SI","2025-08-20","94.8","-1.87","5.85","Ohtani, Shohei",682653,660271,,"foul",,,,,1,"Foul","R","R","R","COL","LAD","S",,,0,0,2025,"-0.92","0.62","-0.31","2.92",,,687597,0,2,"Bot",,,,,,,6.1698344285086115,-138.08533108141083,-3.474206988582729,-13.060663743372196,26.549171031401915,-23.70232185847303,"3.09","1.37",2,,-54,"96",2200,"6.6",776660,669257,518692,690976,671083,500743,624424,681624,606192,"53.87",,,,,,,,12,1,"Sinker",0,0,0,0,0,0,0,0,"Standard","Standard",215,"-0.005","-0.043","58.7","6.7",,"0.043",,0,0,0.589,0.589,30,23,31,23,1,0,7,1,7,2,"1.89","0.92","0.92","37.2",5.026645026787083,-9.388677573654151,26.78131515297382,31.91187665830701,26.756146010692397
"FC","2025-08-20","94.3","-2.47","5.75","Ohtani, Shohei",687597,660271,"single","hit_into_play",,,,,9,"Jordan Beck singles on a fly ball to center fielder Andy Pages.","R","R","R","COL","LAD","X",8,"fly_ball",0,1,2025,"0.4","0.58","0.58","2.32",,,,0,2,"Bot",150.08,98.75,,,,,7.060867274841975,-137.28160980913444,-4.608468010564507,3.798678568268335,25.762316759990266,-24.081061093799313,"3.65","1.74",250,"70.1",36,"95.2",2578,"6.4",776660,669257,518692,690976,671083,500743,624424,681624,606192,"54.08",0.633,0.642,"0.9",1,1,0,3,11,2,"Cutter",0,0,0,0,0,0,0,0,"Standard","Standard",187,"0.041","0.477","67.3","8.2",0.776,"-0.477","88.0",0,0,0.548,0.548,30,24,31,24,1,0,7,1,7,1,"1.95","-0.4","-0.4","33.9",27.27937162884735,1.4616410455928752,31.043689445546015,44.91359942246516,28.520435538520125
"SL","2025-08-20","83.4","-2.53","5.81","Ohtani, Shohei",687597,660271,,"called_strike",,,,,8,"Called Strike","R","R","R","COL","LAD","S",,,0,0,2025,"0.25","0.62","0.18","1.71",,,,0,2,"Bot",,,,,,,5.782775033806786,-121.47077666698135,-4.315410348882342,1.529849166573478,19.95878053877575,-25.442735707189428,"3.49","1.71",,,,"84.2",2447,"6.4",776660,669257,518692,690976,671083,500743,624424,681624,606192,"54.06",,,,,,,,11,1,"Slider",0,0,0,0,0,0,0,0,"Standard","Standard",80,"-0.003","-0.039",,,,"0.039",,0,0,0.551,0.551,30,24,31,24,1,0,7,1,7,1,"2.61","-0.25","-0.25","33.9",,,,,
"ST","2025-08-20","86.9","-2.53","5.67","Ohtani, Shohei",696100,660271,"field_out","hit_into_play",,,,,6,"Hunter Goodman grounds out, shortstop Miguel Rojas to first baseman Freddie Freeman.","R","R","R","COL","LAD","X",6,"ground_ball",2,1,2025,"0.85","0.51","0.73","2.74",,,,2,1,"Bot",100.13,155.74,,,,,6.1286397020410845,-126.49494495721123,-1.951862611704997,8.038118748743031,23.139706141192075,-26.51606102986488,"3.42","1.6",12,"66.5",-12,"87.8",2597,"6.6",776660,669257,518692,690976,671083,500743,624424,681624,606192,"53.86",0.035,0.044,"0",1,0,0,2,7,4,"Sweeper",0,0,0,0,0,0,0,0,"Standard","Standard",78,"-0.011","-0.296","69.8","7.6",0.035,"0.296","88.0",0,0,0.511,0.511,30,25,31,26,1,0,7,1,7,1,"2.48","-0.85","-0.85","32.8",17.23333805372675,-16.589946440730696,18.732579212373913,45.52873438750703,42.953950339622665
"ST","2025-08-20","82.7","-2.55","5.82","Ohtani, Shohei",696100,660271,,"called_strike",,,,,2,"Called Strike","R","R","R","COL","LAD","S",,,2,0,2025,"0.96","0.41","0.13","3.21",,,,2,1,"Bot",,,,,,,4.258709518816441,-120.42471192570636,-0.3058040975183154,8.606925251482037,21.37698353027158,-28.263427576621535,"3.26","1.56",,,,"83.2",2526,"6.4",776660,669257,518692,690976,671083,500743,624424,681624,606192,"54.13",,,,,,,,7,3,"Sweeper",0,0,0,0,0,0,0,0,"Standard","Standard",76,"-0.003","-0.066",,,,"0.066",,0,0,0.514,0.514,30,25,31,26,1,0,7,1,7,1,"2.89","-0.96","-0.96","33.5",,,,,
"ST","2025-08-20","81.5","-2.42","5.9","Ohtani, Shohei",696100,660271,,"ball",,,,,14,"Ball","R","R","R","COL","LAD","B",,,1,0,2025,"0.92","0.34","1.69","1.81",,,,2,1,"Bot",,,,,,,7.4662625482973395,-118.61091078619225,-3.295479312751165,7.432496643662895,20.56364798152738,-28.587521709699246,"3.21","1.52",,,,"81.9",2500,"6.3",776660,669257,518692,690976,671083,500743,624424,681624,606192,"54.16",,,,,,,,7,2,"Sweeper",0,0,0,0,0,0,0,0,"Standard","Standard",81,"0.003","0.065",,,,"-0.065",,0,0,0.511,0.511,30,25,31,26,1,0,7,1,7,1,"3.07","-0.92","-0.92","35.8",,,,,
"CU","2025-08-20","75.3","-2.05","6.14","Ohtani, Shohei",696100,660271,,"ball",,,,,14,"Ball","R","R","R","COL","LAD","B",,,0,0,2025,"0.73","-0.9","0.98","0.11",,,,2,1,"Bot",,,,,,,5.041868708427216,-109.61562831209139,-3.8360482988815785,5.038143716304108,18.736358647354262,-38.9697039931613,"3.12","1.56",,,,"76.1",2472,"6.8",776660,669257,518692,690976,671083,500743,624424,681624,606192,"53.75",,,,,,,,7,1,"Curveball",0,0,0,0,0,0,0,0,"Standard","Standard",41,"0.001","0.037",,,,"-0.037",,0,0,0.51,0.51,30,25,31,26,1,0,7,1,7,1,"4.9","-0.73","-0.73","44.2",,,,,
"SI","2025-08-20","95.1","-2.36","5.83","Ohtani, Shohei",678662,660271,"field_out","hit_into_play",,,,,5,"Ezequiel Tovar lines out to right fielder Teoscar Hernández.","R","R","R","COL","LAD","X",9,"line_drive",0,0,2025,"-0.83","0.39","0.11","2.3",,,,1,1,"Bot",183.41,97.78,,,,,8.367609867168035,-138.35112118597218,-4.580630441178957,-12.317625309188346,25.428322101742094,-26.412437466256165,"3.32","1.51",289,"81.8",29,"96.1",2084,"6.5",776660,669257,518692,690976,671083,500743,624424,681624,606192,"53.99",0.114,0.122,"0",1,0,0,3,6,1,"Sinker",0,0,0,0,0,0,0,0,"Standard","Standard",215,"-0.016","-0.254","71.5","7.2",0.172,"0.254","88.0",0,0,0.526,0.526,30,23,31,24,1,0,7,1,7,1,"2.1","0.83","0.83","34.8",4.012108393120087,10.599593080617176,34.44378949001475,33.66826875156771,20.929681722643075
"ST","2025-08-20","86.5","-2.71","5.7","Ohtani, Shohei",671289,660271,"strikeout","called_strike",,,,,7,"Tyler Freeman called out on strikes.","R","R","R","COL","LAD","S",2,,2,2,2025,"1.03","-0.09","-0.44","1.57",,,,0,1,"Bot",,,,,,,3.3242936430328553,-126.00285834689686,-3.560459425803989,10.468120376310459,22.675375119077497,-32.67372740900081,"3.17","1.48",,,,"87.2",2524,"6.4",776660,669257,518692,690976,671083,500743,624424,681624,606192,"54.1",,0,"0",1,0,0,,5,5,"Sweeper",0,0,0,0,0,0,0,0,"Standard","Standard",82,"-0.02","-0.232",,,,"0.232",,0,0,0.546,0.546,30,26,31,26,1,0,7,1,7,1,"3.1","-1.03","-1.03","34.0",,,,,
"FF","2025-08-20","97.1","-2.52","5.69","Ohtani, Shohei",671289,660271,,"foul",,,,,12,"Foul","R","R","R","COL","LAD","S",,,2,1,2025,"-0.22","0.93","1.01","2.64",,,,0,1,"Bot",,,,,,,10.026839663832195,-141.23662658900668,-4.888652515164975,-4.882381886463827,26.359538503139984,-18.773699928541035,"3.29","1.57",219,"80.5",20,"98.3",2455,"6.6",776660,669257,518692,690976,671083,500743,624424,681624,606192,"53.89",,,,,,,,5,4,"4-Seam Fastball",0,0,0,0,0,0,0,0,"Standard","Standard",217,"-0.005","-0.073","67.1","6.4",,"0.073","88.0",0,0,0.551,0.551,30,26,31,26,1,0,7,1,7,1,"1.46","0.22","0.22","34.7",-7.520328868492376,20.523495124573888,32.58613411043842,47.68677248283035,13.963158821049898
"SL","2025-08-20","90.2","-2.58","5.72","Ohtani, Shohei",671289,660271,,"swinging_strike",,,,,14,"Swinging Strike","R","R","R","COL","LAD","S",,,2,0,2025,"0.36","0.28","1.1","2.3",,,,0,1,"Bot",,,,,,,8.424128253244232,-131.35290350516237,-3.256913675364425,2.7820557406590067,23.013142276494193,-28.422508874303787,"3.29","1.57",,,,"91.3",2436,"6.5",776660,669257,518692,690976,671083,500743,624424,681624,606192,"53.99",,,,,,,,5,3,"Slider",0,0,0,0,0,0,0,0,"Standard","Standard",184,"-0.007","-0.072","71.7","7.9",,"0.072",,0,0,0.558,0.558,30,26,31,26,1,0,7,1,7,1,"2.47","-0.36","-0.36","33.6",20.19025098996022,-30.058006654992674,29.545353637046155,46.212524148686065,51.25908379313775
"SI","2025-08-20","94.5","-2.4","5.77","Ohtani, Shohei",671289,660271,,"ball",,,,,14,"Ball","R","R","R","COL","LAD","B",,,1,0,2025,"-0.92","0.54","1.05","1.99",,,,0,1,"Bot",,,,,,,11.075785162374213,-137.29286135829219,-5.501743654809461,-13.725551057819187,24.366501722025145,-24.357056232119266,"3.23","1.54",,,,"95.7",2149,"6.7",776660,669257,518692,690976,671083,500743,624424,681624,606192,"53.85",,,,,,,,5,2,"Sinker",0,0,0,0,0,0,0,0,"Standard","Standard",220,"0.007","0.077",,,,"-0.077",,0,0,0.551,0.551,30,26,31,26,1,0,7,1,7,1,"1.98","0.92","0.92","35.5",,,,,
"FF","2025-08-20","94.2","-2.46","5.83","Ohtani, Shohei",671289,660271,,"ball",,,,,14,"Ball","R","R","R","COL","LAD","B",,,0,0,2025,"-0.03","0.92","1.13","1.98",,,,0,1,"Bot",,,,,,,9.441909309282106,-136.9458054872528,-6.475805520214144,-2.1171515962918743,24.339206098093033,-19.396509806472384,"3.19","1.49",,,,"95.6",2344,"6.7",776660,669257,518692,690976,671083,500743,624424,681624,606192,"53.79",,,,,,,,5,1,"4-Seam Fastball",0,0,0,0,0,0,0,0,"Standard","Standard",208,"0.003","0.041",,,,"-0.041",,0,0,0.548,0.548,30,26,31,26,1,0,7,1,7,1,"1.61","0.03","0.03","35.6",,,,,
"ST","2025-08-13","85.5","-2.14","5.63","Ohtani, Shohei",687263,660271,"double","hit_into_play",,,,,6,"Zach Neto doubles (25) on a sharp line drive to left fielder Alex Call. Logan O'Hoppe scores. Bryce Teodosio scores.","R","R","R","LAA","LAD","X",7,"line_drive",2,0,2025,"0.79","0.27","0.5","2.27",,681351,669326,1,5,"Bot",55.65,123.85,,,,,4.645205822437161,-124.45407781626093,-2.145343299579739,7.184953761924286,27.12688109828786,-29.106507545448405,"3.25","1.56",254,"101.7",18,"85.9",2539,"6.7",776752,669257,518692,500743,690976,605141,669743,681624,606192,"53.76",0.329,0.486,"1.25",1,1,1,5,45,3,"Sweeper",2,5,2,5,5,4,4,5,"Standard","Standard",71,"0.177","0.688","72.8","7.6",0.856,"-0.688","101.7",-3,-3,0.268,0.268,30,24,31,24,3,2,7,1,7,2,"2.86","-0.79","-0.79","35.6",24.90137194779725,-12.033728442129133,41.642625767739794,35.132565780181636,42.02586089375099
"ST","2025-08-13","86","-2.15","5.55","Ohtani, Shohei",687263,660271,,"blocked_ball",,,,,14,"Ball In Dirt","R","R","R","LAA","LAD","B",,,1,0,2025,"1.15","0.49","1.45","0.7",,681351,669326,1,5,"Bot",,,,,,,6.251683060268884,-124.88009729454411,-6.177511772154448,10.431163480574483,28.712581728720885,-25.905599731285964,"3.31","1.56",,,,"86.2",2576,"6.8",776752,669257,518692,500743,690976,605141,669743,681624,606192,"53.65",,,,,,,,45,2,"Sweeper",2,5,2,5,5,2,2,5,"Standard","Standard",69,"0.015","0.071",,,,"-0.071",,-3,-3,0.253,0.253,30,24,31,24,3,2,7,1,7,2,"2.64","-1.15","-1.15","34.7",,,,,
"FF","2025-08-13","99.5","-2.02","5.68","Ohtani, Shohei",687263,660271,,"ball",,,,,14,"Ball","R","R","R","LAA","LAD","B",,,0,0,2025,"-0.35","1.4","1.28","1.66",,681351,669326,1,5,"Bot",,,,,,,9.958771073751041,-144.2863677794951,-8.919849467687468,-7.418279501441253,37.29274898149804,-10.634294108161788,"3.4","1.63",,,,"99.9",2328,"6.9",776752,669257,518692,500743,690976,605141,669743,681624,606192,"53.57",,,,,,,,45,1,"4-Seam Fastball",2,5,2,5,5,2,2,5,"Standard","Standard",201,"0.008","0.031",,,,"-0.031",,-3,-3,0.245,0.245,30,24,31,24,3,2,7,1,7,2,"0.94","0.35","0.35","37.3",,,,,
"ST","2025-08-13","86.3","-2.32","5.57","Ohtani, Shohei",669326,660271,"single","hit_into_play",,,,,8,"Bryce Teodosio singles on a fly ball to right fielder Teoscar Hernández. Logan O'Hoppe to 2nd.","R","R","R","LAA","LAD","X",9,"fly_ball",2,2,2025,"1.42","0.18","0.22","1.98",,,681351,1,5,"Bot",176.85,131.02,,,,,3.1810145970461843,-125.59888782189508,-2.6817674685534385,14.353797339047603,26.562500451118037,-29.8773075454424,"3.49","1.6",202,"67.7",39,"86.9",2605,"6.7",776752,669257,518692,500743,690976,605141,669743,681624,606192,"53.77",0.527,0.497,"0.9",1,1,0,4,44,5,"Sweeper",2,5,2,5,5,2,2,5,"Standard","Standard",62,"0.053","0.439","70.4","7.0",0.594,"-0.439","88.0",-3,-3,0.192,0.192,30,26,31,26,2,1,7,1,7,2,"2.89","-1.42","-1.42","32.6",13.792869718516645,-9.654009417942518,37.49280363162373,42.55985241743413,40.20065044707549
"FF","2025-08-13","97","-2.12","5.66","Ohtani, Shohei",669326,660271,,"swinging_strike",,,,,6,"Swinging Strike","R","R","R","LAA","LAD","S",,,2,1,2025,"-0.39","1.36","0.3","2.46",,,681351,1,5,"Bot",,,,,,,7.404384307096563,-140.92094043492233,-6.142942492162262,-6.882306171026484,33.30230079357493,-12.88326198653192,"3.49","1.6",,,,"97.7",2269,"6.9",776752,669257,518692,500743,690976,605141,669743,681624,606192,"53.62",,,,,,,,44,4,"4-Seam Fastball",2,5,2,5,5,2,2,5,"Standard","Standard",219,"-0.008","-0.075","70.6","6.1",,"0.075",,-3,-3,0.2,0.2,30,26,31,26,2,1,7,1,7,2,"1.08","0.39","0.39","36.5",-4.214456235070387,19.563719179062005,35.298136192931246,44.752266663343406,17.671083958401148
"ST","2025-08-13","83.8","-2.29","5.57","Ohtani, Shohei",669326,660271,,"ball",,,,,14,"Ball","R","R","R","LAA","LAD","B",,,1,1,2025,"1.52","-0.1","1.51","1.26",,,681351,1,5,"Bot",,,,,,,5.819753711561084,-121.87105164162628,-3.288468714076895,13.741386536173602,26.599673846758623,-32.64899124067625,"3.66","1.77",,,,"84.2",2510,"6.8",776752,669257,518692,500743,690976,605141,669743,681624,606192,"53.7",,,,,,,,44,3,"Sweeper",2,5,2,5,5,2,2,5,"Standard","Standard",54,"0.007","0.063",,,,"-0.063",,-3,-3,0.193,0.193,30,26,31,26,2,1,7,1,7,2,"3.38","-1.52","-1.52","34.6",,,,,
"ST","2025-08-13","81.5","-2.21","5.59","Ohtani, Shohei",669326,660271,,"blocked_ball",,,,,14,"Ball In Dirt","R","R","R","LAA","LAD","B",,,0,1,2025,"1.39","0.04","2.03","0.06",,,681351,1,5,"Bot",,,,,,,6.895791752433334,-118.39601500634708,-5.797863593651406,11.267285699724052,27.01057445502373,-30.66928016440271,"3.61","1.78",,,,"81.5",2670,"6.8",776752,669257,518692,500743,690976,605141,669743,681624,606192,"53.69",,,,,,,,44,2,"Sweeper",2,5,2,5,5,2,2,5,"Standard","Standard",56,"0.003","0.019",,,,"-0.019",,-3,-3,0.19,0.19,30,26,31,26,2,1,7,1,7,2,"3.46","-1.39","-1.39","33.0",,,,,
"ST","2025-08-13","82.9","-2.24","5.65","Ohtani, Shohei",669326,660271,,"swinging_strike",,,,,9,"Swinging Strike","R","R","R","LAA","LAD","S",,,0,0,2025,"1.39","0.23","0.74","2.13",,,681351,1,5,"Bot",,,,,,,4.114337846767139,-120.70740684840018,-1.9832953370855546,12.635881834067987,25.973329272221523,-29.720253821642025,"3.49","1.6",,,,"83.3",2541,"6.8",776752,669257,518692,500743,690976,605141,669743,681624,606192,"53.73",,,,,,,,44,1,"Sweeper",2,5,2,5,5,2,2,5,"Standard","Standard",66,"-0.005","-0.04","52.2","7.5",,"0.04",,-3,-3,0.195,0.195,30,26,31,26,2,1,7,1,7,2,"3.11","-1.39","-1.39","34.7",23.87119893744346,-22.361733202461924,30.234489102787926,48.8588150194133,46.02740266151404
"FF","2025-08-13","97.7","-2.4","5.67","Ohtani, Shohei",681351,660271,"single","hit_into_play",,,,,2,"Logan O'Hoppe singles on a sharp ground ball to center fielder Andy Pages.","R","R","R","LAA","LAD","X",8,"ground_ball",1,2,2025,"-0.22","1.12","0.12","3.01",,,,1,5,"Bot",104.42,115.2,,,,,7.37426818803203,-142.05843674742056,-4.238841609372495,-4.740797467052172,34.62030694189457,-16.284629638517956,"3.54","1.68",72,"103.8",2,"98.4",2376,"6.8",776752,669257,518692,500743,690976,605141,669743,681624,606192,"53.66",0.57,0.556,"0.9",1,1,0,4,43,5,"4-Seam Fastball",2,5,2,5,5,2,2,5,"Standard","Standard",212,"0.034","0.489","69.7","7.0",0.672,"-0.489","103.8",-3,-3,0.161,0.161,30,25,31,25,2,1,7,1,7,3,"1.29","0.22","0.22","36.4",14.993090468188807,6.054186132168796,25.24456865734972,38.18632979947067,28.056961466960043
"SL","2025-08-13","85.4","-2.13","6.13","Ohtani, Shohei",681351,660271,,"foul",,,,,8,"Foul","R","R","R","LAA","LAD","S",,,1,2,2025,"0.56","-0.3","0.24","1.92",,,,1,5,"Bot",,,,,,,4.485576708623947,-124.41248564366934,-3.072864605297829,4.948435140300314,24.27306904553268,-34.90765196648259,"3.54","1.68",4,"72.9",-26,"86.1",2595,"6.6",776752,669257,518692,500743,690976,605141,669743,681624,606192,"53.89",,,,,,,,43,4,"Slider",2,5,2,5,5,2,2,5,"Standard","Standard",63,"0","0","69.8","8.1",,"0","88.0",-3,-3,0.161,0.161,30,25,31,25,2,1,7,1,7,3,"3.41","-0.56","-0.56","43.9",21.169794205655492,-14.264173001783742,34.23264823915393,38.348583437941826,47.5369310893513
"ST","2025-08-13","84.9","-2.82","5.58","Ohtani, Shohei",681351,660271,,"foul_tip",,,,,8,"Foul Tip","R","R","R","LAA","LAD","S",,,1,1,2025,"1.46","0.5","-0.03","2.1",,,,1,5,"Bot",,,,,,,3.6319542034490744,-123.56069960654676,-2.7858299866377187,14.177940913271268,25.756418232442325,-26.741900625784876,"3.54","1.68",,,,"85.5",2511,"6.7",776752,669257,518692,500743,690976,605141,669743,681624,606192,"53.75",,,,,,,,43,3,"Sweeper",2,5,2,5,5,2,2,5,"Standard","Standard",65,"-0.003","-0.064","71.2","8.4",,"0.064",,-3,-3,0.164,0.164,30,25,31,25,2,1,7,1,7,3,"2.68","-1.46","-1.46","31.4",25.14567749506896,-33.19016110073587,32.278795978583304,35.21063270183329,48.76138178003757
"SI","2025-08-13","96.9","-2.42","5.68","Ohtani, Shohei",681351,660271,,"ball",,,,,9,"Ball","R","R","R","LAA","LAD","B",,,0,1,2025,"-1.16","0.84","0.74","1.6",,,,1,5,"Bot",,,,,,,11.190382299981174,-140.51798979950706,-7.3011548056902065,-18.020532723669668,33.248928567994916,-19.455228911122777,"3.39","1.52",,,,"97.4",2143,"6.9",776752,669257,518692,500743,690976,605141,669743,681624,606192,"53.63",,,,,,,,43,2,"Sinker",2,5,2,5,5,2,2,5,"Standard","Standard",217,"0.002","0.029",,,,"-0.029",,-3,-3,0.162,0.162,30,25,31,25,2,1,7,1,7,3,"1.61","1.16","1.16","33.6",,,,,
"CU","2025-08-13","74.8","-2.18","6.19","Ohtani, Shohei",681351,660271,,"called_strike",,,,,6,"Called Strike","R","R","R","LAA","LAD","S",,,0,0,2025,"1.22","-0.99","0.77","2.4",,,,1,5,"Bot",,,,,,,3.9657113512812954,-108.78079641779013,1.235936154068048,8.772073296598137,21.959198824569583,-40.40828819468129,"3.4","1.53",,,,"74.9",2448,"6.7",776752,669257,518692,500743,690976,605141,669743,681624,606192,"53.8",,,,,,,,43,1,"Curveball",2,5,2,5,5,2,2,5,"Standard","Standard",42,"-0.003","-0.039",,,,"0.039",,-3,-3,0.165,0.165,30,25,31,25,2,1,7,1,7,3,"5.11","-1.22","-1.22","44.4",,,,,
"FS","2025-08-13","91.1","-2.6","5.69","Ohtani, Shohei",650859,660271,"strikeout","swinging_strike",,,,,13,"Luis Rengifo strikes out swinging.","R","L","R","LAA","LAD","S",2,,1,2,2025,"-1.19","0.51","-1.52","1.59",,,,0,5,"Bot",,,,,,,5.3347322330870695,-132.57163003888277,-5.565141475135952,-15.219240457233298,28.582407444291288,-25.147973815358377,"3.2","1.45",,,,"92",1515,"6.8",776752,669257,518692,500743,690976,605141,669743,681624,606192,"53.68",,0,"0",1,0,0,,42,5,"Split-Finger",2,5,2,5,5,2,2,5,"Infield shade","Standard",230,"-0.02","-0.189","65.5","7.4",,"0.189",,-3,-3,0.185,0.185,30,28,31,28,2,1,7,1,7,3,"2.24","1.19","-1.19","34.3",5.890664644158129,4.045427511673282,25.069192981477027,51.492477550244345,26.40399441858669
"SL","2025-08-13","87","-2.29","6.06","Ohtani, Shohei",650859,660271,,"foul",,,,,2,"Foul","R","L","R","LAA","LAD","S",,,1,2,2025,"0.28","-0.05","-0.08","3",,,,0,5,"Bot",,,,,,,4.764979728144789,-126.78697049376778,-1.1297202818762706,2.159593406692291,24.295306657083525,-32.68536278419882,"3.2","1.45",200,"71.5",42,"87.9",2545,"6.7",776752,669257,518692,500743,690976,605141,669743,681624,606192,"53.84",,,,,,,,42,4,"Slider",2,5,2,5,5,2,2,5,"Infield shade","Standard",67,"0","0",,,,"0","88.0",-3,-3,0.185,0.185,30,28,31,28,2,1,7,1,7,3,"3.04","-0.28","0.28","41.8",,,,,
"FF","2025-08-13","98.2","-2.48","5.68","Ohtani, Shohei",650859,660271,,"ball",,,,,11,"Ball","R","L","R","LAA","LAD","B",,,0,2,2025,"-0.23","1.09","-0.49","5.25",,,,0,5,"Bot",,,,,,,5.9746902583308,-142.9173369228909,1.8323227030829017,-4.582441027447376,33.677833933871035,-17.964296953633973,"3.25","1.56",,,,"98.8",2314,"6.7",776752,669257,518692,500743,690976,605141,669743,681624,606192,"53.81",,,,,,,,42,3,"4-Seam Fastball",2,5,2,5,5,2,2,5,"Infield shade","Standard",215,"0.002","0.024",,,,"-0.024",,-3,-3,0.183,0.183,30,28,31,28,2,1,7,1,7,3,"1.28","0.23","-0.23","33.7",,,,,
"FS","2025-08-13","88","-2.37","5.78","Ohtani, Shohei",650859,660271,,"foul",,,,,11,"Foul","R","L","R","LAA","LAD","S",,,0,1,2025,"-1.29","0.43","-1.29","2.33",,,,0,5,"Bot",,,,,,,5.347701349084012,-128.02079403266265,-3.191104042851772,-15.242294872415782,26.350237133024223,-26.969378349296974,"3.2","1.45",162,"66.8",60,"88.9",1581,"6.8",776752,669257,518692,500743,690976,605141,669743,681624,606192,"53.67",,,,,,,,42,2,"Split-Finger",2,5,2,5,5,2,2,5,"Standard","Standard",238,"-0.005","-0.055","65.2","7.4",,"0.055","88.0",-3,-3,0.188,0.188,30,28,31,28,2,1,7,1,7,3,"2.51","1.29","-1.29","34.4",6.970211788115825,8.390943867349186,25.829610137855013,49.47331441105874,22.733147135609492
"FC","2025-08-13","92.9","-2.44","5.77","Ohtani, Shohei",650859,660271,,"called_strike",,,,,8,"Called Strike","R","L","R","LAA","LAD","S",,,0,0,2025,"0.09","0.94","0.26","1.99",,,,0,5,"Bot",,,,,,,6.758856219204563,-135.16427113658747,-6.005446192781849,-0.26539807193893417,28.53251019009485,-19.51717493921559,"3.17","1.48",,,,"93.7",2478,"6.7",776752,669257,518692,500743,690976,605141,669743,681624,606192,"53.78",,,,,,,,42,1,"Cutter",2,5,2,5,5,2,2,5,"Standard","Standard",221,"-0.004","-0.039",,,,"0.039",,-3,-3,0.192,0.192,30,28,31,28,2,1,7,1,7,3,"1.69","-0.09","0.09","34.5",,,,,
"FF","2025-08-13","98.2","-1.87","5.81","Ohtani, Shohei",666176,660271,"field_out","hit_into_play",,,,,8,"Jo Adell grounds out sharply, shortstop Mookie Betts to first baseman Freddie Freeman.","R","R","R","LAA","LAD","X",6,"ground_ball",2,1,2025,"-0.46","1.2","0.21","2.38",,660162,,2,4,"Bot",106.42,151.4,,,,,6.759055373969721,-142.6394293575917,-6.596150885653368,-7.959312849228047,35.2617209826404,-14.400243397015702,"3.68","1.81",35,"113.9",-2,"98.6",2428,"6.8",776752,669257,518692,500743,690976,605141,669743,681624,606192,"53.73",0.504,0.456,"0",1,0,0,4,38,4,"4-Seam Fastball",2,5,2,5,5,2,2,5,"Standard","Standard",206,"-0.034","-0.283","79.0","7.8",0.535,"0.283","113.9",-3,-3,0.198,0.198,30,26,31,26,2,1,7,1,7,2,"1.18","0.46","0.46","38.9",6.047460884731693,-3.8707639316623617,31.92055694717759,41.02663591738854,24.60855765695206
"SI","2025-08-13","95.8","-2.06","5.65","Ohtani, Shohei",666176,660271,,"ball",,,,,14,"Ball","R","R","R","LAA","LAD","B",,,1,1,2025,"-1.24","0.56","1.51","0.01",,,660162,2,4,"Bot",,,,,,,12.309611554005635,-138.6685789787177,-10.590670181101274,-18.738169647097255,30.743383047540533,-22.652600938750826,"3.61","1.88",,,,"96.5",2068,"6.9",776752,669257,518692,500743,690976,605141,669743,681624,606192,"53.55",,,,,,,,38,3,"Sinker",2,5,2,5,5,2,2,5,"Standard","Standard",224,"0.012","0.054",,,,"-0.054",,-3,-3,0.186,0.186,30,26,31,26,2,1,7,1,7,2,"1.95","1.24","1.24","34.7",,,,,
"ST","2025-08-13","82.9","-2.22","5.69","Ohtani, Shohei",666176,660271,,"ball",,,,,14,"Ball","R","R","R","LAA","LAD","B",,,0,1,2025,"1.3","-0.03","1.29","1.08",,,660162,2,4,"Bot",,,,,,,5.504634649092891,-120.53427501777892,-3.948000579220108,11.426026938504354,25.650939643138198,-31.817830965795878,"3.59","1.75",,,,"83.2",2639,"6.7",776752,669257,518692,500743,690976,605141,669743,681624,606192,"53.77",,,,,,,,38,2,"Sweeper",2,5,2,5,5,2,2,5,"Standard","Standard",56,"0.002","0.027",,,,"-0.027",,-3,-3,0.184,0.184,30,26,31,26,2,1,7,1,7,2,"3.37","-1.3","-1.3","34.0",,,,,
"ST","2025-08-13","84.3","-2.26","5.72","Ohtani, Shohei",666176,660271,,"called_strike",,,,,9,"Called Strike","R","R","R","LAA","LAD","S",,,0,0,2025,"1.16","0","0.68","1.84",,,660162,2,4,"Bot",,,,,,,4.532104484901846,-122.67347850656434,-2.615737825758982,10.736486893951456,25.760861557135108,-31.84108552802169,"3.63","1.91",,,,"84.7",2505,"6.7",776752,669257,518692,500743,690976,605141,669743,681624,606192,"53.83",,,,,,,,38,1,"Sweeper",2,5,2,5,5,2,2,5,"Standard","Standard",61,"-0.003","-0.042",,,,"0.042",,-3,-3,0.187,0.187,30,26,31,26,2,1,7,1,7,2,"3.22","-1.16","-1.16","32.8",,,,,
"SL","2025-08-13","88.8","-2.3","5.99","Ohtani, Shohei",660162,660271,"strikeout","swinging_strike",,,,,14,"Yoán Moncada strikes out swinging. Yoán Moncada to 1st. Wild pitch by pitcher Shohei Ohtani.","R","L","R","LAA","LAD","S",,,3,2,2025,"0.26","-0.08","0.29","0.19",,,,2,4,"Bot",,,,,,,5.823203422713138,-129.03741740965123,-7.992361155378337,1.6776112647852714,27.694657339910187,-31.584505216150475,"3.46","1.53",,,,"89.4",2470,"6.8",776752,669257,518692,500743,690976,605141,669743,681624,606192,"53.68",,0,"0.7",1,0,0,,37,6,"Slider",2,5,2,5,5,2,2,5,"Infield shade","Standard",98,"0.011","0.301","48.5","8.1",,"-0.301",,-3,-3,0.176,0.176,30,30,31,30,2,1,7,1,7,2,"2.99","-0.26","0.26","39.7",24.206639052450644,-18.058479532452466,47.066540209690004,33.464579880332025,48.21468278310848
"SL","2025-08-13","89.3","-2.42","6.03","Ohtani, Shohei",660162,660271,,"ball",,,,,14,"Ball","R","L","R","LAA","LAD","B",,,2,2,2025,"0.33","-0.11","1.36","1.32",,,,2,4,"Bot",,,,,,,8.666680219546674,-129.689882652189,-5.293623452197669,1.6921504486066368,29.490716241600776,-32.40148223834706,"3.49","1.58",,,,"89.5",2554,"6.7",776752,669257,518692,500743,690976,605141,669743,681624,606192,"53.78",,,,,,,,37,5,"Slider",2,5,2,5,5,2,2,5,"Infield shade","Standard",74,"0.003","0.104",,,,"-0.104",,-3,-3,0.173,0.173,30,30,31,30,2,1,7,1,7,2,"3","-0.33","0.33","41.6",,,,,
"FF","2025-08-13","98.7","-2.58","5.69","Ohtani, Shohei",660162,660271,,"foul",,,,,12,"Foul","R","L","R","LAA","LAD","S",,,2,1,2025,"-0.03","1.29","0.26","3.7",,,,2,4,"Bot",,,,,,,7.856980412511457,-143.4744542632978,-2.9290362267166175,-2.3258736823925696,36.100136359476075,-13.978355918250262,"3.46","1.53",,,,"99.1",2438,"6.8",776752,669257,518692,500743,690976,605141,669743,681624,606192,"53.73",,,,,,,,37,4,"4-Seam Fastball",2,5,2,5,5,2,2,5,"Infield shade","Standard",209,"-0.002","-0.073","36.5","5.1",,"0.073",,-3,-3,0.175,0.175,30,30,31,30,2,1,7,1,7,2,"1.07","0.03","-0.03","35.3",-7.456485474606701,15.894230156361411,34.28576747419393,31.590253973291077,14.156233530928013
"FF","2025-08-13","98.9","-2.61","5.54","Ohtani, Shohei",660162,660271,,"ball",,,,,11,"Ball","R","L","R","LAA","LAD","B",,,1,1,2025,"-0.38","1.2","-1.31","3.54",,,,2,4,"Bot",,,,,,,4.472703190096671,-143.94281746299245,-2.818322927931927,-6.352001642894466,36.250118268933356,-15.176940063614724,"3.42","1.57",,,,"99.5",2385,"6.8",776752,669257,518692,500743,690976,605141,669743,681624,606192,"53.7",,,,,,,,37,3,"4-Seam Fastball",2,5,2,5,5,2,2,5,"Infield shade","Standard",219,"0.002","0.053",,,,"-0.053",,-3,-3,0.173,0.173,30,30,31,30,2,1,7,1,7,2,"1.15","0.38","-0.38","32.8",,,,,
"FF","2025-08-13","99.3","-2.5","5.66","Ohtani, Shohei",660162,660271,,"foul",,,,,6,"Foul","R","L","R","LAA","LAD","S",,,1,0,2025,"-0.46","1.35","0.34","2.17",,,,2,4,"Bot",,,,,,,8.921814931464738,-144.12260633672565,-7.3139705246472895,-8.533493988423016,35.20768274895732,-11.84105268273032,"3.46","1.53",175,"64.9",42,"99.9",2359,"6.9",776752,669257,518692,500743,690976,605141,669743,681624,606192,"53.6",,,,,,,,37,2,"4-Seam Fastball",2,5,2,5,5,2,2,5,"Infield shade","Standard",210,"-0.002","-0.054","73.4","7.3",,"0.054","88.0",-3,-3,0.175,0.175,30,30,31,30,2,1,7,1,7,2,"0.99","0.46","-0.46","37.1",5.378862848374535,-0.5613868553463229,48.913948524835185,30.620427047987118,23.53631314222146
"FS","2025-08-13","90","-2.63","5.67","Ohtani, Shohei",660162,660271,,"ball",,,,,13,"Ball","R","L","R","LAA","LAD","B",,,0,0,2025,"-1.21","0.36","-1.36","2.26",,,,2,4,"Bot",,,,,,,5.7863743550022955,-130.95277224687607,-3.2707284980908238,-15.111959855052989,28.03411613063241,-27.553564223377297,"3.45","1.61",,,,"90.9",1480,"6.9",776752,669257,518692,500743,690976,605141,669743,681624,606192,"53.63",,,,,,,,37,1,"Split-Finger",2,5,2,5,5,2,2,5,"Infield shade","Standard",230,"0.001","0.037",,,,"-0.037",,-3,-3,0.174,0.174,30,30,31,30,2,1,7,1,7,2,"2.46","1.21","-1.21","34.5",,,,,
"ST","2025-08-13","86.2","-2.63","5.55","Ohtani, Shohei",621493,660271,"field_out","hit_into_play",,,,,9,"Taylor Ward grounds out, third baseman Alex Freeland to first baseman Freddie Freeman.","R","R","R","LAA","LAD","X",5,"ground_ball",1,1,2025,"1.08","-0.09","0.46","1.69",,,,1,4,"Bot",102.79,167.14,,,,,5.164101997334968,-125.32959874890454,-2.648937096441868,9.988929332957236,29.88067730016294,-32.73661757141095,"3.33","1.58",53,"70",4,"86.1",2679,"6.7",776752,669257,518692,500743,690976,605141,669743,681624,606192,"53.82",0.172,0.165,"0",1,0,0,2,36,3,"Sweeper",2,5,2,5,5,2,2,5,"Standard","Standard",63,"-0.016","-0.244","70.0","8.1",0.182,"0.244","88.0",-3,-3,0.19,0.19,30,31,31,32,2,1,7,1,7,2,"3.21","-1.08","-1.08","31.5",7.275347737121557,-18.9008088977236,34.4880116814705,40.11664050055708,43.22497228627371
"ST","2025-08-13","86","-2.64","5.65","Ohtani, Shohei",621493,660271,,"called_strike",,,,,4,"Called Strike","R","R","R","LAA","LAD","S",,,1,0,2025,"0.92","0.55","-0.65","2.16",,,,1,4,"Bot",,,,,,,2.8754083816710514,-125.10200515626356,-3.0473795473206433,8.875828678229064,29.160049590379717,-26.034736603603168,"3.26","1.58",,,,"86.1",2489,"6.7",776752,669257,518692,500743,690976,605141,669743,681624,606192,"53.77",,,,,,,,36,2,"Sweeper",2,5,2,5,5,2,2,5,"Standard","Standard",73,"-0.004","-0.049",,,,"0.049",,-3,-3,0.194,0.194,30,31,31,32,2,1,7,1,7,2,"2.58","-0.92","-0.92","34.1",,,,,
"FF","2025-08-13","100","-2.5","5.75","Ohtani, Shohei",621493,660271,,"ball",,,,,11,"Ball","R","R","R","LAA","LAD","B",,,0,0,2025,"-0.56","1.37","-1.05","2.84",,,,1,4,"Bot",,,,,,,5.367862496352685,-145.32163049963995,-5.849984359850096,-9.220020058477399,37.47911253571727,-11.671041950861712,"3.28","1.64",,,,"100.4",2410,"6.8",776752,669257,518692,500743,690976,605141,669743,681624,606192,"53.7",,,,,,,,36,1,"4-Seam Fastball",2,5,2,5,5,2,2,5,"Standard","Standard",218,"0.003","0.039",,,,"-0.039",,-3,-3,0.191,0.191,30,31,31,32,2,1,7,1,7,2,"0.94","0.56","0.56","34.6",,,,,
"FF","2025-08-13","100.7","-2.49","5.64","Ohtani, Shohei",545361,660271,"strikeout","called_strike",,,,,9,"Mike Trout called out on strikes.","R","R","R","LAA","LAD","S",2,,2,2,2025,"-0.4","1.24","0.63","1.93",,,,0,4,"Bot",,,,,,,9.694202384178528,-146.10639204622288,-7.915970795733501,-8.199035009157345,36.908054574360186,-12.652227954214826,"3.65","1.79",,,,"101.2",2556,"6.9",776752,669257,518692,500743,690976,605141,669743,681624,606192,"53.62",,0,"0",1,0,0,,35,5,"4-Seam Fastball",2,5,2,5,5,2,2,5,"Standard","Standard",229,"-0.022","-0.232",,,,"0.232",,-3,-3,0.213,0.213,30,33,31,34,2,1,7,1,7,2,"1.03","0.4","0.4","36.7",,,,,
"FF","2025-08-13","98.9","-2.25","5.77","Ohtani, Shohei",545361,660271,,"called_strike",,,,,6,"Called Strike","R","R","R","LAA","LAD","S",,,2,1,2025,"-0.47","1.48","0.63","2.42",,,,0,4,"Bot",,,,,,,8.998823901904588,-143.60601496994096,-7.132392194643795,-8.712884085012277,37.01798132378466,-10.193669250528988,"3.67","1.76",,,,"99.2",2503,"6.8",776752,669257,518692,500743,690976,605141,669743,681624,606192,"53.66",,,,,,,,35,4,"4-Seam Fastball",2,5,2,5,5,2,2,5,"Standard","Standard",223,"-0.007","-0.073",,,,"0.073",,-3,-3,0.22,0.22,30,33,31,34,2,1,7,1,7,2,"0.88","0.47","0.47","37.9",,,,,
"FF","2025-08-13","98","-2.52","5.66","Ohtani, Shohei",545361,660271,,"foul",,,,,7,"Foul","R","R","R","LAA","LAD","S",,,2,0,2025,"-0.68","1.5","-0.46","2.26",,,,0,4,"Bot",,,,,,,7.2018274378047415,-142.34678163429012,-7.204132570907856,-10.943327344432674,33.95461246105543,-10.351492077285219,"3.56","1.67",,,,"98.6",2534,"6.8",776752,669257,518692,500743,690976,605141,669743,681624,606192,"53.66",,,,,,,,35,3,"4-Seam Fastball",2,5,2,5,5,2,2,5,"Standard","Standard",212,"-0.009","-0.072","74.6","7.0",,"0.072",,-3,-3,0.229,0.229,30,33,31,34,2,1,7,1,7,2,"0.89","0.68","0.68","36.7",-3.527944704704152,6.414311254489655,45.10760866969356,28.64055071788156,15.57715144229715
"ST","2025-08-13","85.1","-2.54","5.68","Ohtani, Shohei",545361,660271,,"ball",,,,,14,"Ball","R","R","R","LAA","LAD","B",,,1,0,2025,"1.29","0.24","1.03","1.93",,,,0,4,"Bot",,,,,,,5.829918455178579,-123.78145059992607,-2.9201231364557243,11.875273676992038,26.90756093052541,-29.339181316197614,"3.51","1.76",,,,"85.4",2656,"6.7",776752,669257,518692,500743,690976,605141,669743,681624,606192,"53.78",,,,,,,,35,2,"Sweeper",2,5,2,5,5,2,2,5,"Standard","Standard",66,"0.009","0.077",,,,"-0.077",,-3,-3,0.22,0.22,30,33,31,34,2,1,7,1,7,2,"2.94","-1.29","-1.29","33.4",,,,,
"CU","2025-08-13","72.7","-2.1","6.35","Ohtani, Shohei",545361,660271,,"ball",,,,,14,"Ball","R","R","R","LAA","LAD","B",,,0,0,2025,"1.1","-1.3","0.24","1.49",,,,0,4,"Bot",,,,,,,2.814455276908829,-105.60751622880858,0.1742827520163308,7.3954222016365305,24.1141357810956,-41.95628058112206,"3.56","1.69",,,,"72.1",2465,"6.7",776752,669257,518692,500743,690976,605141,669743,681624,606192,"53.77",,,,,,,,35,1,"Curveball",2,5,2,5,5,2,2,5,"Standard","Standard",36,"0.004","0.041",,,,"-0.041",,-3,-3,0.216,0.216,30,33,31,34,2,1,7,1,7,2,"5.75","-1.1","-1.1","46.4",,,,,
"CU","2025-08-13","77.8","-2.24","6.23","Ohtani, Shohei",694384,660271,"strikeout","swinging_strike",,,,,11,"Nolan Schanuel strikes out swinging.","R","L","R","LAA","LAD","S",2,,2,2,2025,"1.2","-1.01","-1.04","3.16",,,,2,3,"Bot",,,,,,,0.3662659378247721,-113.20739586857437,2.324085666266791,10.104389821841066,24.053877977964014,-41.48101134697424,"3.55","1.66",,,,"77.8",2607,"6.7",776752,669257,518692,500743,690976,605141,669743,681624,606192,"53.82",,0,"0",1,0,0,,26,8,"Curveball",2,3,2,3,3,2,2,3,"Strategic","Standard",43,"-0.012","-0.224","56.7","6.3",,"0.224",,-1,-1,0.389,0.389,30,23,31,23,2,1,7,1,7,2,"4.83","-1.2","1.2","43.6",9.095711913459745,12.020849025016938,30.01608213567943,41.99285725093267,22.28340804645824
"FF","2025-08-13","99.5","-2.59","5.62","Ohtani, Shohei",694384,660271,,"foul",,,,,4,"Foul","R","L","R","LAA","LAD","S",,,2,2,2025,"-0.28","1.15","-0.71","2.34",,,,2,3,"Bot",,,,,,,5.8591170195182265,-144.71294726605925,-6.346652904963355,-5.2712601102210215,34.62677837116609,-14.704062808246736,"3.55","1.66",12,"95.2",-9,"100.4",2419,"6.9",776752,669257,518692,500743,690976,605141,669743,681624,606192,"53.65",,,,,,,,26,7,"4-Seam Fastball",2,3,2,3,3,2,2,3,"Strategic","Standard",217,"0","0","55.6","5.5",,"0","95.2",-1,-1,0.389,0.389,30,23,31,23,2,1,7,1,7,2,"1.16","0.28","-0.28","30.4",-17.927527190245392,40.653310996868385,38.989383044003404,34.684030130293706,3.418638460734864
"SL","2025-08-13","89","-2.27","6.21","Ohtani, Shohei",694384,660271,,"foul",,,,,2,"Foul","R","L","R","LAA","LAD","S",,,2,2,2025,"0.35","-0.07","-0.25","3.14",,,,2,3,"Bot",,,,,,,4.254172511776297,-129.63553537334332,-1.3539358165661115,3.02986049703859,27.03903483632883,-32.92632411173325,"3.55","1.66",148,"58.4",52,"89.7",2494,"6.7",776752,669257,518692,500743,690976,605141,669743,681624,606192,"53.83",,,,,,,,26,6,"Slider",2,3,2,3,3,2,2,3,"Strategic","Standard",72,"0","0","62.0","5.8",,"0","88.0",-1,-1,0.389,0.389,30,23,31,23,2,1,7,1,7,2,"2.94","-0.35","0.35","44.3",-2.1710179347569905,10.08598603364718,37.69070196418843,30.095853993087083,24.989231388848
"FF","2025-08-13","99.4","-2.55","5.75","Ohtani, Shohei",694384,660271,,"foul",,,,,3,"Foul","R","L","R","LAA","LAD","S",,,2,2,2025,"-0.07","0.99","0.67","3.4",,,,2,3,"Bot",,,,,,,9.058880962278453,-144.46581034063303,-3.3111421148832654,-3.332623521733259,37.29106795327542,-17.826848612717374,"3.55","1.66",70,"66.4",6,"99.6",2373,"6.7",776752,669257,518692,500743,690976,605141,669743,681624,606192,"53.76",,,,,,,,26,5,"4-Seam Fastball",2,3,2,3,3,2,2,3,"Strategic","Standard",212,"0","0","63.4","5.8",,"0","88.0",-1,-1,0.389,0.389,30,23,31,23,2,1,7,1,7,2,"1.35","0.07","-0.07","34.6",11.62807727743622,0.3547936382621415,37.84813161686168,20.5624060571799,26.832263990884208
"FF","2025-08-13","98.1","-2.61","5.65","Ohtani, Shohei",694384,660271,,"foul",,,,,4,"Foul","R","L","R","LAA","LAD","S",,,2,1,2025,"-0.28","1.09","-0.32","2.95",,,,2,3,"Bot",,,,,,,6.906711716569888,-142.59419237391776,-4.310595964983025,-5.499221602897616,35.34179381765772,-16.510375943502858,"3.55","1.66",,,,"98.6",2214,"6.8",776752,669257,518692,500743,690976,605141,669743,681624,606192,"53.71",,,,,,,,26,4,"4-Seam Fastball",2,3,2,3,3,2,2,3,"Infield shade","Standard",221,"-0.002","-0.073","68.9","6.1",,"0.073",,-1,-1,0.391,0.391,30,23,31,23,2,1,7,1,7,2,"1.3","0.28","-0.28","32.9",-5.926012284137951,17.929214069199023,36.50159014363742,35.57299853460071,19.779386179834464
"FF","2025-08-13","96.3","-2.54","5.65","Ohtani, Shohei",694384,660271,,"called_strike",,,,,2,"Called Strike","R","L","R","LAA","LAD","S",,,2,0,2025,"-0.2","1.15","-0.2","3.42",,,,2,3,"Bot",,,,,,,6.711832171985675,-139.9460146423971,-2.899376744749976,-4.285471817817439,35.22621395174264,-16.748569657492748,"3.59","1.84",,,,"96.6",2238,"6.8",776752,669257,518692,500743,690976,605141,669743,681624,606192,"53.68",,,,,,,,26,3,"4-Seam Fastball",2,3,2,3,3,2,2,3,"Infield shade","Standard",208,"-0.003","-0.066",,,,"0.066",,-1,-1,0.394,0.394,30,23,31,23,2,1,7,1,7,2,"1.34","0.2","-0.2","35.0",,,,,
"FF","2025-08-13","97.9","-2.57","5.6","Ohtani, Shohei",694384,660271,,"ball",,,,,11,"Ball","R","L","R","LAA","LAD","B",,,1,0,2025,"-0.27","1.03","-1.04","3.35",,,,2,3,"Bot",,,,,,,4.799655678782023,-142.42207035680752,-2.896424798940205,-4.920858760802867,37.24402895977024,-17.810618425458028,"3.58","1.81",,,,"98.1",2340,"6.7",776752,669257,518692,500743,690976,605141,669743,681624,606192,"53.78",,,,,,,,26,2,"4-Seam Fastball",2,3,2,3,3,2,2,3,"Standard","Standard",218,"0.003","0.065",,,,"-0.065",,-1,-1,0.391,0.391,30,23,31,23,2,1,7,1,7,2,"1.38","0.27","-0.27","31.5",,,,,
"SI","2025-08-13","96.5","-2.58","5.6","Ohtani, Shohei",694384,660271,,"ball",,,,,11,"Ball","R","L","R","LAA","LAD","B",,,0,0,2025,"-1.22","0.59","-1.06","3.05",,,,2,3,"Bot",,,,,,,6.905570925667444,-140.3004549500378,-2.508699268208227,-17.771046795916323,36.71119204397501,-23.99921146984249,"3.65","1.84",,,,"96.6",2264,"6.8",776752,669257,518692,500743,690976,605141,669743,681624,606192,"53.72",,,,,,,,26,1,"Sinker",2,3,2,3,3,2,2,3,"Standard","Standard",212,"0.001","0.037",,,,"-0.037",,-1,-1,0.39,0.39,30,23,31,23,2,1,7,1,7,2,"1.89","1.22","-1.22","33.1",,,,,
"ST","2025-08-13","85.2","-2.73","5.47","Ohtani, Shohei",687263,660271,"field_out","hit_into_play",,,,,6,"Zach Neto pops out to shortstop Mookie Betts.","R","R","R","LAA","LAD","X",6,"popup",1,1,2025,"1.19","0.3","0.29","2.18",,,,1,3,"Bot",111.26,135.67,,,,,4.7641423701895365,-124.09927796757033,-2.0432615446059095,11.27537485984785,25.485213331455075,-28.85959028865337,"3.25","1.56",165,"92.7",64,"86",2602,"6.8",776752,669257,518692,500743,690976,605141,669743,681624,606192,"53.71",0.01,0.01,"0",1,0,0,3,25,3,"Sweeper",2,3,2,3,3,2,2,3,"Standard","Standard",65,"-0.018","-0.244","78.2","7.8",0.013,"0.244","92.7",-1,-1,0.408,0.408,30,24,31,24,2,1,7,1,7,2,"2.84","-1.19","-1.19","30.1",28.057968215997033,-16.80886096118493,41.89469349206362,30.93081472356188,43.143217812811685
"ST","2025-08-13","84.9","-2.64","5.57","Ohtani, Shohei",687263,660271,,"called_strike",,,,,4,"Called Strike","R","R","R","LAA","LAD","S",,,1,0,2025,"1.56","0.59","-0.34","2.23",,,,1,3,"Bot",,,,,,,2.301901508300525,-123.63336435128633,-2.645325485113883,15.382411531992043,26.322109904865723,-25.84116550638852,"3.32","1.66",,,,"85.3",2571,"6.6",776752,669257,518692,500743,690976,605141,669743,681624,606192,"53.87",,,,,,,,25,2,"Sweeper",2,3,2,3,3,2,2,3,"Standard","Standard",74,"-0.004","-0.049",,,,"0.049",,-1,-1,0.412,0.412,30,24,31,24,2,1,7,1,7,2,"2.59","-1.56","-1.56","31.8",,,,,
"SI","2025-08-13","97.2","-2.34","5.73","Ohtani, Shohei",687263,660271,,"ball",,,,,14,"Ball","R","R","R","LAA","LAD","B",,,0,0,2025,"-1.43","0.57","0.91","1.57",,,,1,3,"Bot",,,,,,,12.081515017049332,-140.82934856539856,-6.884060220785535,-21.820287396821012,33.97534852095554,-23.120541102871154,"3.38","1.58",,,,"97.7",2177,"6.9",776752,669257,518692,500743,690976,605141,669743,681624,606192,"53.56",,,,,,,,25,1,"Sinker",2,3,2,3,3,2,2,3,"Standard","Standard",217,"0.003","0.039",,,,"-0.039",,-1,-1,0.409,0.409,30,24,31,24,2,1,7,1,7,2,"1.88","1.43","1.43","33.6",,,,,
"ST","2025-08-13","87.7","-2.55","5.62","Ohtani, Shohei",669326,660271,"strikeout","swinging_strike",,,,,14,"Bryce Teodosio strikes out swinging.","R","R","R","LAA","LAD","S",2,,0,2,2025,"1.19","0.31","1.19","2.27",,,,0,3,"Bot",,,,,,,6.625290760682423,-127.59492029257419,-2.58656500480261,11.462510601898934,28.257845064758833,-28.457647183844234,"3.49","1.6",,,,"88",2580,"6.7",776752,669257,518692,500743,690976,605141,669743,681624,606192,"53.82",,0,"0",1,0,0,,24,3,"Sweeper",2,3,2,3,3,2,2,3,"Standard","Standard",64,"-0.018","-0.165","59.9","7.4",,"0.165",,-1,-1,0.427,0.427,30,26,31,26,1,0,7,1,7,2,"2.67","-1.19","-1.19","29.6",21.822031520637754,-13.757401325852374,30.537541700246344,52.112233588244955,39.7234048864941
"SI","2025-08-13","96.9","-2.51","5.68","Ohtani, Shohei",669326,660271,,"foul",,,,,7,"Foul","R","R","R","LAA","LAD","S",,,0,1,2025,"-1.26","0.6","-0.52","1.75",,,,0,3,"Bot",,,,,,,8.276138967277626,-140.81775453989417,-6.36351867196872,-18.671343061859115,31.400224072525404,-22.936834718344546,"3.49","1.6",,,,"97.8",2101,"6.8",776752,669257,518692,500743,690976,605141,669743,681624,606192,"53.7",,,,,,,,24,2,"Sinker",2,3,2,3,3,2,2,3,"Standard","Standard",231,"-0.006","-0.055","72.7","6.8",,"0.055",,-1,-1,0.433,0.433,30,26,31,26,1,0,7,1,7,2,"1.83","1.26","1.26","31.0",10.35708181138624,-2.3917172336616543,36.781366953352645,30.177039474197173,32.211439202225776
"SI","2025-08-13","95.2","-2.5","5.74","Ohtani, Shohei",669326,660271,,"foul_tip",,,,,5,"Foul Tip","R","R","R","LAA","LAD","S",,,0,0,2025,"-1.19","0.43","-0.2","2.41",,,,0,3,"Bot",,,,,,,8.797187650135493,-138.25388564293038,-4.049820433982256,-17.254123811394855,32.712207040095194,-25.853720980569175,"3.49","1.6",,,,"95.7",2060,"6.8",776752,669257,518692,500743,690976,605141,669743,681624,606192,"53.66",,,,,,,,24,1,"Sinker",2,3,2,3,3,2,2,3,"Standard","Standard",220,"-0.004","-0.039","71.1","6.7",,"0.039",,-1,-1,0.437,0.437,30,26,31,26,1,0,7,1,7,2,"2.1","1.19","1.19","34.2",13.40695081013287,-3.268403764433902,27.375693894140703,36.08295707663467,34.84767799350044
"FF","2025-08-13","99.3","-2.62","5.68","Ohtani, Shohei",681351,660271,"field_out","hit_into_play",,,,,9,"Logan O'Hoppe lines out to right fielder Teoscar Hernández.","R","R","R","LAA","LAD","X",9,"line_drive",0,0,2025,"-0.53","1.04","0.43","1.94",,,,2,2,"Bot",211.11,107.23,,,,,9.668034669430192,-144.1969314582648,-7.3081474941187405,-9.584497403935977,33.22520144446379,-16.121700085648598,"3.54","1.68",312,"94.6",23,"100.1",2315,"6.8",776752,669257,518692,500743,690976,605141,669743,681624,606192,"53.69",0.197,0.243,"0",1,0,0,3,20,1,"4-Seam Fastball",2,3,2,3,3,2,2,3,"Standard","Standard",220,"-0.012","-0.26","72.1","7.7",0.386,"0.26","94.6",-1,-1,0.4,0.4,30,25,31,25,1,0,7,1,7,3,"1.28","0.53","0.53","34.5",5.942483331080665,16.23223748649231,35.722918355361045,43.42011469577142,20.905037638557328
"FF","2025-08-13","99","-2.51","5.6","Ohtani, Shohei",650859,660271,"sac_fly","hit_into_play",,,,,14,"Luis Rengifo out on a sacrifice fly to right fielder Teoscar Hernández. Yoán Moncada scores.","R","L","R","LAA","LAD","X",9,"fly_ball",2,1,2025,"-0.17","1.14","1","2.17",660162,,,1,2,"Bot",177.89,108.06,,,,,10.072486626385384,-143.74909421272469,-6.580759869714553,-4.777650015878029,35.56093697852314,-15.021726553681019,"3.2","1.45",260,"80.9",46,"99.5",2449,"6.9",776752,669257,518692,500743,690976,605141,669743,681624,606192,"53.64",0.023,0.022,"0",1,0,0,3,19,4,"4-Seam Fastball",1,3,1,3,3,2,2,3,"Strategic","Standard",209,"0.008","-0.132","72.2","7.4",0.03,"0.132","88.0",-2,-2,0.392,0.392,30,28,31,28,1,0,7,1,7,3,"1.21","0.17","-0.17","31.8",18.566850176341486,-5.3111408333335275,44.63263200230592,23.507351068385944,33.34523055452998
"SL","2025-08-13","89.7","-2.42","6.02","Ohtani, Shohei",650859,660271,,"blocked_ball",,,,,14,"Ball In Dirt","R","L","R","LAA","LAD","B",,,1,1,2025,"0.26","0.11","0.53","0.4",660162,,,1,2,"Bot",,,,,,,6.787652635458659,-130.30696501942725,-8.119417153770964,1.4444764972641813,29.552739666632004,-29.317371624754877,"3.2","1.49",,,,"90",2522,"6.8",776752,669257,518692,500743,690976,605141,669743,681624,606192,"53.75",,,,,,,,19,3,"Slider",1,3,1,3,3,1,1,3,"Strategic","Standard",96,"0.006","0.027",,,,"-0.027",,-2,-2,0.386,0.386,30,28,31,28,1,0,7,1,7,3,"2.75","-0.26","0.26","41.1",,,,,
"FF","2025-08-13","100","-2.67","5.62","Ohtani, Shohei",650859,660271,,"ball",,,,,11,"Ball","R","L","R","LAA","LAD","B",,,0,1,2025,"-0.44","1.22","-1.02","3.6",660162,,,1,2,"Bot",,,,,,,5.647329902377702,-145.44722037015887,-3.063587722135561,-7.662449375548294,35.71248798067954,-14.375806354347615,"3.3","1.6",,,,"100.9",2378,"6.9",776752,669257,518692,500743,690976,605141,669743,681624,606192,"53.61",,,,,,,,19,2,"4-Seam Fastball",1,3,1,3,3,1,1,3,"Strategic","Standard",216,"0.006","0.025",,,,"-0.025",,-2,-2,0.38,0.38,30,28,31,28,1,0,7,1,7,3,"1.07","0.44","-0.44","31.7",,,,,
"FF","2025-08-13","99","-2.32","5.67","Ohtani, Shohei",650859,660271,,"foul",,,,,2,"Foul","R","L","R","LAA","LAD","S",,,0,0,2025,"-0.52","1.4","-0.03","2.69",660162,,,1,2,"Bot",,,,,,,7.535326155552704,-143.82019094285198,-5.983640065699665,-9.08009814825802,35.07070097574799,-11.519874489815395,"3.2","1.45",,,,"99.5",2302,"6.8",776752,669257,518692,500743,690976,605141,669743,681624,606192,"53.73",,,,,,,,19,1,"4-Seam Fastball",1,3,1,3,3,1,1,3,"Infield shade","Standard",219,"-0.009","-0.045","61.9","5.8",,"0.045",,-2,-2,0.389,0.389,30,28,31,28,1,0,7,1,7,3,"0.94","0.52","-0.52","33.3",-13.406905869966845,36.006930410212284,30.402419522303415,33.03816191400167,10.88492702794108
"ST","2025-08-13","85.3","-2.36","5.66","Ohtani, Shohei",666176,660271,"field_out","hit_into_play",,,,,8,"Jo Adell flies out sharply to center fielder Andy Pages. Yoán Moncada to 3rd.","R","R","R","LAA","LAD","X",8,"fly_ball",0,1,2025,"1.41","0.11","-0.25","2.3",,660162,,0,2,"Bot",155.25,69.54,,,,,2.1380777365275154,-124.23177336859362,-1.7869132481259205,13.94429796039499,28.06773974380714,-30.84784244101003,"3.68","1.81",329,"100.8",41,"85.6",2562,"6.7",776752,669257,518692,500743,690976,605141,669743,681624,606192,"53.78",0.116,0.202,"0",1,0,0,3,18,2,"Sweeper",1,3,1,3,3,1,1,3,"Standard","Standard",63,"-0.011","-0.246","82.8","7.6",0.409,"0.246","100.8",-2,-2,0.4,0.4,30,26,31,26,1,0,7,1,7,2,"3.05","-1.41","-1.41","34.0",1.5160524445694952,-8.357738441342267,40.38584294029228,34.8397671237482,25.205024784422598
"FF","2025-08-13","97.6","-1.94","5.88","Ohtani, Shohei",666176,660271,,"swinging_strike",,,,,2,"Swinging Strike","R","R","R","LAA","LAD","S",,,0,0,2025,"-0.23","1.4","0.07","3.67",,660162,,0,2,"Bot",,,,,,,6.0078916662014015,-141.906127178329,-3.6547869657404917,-4.636067993983617,35.02940851680216,-12.664190671051275,"3.68","1.81",,,,"98.1",2313,"6.8",776752,669257,518692,500743,690976,605141,669743,681624,606192,"53.73",,,,,,,,18,1,"4-Seam Fastball",1,3,1,3,3,1,1,3,"Standard","Standard",211,"-0.007","-0.043","75.6","6.5",,"0.043",,-2,-2,0.407,0.407,30,26,31,26,1,0,7,1,7,2,"1.01","0.23","0.23","37.9",-2.772229132958687,14.121972109311548,27.479410632253405,38.583423728407055,15.42366916980692
"ST","2025-08-13","85.2","-2.68","5.57","Ohtani, Shohei",660162,660271,"double","hit_into_play",,,,,7,"Yoán Moncada doubles (8) on a sharp line drive to left fielder Alex Call.","R","L","R","LAA","LAD","X",7,"line_drive",1,1,2025,"1.5","0.44","-0.6","2.1",,,,0,2,"Bot",91.75,85.77,,,,,1.8762652499239576,-124.00238063520182,-2.6951168159315135,14.981384847249615,27.275258027810505,-27.307958202493694,"3.46","1.53",294,"103.4",16,"85.5",2558,"6.7",776752,669257,518692,500743,690976,605141,669743,681624,606192,"53.8",0.539,0.58,"1.25",1,1,1,5,17,3,"Sweeper",1,3,1,3,3,1,1,3,"Infield shade","Standard",68,"0.067","0.725","71.2","6.8",0.849,"-0.725","103.4",-2,-2,0.34,0.34,30,30,31,30,1,0,7,1,7,2,"2.72","-1.5","1.5","31.0",2.043363640232207,8.851885750559246,41.95047323227996,40.999769418181586,27.79351165272429
"SI","2025-08-13","98.5","-2.73","5.59","Ohtani, Shohei",660162,660271,,"ball",,,,,14,"Ball","R","L","R","LAA","LAD","B",,,0,1,2025,"-1.45","0.31","0.5","1.04",,,,0,2,"Bot",,,,,,,12.239156559436362,-142.71798124302498,-7.574148097494049,-22.801246330478808,36.54985091456878,-26.172954921348307,"3.41","1.59",,,,"98.6",2202,"6.8",776752,669257,518692,500743,690976,605141,669743,681624,606192,"53.67",,,,,,,,17,2,"Sinker",1,3,1,3,3,1,1,3,"Infield shade","Standard",222,"0.003","0.031",,,,"-0.031",,-2,-2,0.337,0.337,30,30,31,30,1,0,7,1,7,2,"2.08","1.45","-1.45","30.8",,,,,
"SL","2025-08-13","86.1","-2.24","6.13","Ohtani, Shohei",660162,660271,,"swinging_strike",,,,,5,"Swinging Strike","R","L","R","LAA","LAD","S",,,0,0,2025,"0.29","0.11","-0.15","2.22",,,,0,2,"Bot",,,,,,,4.398401733635411,-125.27097837014837,-3.2509011901446154,2.1402070754566167,26.31487077138961,-30.549505479725813,"3.46","1.53",,,,"86.5",2443,"6.7",776752,669257,518692,500743,690976,605141,669743,681624,606192,"53.85",,,,,,,,17,1,"Slider",1,3,1,3,3,1,1,3,"Standard","Standard",85,"-0.004","-0.039","75.2","8.2",,"0.039",,-2,-2,0.341,0.341,30,30,31,30,1,0,7,1,7,2,"2.98","-0.29","0.29","43.3",32.101835096836304,-31.816379889467274,36.881592068645695,37.54953210700295,53.13147462559241
"FF","2025-08-13","97.3","-2.59","5.67","Ohtani, Shohei",621493,660271,"home_run","hit_into_play",,,,,5,"Taylor Ward homers (29) on a fly ball to right center field.","R","R","R","LAA","LAD","X",,"fly_ball",2,1,2025,"-0.37","1.19","0.03","2.14",,,,0,2,"Bot",183.37,58.84,,,,,7.950100138340721,-141.33939146166693,-6.697004003854033,-6.8189700536396725,32.88092421901076,-14.85359734499955,"3.33","1.58",375,"102.9",29,"97.9",2405,"6.8",776752,669257,518692,500743,690976,605141,669743,681624,606192,"53.71",0.6560246913580249,1.294395061728395,"2",1,0,3,6,16,4,"4-Seam Fastball",0,3,0,3,3,1,1,3,"Standard","Standard",215,"0.084","1.068","70.5","7.1",2.5330493827160505,"-1.068","102.9",-3,-3,0.257,0.257,30,31,31,32,1,0,7,1,7,2,"1.23","0.37","0.37","32.1",6.807462409764901,5.504139382218165,33.2675851553876,36.524977574480616,31.36002344356213
"SL","2025-08-13","84.8","-2.55","6.16","Ohtani, Shohei",621493,660271,,"ball",,,,,11,"Ball","R","R","R","LAA","LAD","B",,,1,1,2025,"0.38","0.06","-0.83","2.48",,,,0,2,"Bot",,,,,,,3.2862386161760386,-123.58166752300191,-2.425689000599535,3.211174134427203,24.228094978001465,-31.278060718250323,"3.22","1.63",,,,"85.4",2481,"6.6",776752,669257,518692,500743,690976,605141,669743,681624,606192,"53.94",,,,,,,,16,3,"Slider",0,3,0,3,3,0,0,3,"Standard","Standard",95,"0.005","0.055",,,,"-0.055",,-3,-3,0.252,0.252,30,31,31,32,1,0,7,1,7,2,"3.09","-0.38","-0.38","42.6",,,,,
"ST","2025-08-13","83.1","-2.74","5.7","Ohtani, Shohei",621493,660271,,"called_strike",,,,,3,"Called Strike","R","R","R","LAA","LAD","S",,,1,0,2025,"1.22","0.13","0.37","2.89",,,,0,2,"Bot",,,,,,,4.748692086677278,-120.950068272051,-0.16312287565029027,10.9319690747667,25.36952679576891,-31.082553149692345,"3.19","1.6",,,,"83.4",2608,"6.6",776752,669257,518692,500743,690976,605141,669743,681624,606192,"53.87",,,,,,,,16,2,"Sweeper",0,3,0,3,3,0,0,3,"Standard","Standard",66,"-0.005","-0.05",,,,"0.05",,-3,-3,0.257,0.257,30,31,31,32,1,0,7,1,7,2,"3.19","-1.22","-1.22","33.9",,,,,
"ST","2025-08-13","80.5","-2.66","5.7","Ohtani, Shohei",621493,660271,,"ball",,,,,14,"Ball","R","R","R","LAA","LAD","B",,,0,0,2025,"1.26","-0.09","0.86","1.18",,,,0,2,"Bot",,,,,,,5.42693463148622,-117.0786296963461,-3.136048674247478,10.406319588297915,24.178181903870104,-32.583133290592116,"3.14","1.49",,,,"80.6",2452,"6.6",776752,669257,518692,500743,690976,605141,669743,681624,606192,"53.89",,,,,,,,16,1,"Sweeper",0,3,0,3,3,0,0,3,"Standard","Standard",55,"0.004","0.041",,,,"-0.041",,-3,-3,0.253,0.253,30,31,31,32,1,0,7,1,7,2,"3.64","-1.26","-1.26","30.9",,,,,
"ST","2025-08-13","86.8","-2.65","5.69","Ohtani, Shohei",545361,660271,"strikeout","called_strike",,,,,7,"Mike Trout called out on strikes.","R","R","R","LAA","LAD","S",2,,3,2,2025,"1.24","0.55","-0.46","2.3",,,,2,1,"Bot",,,,,,,2.7283486540308415,-126.45185604319477,-3.1010579930567737,12.752221272163972,25.429385450911788,-25.815598395391053,"3.54","1.76",,,,"87.6",2541,"6.7",776752,669257,518692,500743,690976,605141,669743,681624,606192,"53.8",,0,"0",1,0,0,,11,6,"Sweeper",0,3,0,3,3,0,0,3,"Standard","Standard",65,"-0.011","-0.328",,,,"0.328",,-3,-3,0.233,0.233,30,33,31,34,1,0,7,1,7,2,"2.46","-1.24","-1.24","31.6",,,,,
"FF","2025-08-13","98.2","-2.49","5.8","Ohtani, Shohei",545361,660271,,"ball",,,,,3,"Ball","R","R","R","LAA","LAD","B",,,2,2,2025,"-0.11","1.42","0.49","3.61",,,,2,1,"Bot",,,,,,,8.381132338219352,-142.83710304895993,-3.794033542409992,-3.407269065654887,32.71049463291746,-12.028836046502391,"3.58","1.74",,,,"99",2548,"6.7",776752,669257,518692,500743,690976,605141,669743,681624,606192,"53.76",,,,,,,,11,5,"4-Seam Fastball",0,3,0,3,3,0,0,3,"Standard","Standard",214,"0.003","0.104",,,,"-0.104",,-3,-3,0.23,0.23,30,33,31,34,1,0,7,1,7,2,"0.94","0.11","0.11","33.9",,,,,
"FF","2025-08-13","98.3","-2.31","5.66","Ohtani, Shohei",545361,660271,,"ball",,,,,14,"Ball","R","R","R","LAA","LAD","B",,,1,2,2025,"-0.37","1.3","0.35","1.44",,,,2,1,"Bot",,,,,,,8.115691827205717,-142.6228179485654,-8.999612713101957,-6.945411468104406,34.24281403718176,-12.536490659786466,"3.63","1.83",,,,"98.9",2553,"6.9",776752,669257,518692,500743,690976,605141,669743,681624,606192,"53.6",,,,,,,,11,4,"4-Seam Fastball",0,3,0,3,3,0,0,3,"Standard","Standard",214,"0.001","0.042",,,,"-0.042",,-3,-3,0.229,0.229,30,33,31,34,1,0,7,1,7,2,"1.09","0.37","0.37","31.3",,,,,
"FF","2025-08-13","98.8","-2.44","5.63","Ohtani, Shohei",545361,660271,,"swinging_strike",,,,,2,"Swinging Strike","R","R","R","LAA","LAD","S",,,1,1,2025,"-0.51","1.3","-0.25","3.18",,,,2,1,"Bot",,,,,,,7.206681472655068,-143.66026525885658,-4.286542845948034,-8.774333002336743,35.375521970592814,-13.339777167714017,"3.56","1.67",,,,"99.4",2504,"6.8",776752,669257,518692,500743,690976,605141,669743,681624,606192,"53.67",,,,,,,,11,3,"4-Seam Fastball",0,3,0,3,3,0,0,3,"Standard","Standard",211,"-0.002","-0.062","72.1","6.5",,"0.062",,-3,-3,0.231,0.231,30,33,31,34,1,0,7,1,7,2,"1.05","0.51","0.51","34.1",-2.7202734384207465,22.68392476591316,32.034726221797534,32.80263578847198,12.438324775267999
"FF","2025-08-13","98.8","-2.42","5.72","Ohtani, Shohei",545361,660271,,"ball",,,,,11,"Ball","R","R","R","LAA","LAD","B",,,0,1,2025,"-0.43","1.51","-0.66","3.8",,,,2,1,"Bot",,,,,,,5.836599752095442,-143.73296129822825,-3.289560452513776,-7.366723956311271,35.771923211764296,-10.816710008851695,"3.62","1.76",,,,"99.4",2510,"6.8",776752,669257,518692,500743,690976,605141,669743,681624,606192,"53.7",,,,,,,,11,2,"4-Seam Fastball",0,3,0,3,3,0,0,3,"Standard","Standard",213,"0.001","0.027",,,,"-0.027",,-3,-3,0.23,0.23,30,33,31,34,1,0,7,1,7,2,"0.84","0.43","0.43","33.7",,,,,
"FF","2025-08-13","97.6","-2.44","5.79","Ohtani, Shohei",545361,660271,,"called_strike",,,,,5,"Called Strike","R","R","R","LAA","LAD","S",,,0,0,2025,"-0.47","1.43","-0.25","2.96",,,,2,1,"Bot",,,,,,,7.034313694259041,-141.9026563981465,-5.423864371966706,-8.045228174317524,33.68936886088823,-11.810473640841346,"3.59","1.76",,,,"98.3",2474,"6.8",776752,669257,518692,500743,690976,605141,669743,681624,606192,"53.7",,,,,,,,11,1,"4-Seam Fastball",0,3,0,3,3,0,0,3,"Standard","Standard",211,"-0.001","-0.043",,,,"0.043",,-3,-3,0.231,0.231,30,33,31,34,1,0,7,1,7,2,"0.97","0.47","0.47","35.8",,,,,
"FF","2025-08-13","97.9","-2.7","5.69","Ohtani, Shohei",694384,660271,"field_out","hit_into_play",,,,,2,"Nolan Schanuel grounds out, second baseman Miguel Rojas to first baseman Freddie Freeman.","R","L","R","LAA","LAD","X",4,"ground_ball",2,1,2025,"0.03","1.26","0.2","3.66",,,,1,1,"Bot",145.15,150.19,,,,,7.813345143324563,-142.4349198353064,-2.9370374907757726,-1.4213292897896541,32.56088148811377,-14.579036804209624,"3.55","1.66",83,"67.9",7,"98.7",2476,"6.7",776752,669257,518692,500743,690976,605141,669743,681624,606192,"53.76",0.258,0.208,"0",1,0,0,2,10,4,"4-Seam Fastball",0,3,0,3,3,0,0,3,"Infield shade","Standard",209,"-0.017","-0.298",,,0.317,"0.298","88.0",-3,-3,0.248,0.248,30,23,31,23,1,0,7,1,7,2,"1.12","-0.03","0.03","35.0",,,,,
"SL","2025-08-13","87.6","-2.3","6.11","Ohtani, Shohei",694384,660271,,"ball",,,,,13,"Ball","R","L","R","LAA","LAD","B",,,1,1,2025,"0.32","0.17","-0.1","0.98",,,,1,1,"Bot",,,,,,,4.68488321278267,-127.4519380498703,-6.68003914436673,2.5719290128213204,25.242018661578868,-29.165466460942156,"3.58","1.79",,,,"88.4",2641,"6.7",776752,669257,518692,500743,690976,605141,669743,681624,606192,"53.76",,,,,,,,10,3,"Slider",0,3,0,3,3,0,0,3,"Infield shade","Standard",96,"0.003","0.055",,,,"-0.055",,-3,-3,0.245,0.245,30,23,31,23,1,0,7,1,7,2,"2.79","-0.32","0.32","42.1",,,,,
"FF","2025-08-13","98.3","-2.53","5.7","Ohtani, Shohei",694384,660271,,"swinging_strike",,,,,14,"Swinging Strike","R","L","R","LAA","LAD","S",,,1,0,2025,"-0.42","1.31","1.05","1.89",,,,1,1,"Bot",,,,,,,10.75208118269993,-142.5815044157927,-7.9497431079696925,-8.064863227590054,31.685510377082288,-12.604578042869898,"3.55","1.66",,,,"99.2",2582,"6.9",776752,669257,518692,500743,690976,605141,669743,681624,606192,"53.59",,,,,,,,10,2,"4-Seam Fastball",0,3,0,3,3,0,0,3,"Standard","Standard",221,"-0.003","-0.049","48.3","6.4",,"0.049",,-3,-3,0.248,0.248,30,23,31,23,1,0,7,1,7,2,"1.06","0.42","-0.42","32.1",5.308938299694519,6.111832354194487,40.827189003071645,18.192876828617674,26.28027618227638
"SL","2025-08-13","82.9","-2.38","6.22","Ohtani, Shohei",694384,660271,,"ball",,,,,13,"Ball","R","L","R","LAA","LAD","B",,,0,0,2025,"0.4","0.02","-0.32","1.2",,,,1,1,"Bot",,,,,,,3.937179979262534,-120.70697959004677,-5.113953517940076,3.2339287561319106,21.570672151211962,-31.27837765458191,"3.44","1.63",,,,"83.6",2492,"6.5",776752,669257,518692,500743,690976,605141,669743,681624,606192,"53.95",,,,,,,,10,1,"Slider",0,3,0,3,3,0,0,3,"Standard","Standard",71,"0.002","0.039",,,,"-0.039",,-3,-3,0.246,0.246,30,23,31,23,1,0,7,1,7,2,"3.27","-0.4","0.4","42.5",,,,,
"ST","2025-08-13","85.3","-2.61","5.71","Ohtani, Shohei",687263,660271,"strikeout","foul_tip",,,,,12,"Zach Neto strikes out on a foul tip.","R","R","R","LAA","LAD","S",2,,3,2,2025,"1.25","0.48","0.88","2.92",,,,0,1,"Bot",,,,,,,5.75315186423158,-124.21626937655599,-1.2651006404567982,11.915478140939447,24.016286472910124,-27.15008308102083,"3.25","1.56",,,,"86.3",2650,"6.8",776752,669257,518692,500743,690976,605141,669743,681624,606192,"53.71",,0,"0",1,0,0,,9,6,"Sweeper",0,3,0,3,3,0,0,3,"Standard","Standard",72,"-0.026","-0.345","73.6","7.2",,"0.345",,-3,-3,0.272,0.272,30,24,31,24,1,0,7,1,7,2,"2.64","-1.25","-1.25","30.3",22.88637963669545,-1.1966168398617256,38.743855667073106,38.69960013257707,33.08686615132282
"FF","2025-08-13","98.2","-2.33","5.79","Ohtani, Shohei",687263,660271,,"ball",,,,,12,"Ball","R","R","R","LAA","LAD","B",,,2,2,2025,"-0.55","1.47","1.2","3.16",,,,0,1,"Bot",,,,,,,10.924205542406511,-142.55755798524982,-5.086476726804798,-9.924288406071808,31.5494167339718,-11.104710649037886,"3.3","1.58",,,,"99.1",2541,"6.8",776752,669257,518692,500743,690976,605141,669743,681624,606192,"53.68",,,,,,,,9,5,"4-Seam Fastball",0,3,0,3,3,0,0,3,"Standard","Standard",212,"0.007","0.112",,,,"-0.112",,-3,-3,0.265,0.265,30,24,31,24,1,0,7,1,7,2,"0.9","0.55","0.55","33.9",,,,,
"ST","2025-08-13","87","-2.68","5.59","Ohtani, Shohei",687263,660271,,"ball",,,,,14,"Ball","R","R","R","LAA","LAD","B",,,1,2,2025,"1.22","0.42","2.23","1.26",,,,0,1,"Bot",,,,,,,9.340433195745526,-126.35124018378124,-5.0737358255167635,11.13172587700091,26.054404765969398,-26.845759063381838,"3.36","1.58",,,,"87.6",2716,"6.8",776752,669257,518692,500743,690976,605141,669743,681624,606192,"53.73",,,,,,,,9,4,"Sweeper",0,3,0,3,3,0,0,3,"Standard","Standard",70,"0.003","0.043",,,,"-0.043",,-3,-3,0.262,0.262,30,24,31,24,1,0,7,1,7,2,"2.61","-1.22","-1.22","28.7",,,,,
"ST","2025-08-13","84.9","-2.66","5.69","Ohtani, Shohei",687263,660271,,"swinging_strike",,,,,12,"Swinging Strike","R","R","R","LAA","LAD","S",,,1,1,2025,"0.87","0.87","1.33","2.87",,,,0,1,"Bot",,,,,,,7.6652850547514255,-123.44073882668599,-2.0432091901557357,7.433538213484736,23.77413350637662,-23.029573073061282,"3.25","1.56",,,,"85.7",2583,"6.8",776752,669257,518692,500743,690976,605141,669743,681624,606192,"53.7",,,,,,,,9,3,"Sweeper",0,3,0,3,3,0,0,3,"Standard","Standard",70,"-0.004","-0.061","41.4","7.0",,"0.061",,-3,-3,0.266,0.266,30,24,31,24,1,0,7,1,7,2,"2.29","-0.87","-0.87","34.0",23.786980351174627,-1.904253232564771,39.153961078814426,44.974566735783206,34.45913972158493
"ST","2025-08-13","83.8","-2.35","5.8","Ohtani, Shohei",687263,660271,,"ball",,,,,14,"Ball","R","R","R","LAA","LAD","B",,,0,1,2025,"1.35","0.65","2.18","1.8",,,,0,1,"Bot",,,,,,,7.8306671833572565,-121.75997280118976,-4.110298382826122,11.860538024559132,24.488789874696167,-25.05864552481352,"3.32","1.55",,,,"84.4",2551,"6.8",776752,669257,518692,500743,690976,605141,669743,681624,606192,"53.71",,,,,,,,9,2,"Sweeper",0,3,0,3,3,0,0,3,"Standard","Standard",68,"0.002","0.031",,,,"-0.031",,-3,-3,0.264,0.264,30,24,31,24,1,0,7,1,7,2,"2.61","-1.35","-1.35","33.4",,,,,
"FF","2025-08-13","94.3","-2.19","5.88","Ohtani, Shohei",687263,660271,,"called_strike",,,,,12,"Called Strike","R","R","R","LAA","LAD","S",,,0,0,2025,"-0.79","1.6","0.91","2.98",,,,0,1,"Bot",,,,,,,9.889369945253648,-136.95395285470255,-5.401381035336863,-12.129067012730465,30.613440616598513,-11.053237346160115,"3.25","1.56",,,,"94.9",2375,"6.8",776752,669257,518692,500743,690976,605141,669743,681624,606192,"53.72",,,,,,,,9,1,"4-Seam Fastball",0,3,0,3,3,0,0,3,"Standard","Standard",224,"-0.003","-0.039",,,,"0.039",,-3,-3,0.267,0.267,30,24,31,24,1,0,7,1,7,2,"0.98","0.79","0.79","35.0",,,,,
"ST","2025-08-06","85.7","-2.67","5.34","Ohtani, Shohei",691026,660271,"strikeout","swinging_strike",,,,,14,"Masyn Winn strikes out swinging.","R","R","R","LAD","STL","S",2,,2,2,2025,"0.93","0.15","1.19","1.63",,,,2,4,"Top",,,,,,,7.318323241160277,-124.62858320300904,-2.8379489764192054,8.27141419097112,23.990213666875,-30.206600631370605,"3.41","1.58",,,,"86.4",2772,"6.7",776839,669257,518692,500743,690976,605141,669743,681624,606192,"53.79",,0,"0",1,0,0,,28,5,"Sweeper",2,1,1,2,1,2,1,2,"Standard","Standard",62,"0.012","-0.224","67.8","8.5",,"0.224",,1,-1,0.673,0.32699999999999996,30,23,31,23,2,1,7,1,7,2,"2.94","-0.93","-0.93","29.4",13.080930211417611,-23.164953970317406,21.255033271595646,43.488834855244555,49.79212941298392
"ST","2025-08-06","84.1","-2.57","5.54","Ohtani, Shohei",691026,660271,,"called_strike",,,,,5,"Called Strike","R","R","R","LAD","STL","S",,,2,1,2025,"1.38","0.2","0.23","2.76",,,,2,4,"Top",,,,,,,3.768607170919408,-122.40479475653969,-0.4481254703848563,13.142499110780905,24.500098889561965,-30.304346657861313,"3.39","1.62",,,,"84.3",2646,"6.5",776839,669257,518692,500743,690976,605141,669743,681624,606192,"54.04",,,,,,,,28,4,"Sweeper",2,1,1,2,1,2,1,2,"Standard","Standard",61,"0.003","-0.073",,,,"0.073",,1,-1,0.67,0.32999999999999996,30,23,31,23,2,1,7,1,7,2,"3.03","-1.38","-1.38","32.9",,,,,
"FF","2025-08-06","97.3","-2.32","5.59","Ohtani, Shohei",691026,660271,,"ball",,,,,1,"Ball","R","R","R","LAD","STL","B",,,1,1,2025,"-0.18","1.12","-0.37","3.3",,,,2,4,"Top",,,,,,,5.664125858579342,-141.70505122352225,-3.293028102846005,-3.532572010940563,28.577318801776237,-16.395065870969745,"3.26","1.52",,,,"98.2",2444,"6.5",776839,669257,518692,500743,690976,605141,669743,681624,606192,"54.02",,,,,,,,28,3,"4-Seam Fastball",2,1,1,2,1,2,1,2,"Standard","Standard",219,"-0.003","0.053",,,,"-0.053",,1,-1,0.673,0.32699999999999996,30,23,31,23,2,1,7,1,7,2,"1.26","0.18","0.18","36.9",,,,,
"ST","2025-08-06","80.8","-2.66","5.54","Ohtani, Shohei",691026,660271,,"ball",,,,,14,"Ball","R","R","R","LAD","STL","B",,,0,1,2025,"1.27","-0.3","0.85","0.76",,,,2,4,"Top",,,,,,,5.3992779594256355,-117.6022490744522,-3.4118293376949733,10.770004578302835,22.50544530076966,-34.51136747251931,"3.33","1.5",,,,"80.7",2675,"6.2",776839,669257,518692,500743,690976,605141,669743,681624,606192,"54.26",,,,,,,,28,2,"Sweeper",2,1,1,2,1,2,1,2,"Standard","Standard",62,"-0.001","0.027",,,,"-0.027",,1,-1,0.674,0.32599999999999996,30,23,31,23,2,1,7,1,7,2,"3.79","-1.27","-1.27","31.4",,,,,
"SL","2025-08-06","83.8","-2.05","6.08","Ohtani, Shohei",691026,660271,,"called_strike",,,,,9,"Called Strike","R","R","R","LAD","STL","S",,,0,0,2025,"0.38","-0.27","0.38","2.04",,,,2,4,"Top",,,,,,,4.8475848446365495,-122.12445218697185,-2.484953606162767,3.0454785769612767,21.195515836177307,-34.70019426966705,"3.37","1.54",,,,"84.4",2627,"6.3",776839,669257,518692,500743,690976,605141,669743,681624,606192,"54.17",,,,,,,,28,1,"Slider",2,1,1,2,1,2,1,2,"Standard","Standard",64,"0.002","-0.043",,,,"0.043",,1,-1,0.672,0.32799999999999996,30,23,31,23,2,1,7,1,7,2,"3.48","-0.38","-0.38","43.2",,,,,
"SL","2025-08-06","88.6","-2.2","5.98","Ohtani, Shohei",663457,660271,"strikeout","swinging_strike",,,,,7,"Lars Nootbaar strikes out swinging.","R","L","R","LAD","STL","S",2,,1,2,2025,"0.43","-0.32","-0.41","1.57",,,,1,4,"Top",,,,,,,3.4975585490132253,-129.063455453837,-4.056764573607593,4.073037715933694,26.59091753841736,-35.167796273507385,"3.45","1.66",,,,"89.1",2575,"6.5",776839,669257,518692,500743,690976,605141,669743,681624,606192,"53.96",,0,"0",1,0,0,,27,4,"Slider",2,1,1,2,1,2,1,2,"Strategic","Standard",72,"0.015","-0.18","72.2","7.9",,"0.18",,1,-1,0.657,0.34299999999999997,30,27,31,28,2,1,7,1,7,3,"3.22","-0.43","0.43","42.4",15.619273355294661,-23.81963321227902,26.169085680752662,39.602200083199534,45.45791824361979
"FF","2025-08-06","98.6","-2.46","5.52","Ohtani, Shohei",663457,660271,,"swinging_strike",,,,,14,"Swinging Strike","R","L","R","LAD","STL","S",,,1,1,2025,"-0.35","1.15","0.92","2.42",,,,1,4,"Top",,,,,,,10.062131214234203,-143.35640237047946,-5.754767614266025,-6.873608547367712,28.510026957346618,-15.077161342441755,"3.45","1.66",,,,"99.8",2431,"6.7",776839,669257,518692,500743,690976,605141,669743,681624,606192,"53.83",,,,,,,,27,3,"4-Seam Fastball",2,1,1,2,1,2,1,2,"Standard","Standard",212,"0.004","-0.064","33.7","4.5",,"0.064",,1,-1,0.653,0.347,30,27,31,28,2,1,7,1,7,3,"1.17","0.35","-0.35","32.7",-20.77449425680694,40.30304734917714,31.973223834713163,22.236333374740532,14.349325045837922
"FS","2025-08-06","91.7","-2.58","5.62","Ohtani, Shohei",663457,660271,,"ball",,,,,11,"Ball","R","L","R","LAD","STL","B",,,0,1,2025,"-0.84","0.73","-1.65","2.89",,,,1,4,"Top",,,,,,,4.184441257052299,-133.5224504135582,-2.6707764684025084,-10.891305898814975,26.903315753544323,-23.092849652458487,"3.37","1.57",,,,"92.5",1278,"6.6",776839,669257,518692,500743,690976,605141,669743,681624,606192,"53.93",,,,,,,,27,2,"Split-Finger",2,1,1,2,1,2,1,2,"Standard","Standard",237,"-0.002","0.029",,,,"-0.029",,1,-1,0.655,0.345,30,27,31,28,2,1,7,1,7,3,"1.97","0.84","-0.84","33.5",,,,,
"CU","2025-08-06","76.1","-2.08","6.07","Ohtani, Shohei",663457,660271,,"called_strike",,,,,5,"Called Strike","R","L","R","LAD","STL","S",,,0,0,2025,"0.8","-1.07","0.1","2.44",,,,1,4,"Top",,,,,,,3.1457164832200566,-110.8742481172636,1.3136000447927576,6.072817473561748,19.21483476198086,-41.44593095104556,"3.3","1.48",,,,"76.3",2552,"6.3",776839,669257,518692,500743,690976,605141,669743,681624,606192,"54.2",,,,,,,,27,1,"Curveball",2,1,1,2,1,2,1,2,"Standard","Standard",39,"0.003","-0.039",,,,"0.039",,1,-1,0.652,0.348,30,27,31,28,2,1,7,1,7,3,"4.98","-0.8","0.8","45.0",,,,,
"SL","2025-08-06","88.6","-2.36","5.92","Ohtani, Shohei",676475,660271,"strikeout","foul_tip",,,,,4,"Alec Burleson strikes out on a foul tip.","R","L","R","LAD","STL","S",2,,1,2,2025,"0.4","-0.34","-0.81","2.84",,,,0,4,"Top",,,,,,,2.9648304763798015,-129.20002545907806,-0.8485934238311238,4.01089855785991,23.191521503902603,-36.109027050444325,"3.51","1.6",,,,"89.4",2623,"6.4",776839,669257,518692,500743,690976,605141,669743,681624,606192,"54.13",,0,"0",1,0,0,,26,6,"Slider",2,1,1,2,1,2,1,2,"Strategic","Standard",66,"0.022","-0.189","70.3","6.6",,"0.189",,1,-1,0.63,0.37,30,26,31,27,2,1,7,1,7,2,"3.2","-0.4","0.4","39.0",-1.9845274259902805,24.52062886443332,31.38722487870642,38.12205549055478,13.45148085843969
"FF","2025-08-06","100.6","-2.59","5.36","Ohtani, Shohei",676475,660271,,"foul",,,,,4,"Foul","R","L","R","LAD","STL","S",,,1,2,2025,"-0.45","1.07","-0.45","2.55",,,,0,4,"Top",,,,,,,7.021984069692235,-146.4655115256553,-5.075173132551013,-7.952612172526044,30.888255311343155,-15.697751041586466,"3.51","1.6",226,"76.4",50,"101.7",2544,"6.6",776839,669257,518692,500743,690976,605141,669743,681624,606192,"53.9",,,,,,,,26,5,"4-Seam Fastball",2,1,1,2,1,2,1,2,"Strategic","Standard",219,"0","0","67.1","7.0",,"0","88.0",1,-1,0.63,0.37,30,26,31,27,2,1,7,1,7,2,"1.16","0.45","-0.45","30.5",-1.2959729778074616,10.617996014993807,32.96659628982769,33.874737599292914,22.365329811382537
"FF","2025-08-06","99.6","-2.72","5.37","Ohtani, Shohei",676475,660271,,"foul",,,,,8,"Foul","R","L","R","LAD","STL","S",,,1,2,2025,"-0.4","0.97","0.23","1.89",,,,0,4,"Top",,,,,,,9.09061350205588,-144.83313802547926,-6.556349123818989,-7.42852505381886,27.93500310601262,-17.232818347781212,"3.51","1.6",154,"58.6",47,"100.9",2632,"6.6",776839,669257,518692,500743,690976,605141,669743,681624,606192,"53.86",,,,,,,,26,4,"4-Seam Fastball",2,1,1,2,1,2,1,2,"Strategic","Standard",220,"0","0","68.2","7.6",,"0","88.0",1,-1,0.63,0.37,30,26,31,27,2,1,7,1,7,2,"1.3","0.4","-0.4","31.5",-2.662621722125823,-2.7311826898473277,40.05059220543276,26.54818844245908,27.375276562089443
"FF","2025-08-06","99.4","-2.6","5.46","Ohtani, Shohei",676475,660271,,"called_strike",,,,,4,"Called Strike","R","L","R","LAD","STL","S",,,1,1,2025,"-0.5","1.1","-0.54","2.85",,,,0,4,"Top",,,,,,,6.83766918478817,-144.79529138113463,-4.432808166989261,-8.369034866535529,27.14373472510223,-15.808651154606823,"3.46","1.53",,,,"100.7",2617,"6.5",776839,669257,518692,500743,690976,605141,669743,681624,606192,"53.98",,,,,,,,26,3,"4-Seam Fastball",2,1,1,2,1,2,1,2,"Standard","Standard",219,"0.006","-0.061",,,,"0.061",,1,-1,0.624,0.376,30,26,31,27,2,1,7,1,7,2,"1.17","0.5","-0.5","29.8",,,,,
"FF","2025-08-06","98.2","-2.49","5.44","Ohtani, Shohei",676475,660271,,"swinging_strike",,,,,5,"Swinging Strike","R","L","R","LAD","STL","S",,,1,0,2025,"-0.45","1.16","-0.27","2.25",,,,0,4,"Top",,,,,,,7.089649868702634,-142.95676793559196,-5.961376303459366,-7.5894151907884515,26.44987409158889,-15.104037460425118,"3.51","1.6",,,,"99.5",2602,"6.5",776839,669257,518692,500743,690976,605141,669743,681624,606192,"53.97",,,,,,,,26,2,"4-Seam Fastball",2,1,1,2,1,2,1,2,"Standard","Standard",220,"0.006","-0.05","72.5","6.5",,"0.05",,1,-1,0.618,0.382,30,26,31,27,2,1,7,1,7,2,"1.17","0.45","-0.45","32.6",-16.061492154869548,33.86115559738158,42.421735952161356,32.98796650472369,6.421347313326067
"FF","2025-08-06","99.7","-2.63","5.54","Ohtani, Shohei",676475,660271,,"ball",,,,,14,"Ball","R","L","R","LAD","STL","B",,,0,0,2025,"-0.48","1.16","1.21","2.2",,,,0,4,"Top",,,,,,,11.706000637176167,-144.7570481626242,-6.5665740123463,-9.220723596466305,29.772052502965064,-14.455903575696112,"3.57","1.6",,,,"100.3",2513,"6.5",776839,669257,518692,500743,690976,605141,669743,681624,606192,"54.01",,,,,,,,26,1,"4-Seam Fastball",2,1,1,2,1,2,1,2,"Standard","Standard",220,"-0.005","0.041",,,,"-0.041",,1,-1,0.623,0.377,30,26,31,27,2,1,7,1,7,2,"1.12","0.48","-0.48","31.8",,,,,
"SL","2025-08-06","89","-1.92","5.87","Ohtani, Shohei",671056,660271,"strikeout","swinging_strike",,,,,14,"Iván Herrera strikes out swinging.","R","R","R","LAD","STL","S",2,,2,2,2025,"-0.08","0.26","0.42","0.93",,,680977,2,3,"Top",,,,,,,5.91581212509139,-129.46870400872996,-6.6868099878121185,-2.0495771048618368,25.391447025075745,-28.096374216855438,"3.42","1.55",,,,"89.7",2546,"6.6",776839,669257,518692,500743,690976,605141,669743,681624,606192,"53.93",,0,"0",1,0,0,,18,5,"Slider",0,1,1,0,1,0,1,0,"Standard","Standard",62,"0.021","-0.216","69.5","8.9",,"0.216",,-1,1,0.416,0.5840000000000001,30,25,31,25,2,1,7,1,7,2,"2.6","0.08","0.08","41.5",21.186783528980907,-28.843628380783038,37.198974862465285,38.196539596552164,48.35558081041087
"FF","2025-08-06","99.7","-2.19","5.38","Ohtani, Shohei",671056,660271,,"foul",,,,,2,"Foul","R","R","R","LAD","STL","S",,,2,1,2025,"-0.19","1.24","0","3.27",,,680977,2,3,"Top",,,,,,,6.5201079316435235,-145.25169453117,-3.431445659367211,-4.127989480802144,30.242056643011722,-13.912777727701336,"3.42","1.55",68,"79.6",82,"100.9",2390,"6.6",776839,669257,518692,500743,690976,605141,669743,681624,606192,"53.86",,,,,,,,18,4,"4-Seam Fastball",0,1,1,0,1,0,1,0,"Standard","Standard",213,"0.004","-0.093","73.3","7.6",,"0.093","88.0",-1,1,0.412,0.5880000000000001,30,25,31,25,2,1,7,1,7,2,"1.03","0.19","0.19","32.9",9.315131872378213,-5.9645839634511715,25.882970195647864,35.98627779000324,33.49438887185161
"ST","2025-08-06","87.9","-2.19","5.38","Ohtani, Shohei",671056,660271,,"ball",,,,,14,"Ball","R","R","R","LAD","STL","B",,,1,1,2025,"0.74","0.35","0.75","1.13",,,680977,2,3,"Top",,,,,,,5.660389175590871,-127.98421226163445,-5.086946579884948,7.23836130175629,21.563545309143784,-27.520731643169835,"3.11","1.5",,,,"89.5",2599,"6.9",776839,669257,518692,500743,690976,605141,669743,681624,606192,"53.65",,,,,,,,18,3,"Sweeper",0,1,1,0,1,0,1,0,"Standard","Standard",78,"-0.003","0.054",,,,"-0.054",,-1,1,0.415,0.585,30,25,31,25,2,1,7,1,7,2,"2.55","-0.74","-0.74","33.2",,,,,
"FF","2025-08-06","100.3","-1.91","5.58","Ohtani, Shohei",671056,660271,,"ball",,,,,14,"Ball","R","R","R","LAD","STL","B",,,0,1,2025,"-0.48","1.19","1.24","1.4",,,680977,2,3,"Top",,,,,,,9.907227159421522,-145.6657289631606,-9.142735997173352,-8.83604748199973,29.1183168466934,-13.224636898885079,"3.32","1.57",,,,"101.4",2448,"6.7",776839,669257,518692,500743,690976,605141,669743,681624,606192,"53.81",,,,,,,,18,2,"4-Seam Fastball",0,1,1,0,1,0,1,0,"Standard","Standard",214,"-0.002","0.027",,,,"-0.027",,-1,1,0.417,0.583,30,25,31,25,2,1,7,1,7,2,"1.05","0.48","0.48","35.8",,,,,
"FF","2025-08-06","98.9","-2.03","5.61","Ohtani, Shohei",671056,660271,,"swinging_strike",,,,,5,"Swinging Strike","R","R","R","LAD","STL","S",,,0,0,2025,"-0.1","1.19","-0.24","2.8",,,680977,2,3,"Top",,,,,,,5.142943792934701,-144.0202533235343,-5.113559135977474,-2.389456608293363,27.996007051459962,-14.647486067981603,"3.42","1.55",,,,"100.3",2414,"6.6",776839,669257,518692,500743,690976,605141,669743,681624,606192,"53.87",,,,,,,,18,1,"4-Seam Fastball",0,1,1,0,1,0,1,0,"Standard","Standard",213,"0.003","-0.042","68.8","6.6",,"0.042",,-1,1,0.414,0.5860000000000001,30,25,31,25,2,1,7,1,7,2,"1.11","0.1","0.1","35.9",-13.972805323918966,23.828170468137614,34.377152793185665,32.98513273328598,15.443484459225484
"FF","2025-08-06","100.1","-2.84","5.35","Ohtani, Shohei",680977,660271,"single","hit_into_play",,,,,1,"Brendan Donovan singles on a bunt ground ball to third baseman Alex Freeland. Jordan Walker scores.","R","L","R","LAD","STL","X",5,"ground_ball",1,0,2025,"-0.54","1.01","-0.63","3.15",691023,,,2,3,"Top",112.16,173.87,,,,,7.449198782702203,-145.71012740202724,-3.1786992580751146,-9.264302081183237,28.769663234591533,-17.162809811805108,"3.39","1.6",3,"51.8",-42,"101.5",2576,"6.7",776839,669257,518692,500743,690976,605141,669743,681624,606192,"53.81",0.218,0.196,"0.9",1,1,0,1,17,2,"4-Seam Fastball",0,0,0,0,1,0,1,0,"Infield shade","Standard",213,"-0.098","0.028",,,0.225,"-0.028","88.0",0,0,0.512,0.488,30,28,31,28,2,1,7,1,7,2,"1.24","0.54","-0.54","31.4",,,,,
"CU","2025-08-06","78.2","-2.21","6.01","Ohtani, Shohei",680977,660271,,"ball",,,,,9,"Ball","R","L","R","LAD","STL","B",,,0,0,2025,"0.78","-1.14","0.79","1.92",691023,,,2,3,"Top",,,,,,,5.033788598799267,-113.76324188488258,0.1548611732101084,5.886373330739846,20.979076147170097,-42.29673601226839,"3.26","1.7",,,,"78.4",2659,"6.5",776839,669257,518692,500743,690976,605141,669743,681624,606192,"54.01",,,,,,,,17,1,"Curveball",0,0,0,0,0,0,0,0,"Infield shade","Standard",36,"-0.001","0.028",,,,"-0.028",,0,0,0.513,0.487,30,28,31,28,2,1,7,1,7,2,"4.87","-0.78","0.78","44.4",,,,,
"FF","2025-08-06","98.9","-2.21","5.42","Ohtani, Shohei",687363,660271,"field_out","hit_into_play",,,,,8,"Victor Scott II grounds out sharply, second baseman Miguel Rojas to first baseman Freddie Freeman. Jordan Walker to 3rd.","R","L","R","LAD","STL","X",4,"ground_ball",2,0,2025,"-0.4","1.12","-0.21","2.1",,691023,,1,3,"Top",144.19,136.39,,,,,6.500025107059901,-143.99898662115115,-6.381496330002512,-7.016678784351402,29.507922531963533,-15.264876350769828,"3.33","1.55",10,"106.7",-12,"100.7",2534,"7",776839,669257,518692,500743,690976,605141,669743,681624,606192,"53.52",0.309,0.341,"0",1,0,0,2,16,3,"4-Seam Fastball",0,0,0,0,0,0,0,0,"Standard","Standard",211,"0.042","-0.333","71.6","6.5",0.343,"0.333","106.7",0,0,0.471,0.529,30,24,31,24,1,0,7,2,7,4,"1.18","0.4","-0.4","34.9",0.5362794263853253,8.095572669099077,32.351542165513415,34.86688509175866,27.10651020265427
"FF","2025-08-06","100.2","-2.12","5.58","Ohtani, Shohei",687363,660271,,"ball",,,,,13,"Ball","R","L","R","LAD","STL","B",,,1,0,2025,"-0.66","1.18","-0.47","0.99",,691023,,1,3,"Top",,,,,,,6.179804338731918,-145.61574462789636,-10.160084363148211,-10.844700205971199,32.06962017916586,-13.24152426339472,"3.34","1.57",,,,"101",2495,"6.6",776839,669257,518692,500743,690976,605141,669743,681624,606192,"53.86",,,,,,,,16,2,"4-Seam Fastball",0,0,0,0,0,0,0,0,"Standard","Standard",219,"-0.005","0.046",,,,"-0.046",,0,0,0.476,0.524,30,24,31,24,1,0,7,2,7,4,"1.09","0.66","-0.66","37.6",,,,,
"FF","2025-08-06","99.8","-2.21","5.44","Ohtani, Shohei",687363,660271,,"ball",,,,,9,"Ball","R","L","R","LAD","STL","B",,,0,0,2025,"-0.41","1.26","0.82","1.53",,691023,,1,3,"Top",,,,,,,9.326726563610015,-144.90838119836812,-8.376679528008982,-7.825933937435889,32.67265428826089,-12.560415922032101,"3.28","1.57",,,,"100.3",2474,"6.6",776839,669257,518692,500743,690976,605141,669743,681624,606192,"53.91",,,,,,,,16,1,"4-Seam Fastball",0,0,0,0,0,0,0,0,"Standard","Standard",217,"-0.002","0.028",,,,"-0.028",,0,0,0.478,0.522,30,24,31,24,1,0,7,2,7,4,"1.03","0.41","-0.41","34.0",,,,,
"FF","2025-08-06","100","-2.17","5.45","Ohtani, Shohei",686780,660271,"strikeout","foul_tip",,,,,4,"Pedro Pagés strikes out on a foul tip.","R","R","R","LAD","STL","S",2,,2,2,2025,"-0.35","1.21","-0.51","2.75",,691023,,0,3,"Top",,,,,,,5.41819075616329,-145.5729931698588,-4.971215064561413,-6.227694914517383,33.48115956530205,-13.924283223659543,"3.31","1.63",,,,"100.6",2502,"6.6",776839,669257,518692,500743,690976,605141,669743,681624,606192,"53.95",,0,"0",1,0,0,,15,7,"4-Seam Fastball",0,0,0,0,0,0,0,0,"Standard","Standard",210,"0.041","-0.286","72.2","5.4",,"0.286",,0,0,0.437,0.563,30,26,31,27,1,0,7,2,7,2,"1.06","0.35","0.35","34.3",-15.667144240944173,26.75873130137929,37.9360347301967,30.28209188319135,19.15212669387327
"FF","2025-08-06","101.1","-2.15","5.44","Ohtani, Shohei",686780,660271,,"ball",,,,,9,"Ball","R","R","R","LAD","STL","B",,,1,2,2025,"-0.76","1.53","0.74","1.67",,,691023,0,3,"Top",,,,,,,9.948679241788074,-146.74077537544764,-8.910886022933052,-13.257375070000215,31.586964374484477,-8.13212041039032,"3.24","1.55",,,,"102",2638,"6.7",776839,669257,518692,500743,690976,605141,669743,681624,606192,"53.81",,,,,,,,15,6,"4-Seam Fastball",0,0,0,0,0,0,0,0,"Standard","Standard",213,"-0.032","0.036",,,,"-0.036",,0,0,0.469,0.531,30,26,31,27,1,0,7,2,7,2,"0.7","0.76","0.76","31.9",,,,,
"CU","2025-08-06","79.8","-1.75","6.05","Ohtani, Shohei",686780,660271,,"ball",,,,,14,"Ball","R","R","R","LAD","STL","B",,,0,2,2025,"0.75","-1.34","0.83","1.12",,,691023,0,3,"Top",,,,,,,4.259513281803307,-116.2034923207416,-1.573757355774021,5.930605199716757,23.506217017224305,-44.11388833818258,"3.1","1.46",,,,"79.8",2756,"6.4",776839,669257,518692,500743,690976,605141,669743,681624,606192,"54.05",,,,,,,,15,5,"Curveball",0,0,0,0,0,0,0,0,"Standard","Standard",35,"-0.003","0.017",,,,"-0.017",,0,0,0.472,0.528,30,26,31,27,1,0,7,2,7,2,"4.93","-0.75","-0.75","42.3",,,,,
"ST","2025-08-06","87.9","-2.21","5.48","Ohtani, Shohei",686780,660271,,"foul",,,,,8,"Foul","R","R","R","LAD","STL","S",,,0,2,2025,"0.51","0.71","0.01","1.86",,,691023,0,3,"Top",,,,,,,4.3299690530899015,-127.97316761580176,-4.109013159133528,4.67641028423004,27.711421655711312,-23.772369430220653,"3.31","1.63",175,"71.8",65,"88",2639,"6.4",776839,669257,518692,500743,690976,605141,669743,681624,606192,"54.1",,,,,,,,15,4,"Sweeper",0,0,0,0,0,0,0,0,"Standard","Standard",67,"0","0","69.9","7.9",,"0","88.0",0,0,0.472,0.528,30,26,31,27,1,0,7,2,7,2,"2.25","-0.51","-0.51","31.3",15.39272547760646,-19.77906336013004,31.693010371067764,36.183239034325524,42.292265376108716
"FF","2025-08-06","99.5","-2.1","5.64","Ohtani, Shohei",686780,660271,,"foul",,,,,3,"Foul","R","R","R","LAD","STL","S",,,0,2,2025,"-0.19","1.07","0.6","3.36",,,691023,0,3,"Top",,,,,,,7.89021405234251,-144.9097442499506,-3.495693463382589,-4.206260112764055,28.404350265920158,-16.366656552366724,"3.31","1.63",138,"88.1",8,"100.8",2556,"6.6",776839,669257,518692,500743,690976,605141,669743,681624,606192,"53.92",,,,,,,,15,3,"4-Seam Fastball",0,0,0,0,0,0,0,0,"Standard","Standard",212,"0","0","63.1","5.1",,"0","88.1",0,0,0.472,0.528,30,26,31,27,1,0,7,2,7,2,"1.2","0.19","0.19","33.7",-13.785552537528199,43.819856463983996,25.65587853814183,46.75146745865178,3.8092120592932854
"FF","2025-08-06","97.7","-2.03","5.59","Ohtani, Shohei",686780,660271,,"called_strike",,,,,5,"Called Strike","R","R","R","LAD","STL","S",,,0,1,2025,"-0.31","1.18","0.11","2.24",,,691023,0,3,"Top",,,,,,,6.5159871036736225,-142.16023756887077,-6.344750304213346,-5.533997904515172,28.90430030745327,-14.851656429395709,"3.27","1.59",,,,"98.8",2443,"6.6",776839,669257,518692,500743,690976,605141,669743,681624,606192,"53.87",,,,,,,,15,2,"4-Seam Fastball",0,0,0,0,0,0,0,0,"Standard","Standard",215,"0.007","-0.053",,,,"0.053",,0,0,0.465,0.5349999999999999,30,26,31,27,1,0,7,2,7,2,"1.18","0.31","0.31","33.8",,,,,
"FF","2025-08-06","97.4","-2.21","5.58","Ohtani, Shohei",686780,660271,,"called_strike",,,,,7,"Called Strike","R","R","R","LAD","STL","S",,,0,0,2025,"-0.5","1.29","-0.43","1.87",,,691023,0,3,"Top",,,,,,,5.934810079704759,-141.69146590689698,-7.463589098947798,-7.979582080319106,30.325131015980485,-13.255915894548606,"3.28","1.54",,,,"98.1",2396,"6.6",776839,669257,518692,500743,690976,605141,669743,681624,606192,"53.93",,,,,,,,15,1,"4-Seam Fastball",0,0,0,0,0,0,0,0,"Standard","Standard",215,"0.006","-0.043",,,,"0.043",,0,0,0.459,0.5409999999999999,30,26,31,27,1,0,7,2,7,2,"1.1","0.5","0.5","35.2",,,,,
"ST","2025-08-06","83.9","-2.5","5.68","Ohtani, Shohei",691023,660271,"single","hit_into_play",,,,,8,"Jordan Walker singles on a pop up to shortstop Mookie Betts.","R","R","R","LAD","STL","X",6,"popup",0,0,2025,"0.68","0.25","-0.2","2.31",,,,0,3,"Top",143.57,155.97,,,,,3.9926461529509405,-122.26597523433178,-1.9739217424677538,6.179564968164138,21.567787905297596,-29.497407922340173,"3.83","1.82",117,"87",69,"84.6",2572,"6.4",776839,669257,518692,500743,690976,605141,669743,681624,606192,"54.06",0.008,0.007,"0.9",1,1,0,3,14,1,"Sweeper",0,0,0,0,0,0,0,0,"Standard","Standard",72,"-0.041","0.438","84.1","8.7",0.008,"-0.438","88.0",0,0,0.5,0.5,30,23,31,23,1,0,7,1,7,2,"2.95","-0.68","-0.68","32.7",16.890943701879873,-19.96068591151314,29.88389278013849,36.50235603906411,38.989494018146196
"SL","2025-08-06","90.9","-2.25","5.97","Ohtani, Shohei",669357,660271,"strikeout","swinging_strike_blocked",,,,,14,"Nolan Gorman strikes out swinging.","R","L","R","LAD","STL","S",2,,0,2,2025,"-0.11","-0.05","0.62","-0.03",,,,2,2,"Top",,,,,,,7.460410741740513,-131.9851664327703,-9.072136995416075,-2.7883092514877297,25.933422831208585,-31.104292417534158,"3.53","1.7",,,,"91.5",2539,"6.6",776839,669257,518692,500743,690976,605141,669743,681624,606192,"53.91",,0,"0",1,0,0,,9,3,"Slider",0,0,0,0,0,0,0,0,"Infield shade","Standard",154,"0.007","-0.16","66.9","9.1",,"0.16",,0,0,0.544,0.45599999999999996,30,25,31,25,1,0,7,1,7,3,"2.8","0.11","-0.11","40.7",29.691689733528676,-22.438669931190624,46.208080733682266,33.00665450221264,51.450265014084316
"FF","2025-08-06","99.6","-2.79","5.51","Ohtani, Shohei",669357,660271,,"foul",,,,,4,"Foul","R","L","R","LAD","STL","S",,,0,1,2025,"-0.63","0.94","-0.65","2.9",,,,2,2,"Top",,,,,,,7.446033049090127,-145.01663156692726,-4.078797289057635,-10.434765621318158,29.84109486897441,-18.11411137387382,"3.53","1.7",,,,"101.3",2354,"6.9",776839,669257,518692,500743,690976,605141,669743,681624,606192,"53.57",,,,,,,,9,2,"4-Seam Fastball",0,0,0,0,0,0,0,0,"Strategic","Standard",221,"0.002","-0.057","74.1","6.3",,"0.057",,0,0,0.542,0.45799999999999996,30,25,31,25,1,0,7,1,7,3,"1.33","0.63","-0.63","31.5",-11.034502321578477,34.956064565351475,28.950272101364135,46.04246463971132,7.6879115088348104
"SL","2025-08-06","85.7","-2.25","5.96","Ohtani, Shohei",669357,660271,,"called_strike",,,,,2,"Called Strike","R","L","R","LAD","STL","S",,,0,0,2025,"0.34","-0.16","0.24","3.01",,,,2,2,"Top",,,,,,,5.207439194088734,-124.86311289189467,-0.49750600608998896,2.748091929168122,20.402118376639987,-33.970047710001666,"3.34","1.4",,,,"86.6",2573,"6.4",776839,669257,518692,500743,690976,605141,669743,681624,606192,"54.11",,,,,,,,9,1,"Slider",0,0,0,0,0,0,0,0,"Strategic","Standard",78,"0.002","-0.043",,,,"0.043",,0,0,0.54,0.45999999999999996,30,25,31,25,1,0,7,1,7,3,"3.21","-0.34","0.34","39.5",,,,,
"FC","2025-08-06","91.3","-2.68","5.5","Ohtani, Shohei",691026,660271,"field_out","hit_into_play",,,,,6,"Masyn Winn flies out to left fielder Alex Call.","R","R","R","LAD","STL","X",7,"fly_ball",2,0,2025,"0.15","0.49","0.53","2.29",,,,1,2,"Top",61.53,71.11,,,,,7.761751458137813,-132.96218846896102,-3.413254016510972,0.6063632676950933,21.641426958071964,-25.78390769448141,"3.41","1.58",353,"94.2",26,"92.3",2544,"6.3",776839,669257,518692,500743,690976,605141,669743,681624,606192,"54.2",0.154,0.2,"0",1,0,0,3,8,3,"Cutter",0,0,0,0,0,0,0,0,"Standard","Standard",214,"0.025","-0.364","67.0","8.0",0.334,"0.364","94.2",0,0,0.515,0.485,30,23,31,23,1,0,7,1,7,2,"2.18","-0.15","-0.15","35.9",9.163513945710752,-11.193436986686736,20.527592628837514,36.88719871814191,40.763589993125535
"FF","2025-08-06","98","-2.56","5.58","Ohtani, Shohei",691026,660271,,"ball",,,,,11,"Ball","R","R","R","LAD","STL","B",,,1,0,2025,"-0.86","0.96","-1.3","2.83",,,,1,2,"Top",,,,,,,5.369363084393269,-142.77620641085116,-4.253869364209118,-12.888331097040972,28.403965168055954,-18.254058981324622,"3.25","1.51",,,,"98.8",2556,"6.4",776839,669257,518692,500743,690976,605141,669743,681624,606192,"54.14",,,,,,,,8,2,"4-Seam Fastball",0,0,0,0,0,0,0,0,"Standard","Standard",222,"-0.005","0.071",,,,"-0.071",,0,0,0.52,0.48,30,23,31,23,1,0,7,1,7,2,"1.38","0.86","0.86","32.5",,,,,
"SI","2025-08-06","96.6","-2.69","5.5","Ohtani, Shohei",691026,660271,,"ball",,,,,14,"Ball","R","R","R","LAD","STL","B",,,0,0,2025,"-1.37","0.46","1.63","1.36",,,,1,2,"Top",,,,,,,14.66387406662616,-139.98739008568484,-6.569090931470484,-21.028503511877446,26.66509489449958,-24.855817177611975,"3.36","1.61",,,,"97.3",2244,"6.6",776839,669257,518692,500743,690976,605141,669743,681624,606192,"53.92",,,,,,,,8,1,"Sinker",0,0,0,0,0,0,0,0,"Standard","Standard",227,"-0.003","0.039",,,,"-0.039",,0,0,0.523,0.477,30,23,31,23,1,0,7,1,7,2,"1.98","1.37","1.37","30.6",,,,,
"FF","2025-08-06","99.4","-2.6","5.55","Ohtani, Shohei",663457,660271,"strikeout","swinging_strike",,,,,11,"Lars Nootbaar strikes out swinging.","R","L","R","LAD","STL","S",2,,1,2,2025,"-0.5","1.27","-0.11","3.98",,,,0,2,"Top",,,,,,,8.056313456004201,-144.7617430806864,-1.9637672211184933,-8.661173328043242,27.0134944842574,-13.878679956371952,"3.45","1.66",,,,"100.9",2513,"6.6",776839,669257,518692,500743,690976,605141,669743,681624,606192,"53.9",,0,"0",1,0,0,,7,4,"4-Seam Fastball",0,0,0,0,0,0,0,0,"Strategic","Standard",218,"0.017","-0.189","64.2","5.0",,"0.189",,0,0,0.506,0.494,30,27,31,28,1,0,7,1,7,3,"1","0.5","-0.5","34.9",-3.809597736487513,24.164340340666914,20.56157382353683,34.823107255305274,19.99642306289173
"FF","2025-08-06","97.6","-2.53","5.59","Ohtani, Shohei",663457,660271,,"swinging_strike",,,,,4,"Swinging Strike","R","L","R","LAD","STL","S",,,1,1,2025,"-0.84","1.13","-0.52","2.73",,,,0,2,"Top",,,,,,,7.356833504246468,-142.12506364965748,-4.923281130334092,-12.874002776215939,26.90300598764979,-15.813963338878679,"3.45","1.66",,,,"98.8",2413,"6.5",776839,669257,518692,500743,690976,605141,669743,681624,606192,"53.99",,,,,,,,7,3,"4-Seam Fastball",0,0,0,0,0,0,0,0,"Standard","Standard",219,"0.005","-0.061","75.2","6.2",,"0.061",,0,0,0.501,0.499,30,27,31,28,1,0,7,1,7,3,"1.22","0.84","-0.84","35.7",-3.924039980939638,15.834854131882375,31.283730804291423,40.56952047512327,19.552067753991267
"FF","2025-08-06","96.7","-2.59","5.62","Ohtani, Shohei",663457,660271,,"swinging_strike",,,,,4,"Swinging Strike","R","L","R","LAD","STL","S",,,1,0,2025,"-0.95","0.83","-0.65","2.72",,,,0,2,"Top",,,,,,,7.35496209303327,-140.7553942964194,-4.167037897071897,-14.210579016609024,25.7220109418432,-20.336968075584238,"3.45","1.66",,,,"97.5",2442,"6.3",776839,669257,518692,500743,690976,605141,669743,681624,606192,"54.2",,,,,,,,7,2,"4-Seam Fastball",0,0,0,0,0,0,0,0,"Standard","Standard",229,"0.005","-0.05","75.5","6.2",,"0.05",,0,0,0.496,0.504,30,27,31,28,1,0,7,1,7,3,"1.57","0.95","-0.95","33.0",-1.72421248426555,19.039833151039556,26.737029487747343,43.29886192113939,21.816858929506413
"FF","2025-08-06","96.2","-2.57","5.55","Ohtani, Shohei",663457,660271,,"ball",,,,,11,"Ball","R","L","R","LAD","STL","B",,,0,0,2025,"-0.54","1.11","-1.32","3.99",,,,0,2,"Top",,,,,,,4.540510894596302,-140.1211206891573,-1.1114344383902488,-8.060667819404301,28.67034326620803,-17.442607908243318,"3.33","1.58",,,,"97",2402,"6.5",776839,669257,518692,500743,690976,605141,669743,681624,606192,"54.02",,,,,,,,7,1,"4-Seam Fastball",0,0,0,0,0,0,0,0,"Standard","Standard",218,"-0.004","0.041",,,,"-0.041",,0,0,0.5,0.5,30,27,31,28,1,0,7,1,7,3,"1.33","0.54","-0.54","32.6",,,,,
"FF","2025-08-06","99.7","-2.72","5.48","Ohtani, Shohei",676475,660271,"strikeout","called_strike",,,,,9,"Alec Burleson called out on strikes.","R","L","R","LAD","STL","S",2,,1,2,2025,"-0.51","1.07","0.51","2.14",,,,2,1,"Top",,,,,,,10.156947556308104,-144.91944585989344,-6.401562414798866,-9.284343182911265,29.645587077773982,-15.772273740933908,"3.53","1.64",,,,"101",2436,"6.8",776839,669257,518692,500743,690976,605141,669743,681624,606192,"53.72",,0,"0",1,0,0,,3,4,"4-Seam Fastball",0,0,0,0,0,0,0,0,"Infield shade","Standard",217,"0.008","-0.182",,,,"0.182",,0,0,0.54,0.45999999999999996,30,26,31,27,1,0,7,1,7,2,"1.21","0.51","-0.51","31.6",,,,,
"FF","2025-08-06","98.3","-2.48","5.5","Ohtani, Shohei",676475,660271,,"called_strike",,,,,9,"Called Strike","R","L","R","LAD","STL","S",,,1,1,2025,"-0.62","1.23","0.57","2.07",,,,2,1,"Top",,,,,,,9.696878658066199,-142.78172765052253,-6.722765536291017,-10.606063984381322,30.001189680647276,-13.888453889333526,"3.61","1.63",,,,"98.7",2430,"6.4",776839,669257,518692,500743,690976,605141,669743,681624,606192,"54.08",,,,,,,,3,3,"4-Seam Fastball",0,0,0,0,0,0,0,0,"Infield shade","Standard",218,"0.002","-0.062",,,,"0.062",,0,0,0.538,0.46199999999999997,30,26,31,27,1,0,7,1,7,2,"1.12","0.62","-0.62","35.3",,,,,
"FF","2025-08-06","98.5","-2.5","5.52","Ohtani, Shohei",676475,660271,,"called_strike",,,,,7,"Called Strike","R","L","R","LAD","STL","S",,,1,0,2025,"-0.84","1.18","-0.59","1.84",,,,2,1,"Top",,,,,,,7.24352278063964,-143.25279637074317,-7.402805676681049,-13.229087654386861,30.165101316554964,-14.406317778393511,"3.49","1.63",,,,"100",2423,"7",776839,669257,518692,500743,690976,605141,669743,681624,606192,"53.55",,,,,,,,3,2,"4-Seam Fastball",0,0,0,0,0,0,0,0,"Infield shade","Standard",218,"0.001","-0.054",,,,"0.054",,0,0,0.537,0.46299999999999997,30,26,31,27,1,0,7,1,7,2,"1.16","0.84","-0.84","32.9",,,,,
"SL","2025-08-06","88.2","-2.25","5.94","Ohtani, Shohei",676475,660271,,"ball",,,,,13,"Ball","R","L","R","LAD","STL","B",,,0,0,2025,"0.25","-0.01","-0.17","1.26",,,,2,1,"Top",,,,,,,4.555784383821231,-128.49417760081798,-5.404655333259154,2.004093114287385,22.09588874413714,-31.523560938919655,"3.43","1.73",,,,"89.2",2572,"6.5",776839,669257,518692,500743,690976,605141,669743,681624,606192,"54.04",,,,,,,,3,1,"Slider",0,0,0,0,0,0,0,0,"Infield shade","Standard",68,"-0.001","0.037",,,,"-0.037",,0,0,0.538,0.46199999999999997,30,26,31,27,1,0,7,1,7,2,"2.89","-0.25","0.25","41.6",,,,,
"ST","2025-08-06","83","-2.56","5.58","Ohtani, Shohei",671056,660271,"field_out","hit_into_play",,,,,2,"Iván Herrera lines out to center fielder Andy Pages.","R","R","R","LAD","STL","X",8,"line_drive",0,1,2025,"1.31","0.02","-0.14","3.01",,,,1,1,"Top",105.79,74.26,,,,,3.0019063557866543,-120.89001701737558,0.4971369137705208,12.348908182523223,21.74325568954429,-32.28145860401633,"3.42","1.55",314,"93.3",22,"83.8",2571,"6.6",776839,669257,518692,500743,690976,605141,669743,681624,606192,"53.89",0.18,0.225,"0",1,0,0,3,2,2,"Sweeper",0,0,0,0,0,0,0,0,"Standard","Standard",62,"0.014","-0.215","71.8","7.0",0.34,"0.215","93.3",0,0,0.524,0.476,30,25,31,25,1,0,7,1,7,2,"3.26","-1.31","-1.31","33.7",8.869323841464062,1.0381967313257419,28.807245359090217,31.743106183873657,30.111012392536306
"ST","2025-08-06","84.6","-2.38","5.62","Ohtani, Shohei",671056,660271,,"swinging_strike",,,,,14,"Swinging Strike","R","R","R","LAD","STL","S",,,0,0,2025,"1.02","0.37","0.95","1.85",,,,1,1,"Top",,,,,,,5.763693161587699,-123.11848636589606,-3.2044182162501054,9.253812597791628,23.923730510852476,-28.02785660050133,"3.42","1.55",,,,"84.9",2546,"6.4",776839,669257,518692,500743,690976,605141,669743,681624,606192,"54.07",,,,,,,,2,1,"Sweeper",0,0,0,0,0,0,0,0,"Standard","Standard",57,"0.002","-0.039","61.8","7.9",,"0.039",,0,0,0.522,0.478,30,25,31,25,1,0,7,1,7,2,"2.81","-1.02","-1.02","32.0",30.62316558676131,-62.65777040650171,26.433538912185295,,
"FF","2025-08-06","98.4","-2.42","5.53","Ohtani, Shohei",680977,660271,"field_out","hit_into_play",,,,,5,"Brendan Donovan flies out to left fielder Alex Call.","R","L","R","LAD","STL","X",7,"fly_ball",2,2,2025,"-0.57","0.95","-0.16","2.42",,,,0,1,"Top",46.4,77.07,,,,,7.521334262931621,-143.12942407059055,-5.2618566251756205,-9.470042665335404,29.32872902410308,-18.12143735479074,"3.39","1.6",359,"96.5",29,"99.4",2467,"6.6",776839,669257,518692,500743,690976,605141,669743,681624,606192,"53.88",0.30642857142857144,0.5664999999999999,"0",1,0,0,5,1,5,"4-Seam Fastball",0,0,0,0,0,0,0,0,"Infield shade","Standard",222,"0.02","-0.232","71.8","6.4",1.0940714285714286,"0.232","96.5",0,0,0.502,0.498,30,28,31,28,1,0,7,1,7,2,"1.39","0.57","-0.57","34.4",1.3248658026816402,9.910676216006431,30.36854869300751,36.16532306687189,17.634034669799526
"SL","2025-08-06","88.9","-2.23","5.93","Ohtani, Shohei",680977,660271,,"ball",,,,,13,"Ball","R","L","R","LAD","STL","B",,,1,2,2025,"0.28","-0.03","-0.11","0.27",,,,0,1,"Top",,,,,,,4.598661721202477,-129.21568757273852,-7.747884495665437,2.1656424335391837,27.665843679195525,-31.032701245617694,"3.26","1.52",,,,"88.9",2457,"6.4",776839,669257,518692,500743,690976,605141,669743,681624,606192,"54.12",,,,,,,,1,4,"Slider",0,0,0,0,0,0,0,0,"Infield shade","Standard",95,"-0.004","0.043",,,,"-0.043",,0,0,0.506,0.494,30,28,31,28,1,0,7,1,7,2,"2.93","-0.28","0.28","38.7",,,,,
"FF","2025-08-06","97.7","-2.35","5.54","Ohtani, Shohei",680977,660271,,"foul",,,,,6,"Foul","R","L","R","LAD","STL","S",,,1,1,2025,"-0.83","1.23","0.78","2.29",,,,0,1,"Top",,,,,,,10.411561689345302,-141.90070759980895,-6.147862652645413,-13.504990587552681,30.639507768931907,-14.301138741466163,"3.39","1.6",157,"63",62,"98.6",2428,"6.8",776839,669257,518692,500743,690976,605141,669743,681624,606192,"53.71",,,,,,,,1,3,"4-Seam Fastball",0,0,0,0,0,0,0,0,"Infield shade","Standard",218,"0.005","-0.061","67.0","6.8",,"0.061","88.0",0,0,0.501,0.499,30,28,31,28,1,0,7,1,7,2,"1.16","0.83","-0.83","32.8",2.288086643432048,-6.10723527885982,39.156640284903524,26.55580868214379,22.478254074397988
"FF","2025-08-06","97.4","-2.39","5.63","Ohtani, Shohei",680977,660271,,"foul_tip",,,,,5,"Foul Tip","R","L","R","LAD","STL","S",,,1,0,2025,"-0.78","1.22","0.12","2.62",,,,0,1,"Top",,,,,,,8.57765932887756,-141.59093958014466,-5.4426069853953525,-12.30143892213609,29.008059395098364,-14.633524269458436,"3.39","1.6",,,,"98.4",2320,"6.7",776839,669257,518692,500743,690976,605141,669743,681624,606192,"53.83",,,,,,,,1,2,"4-Seam Fastball",0,0,0,0,0,0,0,0,"Standard","Standard",220,"0.005","-0.05","71.3","6.3",,"0.05",,0,0,0.496,0.504,30,28,31,28,1,0,7,1,7,2,"1.17","0.78","-0.78","36.2",-0.5632813527415406,13.73317612931852,32.526190231031535,33.65155326079731,17.915125392615074
"FF","2025-08-06","97.1","-2.47","5.61","Ohtani, Shohei",680977,660271,,"ball",,,,,11,"Ball","R","L","R","LAD","STL","B",,,0,0,2025,"-0.94","1.23","-0.85","2.61",,,,0,1,"Top",,,,,,,6.534790241756456,-141.268393609051,-5.391197510763068,-14.067521077348928,30.985988522650278,-14.596781193878059,"3.26","1.78",,,,"97.9",2295,"6.7",776839,669257,518692,500743,690976,605141,669743,681624,606192,"53.82",,,,,,,,1,1,"4-Seam Fastball",0,0,0,0,0,0,0,0,"Standard","Standard",223,"-0.004","0.041",,,,"-0.041",,0,0,0.5,0.5,30,28,31,28,1,0,7,1,7,2,"1.18","0.94","-0.94","34.3",,,,,
"ST","2025-07-30","86.3","-2.07","5.63","Ohtani, Shohei",668715,660271,,"ball",,,,,14,"Ball","R","R","R","CIN","LAD","B",,,1,0,2025,"0.91","0.33","1.38","1.73",682622,,663886,0,4,"Bot",,,,,,,6.408097633732655,-125.56435397584646,-3.730017909119135,8.32527967844406,26.085812534636645,-28.162156469392322,"3.32","1.44",,,,"87",2582,"6.8",776941,669257,518692,500743,690976,605141,624424,681624,606192,"53.69",,,,,,,,31,2,"Sweeper",1,2,1,2,2,1,1,2,"Standard","Standard",67,"0.011","0.065",,,,"-0.065",,-1,-1,0.593,0.593,30,27,31,28,1,1,9,1,7,1,"2.74","-0.91","-0.91","37.1",,,,,
"FF","2025-07-30","98.2","-1.94","5.75","Ohtani, Shohei",668715,660271,,"ball",,,,,14,"Ball","R","R","R","CIN","LAD","B",,,0,0,2025,"-0.25","1.1","1.59","0.93",682622,,663886,0,4,"Bot",,,,,,,10.216632215006758,-142.4858528533528,-10.241499895330314,-5.519396278043029,28.956122779006936,-15.059860997374367,"3.32","1.47",,,,"99.5",2533,"6.9",776941,669257,518692,500743,690976,605141,624424,681624,606192,"53.61",,,,,,,,31,1,"4-Seam Fastball",1,2,1,2,2,1,1,2,"Standard","Standard",216,"0.005","0.024",,,,"-0.024",,-1,-1,0.588,0.588,30,27,31,28,1,1,9,1,7,1,"1.26","0.25","0.25","34.0",,,,,
"FF","2025-07-30","97.6","-2.38","5.66","Ohtani, Shohei",663886,660271,"walk","ball",,,,,12,"Tyler Stephenson walks.","R","R","R","CIN","LAD","B",,,3,0,2025,"-0.23","1.1","1.19","3.09",682622,,,0,4,"Bot",,,,,,,10.231506302157333,-141.83068744753734,-3.9972198058044635,-5.344874319420055,30.22934883558025,-16.52377257074798,"3.4","1.47",,,,"98.8",2456,"6.9",776941,669257,518692,500743,690976,605141,624424,681624,606192,"53.64",,0.691497,"0.7",1,0,0,,30,4,"4-Seam Fastball",1,2,1,2,2,1,1,2,"Strategic","Standard",216,"0.019","0.188",,,,"-0.188",,-1,-1,0.569,0.569,30,28,31,29,2,1,9,1,7,1,"1.28","0.23","0.23","33.0",,,,,
"FF","2025-07-30","98.6","-2.42","5.62","Ohtani, Shohei",663886,660271,,"ball",,,,,11,"Ball","R","R","R","CIN","LAD","B",,,2,0,2025,"-0.54","1.25","-1.3","3.05",682622,,,0,4,"Bot",,,,,,,4.3302305229528715,-143.62598701064852,-4.539182142195298,-8.38110765136853,31.16429968372163,-14.024357523595944,"3.42","1.5",,,,"99.8",2439,"6.7",776941,669257,518692,500743,690976,605141,624424,681624,606192,"53.76",,,,,,,,30,3,"4-Seam Fastball",1,2,1,2,2,1,1,2,"Strategic","Standard",215,"0.014","0.063",,,,"-0.063",,-1,-1,0.555,0.555,30,28,31,29,2,1,9,1,7,1,"1.08","0.54","0.54","32.4",,,,,
"SI","2025-07-30","97.4","-1.93","5.73","Ohtani, Shohei",663886,660271,,"ball",,,,,14,"Ball","R","R","R","CIN","LAD","B",,,1,0,2025,"-1.5","0.52","2.01","0.86",,682622,,0,4,"Bot",,,,,,,14.10266579074494,-140.7645398883005,-8.66049903678246,-23.417252363491237,37.035341592494,-23.149714577952867,"3.42","1.5",,,,"97.2",2308,"6.9",776941,669257,518692,500743,690976,605141,624424,681624,606192,"53.6",,,,,,,,30,2,"Sinker",1,2,1,2,2,1,1,2,"Standard","Standard",228,"0.042","0.075",,,,"-0.075",,-1,-1,0.513,0.513,30,28,31,29,2,1,9,1,7,1,"1.95","1.5","1.5","36.2",,,,,
"SI","2025-07-30","96.3","-1.99","5.73","Ohtani, Shohei",663886,660271,,"ball",,,,,14,"Ball","R","R","R","CIN","LAD","B",,,0,0,2025,"-1.27","0.81","1.73","0.85",,,682622,0,4,"Bot",,,,,,,12.835462952693268,-139.39951706859367,-9.293834692546625,-19.311417928247298,29.528924779257288,-19.639196627733302,"3.42","1.46",,,,"97.1",2215,"6.9",776941,669257,518692,500743,690976,605141,624424,681624,606192,"53.57",,,,,,,,30,1,"Sinker",1,2,1,2,2,1,1,2,"Standard","Standard",219,"0.036","0.04",,,,"-0.04",,-1,-1,0.477,0.477,30,28,31,29,2,1,9,1,7,1,"1.66","1.27","1.27","34.7",,,,,
"ST","2025-07-30","84.7","-2.53","5.65","Ohtani, Shohei",682622,660271,"single","hit_into_play",,,,,5,"Noelvi Marte singles on a ground ball to third baseman Alex Freeland.","R","R","R","CIN","LAD","X",5,"ground_ball",0,1,2025,"1.01","0.28","-0.11","2.24",,,,0,4,"Bot",93.4,168.17,,,,,3.675988629989384,-123.44440144014008,-2.244262168914444,9.652302266059136,23.45377440430506,-29.124074884877093,"3.48","1.67",115,"99.6",6,"85.6",2499,"6.7",776941,669257,518692,500743,690976,605141,624424,681624,606192,"53.84",0.595,0.548,"0.9",1,1,0,4,29,2,"Sweeper",1,2,1,2,2,1,1,2,"Standard","Standard",72,"0.054","0.477","69.6","7.8",0.676,"-0.477","99.6",-1,-1,0.423,0.423,30,23,31,24,2,1,9,1,7,1,"2.88","-1.01","-1.01","31.2",13.059081341161688,-23.670917198405952,29.18375578637781,36.1753829043779,46.72282048772262
"SI","2025-07-30","95.7","-2.17","5.78","Ohtani, Shohei",682622,660271,,"called_strike",,,,,6,"Called Strike","R","R","R","CIN","LAD","S",,,0,0,2025,"-1.24","0.67","0.43","2.76",,,,0,4,"Bot",,,,,,,9.740831496500157,-139.01719815528133,-3.9023363710971015,-18.239987933089154,29.65036691731762,-22.738104615558523,"3.36","1.59",,,,"96.4",2194,"6.7",776941,669257,518692,500743,690976,605141,624424,681624,606192,"53.8",,,,,,,,29,1,"Sinker",1,2,1,2,2,1,1,2,"Standard","Standard",214,"-0.005","-0.039",,,,"0.039",,-1,-1,0.428,0.428,30,23,31,24,2,1,9,1,7,1,"1.81","1.24","1.24","34.6",,,,,
"SI","2025-07-30","96.3","-2.44","5.64","Ohtani, Shohei",669720,660271,"field_out","hit_into_play",,,,,2,"Austin Hays grounds out, shortstop Mookie Betts to first baseman Freddie Freeman.","R","R","R","CIN","LAD","X",6,"ground_ball",0,0,2025,"-1.22","0.49","0.23","2.94",,,,2,3,"Bot",108.24,148.64,,,,,9.925252598952978,-139.8964568254288,-2.725787834122159,-18.167276454388052,30.069176000341635,-25.27366665130229,"3.28","1.45",7,"90.9",-23,"97.1",2214,"6.7",776941,669257,518692,500743,690976,605141,624424,681624,606192,"53.76",0.063,0.064,"0",1,0,0,2,23,1,"Sinker",1,0,1,0,0,1,1,0,"Standard","Standard",221,"-0.01","-0.26","74.4","7.1",0.069,"0.26","90.9",1,1,0.633,0.633,30,29,31,30,2,1,9,1,7,1,"1.96","1.22","1.22","31.9",16.421130262703795,-3.8883127497052383,24.00856383447734,40.256907552676125,35.94323427563243
"FS","2025-07-30","90","-2.21","5.72","Ohtani, Shohei",682829,660271,"field_out","hit_into_play",,,,,13,"Elly De La Cruz grounds out, second baseman Miguel Rojas to first baseman Freddie Freeman.","R","L","R","CIN","LAD","X",4,"ground_ball",0,0,2025,"-1.04","0.34","-0.97","2.34",,,,1,3,"Bot",140.67,159.28,,,,,5.335915138616867,-131.00139573729265,-3.145136658703833,-13.064536890330151,28.633192726724335,-27.80099915409599,"3.59","1.68",8,"66.9",-16,"90.7",1389,"6.8",776941,669257,518692,500743,690976,605141,624424,681624,606192,"53.73",0.043,0.059,"0",1,0,0,2,22,1,"Split-Finger",1,0,1,0,0,1,1,0,"Strategic","Standard",226,"-0.015","-0.254","68.8","7.6",0.047,"0.254","88.0",1,1,0.648,0.648,30,23,31,23,2,1,9,1,7,1,"2.48","1.04","-1.04","34.8",8.258348679837551,1.3027614559572354,26.569139420309842,50.65596446041258,36.626595145999595
"ST","2025-07-30","86","-2.7","5.55","Ohtani, Shohei",680574,660271,"field_out","hit_into_play",,,,,3,"Matt McLain flies out to left fielder Michael Conforto.","R","R","R","CIN","LAD","X",7,"fly_ball",3,2,2025,"0.97","0.57","0.3","2.8",,,,0,3,"Bot",47.6,111.92,,,,,5.1913403847299335,-125.2878716193337,-1.461130859793419,9.228773187813964,24.877493653943468,-26.040842160598217,"3.11","1.39",289,"83.9",45,"86.9",2580,"6.7",776941,669257,518692,500743,690976,605141,624424,681624,606192,"53.77",0.01,0.011,"0",1,0,0,3,21,6,"Sweeper",1,0,1,0,0,1,1,0,"Standard","Standard",74,"-0.026","-0.345","62.5","7.3",0.014,"0.345","88.0",1,1,0.674,0.674,30,25,31,26,2,1,9,1,7,1,"2.5","-0.97","-0.97","30.6",21.843436478033478,-16.19127546151253,27.936574914222415,39.70988961423688,45.03239256368969
"ST","2025-07-30","85.7","-2.5","5.57","Ohtani, Shohei",680574,660271,,"ball",,,,,13,"Ball","R","R","R","CIN","LAD","B",,,2,2,2025,"1.15","0.35","-0.08","1.37",,,,0,3,"Bot",,,,,,,3.4197920346976947,-124.80911223843228,-4.411504948980595,11.339263755131444,25.70629073841412,-27.825877149638735,"3.08","1.6",,,,"86.4",2662,"6.7",776941,669257,518692,500743,690976,605141,624424,681624,606192,"53.76",,,,,,,,21,5,"Sweeper",1,0,1,0,0,1,1,0,"Standard","Standard",66,"0.007","0.112",,,,"-0.112",,1,1,0.667,0.667,30,25,31,26,2,1,9,1,7,1,"2.75","-1.15","-1.15","29.9",,,,,
"ST","2025-07-30","84.6","-2.51","5.59","Ohtani, Shohei",680574,660271,,"called_strike",,,,,11,"Called Strike","R","R","R","CIN","LAD","S",,,2,1,2025,"1.04","0.59","-0.29","3.18",,,,0,3,"Bot",,,,,,,3.1148986195593302,-123.25384984265764,-0.43908229056446385,9.982119099900405,25.124178480649828,-26.256396206947144,"2.94","1.34",,,,"85.1",2594,"6.6",776941,669257,518692,500743,690976,605141,624424,681624,606192,"53.9",,,,,,,,21,4,"Sweeper",1,0,1,0,0,1,1,0,"Standard","Standard",77,"-0.005","-0.073",,,,"0.073",,1,1,0.672,0.672,30,25,31,26,2,1,9,1,7,1,"2.59","-1.04","-1.04","30.6",,,,,
"SI","2025-07-30","96.3","-2.39","5.66","Ohtani, Shohei",680574,660271,,"ball",,,,,9,"Ball","R","R","R","CIN","LAD","B",,,1,1,2025,"-1.45","0.26","0.35","1.37",,,,0,3,"Bot",,,,,,,10.602198539410967,-139.6760689677044,-6.390153607802812,-21.3508110093872,32.490761367462646,-27.41184058465719,"3.03","1.36",,,,"96.6",2196,"6.7",776941,669257,518692,500743,690976,605141,624424,681624,606192,"53.8",,,,,,,,21,3,"Sinker",1,0,1,0,0,1,1,0,"Standard","Standard",216,"0.004","0.055",,,,"-0.055",,1,1,0.668,0.668,30,25,31,26,2,1,9,1,7,1,"2.22","1.45","1.45","33.0",,,,,
"ST","2025-07-30","84","-2.44","5.78","Ohtani, Shohei",680574,660271,,"called_strike",,,,,3,"Called Strike","R","R","R","CIN","LAD","S",,,1,0,2025,"0.89","0.52","0.55","2.64",,,,0,3,"Bot",,,,,,,5.1960053523204675,-122.25827691829878,-1.9046283533242931,7.894176315228488,24.65855699630379,-26.79932940552425,"3.04","1.3",,,,"84.4",2529,"6.6",776941,669257,518692,500743,690976,605141,624424,681624,606192,"53.9",,,,,,,,21,2,"Sweeper",1,0,1,0,0,1,1,0,"Standard","Standard",69,"-0.004","-0.05",,,,"0.05",,1,1,0.672,0.672,30,25,31,26,2,1,9,1,7,1,"2.72","-0.89","-0.89","34.6",,,,,
"SI","2025-07-30","94.8","-2.29","5.76","Ohtani, Shohei",680574,660271,,"ball",,,,,14,"Ball","R","R","R","CIN","LAD","B",,,0,0,2025,"-1.01","0.79","1.56","2.07",,,,0,3,"Bot",,,,,,,12.384344461584204,-137.49765341583125,-5.736967190884021,-15.60201316612554,30.908396951600167,-20.98331815523842,"3.07","1.27",,,,"95.2",2170,"6.7",776941,669257,518692,500743,690976,605141,624424,681624,606192,"53.76",,,,,,,,21,1,"Sinker",1,0,1,0,0,1,1,0,"Standard","Standard",217,"0.003","0.041",,,,"-0.041",,1,1,0.669,0.669,30,25,31,26,2,1,9,1,7,1,"1.77","1.01","1.01","33.0",,,,,
"ST","2025-07-30","87","-2","5.63","Ohtani, Shohei",666158,660271,"field_out","hit_into_play",,,,,5,"Gavin Lux grounds out, second baseman Miguel Rojas to first baseman Freddie Freeman.","R","L","R","CIN","LAD","X",4,"ground_ball",3,2,2025,"1.03","0.38","0.12","2.21",,668715,669289,2,2,"Bot",137.47,146.79,,,,,2.9702509299510043,-126.66808759678598,-2.775045389090974,10.333381148511469,28.965900213352786,-27.68654399035349,"3.31","1.55",5,"75.5",-25,"87.3",2760,"6.7",776941,669257,518692,500743,690976,605141,624424,681624,606192,"53.8",0.043,0.047,"0",1,0,0,2,17,6,"Sweeper",1,0,1,0,0,1,1,0,"Standard","Standard",68,"-0.043","-0.282","67.0","6.8",0.048,"0.282","88.0",1,1,0.655,0.655,30,27,31,28,2,1,9,1,7,1,"2.65","-1.03","1.03","31.8",5.589048700010359,16.04425083601071,30.694626831554835,34.788893849099175,26.781774400604153
"ST","2025-07-30","84.1","-2.06","5.69","Ohtani, Shohei",666158,660271,,"called_strike",,,,,5,"Called Strike","R","L","R","CIN","LAD","S",,,3,1,2025,"1.15","0.23","0.26","2.66",,668715,669289,2,2,"Bot",,,,,,,3.107297636782175,-122.44393331842869,-1.0138481259290202,10.77741864927649,27.255668162927318,-29.901966376009348,"3.26","1.41",,,,"84.3",2715,"6.7",776941,669257,518692,500743,690976,605141,624424,681624,606192,"53.81",,,,,,,,17,5,"Sweeper",1,0,1,0,0,1,1,0,"Standard","Standard",70,"-0.006","-0.11",,,,"0.11",,1,1,0.661,0.661,30,27,31,28,2,1,9,1,7,1,"3.02","-1.15","1.15","34.8",,,,,
"FF","2025-07-30","99.1","-2.09","5.71","Ohtani, Shohei",666158,660271,,"ball",,,,,11,"Ball","R","L","R","CIN","LAD","B",,,2,1,2025,"-0.18","1.33","-0.08","3.66",,668715,669289,2,2,"Bot",,,,,,,5.944951565700058,-144.16580152822402,-3.2844628861866916,-3.871586925045982,34.31896425082617,-13.105130284640811,"3.28","1.51",,,,"99.8",2601,"6.7",776941,669257,518692,500743,690976,605141,624424,681624,606192,"53.76",,,,,,,,17,4,"4-Seam Fastball",1,0,1,0,0,1,1,0,"Standard","Standard",197,"0.007","0.109",,,,"-0.109",,1,1,0.654,0.654,30,27,31,28,2,1,9,1,7,1,"1","0.18","-0.18","36.6",,,,,
"ST","2025-07-30","85.2","-2.02","5.59","Ohtani, Shohei",666158,660271,,"blocked_ball",,,,,14,"Ball In Dirt","R","L","R","CIN","LAD","B",,,1,1,2025,"0.93","0.21","0.62","0.83",,668715,669289,2,2,"Bot",,,,,,,4.357999147111933,-123.97054753677993,-5.257425607042711,8.543039677664403,27.260122344504655,-29.050203937758244,"3.2","1.49",,,,"85.5",2814,"6.7",776941,669257,518692,500743,690976,605141,624424,681624,606192,"53.81",,,,,,,,17,3,"Sweeper",1,0,1,0,0,1,1,0,"Standard","Standard",61,"0.005","0.03",,,,"-0.03",,1,1,0.649,0.649,30,27,31,28,2,1,9,1,7,1,"2.95","-0.93","0.93","36.4",,,,,
"ST","2025-07-30","86.4","-2.07","5.63","Ohtani, Shohei",666158,660271,,"swinging_strike",,,,,9,"Swinging Strike","R","L","R","CIN","LAD","S",,,1,0,2025,"0.98","0.21","0.45","1.54",,668715,669289,2,2,"Bot",,,,,,,4.043442578466658,-125.66468863035001,-3.883816031794932,9.301181424807352,29.432875792503207,-29.34774113316285,"3.31","1.55",,,,"86.5",2738,"6.8",776941,669257,518692,500743,690976,605141,624424,681624,606192,"53.75",,,,,,,,17,2,"Sweeper",1,0,1,0,0,1,1,0,"Standard","Standard",72,"-0.005","-0.052","70.8","8.4",,"0.052",,1,1,0.654,0.654,30,27,31,28,2,1,9,1,7,1,"2.89","-0.98","0.98","31.9",23.163048284363544,-16.817019981568727,34.83580364011074,32.19416049958631,41.6654174987422
"ST","2025-07-30","85.4","-2.05","5.67","Ohtani, Shohei",666158,660271,,"blocked_ball",,,,,14,"Ball In Dirt","R","L","R","CIN","LAD","B",,,0,0,2025,"1.36","0.02","1.35","0.51",,668715,669289,2,2,"Bot",,,,,,,5.299847178902502,-124.08392272225798,-5.849157097051657,12.68509137714013,27.907401848520422,-30.872034588370102,"3.31","1.54",,,,"85.5",2872,"6.7",776941,669257,518692,500743,690976,605141,624424,681624,606192,"53.79",,,,,,,,17,1,"Sweeper",1,0,1,0,0,1,1,0,"Standard","Standard",61,"0.003","0.024",,,,"-0.024",,1,1,0.651,0.651,30,27,31,28,2,1,9,1,7,1,"3.15","-1.36","1.36","33.6",,,,,
"ST","2025-07-30","85.3","-2.36","5.54","Ohtani, Shohei",669289,660271,"single","hit_into_play",,,,,2,"Santiago Espinal singles on a line drive to left fielder Michael Conforto. Spencer Steer to 2nd.","R","R","R","CIN","LAD","X",7,"line_drive",1,1,2025,"0.69","0.4","-0.23","2.93",,,668715,2,2,"Bot",63.86,121.06,,,,,3.6549406174099994,-124.17255070027026,-0.6280289834341113,6.418938376466912,25.067260827234968,-28.14177690388109,"3.43","1.62",247,"75.2",23,"86",2661,"6.7",776941,669257,518692,500743,690976,605141,624424,681624,606192,"53.76",0.932,0.865,"0.9",1,1,0,4,16,3,"Sweeper",1,0,1,0,0,1,1,0,"Standard","Standard",74,"0.02","0.361","70.7","7.5",1.017,"-0.361","88.0",1,1,0.631,0.631,30,30,31,31,1,0,9,1,7,1,"2.73","-0.69","-0.69","30.3",18.135981229406248,-16.21719828980987,28.046752145274983,32.21716488539984,44.210338534331974
"ST","2025-07-30","82.7","-2.02","5.83","Ohtani, Shohei",669289,660271,,"ball",,,,,13,"Ball","R","R","R","CIN","LAD","B",,,0,1,2025,"1.41","-0.17","-1.05","1.85",,,668715,2,2,"Bot",,,,,,,-0.555999083133206,-120.35728474659435,-2.208858845271772,13.748379299928281,25.21522884661644,-33.57158084195394,"3.47","1.57",,,,"82.8",2703,"6.5",776941,669257,518692,500743,690976,605141,624424,681624,606192,"53.96",,,,,,,,16,2,"Sweeper",1,0,1,0,0,1,1,0,"Standard","Standard",58,"0.002","0.027",,,,"-0.027",,1,1,0.629,0.629,30,30,31,31,1,0,9,1,7,1,"3.52","-1.41","-1.41","36.2",,,,,
"ST","2025-07-30","83.2","-2.04","5.73","Ohtani, Shohei",669289,660271,,"swinging_strike",,,,,14,"Swinging Strike","R","R","R","CIN","LAD","S",,,0,0,2025,"1.55","0.35","0.87","2.02",,,668715,2,2,"Bot",,,,,,,3.6376867512360005,-121.09046877189775,-2.6890796985456302,14.456299047809113,25.34501564804081,-28.43903341694837,"3.43","1.62",,,,"83.3",2742,"6.5",776941,669257,518692,500743,690976,605141,624424,681624,606192,"53.99",,,,,,,,16,1,"Sweeper",1,0,1,0,0,1,1,0,"Standard","Standard",59,"-0.003","-0.042","50.2","8.0",,"0.042",,1,1,0.632,0.632,30,30,31,31,1,0,9,1,7,1,"2.96","-1.55","-1.55","35.3",27.418046671719832,-29.269770895377295,31.218562454910142,47.355467435417154,54.96601676562849
"ST","2025-07-30","85.9","-2.21","5.63","Ohtani, Shohei",666181,660271,"strikeout","swinging_strike",,,,,14,"Will Benson strikes out swinging.","R","L","R","CIN","LAD","S",2,,2,2,2025,"1.47","0.31","0.86","1.78",,,668715,1,2,"Bot",,,,,,,4.328036760077698,-125.04746580654005,-3.4497977601308483,14.368362675047072,27.072625693623962,-28.46857534002988,"3.79","1.77",,,,"86.4",2764,"6.7",776941,669257,518692,500743,690976,605141,624424,681624,606192,"53.76",,0,"0",1,0,0,,15,6,"Sweeper",1,0,1,0,0,1,1,0,"Strategic","Standard",57,"-0.023","-0.222","72.7","8.5",,"0.222",,1,1,0.655,0.655,30,27,31,27,1,0,9,1,7,1,"2.8","-1.47","1.47","31.0",27.349189653349537,-30.426199675002085,40.87750880411109,31.36811123722096,46.49843142102043
"SL","2025-07-30","87.8","-1.93","6.26","Ohtani, Shohei",666181,660271,,"ball",,,,,11,"Ball","R","L","R","CIN","LAD","B",,,1,2,2025,"0.35","-0.39","-1.18","3.98",,,668715,1,2,"Bot",,,,,,,1.106309715212225,-128.00274222868023,1.3459070686447971,3.621567634419014,24.86765916645365,-36.92548520839002,"3.92","1.76",,,,"88.4",2698,"6.4",776941,669257,518692,500743,690976,605141,624424,681624,606192,"54.05",,,,,,,,15,5,"Slider",1,0,1,0,0,1,1,0,"Strategic","Standard",54,"0.003","0.044",,,,"-0.044",,1,1,0.652,0.652,30,27,31,27,1,0,9,1,7,1,"3.32","-0.35","0.35","42.7",,,,,
"FF","2025-07-30","99.5","-2.23","5.76","Ohtani, Shohei",666181,660271,,"foul",,,,,4,"Foul","R","L","R","CIN","LAD","S",,,1,2,2025,"-0.52","0.96","-0.6","2.98",,,668715,1,2,"Bot",,,,,,,5.723862405154858,-144.85250947119422,-4.522225763207923,-8.654597833499999,33.56970720627978,-17.819827161567826,"3.79","1.77",319,"96.6",24,"100.2",2600,"6.6",776941,669257,518692,500743,690976,605141,624424,681624,606192,"53.88",,,,,,,,15,4,"4-Seam Fastball",1,0,1,0,0,1,1,0,"Strategic","Standard",207,"0","0","66.2","6.5",,"0","96.6",1,1,0.652,0.652,30,27,31,27,1,0,9,1,7,1,"1.34","0.52","-0.52","34.1",-0.9756437356970151,19.994718784224027,32.1489497913821,46.602980409345335,14.85686579774554
"ST","2025-07-30","85.6","-2.03","5.91","Ohtani, Shohei",666181,660271,,"blocked_ball",,,,,14,"Ball In Dirt","R","L","R","CIN","LAD","B",,,0,2,2025,"1.16","-0.18","1.5","0.49",,,668715,1,2,"Bot",,,,,,,6.022079625278043,-124.48005269784419,-6.149286969479041,10.695959711733149,26.619099606682216,-32.87861904740116,"3.92","1.81",,,,"86",2737,"6.8",776941,669257,518692,500743,690976,605141,624424,681624,606192,"53.74",,,,,,,,15,3,"Sweeper",1,0,1,0,0,1,1,0,"Strategic","Standard",49,"0.003","0.01",,,,"-0.01",,1,1,0.649,0.649,30,27,31,27,1,0,9,1,7,1,"3.31","-1.16","1.16","38.1",,,,,
"ST","2025-07-30","84.3","-1.9","5.77","Ohtani, Shohei",666181,660271,,"called_strike",,,,,5,"Called Strike","R","L","R","CIN","LAD","S",,,0,1,2025,"1.32","0.07","-0.08","2.49",,,668715,1,2,"Bot",,,,,,,1.6221861616796804,-122.76037742725532,-1.3356585994702588,12.909653268541655,25.952959235135793,-31.424838125914846,"3.95","1.76",,,,"84.5",2802,"6.5",776941,669257,518692,500743,690976,605141,624424,681624,606192,"53.98",,,,,,,,15,2,"Sweeper",1,0,1,0,0,1,1,0,"Infield shade","Standard",56,"-0.005","-0.047",,,,"0.047",,1,1,0.654,0.654,30,27,31,27,1,0,9,1,7,1,"3.15","-1.32","1.32","33.8",,,,,
"ST","2025-07-30","84.1","-2.04","5.73","Ohtani, Shohei",666181,660271,,"swinging_strike",,,,,14,"Swinging Strike","R","L","R","CIN","LAD","S",,,0,0,2025,"1","0.1","1.12","1.45",,,668715,1,2,"Bot",,,,,,,5.378968353709063,-122.35007267733462,-3.719127693939749,8.827132375650889,25.716534641699358,-30.618733408836995,"3.79","1.77",,,,"84.4",2658,"6.7",776941,669257,518692,500743,690976,605141,624424,681624,606192,"53.84",,,,,,,,15,1,"Sweeper",1,0,1,0,0,1,1,0,"Infield shade","Standard",49,"-0.004","-0.04","64.9","8.8",,"0.04",,1,1,0.658,0.658,30,27,31,27,1,0,9,1,7,1,"3.14","-1","1","33.8",34.87789198564632,-62.69849249991003,36.47397931392156,30.32100752208935,60.82390846204167
"ST","2025-07-30","85.8","-2.53","5.66","Ohtani, Shohei",668715,660271,"single","hit_into_play",,,,,9,"Spencer Steer singles on a ground ball to left fielder Michael Conforto.","R","R","R","CIN","LAD","X",7,"ground_ball",0,1,2025,"1.08","0.29","0.65","2.1",,,,1,2,"Bot",109.76,109.62,,,,,5.3884545567404,-124.91145833023398,-2.7559449157983225,10.155262364998888,25.594337162599906,-28.80311274933309,"3.34","1.56",49,"93.6",0,"86.1",2738,"6.5",776941,669257,518692,500743,690976,605141,624424,681624,606192,"54",0.385,0.365,"0.9",1,1,0,2,14,2,"Sweeper",1,0,1,0,0,1,1,0,"Standard","Standard",62,"0.024","0.453","71.7","7.6",0.438,"-0.453","93.6",1,1,0.634,0.634,30,27,31,28,1,0,9,1,7,1,"2.81","-1.08","-1.08","29.2",9.579033461069143,-3.9206527262540503,27.481829498895372,42.36756412258846,33.78591499572131
"FF","2025-07-30","97.2","-2.37","5.69","Ohtani, Shohei",668715,660271,,"called_strike",,,,,6,"Called Strike","R","R","R","CIN","LAD","S",,,0,0,2025,"-0.62","1.24","0.3","2.07",,,,1,2,"Bot",,,,,,,8.641844445777876,-141.27050223826043,-7.076820089140239,-10.252442079830727,30.26727884432803,-14.1700264672955,"3.15","1.33",,,,"98.1",2518,"6.7",776941,669257,518692,500743,690976,605141,624424,681624,606192,"53.76",,,,,,,,14,1,"4-Seam Fastball",1,0,1,0,0,1,1,0,"Standard","Standard",213,"-0.002","-0.039",,,,"0.039",,1,1,0.636,0.636,30,27,31,28,1,0,9,1,7,1,"1.17","0.62","0.62","32.5",,,,,
"ST","2025-07-30","86.3","-2.53","5.68","Ohtani, Shohei",663886,660271,"strikeout","called_strike",,,,,6,"Tyler Stephenson called out on strikes.","R","R","R","CIN","LAD","S",2,,0,2,2025,"0.7","0.41","0.44","2.21",,,,0,2,"Bot",,,,,,,5.6631845065944235,-125.57956336008908,-2.883457856649418,6.243450463925263,25.543961879613263,-27.45552090943521,"3.34","1.35",,,,"86.7",2697,"6.5",776941,669257,518692,500743,690976,605141,624424,681624,606192,"53.97",,0,"0",1,0,0,,13,3,"Sweeper",1,0,1,0,0,1,1,0,"Standard","Standard",68,"-0.013","-0.165",,,,"0.165",,1,1,0.649,0.649,30,28,31,29,1,0,9,1,7,1,"2.65","-0.7","-0.7","30.5",,,,,
"ST","2025-07-30","86.7","-2.58","5.71","Ohtani, Shohei",663886,660271,,"swinging_strike",,,,,14,"Swinging Strike","R","R","R","CIN","LAD","S",,,0,1,2025,"1.04","0.46","1.42","2.07",,,,0,2,"Bot",,,,,,,7.459744322615122,-126.0218755527868,-3.436664559315261,9.41121189190453,26.918053916584327,-26.712051617149257,"3.38","1.55",,,,"86.8",2531,"6.5",776941,669257,518692,500743,690976,605141,624424,681624,606192,"53.96",,,,,,,,13,2,"Sweeper",1,0,1,0,0,1,1,0,"Standard","Standard",61,"-0.004","-0.055","63.6","8.7",,"0.055",,1,1,0.653,0.653,30,28,31,29,1,0,9,1,7,1,"2.59","-1.04","-1.04","31.4",38.44196975731607,-51.96628860097954,37.59087481990876,52.35412736898445,68.69448992462041
"ST","2025-07-30","84.5","-2.32","5.86","Ohtani, Shohei",663886,660271,,"called_strike",,,,,1,"Called Strike","R","R","R","CIN","LAD","S",,,0,0,2025,"0.62","0.58","-0.43","3.26",,,,0,2,"Bot",,,,,,,3.163462193904593,-123.10354931502116,-0.9003590432007207,5.7593124298398966,23.354653280523067,-26.267697264649275,"3.31","1.33",,,,"85.1",2549,"6.5",776941,669257,518692,500743,690976,605141,624424,681624,606192,"53.96",,,,,,,,13,1,"Sweeper",1,0,1,0,0,1,1,0,"Standard","Standard",74,"-0.003","-0.039",,,,"0.039",,1,1,0.656,0.656,30,28,31,29,1,0,9,1,7,1,"2.59","-0.62","-0.62","36.6",,,,,
"ST","2025-07-30","84.3","-2.11","5.7","Ohtani, Shohei",682622,660271,"field_out","hit_into_play",,,,,9,"Noelvi Marte grounds out, shortstop Mookie Betts to first baseman Freddie Freeman.","R","R","R","CIN","LAD","X",6,"ground_ball",0,1,2025,"1.34","0.48","0.8","2.12",,,682829,2,1,"Bot",111.28,159.79,,,,,4.125114291506364,-122.80151122513901,-2.9056510861761193,12.731392420040125,24.712287603159435,-26.97533979567313,"3.48","1.67",66,"72.7",5,"84.8",2693,"6.6",776941,669257,518692,500743,690976,605141,624424,681624,606192,"53.88",0.213,0.224,"0",1,0,0,2,8,2,"Sweeper",1,0,1,0,0,1,1,0,"Standard","Standard",64,"-0.017","-0.229","68.7","8.2",0.246,"0.229","88.0",1,1,0.62,0.62,30,23,31,24,1,0,9,1,7,1,"2.73","-1.34","-1.34","33.4",20.788545663519248,-23.72589301797694,27.69484311891996,44.3329279324587,48.79056610085002
"ST","2025-07-30","83.9","-2","5.74","Ohtani, Shohei",682622,660271,,"called_strike",,,,,5,"Called Strike","R","R","R","CIN","LAD","S",,,0,0,2025,"1.46","0.37","0.07","2.49",,,682829,2,1,"Bot",,,,,,,1.9276711306355063,-122.18557714593055,-1.8445112183565398,14.150531855259981,25.10308456622874,-28.29291112331525,"3.38","1.42",,,,"84.2",2649,"6.6",776941,669257,518692,500743,690976,605141,624424,681624,606192,"53.95",,,,,,,,8,1,"Sweeper",1,0,1,0,0,1,1,0,"Standard","Standard",57,"-0.003","-0.042",,,,"0.042",,1,1,0.623,0.623,30,23,31,24,1,0,9,1,7,1,"2.87","-1.46","-1.46","34.7",,,,,
"FF","2025-07-30","99.3","-2.07","5.77","Ohtani, Shohei",669720,660271,"strikeout","foul_tip",,,,,2,"Austin Hays strikes out on a foul tip.","R","R","R","CIN","LAD","S",2,,0,2,2025,"-0.37","1.45","-0.17","2.93",,,682829,1,1,"Bot",,,,,,,6.109057524675592,-144.4242279892306,-5.821159245544833,-6.473951404773503,31.704484078811255,-10.657163392132558,"3.28","1.45",,,,"100.2",2510,"6.7",776941,669257,518692,500743,690976,605141,624424,681624,606192,"53.8",,0,"0",1,0,0,,7,3,"4-Seam Fastball",1,0,1,0,0,1,1,0,"Standard","Standard",213,"-0.016","-0.168","66.2","5.9",,"0.168",,1,1,0.639,0.639,30,29,31,30,1,0,9,1,7,1,"0.85","0.37","0.37","35.9",-0.9923295114667138,25.34989257578894,30.20663049035708,35.67203848631672,15.2960519871766
"ST","2025-07-30","84.7","-2.2","5.75","Ohtani, Shohei",669720,660271,,"swinging_strike",,,,,1,"Swinging Strike","R","R","R","CIN","LAD","S",,,0,1,2025,"1","0.3","-0.77","3.33",,,682829,1,1,"Bot",,,,,,,1.357567123120363,-123.39000538033781,0.10927470548455309,9.895766332088797,24.93337690233374,-29.380010413262607,"3.28","1.45",,,,"85.2",2530,"6.6",776941,669257,518692,500743,690976,605141,624424,681624,606192,"53.91",,,,,,,,7,2,"Sweeper",1,0,1,0,0,1,1,0,"Standard","Standard",60,"-0.004","-0.047","56.7","4.7",,"0.047",,1,1,0.643,0.643,30,29,31,30,1,0,9,1,7,1,"2.88","-1","-1","33.7",-12.220355260811486,36.406367966945176,28.101013812104455,29.151232701733264,13.694303117849095
"ST","2025-07-30","84.8","-2.1","5.7","Ohtani, Shohei",669720,660271,,"called_strike",,,,,4,"Called Strike","R","R","R","CIN","LAD","S",,,0,0,2025,"0.84","0.43","-0.36","1.99",,,682829,1,1,"Bot",,,,,,,2.3971712044623654,-123.53013475172297,-3.2293839728750084,8.169191243999093,24.692872466375327,-27.307869966056266,"3.14","1.24",,,,"85.3",2622,"6.6",776941,669257,518692,500743,690976,605141,624424,681624,606192,"53.91",,,,,,,,7,1,"Sweeper",1,0,1,0,0,1,1,0,"Standard","Standard",61,"-0.004","-0.04",,,,"0.04",,1,1,0.647,0.647,30,29,31,30,1,0,9,1,7,1,"2.73","-0.84","-0.84","33.4",,,,,
"FC","2025-07-30","96.1","-2.13","5.7","Ohtani, Shohei",682829,660271,"single","hit_into_play",,,,,6,"Elly De La Cruz singles on a line drive to center fielder Andy Pages. Gavin Lux scores.","R","L","R","CIN","LAD","X",8,"line_drive",1,0,2025,"-0.05","0.56","0.38","2.31",,666158,,1,1,"Bot",111.16,96.91,,,,,6.793375203107585,-139.9410548420854,-4.739626271278782,-2.0155570781140395,27.948963302163957,-24.031670856608333,"3.59","1.68",226,"79.1",16,"97.3",2683,"6.7",776941,669257,518692,500743,690976,605141,624424,681624,606192,"53.84",0.922,0.865,"0.9",1,1,0,4,6,2,"Cutter",0,0,0,0,0,1,1,0,"Standard","Standard",201,"0.078","0.511","72.5","6.8",1.028,"-0.511","88.0",0,0,0.569,0.569,30,23,31,23,1,0,9,1,7,1,"1.89","0.05","-0.05","32.3",-3.570502160114434,5.68716773523785,35.022360798041895,32.85130643211206,31.429623578276075
"FF","2025-07-30","100.1","-1.94","5.67","Ohtani, Shohei",682829,660271,,"ball",,,,,14,"Ball","R","L","R","CIN","LAD","B",,,0,0,2025,"-0.48","1.27","1.57","2.08",,666158,,1,1,"Bot",,,,,,,10.882720447356713,-145.3879830840773,-7.642979556587786,-9.10538163613473,30.97540884717367,-12.471864026447903,"3.64","1.66",,,,"101.3",2694,"6.9",776941,669257,518692,500743,690976,605141,624424,681624,606192,"53.64",,,,,,,,6,1,"4-Seam Fastball",0,0,0,0,0,0,0,0,"Standard","Standard",210,"0.002","0.028",,,,"-0.028",,0,0,0.567,0.567,30,23,31,23,1,0,9,1,7,1,"0.99","0.48","-0.48","36.6",,,,,
"ST","2025-07-30","88.1","-2.09","5.64","Ohtani, Shohei",680574,660271,"strikeout","swinging_strike",,,,,9,"Matt McLain strikes out swinging.","R","R","R","CIN","LAD","S",2,,3,2,2025,"0.87","0.13","0.58","1.5",,666158,,0,1,"Bot",,,,,,,4.711527673244713,-128.127769259525,-4.205634238852598,8.537907371564522,27.933877410296585,-30.08499022389958,"3.11","1.39",,,,"88.5",2588,"6.7",776941,669257,518692,500743,690976,605141,624424,681624,606192,"53.8",,0,"0",1,0,0,,5,7,"Sweeper",0,0,0,0,0,0,0,0,"Standard","Standard",74,"-0.044","-0.386","69.5","8.0",,"0.386",,0,0,0.611,0.611,30,25,31,26,1,0,9,1,7,1,"2.83","-0.87","-0.87","31.7",31.97089142649647,-31.55844521431416,32.456576556734,41.69934381853789,59.057976921340966
"FF","2025-07-30","101","-2.01","5.73","Ohtani, Shohei",680574,660271,,"ball",,,,,9,"Ball","R","R","R","CIN","LAD","B",,,2,2,2025,"-0.42","1.32","0.71","1.4",,666158,,0,1,"Bot",,,,,,,8.67650749157251,-146.62335255570255,-9.935329668551947,-8.211640248336497,35.62468534327672,-10.91749497698021,"3.01","1.33",,,,"101.6",2568,"6.8",776941,669257,518692,500743,690976,605141,624424,681624,606192,"53.68",,,,,,,,5,6,"4-Seam Fastball",0,0,0,0,0,0,0,0,"Standard","Standard",212,"0.008","0.1",,,,"-0.1",,0,0,0.603,0.603,30,25,31,26,1,0,9,1,7,1,"0.93","0.42","0.42","32.7",,,,,
"FF","2025-07-30","99.6","-1.94","5.72","Ohtani, Shohei",680574,660271,,"ball",,,,,14,"Ball","R","R","R","CIN","LAD","B",,,1,2,2025,"-0.51","1.32","1.47","1.28",,666158,,0,1,"Bot",,,,,,,10.635687070288848,-144.36754406961447,-9.925153949413787,-9.727886416191176,34.66154486467949,-11.512165455778083,"3.05","1.28",,,,"100.1",2563,"6.9",776941,669257,518692,500743,690976,605141,624424,681624,606192,"53.63",,,,,,,,5,5,"4-Seam Fastball",0,0,0,0,0,0,0,0,"Standard","Standard",216,"0.006","0.045",,,,"-0.045",,0,0,0.597,0.597,30,25,31,26,1,0,9,1,7,1,"1.01","0.51","0.51","36.7",,,,,
"ST","2025-07-30","87.7","-2.15","5.7","Ohtani, Shohei",680574,660271,,"foul",,,,,2,"Foul","R","R","R","CIN","LAD","S",,,1,2,2025,"0.92","0.03","0.17","2.87",,666158,,0,1,"Bot",,,,,,,3.7240191438232184,-127.76568152951177,-0.793518426335626,9.365619148632867,25.874298714137225,-31.94434028165766,"3.11","1.39",259,"85.5",50,"88.4",2687,"6.6",776941,669257,518692,500743,690976,605141,624424,681624,606192,"53.89",,,,,,,,5,4,"Sweeper",0,0,0,0,0,0,0,0,"Standard","Standard",76,"0","0","64.1","6.0",,"0","88.0",0,0,0.597,0.597,30,25,31,26,1,0,9,1,7,1,"2.93","-0.92","-0.92","31.0",10.035505812636497,20.101880345602915,26.19056542214371,39.36622985627191,19.961877119328193
"ST","2025-07-30","84.5","-2.18","5.68","Ohtani, Shohei",680574,660271,,"swinging_strike",,,,,14,"Swinging Strike","R","R","R","CIN","LAD","S",,,1,1,2025,"1.17","0.36","0.73","1.16",,666158,,0,1,"Bot",,,,,,,4.483374348018665,-122.97134912387479,-4.921715509444359,10.976867848190654,24.442418603520238,-27.72329134539562,"3.11","1.39",,,,"85.2",2514,"6.7",776941,669257,518692,500743,690976,605141,624424,681624,606192,"53.75",,,,,,,,5,3,"Sweeper",0,0,0,0,0,0,0,0,"Standard","Standard",68,"-0.008","-0.08","71.3","8.4",,"0.08",,0,0,0.605,0.605,30,25,31,26,1,0,9,1,7,1,"2.83","-1.17","-1.17","32.8",36.38857321436198,-54.224030670334294,35.84758812880908,42.13802809662443,69.19651491202498
"FF","2025-07-30","99","-1.89","5.86","Ohtani, Shohei",680574,660271,,"ball",,,,,14,"Ball","R","R","R","CIN","LAD","B",,,0,1,2025,"-0.7","1.15","1.18","0.83",,666158,,0,1,"Bot",,,,,,,10.116890982888995,-143.55763871758123,-11.060617262182616,-12.03729288239781,32.246734365115785,-13.837202401605191,"3.05","1.28",,,,"99.8",2409,"6.9",776941,669257,518692,500743,690976,605141,624424,681624,606192,"53.63",,,,,,,,5,2,"4-Seam Fastball",0,0,0,0,0,0,0,0,"Standard","Standard",218,"0.004","0.026",,,,"-0.026",,0,0,0.601,0.601,30,25,31,26,1,0,9,1,7,1,"1.19","0.7","0.7","35.9",,,,,
"FF","2025-07-30","98.5","-1.96","5.84","Ohtani, Shohei",680574,660271,,"foul",,,,,5,"Foul","R","R","R","CIN","LAD","S",,,0,0,2025,"-0.78","1.38","0","2.21",,666158,,0,1,"Bot",,,,,,,7.19570258361707,-143.1268628923815,-7.652064006914425,-12.357919134007243,32.41279661521043,-11.66391463477267,"3.11","1.39",239,"81.9",24,"99.4",2492,"6.8",776941,669257,518692,500743,690976,605141,624424,681624,606192,"53.69",,,,,,,,5,1,"4-Seam Fastball",0,0,0,0,0,0,0,0,"Standard","Standard",221,"-0.006","-0.043","65.4","5.7",,"0.043","88.0",0,0,0.607,0.607,30,25,31,26,1,0,9,1,7,1,"0.98","0.78","0.78","36.6",-19.446866116823863,20.22239782038235,36.61031710389195,36.52507342653651,18.444487660114405
"FF","2025-07-30","97.4","-2.37","5.78","Ohtani, Shohei",666158,660271,"double","hit_into_play",,,,,6,"Gavin Lux doubles (18) on a line drive to left fielder Michael Conforto.","R","L","R","CIN","LAD","X",7,"line_drive",0,0,2025,"-0.89","1.36","0.5","2.11",,,,0,1,"Bot",43.62,123.4,,,,,9.807025205061464,-141.33938080586617,-7.495296559409096,-14.154110972651747,31.460910616682753,-12.420924300854647,"3.31","1.55",239,"85",19,"98",2342,"6.7",776941,669257,518692,500743,690976,605141,624424,681624,606192,"53.76",0.8,0.774,"1.25",1,1,1,4,4,1,"4-Seam Fastball",0,0,0,0,0,0,0,0,"Standard","Standard",213,"0.059","0.716","71.7","6.7",0.949,"-0.716","88.0",0,0,0.548,0.548,30,27,31,28,1,0,9,1,7,1,"1.06","0.89","-0.89","34.3",-13.49737065562626,6.619949490302959,43.5942205815254,30.145117452772464,22.797133144574058
"FS","2025-07-21","90.5","-1.85","5.71","Ohtani, Shohei",665019,660271,"field_out","hit_into_play",,,,,7,"Kody Clemens flies out to right fielder Teoscar Hernández.","R","L","R","LAD","MIN","X",9,"fly_ball",0,1,2025,"-1.03","0.37","-0.37","2.21",,,680777,2,3,"Top",203.7,84.19,,,,,5.93907648656876,-131.69182549449351,-3.6707910449502723,-13.270818066649063,25.230528464268097,-27.343287712021315,"3.65","1.74",341,"92.7",27,"91.6",1492,"6.7",777051,669257,518692,808975,669242,605141,624424,681624,606192,"53.79",0.165,0.239,"0",1,0,0,3,22,2,"Split-Finger",2,1,1,2,1,2,1,2,"Infield shade","Standard",237,"0.022","-0.229","75.7","7.9",0.382,"0.229","92.7",1,-1,0.647,0.353,30,29,31,29,2,1,9,1,9,2,"2.39","1.03","-1.03","34.7",20.885998279137024,-13.333482158560253,29.046362425201178,38.99544661076425,40.63446198036779
"FF","2025-07-21","97.5","-1.91","5.74","Ohtani, Shohei",665019,660271,,"foul",,,,,5,"Foul","R","L","R","LAD","MIN","S",,,0,0,2025,"-0.55","1.17","-0.23","2.56",,,680777,2,3,"Top",,,,,,,5.8121125179592745,-141.82840173248965,-5.7779119096966,-8.789305889368093,31.454401377599876,-15.2571867345405,"3.65","1.74",136,"81.3",18,"98.3",2391,"6.7",777051,669257,518692,808975,669242,605141,624424,681624,606192,"53.83",,,,,,,,22,1,"4-Seam Fastball",2,1,1,2,1,2,1,2,"Infield shade","Standard",217,"0.004","-0.042","72.9","7.3",,"0.042","88.0",1,-1,0.643,0.357,30,29,31,29,2,1,9,1,9,2,"1.22","0.55","-0.55","34.2",15.204589548566638,1.199360614603798,30.790376703005798,37.28291682641192,25.822610348386934
"FF","2025-07-21","96.8","-2.41","5.63","Ohtani, Shohei",680777,660271,"single","hit_into_play",,,,,12,"Ryan Jeffers singles on a line drive to right fielder Teoscar Hernández.","R","R","R","LAD","MIN","X",9,"line_drive",1,0,2025,"0.03","1.15","0.92","3.01",,,,2,3,"Top",193.51,123.9,,,,,8.885045481841562,-140.7499470013369,-4.128247051190263,-1.5085466551398572,29.923164894575255,-16.089705986179474,"3.37","1.61",251,"83.6",23,"97.5",2330,"6.6",777051,669257,518692,808975,669242,605141,624424,681624,606192,"53.9",0.357,0.355,"0.9",1,1,0,3,21,2,"4-Seam Fastball",2,1,1,2,1,2,1,2,"Standard","Standard",214,"-0.013","0.288","71.4","6.8",0.479,"-0.288","88.0",1,-1,0.656,0.344,30,28,31,28,2,1,9,2,9,1,"1.27","-0.03","-0.03","33.5",5.687298704944968,19.36986610980102,19.353613968192303,49.13355798988658,17.717323293177458
"SL","2025-07-21","85.2","-2.24","6.11","Ohtani, Shohei",680777,660271,,"ball",,,,,11,"Ball","R","R","R","LAD","MIN","B",,,0,0,2025,"0.28","-0.33","-1.11","2.5",,,,2,3,"Top",,,,,,,2.1046978655491806,-124.16771000804972,-1.5372082083296355,2.478341718073742,24.740221462685803,-35.54247732761317,"3.24","1.49",,,,"85.4",2398,"6.3",777051,669257,518692,808975,669242,605141,624424,681624,606192,"54.15",,,,,,,,21,1,"Slider",2,1,1,2,1,2,1,2,"Standard","Standard",65,"-0.001","0.037",,,,"-0.037",,1,-1,0.657,0.34299999999999997,30,28,31,28,2,1,9,2,9,1,"3.46","-0.28","-0.28","41.6",,,,,
"FF","2025-07-21","98.8","-2.51","5.63","Ohtani, Shohei",663616,660271,"field_out","hit_into_play",,,,,5,"Trevor Larnach grounds out, second baseman Hyeseong Kim to first baseman Freddie Freeman.","R","L","R","LAD","MIN","X",4,"ground_ball",1,1,2025,"-0.53","1.17","0.18","2.96",,,,1,3,"Top",146.62,147.28,,,,,8.62089385670481,-143.56375223121717,-4.554685028534513,-9.402391891836405,33.72298682899744,-15.072374898730597,"3.79","1.77",25,"98.3",-5,"99.4",2501,"6.7",777051,669257,518692,808975,669242,605141,624424,681624,606192,"53.76",0.311,0.254,"0",1,0,0,2,20,3,"4-Seam Fastball",2,1,1,2,1,2,1,2,"Strategic","Standard",218,"0.018","-0.244","68.9","5.9",0.343,"0.244","98.3",1,-1,0.639,0.361,30,28,31,28,2,1,9,1,9,2,"1.17","0.53","-0.53","32.3",-3.9525100441103347,7.798287285478476,35.751723350343774,30.777679392990027,26.3262001747718
"FS","2025-07-21","92.1","-2.26","5.79","Ohtani, Shohei",663616,660271,,"ball",,,,,13,"Ball","R","L","R","LAD","MIN","B",,,0,1,2025,"-1.44","0.33","-0.92","0.68",,,,1,3,"Top",,,,,,,6.562564516308778,-133.781820097473,-7.872625969678002,-18.720402225045856,28.727405089643334,-26.743058360421003,"3.79","1.74",,,,"92.7",1655,"6.7",777051,669257,518692,808975,669242,605141,624424,681624,606192,"53.79",,,,,,,,20,2,"Split-Finger",2,1,1,2,1,2,1,2,"Strategic","Standard",234,"-0.002","0.029",,,,"-0.029",,1,-1,0.641,0.359,30,28,31,28,2,1,9,1,9,2,"2.37","1.44","-1.44","34.9",,,,,
"FS","2025-07-21","90.6","-2.34","5.69","Ohtani, Shohei",663616,660271,,"called_strike",,,,,8,"Called Strike","R","L","R","LAD","MIN","S",,,0,0,2025,"-1.32","0.01","-0.05","1.65",,,,1,3,"Top",,,,,,,8.608259491854138,-131.63464086069024,-4.205335365314058,-17.1647230162083,27.72217957532965,-31.315612771069844,"3.77","1.75",,,,"91.3",1570,"6.8",777051,669257,518692,808975,669242,605141,624424,681624,606192,"53.71",,,,,,,,20,1,"Split-Finger",2,1,1,2,1,2,1,2,"Strategic","Standard",233,"0.003","-0.039",,,,"0.039",,1,-1,0.638,0.362,30,28,31,28,2,1,9,1,9,2,"2.77","1.32","-1.32","32.8",,,,,
"FF","2025-07-21","98.8","-2.64","5.54","Ohtani, Shohei",650489,660271,"field_out","hit_into_play",,,,,4,"Willi Castro grounds out, second baseman Hyeseong Kim to first baseman Freddie Freeman.","R","L","R","LAD","MIN","X",4,"ground_ball",0,2,2025,"-0.58","1.37","-0.34","2.58",,,,0,3,"Top",151.46,136.07,,,,,7.642656976364719,-143.65632189051746,-5.837722569240885,-9.782093590772691,31.952717154531182,-12.063508250070921,"3.67","1.7",98,"99.7",6,"99.4",2519,"6.6",777051,669257,518692,808975,669242,605141,624424,681624,606192,"53.92",0.595,0.548,"0",1,0,0,4,19,3,"4-Seam Fastball",2,1,1,2,1,2,1,2,"Standard","Standard",211,"0.017","-0.165","73.7","7.0",0.676,"0.165","99.7",1,-1,0.621,0.379,30,28,31,28,2,1,9,1,9,1,"0.97","0.58","-0.58","30.0",6.430579289001388,6.230578070437605,40.00110763538048,32.636286368914426,26.119231810110463
"FS","2025-07-21","90.4","-2.39","5.77","Ohtani, Shohei",650489,660271,,"swinging_strike",,,,,13,"Swinging Strike","R","L","R","LAD","MIN","S",,,0,1,2025,"-1.54","0.41","-1.14","1.13",,,,0,3,"Top",,,,,,,6.439553194519543,-131.38961425802057,-6.518385788611597,-19.245899519920698,28.17494750274185,-26.166645437455905,"3.67","1.7",,,,"90.9",1698,"6.7",777051,669257,518692,808975,669242,605141,624424,681624,606192,"53.84",,,,,,,,19,2,"Split-Finger",2,1,1,2,1,2,1,2,"Standard","Standard",229,"0.005","-0.055","69.9","7.8",,"0.055",,1,-1,0.616,0.384,30,28,31,28,2,1,9,1,9,1,"2.38","1.54","-1.54","35.6",10.393901590777995,-3.6154851525080742,37.9062676690708,42.455687483225084,30.72139119016252
"ST","2025-07-21","84.4","-2.48","5.64","Ohtani, Shohei",650489,660271,,"called_strike",,,,,1,"Called Strike","R","L","R","LAD","MIN","S",,,0,0,2025,"0.76","0.88","-0.45","3.14",,,,0,3,"Top",,,,,,,3.2361301632243937,-122.91924116133696,-1.2045388311144438,7.017815613675315,25.29758233617918,-23.23483565212331,"3.67","1.62",,,,"84.7",2415,"6.5",777051,669257,518692,808975,669242,605141,624424,681624,606192,"53.97",,,,,,,,19,1,"Sweeper",2,1,1,2,1,2,1,2,"Standard","Standard",69,"0.004","-0.039",,,,"0.039",,1,-1,0.612,0.388,30,28,31,28,2,1,9,1,9,1,"2.32","-0.76","0.76","31.5",,,,,
"FF","2025-07-21","99","-1.92","5.66","Ohtani, Shohei",621439,660271,"field_out","hit_into_play",,,,,5,"Byron Buxton flies out to right fielder Teoscar Hernández.","R","R","R","LAD","MIN","X",9,"fly_ball",0,1,2025,"-0.58","1.2","-0.22","2.57",,668904,670242,2,2,"Top",189.29,131.51,,,,,6.074242793598178,-144.01814971265455,-5.9085161287047265,-9.462091624523326,30.41892164406995,-14.316218088621602,"3.41","1.5",231,"79.7",46,"100.5",2487,"6.9",777051,669257,518692,808975,669242,605141,624424,681624,606192,"53.57",0.033,0.03,"0",1,0,0,3,15,2,"4-Seam Fastball",2,1,1,2,1,2,1,2,"Standard","Standard",211,"0.04","-0.235","76.7","7.5",0.038,"0.235","88.0",1,-1,0.616,0.384,30,31,31,32,2,1,9,2,9,1,"1.11","0.58","0.58","35.2",8.062430883593917,6.556368905248112,37.751289569870934,31.2152523862838,21.296752969975547
"FF","2025-07-21","98.4","-1.94","5.66","Ohtani, Shohei",621439,660271,,"called_strike",,,,,9,"Called Strike","R","R","R","LAD","MIN","S",,,0,0,2025,"-0.49","1.22","0.64","1.83",,668904,670242,2,2,"Top",,,,,,,8.223180559426133,-142.93878951520313,-7.883884221922865,-8.435814750816878,30.023957738658197,-13.84436847382324,"3.48","1.64",,,,"99.8",2499,"6.9",777051,669257,518692,808975,669242,605141,624424,681624,606192,"53.55",,,,,,,,15,1,"4-Seam Fastball",2,1,1,2,1,2,1,2,"Standard","Standard",212,"0.007","-0.047",,,,"0.047",,1,-1,0.609,0.391,30,31,31,32,2,1,9,2,9,1,"1.13","0.49","0.49","35.5",,,,,
"FF","2025-07-21","97.8","-2.04","5.66","Ohtani, Shohei",664056,660271,"strikeout","swinging_strike",,,,,5,"Harrison Bader strikes out swinging.","R","R","R","LAD","MIN","S",2,,2,2,2025,"-0.32","1.22","0.16","2.19",,668904,670242,1,2,"Top",,,,,,,6.734080780676223,-142.29730119506573,-6.796356540333976,-5.726506522497286,27.995889553878957,-14.250778317085107,"3.17","1.53",,,,"99",2462,"6.6",777051,669257,518692,808975,669242,605141,624424,681624,606192,"53.85",,0,"0",1,0,0,,14,5,"4-Seam Fastball",2,1,1,2,1,2,1,2,"Standard","Standard",216,"0.046","-0.216","68.3","5.8",,"0.216",,1,-1,0.563,0.43700000000000006,30,31,31,31,1,0,9,1,9,1,"1.14","0.32","0.32","33.8",-14.372169180131207,24.13338445347296,32.81163528133368,36.78455937572632,12.536146555207164
"ST","2025-07-21","87.1","-2.26","5.5","Ohtani, Shohei",664056,660271,,"ball",,,,,14,"Ball","R","R","R","LAD","MIN","B",,,1,2,2025,"1.08","0.67","1.42","2.03",,668904,670242,1,2,"Top",,,,,,,6.659128798922477,-126.75673223857083,-3.574695427379699,10.389590681082439,24.820182157305204,-24.404345336560382,"3.17","1.49",,,,"87.7",2760,"6.6",777051,669257,518692,808975,669242,605141,624424,681624,606192,"53.95",,,,,,,,14,4,"Sweeper",2,1,1,2,1,2,1,2,"Standard","Standard",64,"-0.008","0.043",,,,"-0.043",,1,-1,0.571,0.42900000000000005,30,31,31,31,1,0,9,1,9,1,"2.32","-1.08","-1.08","28.3",,,,,
"ST","2025-07-21","86.6","-2.05","5.6","Ohtani, Shohei",664056,660271,,"swinging_strike",,,,,9,"Swinging Strike","R","R","R","LAD","MIN","S",,,1,1,2025,"1.18","0.42","0.8","1.76",,668904,670242,1,2,"Top",,,,,,,4.416337809173748,-126.12301722163359,-3.8445373445438227,11.669098576934275,25.67825890457577,-27.10833117635537,"3.17","1.53",,,,"86.9",2693,"6.4",777051,669257,518692,808975,669242,605141,624424,681624,606192,"54.05",,,,,,,,14,3,"Sweeper",2,1,1,2,1,2,1,2,"Standard","Standard",61,"0.01","-0.058","74.1","7.3",,"0.058",,1,-1,0.561,0.43899999999999995,30,31,31,31,1,0,9,1,9,1,"2.61","-1.18","-1.18","29.2",13.780376828467663,-8.386452335957534,26.500540012764386,44.03154665465554,38.12943848120917
"SL","2025-07-21","87.3","-1.69","5.97","Ohtani, Shohei",664056,660271,,"blocked_ball",,,,,14,"Ball In Dirt","R","R","R","LAD","MIN","B",,,0,1,2025,"0.22","0.04","0.63","0.68",,668904,670242,1,2,"Top",,,,,,,5.1603596495782265,-126.98140097335249,-6.708678792615767,1.3896515739702444,25.555329063250735,-30.58370472225428,"3.09","1.51",,,,"87.9",2500,"6.6",777051,669257,518692,808975,669242,605141,624424,681624,606192,"53.88",,,,,,,,14,2,"Slider",2,1,1,2,1,2,1,2,"Standard","Standard",110,"-0.005","0.018",,,,"-0.018",,1,-1,0.566,0.43400000000000005,30,31,31,31,1,0,9,1,9,1,"2.95","-0.22","-0.22","42.0",,,,,
"ST","2025-07-21","87.7","-2.06","5.58","Ohtani, Shohei",664056,660271,,"called_strike",,,,,6,"Called Strike","R","R","R","LAD","MIN","S",,,0,0,2025,"0.48","0.53","0.28","2.24",,668904,670242,1,2,"Top",,,,,,,4.712659759122346,-127.5635971641108,-3.020383551474802,4.1518710902019995,27.60555567012531,-26.024634154409714,"3.17","1.45",,,,"88.2",2616,"6.8",777051,669257,518692,808975,669242,605141,624424,681624,606192,"53.73",,,,,,,,14,1,"Sweeper",2,1,1,2,1,2,1,2,"Standard","Standard",76,"0.008","-0.033",,,,"0.033",,1,-1,0.558,0.44199999999999995,30,31,31,31,1,0,9,1,9,1,"2.45","-0.48","-0.48","30.9",,,,,
"FF","2025-07-21","96.3","-2.09","5.55","Ohtani, Shohei",670242,660271,"walk","ball",,,,,14,"Matt Wallner walks. Royce Lewis to 2nd.","R","L","R","LAD","MIN","B",,,3,0,2025,"-0.3","1.33","1.01","2.11",,,668904,1,2,"Top",,,,,,,9.020319523076912,-139.79312661260118,-6.602128619287564,-6.034829959186595,33.26449471559552,-13.351733823820206,"3.74","1.91",,,,"97.2",2712,"7.1",777051,669257,518692,808975,669242,605141,624424,681624,606192,"53.44",,0.691497,"0.7",1,0,0,,13,4,"4-Seam Fastball",2,1,1,2,1,2,1,2,"Strategic","Standard",213,"-0.017","0.131",,,,"-0.131",,1,-1,0.575,0.42500000000000004,30,27,31,28,1,0,9,1,9,1,"1.15","0.3","-0.3","32.1",,,,,
"FF","2025-07-21","94.3","-2.13","5.5","Ohtani, Shohei",670242,660271,,"blocked_ball",,,,,14,"Ball In Dirt","R","L","R","LAD","MIN","B",,,2,0,2025,"-0.19","1.15","0.83","0.41",,,668904,1,2,"Top",,,,,,,8.185094813898688,-136.9647830323203,-10.226472322931308,-4.05763199937885,26.802967563679424,-15.617309954869421,"3.74","1.92",,,,"95.3",2676,"6.7",777051,669257,518692,808975,669242,605141,624424,681624,606192,"53.78",,,,,,,,13,3,"4-Seam Fastball",2,1,1,2,1,2,1,2,"Infield shade","Standard",214,"-0.012","0.097",,,,"-0.097",,1,-1,0.587,0.41300000000000003,30,27,31,28,1,0,9,1,9,1,"1.39","0.19","-0.19","31.9",,,,,
"FF","2025-07-21","94.3","-2.24","5.53","Ohtani, Shohei",670242,660271,,"ball",,,,,14,"Ball","R","L","R","LAD","MIN","B",,,1,0,2025,"-0.24","1.15","0.99","1.74",,,668904,1,2,"Top",,,,,,,8.936160982120049,-137.08283245589553,-6.774076947145116,-4.791721295660767,26.805232625631785,-16.33263071904323,"3.74","1.82",,,,"94.8",2752,"6.4",777051,669257,518692,808975,669242,605141,624424,681624,606192,"54.12",,,,,,,,13,2,"4-Seam Fastball",2,1,1,2,1,2,1,2,"Infield shade","Standard",211,"-0.009","0.068",,,,"-0.068",,1,-1,0.596,0.404,30,27,31,28,1,0,9,1,9,1,"1.39","0.24","-0.24","29.2",,,,,
"FF","2025-07-21","97.4","-2.19","5.61","Ohtani, Shohei",670242,660271,,"ball",,,,,14,"Ball","R","L","R","LAD","MIN","B",,,0,0,2025,"-0.27","1.39","1.52","2.44",,,668904,1,2,"Top",,,,,,,10.617996088142256,-141.3124919206484,-6.156942171030631,-6.0846788185939324,32.43221555441565,-12.31531360674061,"3.74","1.86",,,,"97.4",2686,"6.5",777051,669257,518692,808975,669242,605141,624424,681624,606192,"54.01",,,,,,,,13,1,"4-Seam Fastball",2,1,1,2,1,2,1,2,"Infield shade","Standard",217,"-0.004","0.035",,,,"-0.035",,1,-1,0.6,0.4,30,27,31,28,1,0,9,1,9,1,"1.03","0.27","-0.27","31.7",,,,,
"FF","2025-07-21","97.4","-2.53","5.61","Ohtani, Shohei",668904,660271,"single","hit_into_play",,,,,5,"Royce Lewis singles on a sharp ground ball to left fielder Michael Conforto.","R","R","R","LAD","MIN","X",7,"ground_ball",2,0,2025,"-0.42","1.39","0.23","2.34",,,,1,2,"Top",69.41,122.56,,,,,8.435462293799263,-141.52647921680432,-6.5502719203525395,-7.37197479097889,29.43447118860589,-12.081450842897258,"3.51","1.67",121,"113.7",6,"98.5",2523,"6.8",777051,669257,518692,808975,669242,605141,624424,681624,606192,"53.72",0.699,0.67,"0.9",1,1,0,5,12,3,"4-Seam Fastball",2,1,1,2,1,2,1,2,"Standard","Standard",219,"-0.019","0.304",,,0.852,"-0.304","113.7",1,-1,0.619,0.381,30,26,31,26,1,0,9,1,9,1,"1","0.42","0.42","32.0",,,,,
"ST","2025-07-21","85.6","-2.61","5.53","Ohtani, Shohei",668904,660271,,"ball",,,,,14,"Ball","R","R","R","LAD","MIN","B",,,1,0,2025,"0.93","0.5","0.7","0.97",,,,1,2,"Top",,,,,,,5.959171656204092,-124.54191829097145,-5.498366433551714,8.442063140051765,24.996008848540693,-26.053052444406614,"3.51","1.63",,,,"86",2492,"6.5",777051,669257,518692,808975,669242,605141,624424,681624,606192,"53.98",,,,,,,,12,2,"Sweeper",2,1,1,2,1,2,1,2,"Standard","Standard",65,"-0.005","0.071",,,,"-0.071",,1,-1,0.624,0.376,30,26,31,26,1,0,9,1,9,1,"2.61","-0.93","-0.93","30.4",,,,,
"FF","2025-07-21","98.7","-2.28","5.67","Ohtani, Shohei",668904,660271,,"ball",,,,,14,"Ball","R","R","R","LAD","MIN","B",,,0,0,2025,"-0.41","1.21","1.5","2.14",,,,1,2,"Top",,,,,,,11.326876864785875,-143.17972760446196,-7.023311358778573,-8.25103349978386,32.876777466704986,-14.020032873738975,"3.51","1.59",,,,"99.4",2497,"6.8",777051,669257,518692,808975,669242,605141,624424,681624,606192,"53.67",,,,,,,,12,1,"4-Seam Fastball",2,1,1,2,1,2,1,2,"Standard","Standard",219,"-0.003","0.039",,,,"-0.039",,1,-1,0.627,0.373,30,26,31,26,1,0,9,1,9,1,"1.14","0.41","0.41","34.3",,,,,
"FF","2025-07-21","98.5","-2.61","5.63","Ohtani, Shohei",621043,660271,"field_out","hit_into_play",,,,,3,"Carlos Correa lines out sharply to right fielder Teoscar Hernández.","R","R","R","LAD","MIN","X",9,"line_drive",0,2,2025,"-0.23","1.12","0.62","3.23",,,,0,2,"Top",194.93,77.38,,,,,9.34597303460713,-143.10991859175323,-3.657410102313598,-5.329432352064373,33.20342737202352,-16.11292482546072,"3.59","1.68",345,"101.3",21,"98.9",2532,"6.6",777051,669257,518692,808975,669242,605141,624424,681624,606192,"53.92",0.3203846153846154,0.5066153846153847,"0",1,0,0,5,11,3,"4-Seam Fastball",2,1,1,2,1,2,1,2,"Strategic","Standard",213,"0.016","-0.165","75.0","6.4",0.9269230769230768,"0.165","101.3",1,-1,0.611,0.389,30,30,31,31,1,0,9,1,9,1,"1.24","0.23","0.23","31.0",-0.7820196481995643,10.272479248792127,25.709300698057316,44.029108362010746,19.77037051303894
"FF","2025-07-21","99.1","-2.21","5.77","Ohtani, Shohei",621043,660271,,"called_strike",,,,,5,"Called Strike","R","R","R","LAD","MIN","S",,,0,1,2025,"-0.73","1.37","-0.18","2.44",,,,0,2,"Top",,,,,,,7.288602464406223,-144.01325178672948,-6.840772753344564,-11.990845344114629,36.15830569768524,-11.758122612328298,"3.59","1.67",,,,"99.1",2364,"6.6",777051,669257,518692,808975,669242,605141,624424,681624,606192,"53.93",,,,,,,,11,2,"4-Seam Fastball",2,1,1,2,1,2,1,2,"Strategic","Standard",215,"0.004","-0.055",,,,"0.055",,1,-1,0.607,0.393,30,30,31,31,1,0,9,1,9,1,"0.98","0.73","0.73","34.1",,,,,
"FF","2025-07-21","98.1","-2.32","5.85","Ohtani, Shohei",621043,660271,,"foul",,,,,5,"Foul","R","R","R","LAD","MIN","S",,,0,0,2025,"-0.58","1.34","-0.15","2.84",,,,0,2,"Top",,,,,,,7.209156835599534,-142.50776957132874,-5.700192259735225,-9.583239811246642,35.40589006716406,-12.863459822816605,"3.59","1.68",122,"75.1",73,"98",2392,"6.5",777051,669257,518692,808975,669242,605141,624424,681624,606192,"53.98",,,,,,,,11,1,"4-Seam Fastball",2,1,1,2,1,2,1,2,"Strategic","Standard",212,"0.004","-0.039","72.4","6.7",,"0.039","88.0",1,-1,0.603,0.397,30,30,31,31,1,0,9,1,9,1,"1.06","0.58","0.58","35.1",3.0334609113814217,-1.9194473017354259,29.313294690974555,34.70554542771394,28.908420916477457
"FF","2025-07-21","98.8","-2.07","5.63","Ohtani, Shohei",665019,660271,"strikeout","swinging_strike",,,,,3,"Kody Clemens strikes out swinging.","R","L","R","LAD","MIN","S",2,,1,2,2025,"-0.4","1.33","0.58","3.2",,,680777,2,1,"Top",,,,,,,8.207708114151927,-143.7204500367066,-4.310825904256468,-7.425947320881486,32.72495058172069,-12.88289051412921,"3.65","1.74",,,,"99.4",2535,"6.6",777051,669257,518692,808975,669242,605141,624424,681624,606192,"53.91",,0,"0",1,0,0,,5,4,"4-Seam Fastball",0,1,1,0,1,0,1,0,"Strategic","Standard",214,"0.016","-0.183","67.8","6.3",,"0.183",,-1,1,0.432,0.5680000000000001,30,29,31,29,1,0,9,1,9,2,"1","0.4","-0.4","34.9",10.48499177564277,2.489302393252452,30.024143236498443,27.0867824076104,26.100108775722102
"FF","2025-07-21","97.8","-1.95","5.55","Ohtani, Shohei",665019,660271,,"foul",,,,,9,"Foul","R","L","R","LAD","MIN","S",,,1,1,2025,"-0.49","1.06","0.38","1.86",,,680777,2,1,"Top",,,,,,,7.492878192731492,-142.2499168975528,-6.9833957740288035,-8.272578159691713,28.937748553262754,-16.4476274358237,"3.65","1.74",216,"71.2",42,"99",2305,"6.7",777051,669257,518692,808975,669242,605141,624424,681624,606192,"53.76",,,,,,,,5,3,"4-Seam Fastball",0,1,1,0,1,0,1,0,"Strategic","Standard",217,"0.004","-0.073","70.2","6.8",,"0.073","88.0",-1,1,0.428,0.5720000000000001,30,29,31,29,1,0,9,1,9,2,"1.31","0.49","-0.49","32.7",-2.261900255337777,9.909668257249301,36.05684551833148,30.327188854384392,25.7960198323265
"FF","2025-07-21","97.2","-2","5.6","Ohtani, Shohei",665019,660271,,"called_strike",,,,,13,"Called Strike","R","L","R","LAD","MIN","S",,,1,0,2025,"-0.59","1.25","-0.11","1.56",,,680777,2,1,"Top",,,,,,,6.475535265199399,-141.36555846719432,-8.23528553654683,-9.388447356667193,30.270693957734814,-13.776249954844943,"3.58","1.77",,,,"98.1",2359,"6.7",777051,669257,518692,808975,669242,605141,624424,681624,606192,"53.8",,,,,,,,5,2,"4-Seam Fastball",0,1,1,0,1,0,1,0,"Strategic","Standard",219,"0.003","-0.05",,,,"0.05",,-1,1,0.425,0.575,30,29,31,29,1,0,9,1,9,2,"1.16","0.59","-0.59","31.1",,,,,
"FF","2025-07-21","97.5","-2.06","5.67","Ohtani, Shohei",665019,660271,,"ball",,,,,13,"Ball","R","L","R","LAD","MIN","B",,,0,0,2025,"-0.5","1.13","-0.06","1.28",,,680777,2,1,"Top",,,,,,,6.569551217485609,-141.68726073677846,-8.948042398505187,-8.139923350332642,30.590471978763787,-15.16656635067131,"3.65","1.8",,,,"98.3",2376,"6.7",777051,669257,518692,808975,669242,605141,624424,681624,606192,"53.79",,,,,,,,5,1,"4-Seam Fastball",0,1,1,0,1,0,1,0,"Strategic","Standard",221,"-0.002","0.035",,,,"-0.035",,-1,1,0.427,0.573,30,29,31,29,1,0,9,1,9,2,"1.27","0.5","-0.5","33.5",,,,,
"SL","2025-07-21","90.4","-2.55","5.57","Ohtani, Shohei",680777,660271,"single","hit_into_play",,,,,4,"Ryan Jeffers singles on a ground ball to shortstop Mookie Betts, deflected by third baseman Tommy Edman.","R","R","R","LAD","MIN","X",5,"ground_ball",0,0,2025,"0.39","0.17","-0.33","2.23",,,,2,1,"Top",95.2,154.43,,,,,4.740896527184556,-131.74317795470458,-2.829781412872543,3.6338301859054227,25.748677954258753,-29.811024282797973,"3.37","1.61",114,"97.5",5,"91.3",2423,"6.6",777051,669257,518692,808975,669242,605141,624424,681624,606192,"53.93",0.532,0.493,"0.9",1,1,0,4,4,1,"Slider",0,1,1,0,1,0,1,0,"Standard","Standard",191,"-0.011","0.325","72.0","7.4",0.604,"-0.325","97.5",-1,1,0.438,0.562,30,28,31,28,1,0,9,2,9,1,"2.59","-0.39","-0.39","29.7",9.224553062231658,-12.051432325553458,30.115248903774685,32.13193398789501,32.353970669357494
"ST","2025-07-21","83.4","-2.35","5.96","Ohtani, Shohei",663616,660271,"strikeout","swinging_strike_blocked",,,,,14,"Trevor Larnach strikes out swinging.","R","L","R","LAD","MIN","S",2,,2,2,2025,"1.24","0.19","1.37","0.92",,,,1,1,"Top",,,,,,,6.133309017944907,-121.32198947178628,-5.534747390930429,11.019071361289237,24.579770084340144,-29.36271259611348,"3.79","1.77",,,,"83.8",2471,"6.7",777051,669257,518692,808975,669242,605141,624424,681624,606192,"53.83",,0,"0",1,0,0,,3,6,"Sweeper",0,1,1,0,1,0,1,0,"Infield shade","Standard",57,"0.013","-0.228","69.2","8.6",,"0.228",,-1,1,0.425,0.575,30,28,31,28,1,0,9,1,9,2,"3.1","-1.24","1.24","39.4",35.9488417032862,-49.48357994414742,45.91982052275071,19.221612846239275,55.318482684924874
"FF","2025-07-21","98.4","-2.52","5.55","Ohtani, Shohei",663616,660271,,"ball",,,,,14,"Ball","R","L","R","LAD","MIN","B",,,1,2,2025,"-0.34","1.38","1.36","2.59",,,,1,1,"Top",,,,,,,11.374493990475209,-142.87418454746364,-5.792211143729009,-7.176930106679971,32.19070251539319,-12.093563401502273,"3.79","1.76",,,,"99",2540,"6.7",777051,669257,518692,808975,669242,605141,624424,681624,606192,"53.79",,,,,,,,3,5,"4-Seam Fastball",0,1,1,0,1,0,1,0,"Strategic","Standard",217,"-0.002","0.048",,,,"-0.048",,-1,1,0.427,0.573,30,28,31,28,1,0,9,1,9,2,"0.98","0.34","-0.34","30.4",,,,,
"SL","2025-07-21","86.3","-2.25","6.08","Ohtani, Shohei",663616,660271,,"foul",,,,,14,"Foul","R","L","R","LAD","MIN","S",,,1,2,2025,"0.44","-0.22","0.04","1.53",,,,1,1,"Top",,,,,,,4.585005551945548,-125.66271486055092,-4.2109815539679705,3.789170127417512,24.14498482379151,-33.94107431146961,"3.79","1.77",6,"100.4",-15,"87",2466,"6.6",777051,669257,518692,808975,669242,605141,624424,681624,606192,"53.95",,,,,,,,3,4,"Slider",0,1,1,0,1,0,1,0,"Strategic","Standard",84,"0","0","60.5","7.4",,"0","100.4",-1,1,0.427,0.573,30,28,31,28,1,0,9,1,9,2,"3.27","-0.44","0.44","42.8",10.098537857140407,-13.01260165986935,38.042585470204855,33.598948758491716,38.85322937006899
"ST","2025-07-21","83.8","-2.46","5.62","Ohtani, Shohei",663616,660271,,"swinging_strike",,,,,9,"Swinging Strike","R","L","R","LAD","MIN","S",,,1,1,2025,"0.85","0.23","0.64","1.75",,,,1,1,"Top",,,,,,,5.501315273829462,-121.88946775990536,-2.9734549033227857,7.348540625949811,24.513132915718618,-29.51960557231494,"3.79","1.77",,,,"83.9",2405,"6.4",777051,669257,518692,808975,669242,605141,624424,681624,606192,"54.07",,,,,,,,3,3,"Sweeper",0,1,1,0,1,0,1,0,"Strategic","Standard",71,"0.002","-0.064","74.1","8.4",,"0.064",,-1,1,0.425,0.575,30,28,31,28,1,0,9,1,9,2,"3.03","-0.85","0.85","29.4",41.59723321693516,-62.15614202588567,33.21177981784171,28.534728557009675,67.97908065069711
"FF","2025-07-21","98.1","-2.63","5.54","Ohtani, Shohei",663616,660271,,"ball",,,,,11,"Ball","R","L","R","LAD","MIN","B",,,0,1,2025,"-0.62","1.16","-1.83","4.18",,,,1,1,"Top",,,,,,,3.616272885472244,-142.9493534384265,-0.9213412633257341,-9.275800839601253,31.269021632661797,-16.26580050306532,"3.79","1.82",,,,"98.9",2462,"6.5",777051,669257,518692,808975,669242,605141,624424,681624,606192,"53.97",,,,,,,,3,2,"4-Seam Fastball",0,1,1,0,1,0,1,0,"Strategic","Standard",217,"-0.001","0.029",,,,"-0.029",,-1,1,0.426,0.5740000000000001,30,28,31,28,1,0,9,1,9,2,"1.2","0.62","-0.62","30.3",,,,,
"FF","2025-07-21","96.6","-2.56","5.69","Ohtani, Shohei",663616,660271,,"swinging_strike",,,,,2,"Swinging Strike","R","L","R","LAD","MIN","S",,,0,0,2025,"-0.33","1.32","-0.11","3.72",,,,1,1,"Top",,,,,,,7.324204885320598,-140.58059360245716,-2.6847915813910266,-6.0887930237666135,31.744053946702433,-14.296689626823097,"3.79","1.77",,,,"97.2",2364,"6.6",777051,669257,518692,808975,669242,605141,624424,681624,606192,"53.88",,,,,,,,3,1,"4-Seam Fastball",0,1,1,0,1,0,1,0,"Strategic","Standard",217,"0.002","-0.039","71.8","5.8",,"0.039",,-1,1,0.424,0.5760000000000001,30,28,31,28,1,0,9,1,9,2,"1.12","0.33","-0.33","34.4",0.3413180023998295,11.565760328184378,30.160952492292125,34.392150562347275,23.499084005132733
"ST","2025-07-21","85.9","-2.54","5.54","Ohtani, Shohei",650489,660271,"field_out","hit_into_play",,,,,9,"Willi Castro lines out sharply to first baseman Freddie Freeman.","R","L","R","LAD","MIN","X",3,"line_drive",3,2,2025,"0.8","0.58","0.32","2.22",,,,0,1,"Top",168.97,157.96,,,,,5.16215518426505,-124.97096078489764,-2.7923962649116794,7.364405917689531,25.325059296827003,-25.77395039597388,"3.67","1.7",150,"100.1",9,"86",2549,"6.4",777051,669257,518692,808975,669242,605141,624424,681624,606192,"54.12",0.737,0.683,"0",1,0,0,4,2,6,"Sweeper",0,1,1,0,1,0,1,0,"Infield shade","Standard",72,"0.025","-0.345",,,0.824,"0.345","100.1",-1,1,0.399,0.601,30,28,31,28,1,0,9,1,9,1,"2.51","-0.8","0.8","29.6",,,,,
"FF","2025-07-21","96.6","-2.36","5.58","Ohtani, Shohei",650489,660271,,"foul",,,,,14,"Foul","R","L","R","LAD","MIN","S",,,3,1,2025,"-0.53","1.18","0.96","2.42",,,,0,1,"Top",,,,,,,10.11213635261066,-140.27853077865893,-5.608788876405734,-9.19098913199269,29.324754258749742,-15.477377498515557,"3.67","1.7",,,,"97.4",2345,"6.7",777051,669257,518692,808975,669242,605141,624424,681624,606192,"53.79",,,,,,,,2,5,"4-Seam Fastball",0,1,1,0,1,0,1,0,"Infield shade","Standard",223,"0.008","-0.094","73.3","7.1",,"0.094",,-1,1,0.391,0.609,30,28,31,28,1,0,9,1,9,1,"1.26","0.53","-0.53","31.1",10.378699204378833,-9.316603934539224,47.4507422818702,16.70556682803422,28.17784239356313
"FF","2025-07-21","94.9","-2.46","5.56","Ohtani, Shohei",650489,660271,,"called_strike",,,,,4,"Called Strike","R","L","R","LAD","MIN","S",,,3,0,2025,"-0.47","1.17","-0.68","2.86",,,,0,1,"Top",,,,,,,5.729322553351362,-138.17733967052806,-4.081090091723097,-7.186581039714391,28.38661557994343,-16.441993409675536,"3.52","1.58",,,,"95.9",2399,"6.6",777051,669257,518692,808975,669242,605141,624424,681624,606192,"53.86",,,,,,,,2,4,"4-Seam Fastball",0,1,1,0,1,0,1,0,"Infield shade","Standard",213,"0.006","-0.09",,,,"0.09",,-1,1,0.385,0.615,30,28,31,28,1,0,9,1,9,1,"1.34","0.47","-0.47","30.6",,,,,
"FC","2025-07-21","91.3","-2.35","5.54","Ohtani, Shohei",650489,660271,,"ball",,,,,14,"Ball","R","L","R","LAD","MIN","B",,,2,0,2025,"0.16","0.68","1.56","1.54",,,,0,1,"Top",,,,,,,9.526716169232799,-132.7010239934061,-5.720013379710222,0.11861477478750403,25.326424183322757,-23.14576005318569,"3.67","1.76",,,,"92",2461,"6.5",777051,669257,518692,808975,669242,605141,624424,681624,606192,"53.96",,,,,,,,2,3,"Cutter",0,1,1,0,1,0,1,0,"Standard","Standard",205,"-0.009","0.152",,,,"-0.152",,-1,1,0.394,0.606,30,28,31,28,1,0,9,1,9,1,"2.04","-0.16","0.16","31.0",,,,,
"FF","2025-07-21","96.4","-2.44","5.7","Ohtani, Shohei",650489,660271,,"ball",,,,,14,"Ball","R","L","R","LAD","MIN","B",,,1,0,2025,"-0.61","1.32","0.94","2.1",,,,0,1,"Top",,,,,,,10.43865908834183,-139.99629652471222,-7.052085141728309,-10.304796054031632,30.356851339347905,-13.370942567937488,"3.67","1.71",,,,"97.2",2427,"6.8",777051,669257,518692,808975,669242,605141,624424,681624,606192,"53.74",,,,,,,,2,2,"4-Seam Fastball",0,1,1,0,1,0,1,0,"Standard","Standard",219,"-0.007","0.077",,,,"-0.077",,-1,1,0.401,0.599,30,28,31,28,1,0,9,1,9,1,"1.14","0.61","-0.61","32.2",,,,,
"FF","2025-07-21","95.1","-2.36","5.72","Ohtani, Shohei",650489,660271,,"ball",,,,,11,"Ball","R","L","R","LAD","MIN","B",,,0,0,2025,"-0.61","1.31","-1.1","2.92",,,,0,1,"Top",,,,,,,4.699042838586959,-138.35578496284768,-4.643305198619087,-8.952336635179778,31.34878252391252,-14.470356650456003,"3.67","1.68",,,,"95.5",2300,"6.6",777051,669257,518692,808975,669242,605141,624424,681624,606192,"53.92",,,,,,,,2,1,"4-Seam Fastball",0,1,1,0,1,0,1,0,"Standard","Standard",227,"-0.003","0.041",,,,"-0.041",,-1,1,0.404,0.596,30,28,31,28,1,0,9,1,9,1,"1.21","0.61","-0.61","34.4",,,,,
"ST","2025-07-21","83.9","-2.51","5.62","Ohtani, Shohei",621439,660271,"home_run","hit_into_play",,,,,2,"Byron Buxton homers (23) on a fly ball to left center field.","R","R","R","LAD","MIN","X",,"fly_ball",0,1,2025,"0.94","0.54","0.25","2.96",,,,0,1,"Top",63.54,44.87,,,,,4.536718704789932,-122.17119518268163,-0.8100024849270178,8.507809686331267,24.744177285792528,-26.828581287799494,"3.41","1.5",410,"104.8",31,"84.1",2476,"6.4",777051,669257,518692,808975,669242,605141,624424,681624,606192,"54.06",0.7109249999999998,1.4175750000000003,"2",1,0,3,6,1,2,"Sweeper",0,0,0,0,1,0,1,0,"Standard","Standard",81,"-0.099","1.154","71.5","7.6",2.804925,"-1.154","104.8",0,0,0.503,0.497,30,31,31,32,1,0,9,2,9,1,"2.7","-0.94","-0.94","29.6",17.146737172714435,-3.1651936347340923,30.22037947002683,36.942933518423416,27.618528392708185
"FF","2025-07-21","96.5","-2.23","5.73","Ohtani, Shohei",621439,660271,,"foul",,,,,6,"Foul","R","R","R","LAD","MIN","S",,,0,0,2025,"-0.84","1.29","0.49","2.62",,,,0,1,"Top",,,,,,,9.199450163345439,-140.21543978908707,-5.693495426762894,-13.11638092110102,30.30297817606541,-13.996543168225724,"3.41","1.5",,,,"97.2",2339,"6.7",777051,669257,518692,808975,669242,605141,624424,681624,606192,"53.82",,,,,,,,1,1,"4-Seam Fastball",0,0,0,0,0,0,0,0,"Standard","Standard",217,"0.003","-0.039","77.4","8.4",,"0.039",,0,0,0.5,0.5,30,31,31,32,1,0,9,2,9,1,"1.15","0.84","0.84","32.9",24.736773402866746,-15.525697867805523,30.65763891909707,39.24875936674894,31.218076200700416
"FF","2025-07-12","99.1","-1.82","5.89","Ohtani, Shohei",671218,660271,"field_out","hit_into_play",,,,,4,"Heliot Ramos flies out to center fielder Andy Pages.","R","R","R","SF","LAD","X",8,"fly_ball",0,1,2025,"-0.5","1.4","-0.77","2.3",,,573262,2,3,"Bot",115.89,74.53,,,,,4.047300631006096,-144.20997885813418,-7.735347624216928,-7.91659304690225,31.088842814481982,-11.04732649334137,"3.17","1.52",310,"88.4",36,"99.9",2521,"6.6",777127,687221,518692,808975,669242,605141,624424,681624,606192,"53.93",0.018,0.027,"0",1,0,0,3,23,2,"4-Seam Fastball",0,1,0,1,1,0,0,1,"Standard","Standard",215,"-0.023","-0.229","75.3","7.1",0.043,"0.229","88.4",-1,-1,0.4,0.4,30,25,31,26,2,1,7,1,9,1,"0.91","0.5","0.5","33.7",7.675555465773736,-6.489935712437091,33.824662169529766,26.53895174311186,28.808214818429654
"FF","2025-07-12","97.7","-1.87","5.82","Ohtani, Shohei",671218,660271,,"called_strike",,,,,8,"Called Strike","R","R","R","SF","LAD","S",,,0,0,2025,"-0.29","1.06","-0.04","1.84",,,573262,2,3,"Bot",,,,,,,5.644467663415866,-142.04411430001264,-7.709731369643344,-5.202972579171608,31.525946511781964,-16.22387750774907,"3.16","1.38",,,,"98.3",2514,"6.6",777127,687221,518692,808975,669242,605141,624424,681624,606192,"53.9",,,,,,,,23,1,"4-Seam Fastball",0,1,0,1,1,0,0,1,"Standard","Standard",211,"-0.004","-0.042",,,,"0.042",,-1,-1,0.404,0.404,30,25,31,26,2,1,7,1,9,1,"1.32","0.29","0.29","36.1",,,,,
"FC","2025-07-12","93.7","-2.41","5.6","Ohtani, Shohei",573262,660271,"single","hit_into_play",,,,,8,"Mike Yastrzemski singles on a sharp line drive to right fielder Teoscar Hernández.","R","L","R","SF","LAD","X",9,"line_drive",2,1,2025,"0.16","0.92","-0.17","2.06",,,,2,3,"Bot",173.62,121.29,,,,,5.46176404188467,-136.38293565637153,-5.543222508070126,0.908603589919532,26.62449545038723,-19.730015453389747,"3.41","1.59",153,"104.7",9,"94.6",2569,"6.6",777127,687221,518692,808975,669242,605141,624424,681624,606192,"53.92",0.803,0.777,"0.9",1,1,0,4,22,4,"Cutter",0,1,0,1,1,0,0,1,"Standard","Standard",202,"0.013","0.289","75.9","7.8",0.984,"-0.289","104.7",-1,-1,0.391,0.391,30,34,31,35,2,1,7,1,9,1,"1.65","-0.16","0.16","32.3",8.352128944471845,-5.886070961075919,29.874301572240395,36.35973302357363,31.68908413632746
"FF","2025-07-12","97.4","-2.2","5.78","Ohtani, Shohei",573262,660271,,"called_strike",,,,,7,"Called Strike","R","L","R","SF","LAD","S",,,2,0,2025,"-0.35","1.4","-0.3","1.76",,,,2,3,"Bot",,,,,,,5.926395981636392,-141.57710254196846,-8.55266233043146,-5.974784937167971,30.51637404554392,-11.63726244598111,"3.37","1.54",,,,"98",2397,"6.6",777127,687221,518692,808975,669242,605141,624424,681624,606192,"53.93",,,,,,,,22,3,"4-Seam Fastball",0,1,0,1,1,0,0,1,"Standard","Standard",212,"-0.003","-0.066",,,,"0.066",,-1,-1,0.394,0.394,30,34,31,35,2,1,7,1,9,1,"1","0.35","-0.35","34.6",,,,,
"FF","2025-07-12","99.1","-2.4","5.72","Ohtani, Shohei",573262,660271,,"ball",,,,,11,"Ball","R","L","R","SF","LAD","B",,,1,0,2025,"-0.15","1.05","-1.17","3.32",,,,2,3,"Bot",,,,,,,3.731195989348063,-144.36612339137562,-3.634452213428935,-2.998103109449907,32.87998677975983,-16.802310261589025,"3.49","1.56",,,,"99.8",2469,"6.6",777127,687221,518692,808975,669242,605141,624424,681624,606192,"53.93",,,,,,,,22,2,"4-Seam Fastball",0,1,0,1,1,0,0,1,"Standard","Standard",212,"0.003","0.065",,,,"-0.065",,-1,-1,0.391,0.391,30,34,31,35,2,1,7,1,9,1,"1.26","0.15","-0.15","32.0",,,,,
"SI","2025-07-12","97.3","-2.24","5.72","Ohtani, Shohei",573262,660271,,"ball",,,,,11,"Ball","R","L","R","SF","LAD","B",,,0,0,2025,"-1.05","0.45","-0.9","2.62",,,,2,3,"Bot",,,,,,,6.047694375312116,-141.51832889753788,-3.8255259090023745,-15.551556894781791,32.524321131219814,-25.40998174870192,"3.41","1.51",,,,"97.6",2176,"6.5",777127,687221,518692,808975,669242,605141,624424,681624,606192,"54.01",,,,,,,,22,1,"Sinker",0,1,0,1,1,0,0,1,"Standard","Standard",213,"0.001","0.037",,,,"-0.037",,-1,-1,0.39,0.39,30,34,31,35,2,1,7,1,9,1,"1.96","1.05","-1.05","33.0",,,,,
"SL","2025-07-12","87.8","-2.06","6.1","Ohtani, Shohei",672275,660271,"strikeout","called_strike",,,,,4,"Patrick Bailey called out on strikes.","R","L","R","SF","LAD","S",2,,0,2,2025,"0.41","-0.25","-0.63","2.25",,,,1,3,"Bot",,,,,,,2.613296026465282,-127.87166461653047,-2.754695534353484,3.9828783057497916,24.93851360811306,-34.541448751522786,"3.34","1.3",,,,"88.4",2650,"6.5",777127,687221,518692,808975,669242,605141,624424,681624,606192,"53.99",,0,"0",1,0,0,,21,3,"Slider",0,1,0,1,1,0,0,1,"Standard","Standard",77,"-0.012","-0.163",,,,"0.163",,-1,-1,0.402,0.402,30,26,31,26,1,0,7,1,9,1,"3.18","-0.41","0.41","41.7",,,,,
"FF","2025-07-12","99.4","-2.65","5.72","Ohtani, Shohei",672275,660271,,"foul",,,,,4,"Foul","R","L","R","SF","LAD","S",,,0,1,2025,"-0.67","1.14","-0.31","2.73",,,,1,3,"Bot",,,,,,,8.009865321667561,-144.56514231058796,-5.515347851200312,-11.14394707598587,31.77114016904306,-15.101499347158667,"3.51","1.64",231,"80.4",50,"100.1",2499,"6.6",777127,687221,518692,808975,669242,605141,624424,681624,606192,"53.92",,,,,,,,21,2,"4-Seam Fastball",0,1,0,1,1,0,0,1,"Infield shade","Standard",221,"-0.004","-0.052","70.9","6.6",,"0.052","88.0",-1,-1,0.406,0.406,30,26,31,26,1,0,7,1,9,1,"1.16","0.67","-0.67","32.6",-6.288968255876599,15.54250696856177,36.366987094302345,42.10535692655436,15.714056711875381
"FC","2025-07-12","92.9","-2.32","5.63","Ohtani, Shohei",672275,660271,,"called_strike",,,,,9,"Called Strike","R","L","R","SF","LAD","S",,,0,0,2025,"0.2","0.61","0.51","1.23",,,,1,3,"Bot",,,,,,,6.842666887595844,-135.12713688631578,-6.974592907059208,1.233784361822524,24.210170901518342,-23.47302682081458,"3.39","1.35",,,,"94.1",2481,"6.6",777127,687221,518692,808975,669242,605141,624424,681624,606192,"53.88",,,,,,,,21,1,"Cutter",0,1,0,1,1,0,0,1,"Standard","Standard",207,"-0.003","-0.039",,,,"0.039",,-1,-1,0.409,0.409,30,26,31,26,1,0,7,1,9,1,"1.99","-0.2","0.2","32.6",,,,,
"FF","2025-07-12","98.5","-2.39","5.74","Ohtani, Shohei",642086,660271,"field_out","hit_into_play",,,,,6,"Dominic Smith flies out to third baseman Tommy Edman in foul territory.","R","L","R","SF","LAD","X",5,"fly_ball",2,1,2025,"-0.78","1.47","0.45","2.17",,,,0,3,"Bot",68.57,150.2,,,,,9.59026791936931,-142.93272523432415,-7.698895007829524,-12.927787432656231,32.96715777234925,-10.335168347223698,"3.24","1.59",188,"90.2",67,"99.1",2580,"6.8",777127,687221,518692,808975,669242,605141,624424,681624,606192,"53.73",0.005,0.005,"0",1,0,0,3,20,4,"4-Seam Fastball",0,1,0,1,1,0,0,1,"Strategic","Standard",215,"-0.032","-0.305","72.4","7.2",0.005,"0.305","90.2",-1,-1,0.441,0.441,30,30,31,30,1,0,7,1,9,6,"0.89","0.78","-0.78","34.2",11.225595127087326,-6.174110174432914,41.834521696506684,31.672362508447875,37.46797029118831
"FF","2025-07-12","95.1","-2.33","5.83","Ohtani, Shohei",642086,660271,,"called_strike",,,,,5,"Called Strike","R","L","R","SF","LAD","S",,,2,0,2025,"-0.94","1.58","-0.23","2.27",,,,0,3,"Bot",,,,,,,7.660797582698759,-138.18736235605414,-7.266254585098495,-13.719457071442104,31.240661695629562,-10.449758698585214,"3.37","1.35",,,,"95.8",2446,"6.8",777127,687221,518692,808975,669242,605141,624424,681624,606192,"53.72",,,,,,,,20,3,"4-Seam Fastball",0,1,0,1,1,0,0,1,"Strategic","Standard",218,"-0.009","-0.072",,,,"0.072",,-1,-1,0.45,0.45,30,30,31,30,1,0,7,1,9,6,"0.95","0.94","-0.94","34.3",,,,,
"FF","2025-07-12","98","-2.22","5.76","Ohtani, Shohei",642086,660271,,"ball",,,,,14,"Ball","R","L","R","SF","LAD","B",,,1,0,2025,"-0.64","1.36","1.72","1.98",,,,0,3,"Bot",,,,,,,12.20835260859641,-142.18413732397747,-7.968745911351019,-11.327441150566472,29.39362285271775,-11.951317273011888,"3.43","1.54",,,,"99",2485,"6.8",777127,687221,518692,808975,669242,605141,624424,681624,606192,"53.71",,,,,,,,20,2,"4-Seam Fastball",0,1,0,1,1,0,0,1,"Strategic","Standard",215,"0.009","0.077",,,,"-0.077",,-1,-1,0.441,0.441,30,30,31,30,1,0,7,1,9,6,"1.01","0.64","-0.64","37.5",,,,,
"FF","2025-07-12","97.1","-2.21","5.94","Ohtani, Shohei",642086,660271,,"ball",,,,,11,"Ball","R","L","R","SF","LAD","B",,,0,0,2025,"-0.73","1.38","-0.59","3.88",,,,0,3,"Bot",,,,,,,6.028684388050092,-141.2495618316368,-3.15432124097436,-11.125182019511598,31.726388303024798,-13.150699435926722,"3.37","1.34",,,,"97.6",2526,"6.6",777127,687221,518692,808975,669242,605141,624424,681624,606192,"53.93",,,,,,,,20,1,"4-Seam Fastball",0,1,0,1,1,0,0,1,"Standard","Standard",212,"0.004","0.041",,,,"-0.041",,-1,-1,0.437,0.437,30,30,31,30,1,0,7,1,9,6,"1.04","0.73","-0.73","37.3",,,,,
"FF","2025-07-12","97.5","-1.83","5.95","Ohtani, Shohei",669477,660271,"field_out","hit_into_play",,,,,11,"Casey Schmitt pops out to shortstop Mookie Betts.","R","R","R","SF","LAD","X",6,"popup",0,1,2025,"-0.51","1.13","-0.89","2.96",,,808982,2,2,"Bot",122.82,135.58,,,,,3.7103497185870897,-142.05361239401407,-5.257964559586548,-7.736413505669396,27.504995863422053,-15.826593723155293,"3.43","1.58",164,"64.8",56,"98.8",2306,"6.6",777127,687221,518692,808975,669242,605141,624424,681624,606192,"53.9",0.018,0.016,"0",1,0,0,3,16,2,"4-Seam Fastball",0,1,0,1,1,0,0,1,"Standard","Standard",214,"-0.021","-0.229","68.7","6.7",0.018,"0.229","88.0",-1,-1,0.409,0.409,30,26,31,26,1,0,7,1,9,1,"1.23","0.51","0.51","36.8",12.058438574194401,-7.876157131329281,36.02364491620371,21.178160565039214,24.857291109448326
"ST","2025-07-12","84.2","-2.02","5.83","Ohtani, Shohei",669477,660271,,"called_strike",,,,,7,"Called Strike","R","R","R","SF","LAD","S",,,0,0,2025,"0.97","0.06","-0.53","1.69",,,808982,2,2,"Bot",,,,,,,1.5447585070169798,-122.55436368570906,-3.311719983905715,9.39023695180285,25.366368177550203,-31.117947836659503,"3.4","1.39",,,,"84.2",2367,"6.4",777127,687221,518692,808975,669242,605141,624424,681624,606192,"54.14",,,,,,,,16,1,"Sweeper",0,1,0,1,1,0,0,1,"Standard","Standard",74,"-0.004","-0.042",,,,"0.042",,-1,-1,0.413,0.413,30,26,31,26,1,0,7,1,9,1,"3.17","-0.97","-0.97","32.8",,,,,
"FF","2025-07-12","95.8","-2.33","5.81","Ohtani, Shohei",808982,660271,"walk","ball",,,,,11,"Jung Hoo Lee walks.","R","L","R","SF","LAD","B",,,3,0,2025,"-0.79","1.28","-1.1","2.47",,,,2,2,"Bot",,,,,,,5.070535394939972,-139.38515882770253,-6.151611362396473,-11.403880021816843,32.068574231518184,-14.30189181986792,"3.41","1.41",,,,"96.4",2345,"6.7",777127,687221,518692,808975,669242,605141,624424,681624,606192,"53.83",,0.691497,"0.7",1,0,0,,15,4,"4-Seam Fastball",0,1,0,1,1,0,0,1,"Standard","Standard",218,"0.005","0.103",,,,"-0.103",,-1,-1,0.408,0.408,30,26,31,27,1,0,7,1,9,1,"1.21","0.79","-0.79","34.6",,,,,
"FC","2025-07-12","92.3","-2.37","5.64","Ohtani, Shohei",808982,660271,,"ball",,,,,14,"Ball","R","L","R","SF","LAD","B",,,2,0,2025,"0.08","0.63","1.66","0.06",,,,2,2,"Bot",,,,,,,10.094096599050687,-133.89488062097095,-9.780655560604044,-1.1072604565624038,26.957392551371594,-22.677461760325563,"3.37","1.32",,,,"92.7",2427,"6.5",777127,687221,518692,808975,669242,605141,624424,681624,606192,"53.97",,,,,,,,15,3,"Cutter",0,1,0,1,1,0,0,1,"Infield shade","Standard",186,"0.004","0.121",,,,"-0.121",,-1,-1,0.404,0.404,30,26,31,27,1,0,7,1,9,1,"2.05","-0.08","0.08","31.6",,,,,
"FF","2025-07-12","98.3","-2.39","5.66","Ohtani, Shohei",808982,660271,,"ball",,,,,14,"Ball","R","L","R","SF","LAD","B",,,1,0,2025,"-0.65","1.19","0.57","0.76",,,,2,2,"Bot",,,,,,,9.574375003735563,-142.4414281828987,-10.508292115624302,-11.236338569559203,36.45092486979536,-13.550368843378315,"3.38","1.26",,,,"98.2",2388,"6.7",777127,687221,518692,808975,669242,605141,624424,681624,606192,"53.79",,,,,,,,15,2,"4-Seam Fastball",0,1,0,1,1,0,0,1,"Infield shade","Standard",222,"0.003","0.065",,,,"-0.065",,-1,-1,0.401,0.401,30,26,31,27,1,0,7,1,9,1,"1.21","0.65","-0.65","33.0",,,,,
"ST","2025-07-12","82.2","-2.48","5.79","Ohtani, Shohei",808982,660271,,"ball",,,,,14,"Ball","R","L","R","SF","LAD","B",,,0,0,2025,"1.1","0.59","1.02","2.04",,,,2,2,"Bot",,,,,,,5.807772211232208,-119.61396734894745,-3.059699844904382,9.325470266166407,24.416610779139102,-26.1514837855523,"3.33","1.4",,,,"82.2",2461,"6.4",777127,687221,518692,808975,669242,605141,624424,681624,606192,"54.1",,,,,,,,15,1,"Sweeper",0,1,0,1,1,0,0,1,"Standard","Strategic",66,"0.001","0.037",,,,"-0.037",,-1,-1,0.4,0.4,30,26,31,27,1,0,7,1,9,1,"2.8","-1.1","1.1","35.5",,,,,
"ST","2025-07-12","83.5","-2.38","5.81","Ohtani, Shohei",642715,660271,"field_out","hit_into_play",,,,,2,"Willy Adames pops out to third baseman Tommy Edman in foul territory.","R","R","R","SF","LAD","X",5,"popup",1,1,2025,"1.24","0.52","0.23","3.21",,,,1,2,"Bot",74.34,163.84,,,,,3.587403529108847,-121.6402266692826,-0.5981193420047484,11.606280202654894,23.57124850377859,-27.100262785673706,"3.5","1.73",172,"90.2",65,"83.7",2544,"6.3",777127,687221,518692,808975,669242,605141,624424,681624,606192,"54.18",0.008,0.007,"0",1,0,0,3,14,3,"Sweeper",0,1,0,1,1,0,0,1,"Standard","Standard",72,"-0.017","-0.244","70.6","8.2",0.008,"0.244","90.2",-1,-1,0.417,0.417,30,29,31,30,1,0,7,1,9,1,"2.74","-1.24","-1.24","33.6",20.05151203367772,-21.966153002622274,28.540644361658426,40.608915572223246,38.49696122762636
"FF","2025-07-12","96.5","-2.23","5.83","Ohtani, Shohei",642715,660271,,"called_strike",,,,,4,"Called Strike","R","R","R","SF","LAD","S",,,1,0,2025,"-0.4","1.33","-0.39","2.41",,,,1,2,"Bot",,,,,,,5.858704686937058,-140.49366590944607,-6.696926286222163,-6.439540014862844,27.47389453249922,-13.285156180944954,"3.52","1.6",,,,"97.8",2302,"6.7",777127,687221,518692,808975,669242,605141,624424,681624,606192,"53.8",,,,,,,,14,2,"4-Seam Fastball",0,1,0,1,1,0,0,1,"Standard","Standard",213,"-0.004","-0.049",,,,"0.049",,-1,-1,0.421,0.421,30,29,31,30,1,0,7,1,9,1,"1.09","0.4","0.4","33.3",,,,,
"FF","2025-07-12","97","-2.34","5.79","Ohtani, Shohei",642715,660271,,"ball",,,,,14,"Ball","R","R","R","SF","LAD","B",,,0,0,2025,"-0.07","1.27","1.47","1.77",,,,1,2,"Bot",,,,,,,10.411203036863146,-140.84302704457596,-8.185956499531883,-3.2255162203756194,30.303649222524793,-13.511597613201877,"3.49","1.63",,,,"97.7",2319,"6.7",777127,687221,518692,808975,669242,605141,624424,681624,606192,"53.84",,,,,,,,14,1,"4-Seam Fastball",0,1,0,1,1,0,0,1,"Standard","Standard",215,"0.003","0.039",,,,"-0.039",,-1,-1,0.418,0.418,30,29,31,30,1,0,7,1,9,1,"1.15","0.07","0.07","35.7",,,,,
"ST","2025-07-12","82.5","-2.36","5.82","Ohtani, Shohei",656305,660271,"field_out","hit_into_play",,,,,14,"Matt Chapman grounds out, shortstop Mookie Betts to first baseman Freddie Freeman.","R","R","R","SF","LAD","X",6,"ground_ball",0,1,2025,"1.33","-0.02","0.95","2.33",,,,0,2,"Bot",102.22,149.98,,,,,4.957087245948244,-120.15628990636473,-1.4272072712906612,12.04923366479025,22.11872050164058,-32.294600140811895,"3.49","1.68",8,"75.3",-16,"83",2562,"6.5",777127,687221,518692,808975,669242,605141,624424,681624,606192,"54.02",0.053,0.054,"0",1,0,0,2,13,2,"Sweeper",0,1,0,1,1,0,0,1,"Standard","Standard",65,"-0.021","-0.22","64.3","8.1",0.056,"0.22","88.0",-1,-1,0.439,0.439,30,32,31,32,1,0,7,1,9,1,"3.35","-1.33","-1.33","33.7",1.4207883334479336,-19.305811807639166,22.998479446447664,50.78553660740715,34.59803673979219
"ST","2025-07-12","82.2","-2.55","5.85","Ohtani, Shohei",656305,660271,,"called_strike",,,,,3,"Called Strike","R","R","R","SF","LAD","S",,,0,0,2025,"0.93","0.44","0.33","3.13",,,,0,2,"Bot",,,,,,,4.749432007298035,-119.7445448283955,-0.552978816311084,8.18347308920973,20.79353715600594,-28.04506222643374,"3.52","1.58",,,,"82.9",2459,"6.5",777127,687221,518692,808975,669242,605141,624424,681624,606192,"54.04",,,,,,,,13,1,"Sweeper",0,1,0,1,1,0,0,1,"Standard","Standard",70,"-0.004","-0.039",,,,"0.039",,-1,-1,0.443,0.443,30,32,31,32,1,0,7,1,9,1,"2.9","-0.93","-0.93","33.1",,,,,
"SL","2025-07-12","89.7","-2.16","6.2","Ohtani, Shohei",646240,660271,"strikeout","swinging_strike",,,,,8,"Rafael Devers strikes out swinging.","R","L","R","SF","LAD","S",2,,1,2,2025,"0.41","-0.24","0.11","1.99",,,,2,1,"Bot",,,,,,,4.762288515511263,-130.66419379000882,-3.969641011352297,3.760159454613547,26.847589673606787,-34.275755664571136,"3.49","1.65",,,,"90.3",2477,"6.5",777127,687221,518692,808975,669242,605141,624424,681624,606192,"53.99",,0,"0",1,0,0,,7,5,"Slider",0,0,0,0,0,0,0,0,"Strategic","Strategic",85,"-0.008","-0.182","75.2","8.5",,"0.182",,0,0,0.508,0.508,30,28,31,29,1,0,7,1,9,1,"3.06","-0.41","0.41","41.9",18.019845297817774,-34.38648650703952,27.768718187684104,34.98953013537919,50.532856148397954
"FF","2025-07-12","98.5","-2.47","5.8","Ohtani, Shohei",646240,660271,,"foul",,,,,12,"Foul","R","L","R","SF","LAD","S",,,1,2,2025,"-0.32","1.15","0.13","3.69",,,,2,1,"Bot",,,,,,,7.846476965797613,-143.28916530263078,-2.9789505050673113,-6.182828844633728,31.33969318385401,-15.82685019784418,"3.49","1.65",208,"87.2",68,"99.2",2365,"6.6",777127,687221,518692,808975,669242,605141,624424,681624,606192,"53.94",,,,,,,,7,4,"4-Seam Fastball",0,0,0,0,0,0,0,0,"Infield shade","Strategic",214,"0","0","63.1","6.6",,"0","88.0",0,0,0.508,0.508,30,28,31,29,1,0,7,1,9,1,"1.19","0.32","-0.32","35.5",11.97173138605078,17.561489366813117,23.121968987933712,33.869384867321294,25.153502426521115
"FF","2025-07-12","99.9","-2.44","5.77","Ohtani, Shohei",646240,660271,,"ball",,,,,11,"Ball","R","L","R","SF","LAD","B",,,0,2,2025,"-0.39","1.17","-1.49","4.44",,,,2,1,"Bot",,,,,,,3.551350972003445,-145.55392531977748,-1.0834175079031307,-6.392651826525314,32.385284985211094,-15.492682862101535,"3.47","1.56",,,,"100.6",2358,"6.5",777127,687221,518692,808975,669242,605141,624424,681624,606192,"53.99",,,,,,,,7,3,"4-Seam Fastball",0,0,0,0,0,0,0,0,"Infield shade","Strategic",209,"0.002","0.022",,,,"-0.022",,0,0,0.506,0.506,30,28,31,29,1,0,7,1,9,1,"1.1","0.39","-0.39","33.8",,,,,
"SL","2025-07-12","87.5","-2.04","6.13","Ohtani, Shohei",646240,660271,,"swinging_strike",,,,,7,"Swinging Strike","R","L","R","SF","LAD","S",,,0,1,2025,"0.27","0.11","-0.42","2.06",,,,2,1,"Bot",,,,,,,3.3773557084307884,-127.4417339912681,-3.9459592260066447,2.260173701805516,24.684984629223358,-30.408744464374845,"3.49","1.65",,,,"88.1",2472,"6.5",777127,687221,518692,808975,669242,605141,624424,681624,606192,"54",,,,,,,,7,2,"Slider",0,0,0,0,0,0,0,0,"Infield shade","Strategic",92,"-0.002","-0.057","74.5","8.6",,"0.057",,0,0,0.508,0.508,30,28,31,29,1,0,7,1,9,1,"2.85","-0.27","0.27","38.9",24.685955041337238,-25.267655483228133,31.2060119952435,41.198923381565066,41.35794595303498
"FC","2025-07-12","94.4","-2.5","5.68","Ohtani, Shohei",646240,660271,,"swinging_strike",,,,,6,"Swinging Strike","R","L","R","SF","LAD","S",,,0,0,2025,"0.08","0.58","0.64","2.63",,,,2,1,"Bot",,,,,,,8.032935564222809,-137.46004453882713,-3.6764769907225796,-0.424300339608084,23.824736186481317,-24.159940886253725,"3.49","1.65",,,,"95.6",2473,"6.5",777127,687221,518692,808975,669242,605141,624424,681624,606192,"54.03",,,,,,,,7,1,"Cutter",0,0,0,0,0,0,0,0,"Infield shade","Strategic",189,"-0.002","-0.043","75.3","8.2",,"0.043",,0,0,0.51,0.51,30,28,31,29,1,0,7,1,9,1,"1.93","-0.08","0.08","30.7",27.135855539471383,-29.245461769612415,29.99239456458291,28.285841867110022,42.601652913291545
"FF","2025-07-12","99.9","-2.33","5.7","Ohtani, Shohei",671218,660271,"strikeout","swinging_strike",,,,,11,"Heliot Ramos strikes out swinging.","R","R","R","SF","LAD","S",2,,0,2,2025,"-0.23","1.25","-0.22","3.6",,,,1,1,"Bot",,,,,,,6.3889858095767424,-145.43047902260815,-3.395849213683813,-4.710833023072979,33.37481639478389,-13.839042681147879,"3.17","1.52",,,,"100.5",2423,"6.5",777127,687221,518692,808975,669242,605141,624424,681624,606192,"53.96",,0,"0",1,0,0,,6,3,"4-Seam Fastball",0,0,0,0,0,0,0,0,"Standard","Standard",217,"-0.01","-0.163","64.2","5.0",,"0.163",,0,0,0.52,0.52,30,25,31,26,1,0,7,1,9,1,"1.03","0.23","0.23","32.6",-3.932801475024109,31.27105744162245,26.012265491691757,35.38481456820798,10.496137469544918
"FF","2025-07-12","98.6","-2.34","5.74","Ohtani, Shohei",671218,660271,,"foul_tip",,,,,2,"Foul Tip","R","R","R","SF","LAD","S",,,0,1,2025,"-0.5","1.33","0.03","2.71",,,,1,1,"Bot",,,,,,,7.6715400858239216,-143.34179432943287,-5.9344664371633815,-8.631671409292263,31.605079198918805,-12.566972190559515,"3.17","1.52",,,,"99.4",2493,"6.7",777127,687221,518692,808975,669242,605141,624424,681624,606192,"53.79",,,,,,,,6,2,"4-Seam Fastball",0,0,0,0,0,0,0,0,"Standard","Standard",201,"-0.004","-0.052","71.2","6.1",,"0.052",,0,0,0.524,0.524,30,25,31,26,1,0,7,1,9,1,"1.01","0.5","0.5","32.3",-4.4187754895350695,21.645184724911488,35.271264798258926,38.289378837467076,14.658732089034196
"FF","2025-07-12","97.5","-2.1","5.82","Ohtani, Shohei",671218,660271,,"foul",,,,,5,"Foul","R","R","R","SF","LAD","S",,,0,0,2025,"-0.56","1.24","-0.11","2.16",,,,1,1,"Bot",,,,,,,6.66825987688827,-141.82429717756497,-7.257700979017751,-9.059087420199262,30.078107346309274,-13.991999221563573,"3.17","1.52",228,"76.3",40,"98.3",2381,"6.6",777127,687221,518692,808975,669242,605141,624424,681624,606192,"53.91",,,,,,,,6,1,"4-Seam Fastball",0,0,0,0,0,0,0,0,"Standard","Standard",220,"-0.002","-0.039","73.1","6.3",,"0.039","88.0",0,0,0.526,0.526,30,25,31,26,1,0,7,1,9,1,"1.15","0.56","0.56","35.2",-9.256799316437935,19.551949596957048,36.96116818511738,35.84382816984383,20.062973455037838
"FF","2025-07-12","98.9","-2.38","5.76","Ohtani, Shohei",573262,660271,"strikeout","swinging_strike",,,,,11,"Mike Yastrzemski strikes out swinging.","R","L","R","SF","LAD","S",2,,1,2,2025,"-0.42","1.34","-0.4","3.76",,,,0,1,"Bot",,,,,,,6.395940675969523,-144.022301417394,-3.1894819183671017,-7.266227865072879,31.117817350067302,-12.968995725771062,"3.41","1.59",,,,"99.6",2558,"6.5",777127,687221,518692,808975,669242,605141,624424,681624,606192,"54.03",,0,"0",1,0,0,,5,4,"4-Seam Fastball",0,0,0,0,0,0,0,0,"Infield shade","Standard",211,"-0.016","-0.189","70.3","6.9",,"0.189",,0,0,0.542,0.542,30,34,31,35,1,0,7,1,9,1,"0.98","0.42","-0.42","34.3",9.392032973946364,14.870752164307477,21.12517503510269,38.18571309338277,16.635504571554772
"FF","2025-07-12","97.7","-2.35","5.77","Ohtani, Shohei",573262,660271,,"called_strike",,,,,8,"Called Strike","R","L","R","SF","LAD","S",,,1,1,2025,"-0.86","1.22","0.2","1.89",,,,0,1,"Bot",,,,,,,8.896726480026647,-141.8745177876,-7.834090948775671,-13.583341127026179,32.134855190083485,-13.99547399996084,"3.34","1.51",,,,"98.4",2376,"6.8",777127,687221,518692,808975,669242,605141,624424,681624,606192,"53.72",,,,,,,,5,3,"4-Seam Fastball",0,0,0,0,0,0,0,0,"Standard","Standard",220,"-0.005","-0.061",,,,"0.061",,0,0,0.547,0.547,30,34,31,35,1,0,7,1,9,1,"1.17","0.86","-0.86","34.3",,,,,
"FF","2025-07-12","96.8","-2.28","5.82","Ohtani, Shohei",573262,660271,,"foul",,,,,4,"Foul","R","L","R","SF","LAD","S",,,1,0,2025,"-0.65","1.28","-0.29","2.71",,,,0,1,"Bot",,,,,,,6.827239049289758,-140.7654558036478,-5.729643071081479,-10.141389591539262,30.8048666636144,-14.00748986085284,"3.41","1.59",218,"89.3",62,"97.7",2239,"6.8",777127,687221,518692,808975,669242,605141,624424,681624,606192,"53.75",,,,,,,,5,2,"4-Seam Fastball",0,0,0,0,0,0,0,0,"Infield shade","Standard",229,"-0.004","-0.05","71.3","7.2",,"0.05","89.3",0,0,0.551,0.551,30,34,31,35,1,0,7,1,9,1,"1.15","0.65","-0.65","34.5",7.27841474751485,8.390985620300057,29.202542300001006,36.751802160167294,24.669869393094654
"FF","2025-07-12","95.2","-2.12","5.84","Ohtani, Shohei",573262,660271,,"ball",,,,,14,"Ball","R","L","R","SF","LAD","B",,,0,0,2025,"-0.57","1.24","1.06","0.97",,,,0,1,"Bot",,,,,,,9.653338102200843,-138.01828678773023,-9.956881388887401,-9.310114313312042,29.062529022018143,-14.293384298606425,"3.31","1.54",,,,"95.7",2210,"6.7",777127,687221,518692,808975,669242,605141,624424,681624,606192,"53.82",,,,,,,,5,1,"4-Seam Fastball",0,0,0,0,0,0,0,0,"Standard","Standard",291,"0.003","0.041",,,,"-0.041",,0,0,0.548,0.548,30,34,31,35,1,0,7,1,9,1,"1.29","0.57","-0.57","35.8",,,,,
"ST","2025-07-05","86.2","-2.72","5.44","Ohtani, Shohei",673237,660271,"strikeout","swinging_strike",,,,,14,"Yainer Diaz strikes out swinging.","R","R","R","LAD","HOU","S",2,,1,2,2025,"0.94","0.17","0.44","1",,,,2,2,"Top",,,,,,,5.673154814699324,-125.41547936619317,-4.754189632760724,8.894109007526515,24.242606364239855,-29.609517492764702,"3.23","1.54",,,,"87.4",2602,"6.9",777221,669257,518692,669242,500743,605141,571771,681624,606192,"53.56",,0,"0",1,0,0,,11,7,"Sweeper",1,0,0,1,0,1,0,1,"Standard","Standard",59,"0.008","-0.182","58.6","8.4",,"0.182",,1,-1,0.648,0.352,30,26,31,27,1,0,7,1,7,1,"2.88","-0.94","-0.94","28.1",24.449738952184518,-36.13991768289065,37.83277563851426,39.52568093989435,54.80870913471846
"FF","2025-07-05","98","-2.57","5.65","Ohtani, Shohei",673237,660271,,"foul",,,,,8,"Foul","R","R","R","LAD","HOU","S",,,1,2,2025,"-0.19","0.86","0.13","2.05",,,,2,2,"Top",,,,,,,7.7829729095262135,-142.5823796142645,-6.350083516767389,-4.192150572849314,29.42384545310056,-19.160499854093633,"3.23","1.54",252,"82.2",43,"99.2",2312,"6.7",777221,669257,518692,669242,500743,605141,571771,681624,606192,"53.78",,,,,,,,11,6,"4-Seam Fastball",1,0,0,1,0,1,0,1,"Standard","Standard",207,"0","0","73.7","7.0",,"0","88.0",1,-1,0.648,0.352,30,26,31,27,1,0,7,1,7,1,"1.49","0.19","0.19","36.4",0.8852265383972586,16.40853519027296,32.577502550199405,37.778722774986825,21.86845404107384
"FF","2025-07-05","99.4","-2.65","5.53","Ohtani, Shohei",673237,660271,,"foul",,,,,5,"Foul","R","R","R","LAD","HOU","S",,,1,2,2025,"-0.17","0.92","-0.27","2.29",,,,2,2,"Top",,,,,,,6.961172700234073,-144.66969305489556,-5.696535392221209,-3.8867399495249053,31.01181411962583,-18.163108913685505,"3.23","1.54",211,"76.2",50,"100.6",2455,"6.8",777221,669257,518692,669242,500743,605141,571771,681624,606192,"53.75",,,,,,,,11,5,"4-Seam Fastball",1,0,0,1,0,1,0,1,"Standard","Standard",212,"0","0","72.4","6.5",,"0","88.0",1,-1,0.648,0.352,30,26,31,27,1,0,7,1,7,1,"1.37","0.17","0.17","33.1",-1.396755106611143,14.295338623255027,32.98240168220519,32.723809694764945,24.821892034074878
"SL","2025-07-05","87.8","-2.2","5.85","Ohtani, Shohei",673237,660271,,"foul",,,,,14,"Foul","R","R","R","LAD","HOU","S",,,1,2,2025,"0.27","0.04","0.23","1.29",,,,2,2,"Top",,,,,,,5.370532575128474,-127.83358518773764,-5.084635255496974,1.9611301956933973,24.82582215327095,-30.914465938471388,"3.23","1.54",2,"81.1",-30,"89",2577,"6.9",777221,669257,518692,669242,500743,605141,571771,681624,606192,"53.62",,,,,,,,11,4,"Slider",1,0,0,1,0,1,0,1,"Standard","Standard",64,"0","0","71.6","8.0",,"0","88.0",1,-1,0.648,0.352,30,26,31,27,1,0,7,1,7,1,"2.9","-0.27","-0.27","38.9",14.181315032061667,-10.395366942308824,33.204652346928434,39.81481069816441,40.17332159330433
"FF","2025-07-05","99.1","-2.51","5.55","Ohtani, Shohei",673237,660271,,"foul",,,,,5,"Foul","R","R","R","LAD","HOU","S",,,1,1,2025,"-0.12","0.97","0.18","2.7",,,,2,2,"Top",,,,,,,7.677556736987163,-144.19268802040156,-4.64746630548208,-3.3705432871775907,32.81204939529703,-17.783757636411107,"3.23","1.54",262,"81",30,"99.7",2481,"6.6",777221,669257,518692,669242,500743,605141,571771,681624,606192,"53.9",,,,,,,,11,3,"4-Seam Fastball",1,0,0,1,0,1,0,1,"Standard","Standard",218,"0.002","-0.062","73.2","6.9",,"0.062","88.0",1,-1,0.646,0.354,30,26,31,27,1,0,7,1,7,1,"1.35","0.12","0.12","33.9",4.247566757848328,14.943483390543424,28.09986408751884,39.46299094184302,24.21179433268518
"ST","2025-07-05","85.1","-2.74","5.45","Ohtani, Shohei",673237,660271,,"foul",,,,,7,"Foul","R","R","R","LAD","HOU","S",,,1,0,2025,"1.38","-0.02","-0.62","2.03",,,,2,2,"Top",,,,,,,2.2221896355466897,-123.97149222733519,-1.65915258336587,13.677011397275828,25.920844407878615,-32.248863382106414,"3.23","1.54",163,"98",10,"85.4",2489,"6.5",777221,669257,518692,669242,500743,605141,571771,681624,606192,"53.98",,,,,,,,11,2,"Sweeper",1,0,0,1,0,1,0,1,"Standard","Standard",75,"0.002","-0.054","75.9","7.5",,"0.054","98.0",1,-1,0.644,0.356,30,26,31,27,1,0,7,1,7,1,"3.17","-1.38","-1.38","29.9",15.06711205522302,-17.780239248471045,31.607599715128394,28.476136635174708,45.12531506092223
"ST","2025-07-05","80.2","-2.48","5.65","Ohtani, Shohei",673237,660271,,"ball",,,,,14,"Ball","R","R","R","LAD","HOU","B",,,0,0,2025,"0.89","-0.06","0.56","0.48",,,,2,2,"Top",,,,,,,5.033070679397206,-116.68934118047896,-4.632464528449486,7.243247790133301,21.731404017170806,-32.08626049605281,"3.28","1.39",,,,"80.3",2361,"6.3",777221,669257,518692,669242,500743,605141,571771,681624,606192,"54.19",,,,,,,,11,1,"Sweeper",1,0,0,1,0,1,0,1,"Standard","Standard",64,"-0.001","0.037",,,,"-0.037",,1,-1,0.645,0.355,30,26,31,27,1,0,7,1,7,1,"3.6","-0.89","-0.89","30.4",,,,,
"ST","2025-07-05","86.4","-2.61","5.42","Ohtani, Shohei",605170,660271,"strikeout","swinging_strike_blocked",,,,,14,"Victor Caratini strikes out swinging.","R","L","R","LAD","HOU","S",2,,3,2,2025,"1.18","0.15","0.94","0.92",,,,1,2,"Top",,,,,,,6.1089513303404015,-125.67327678304846,-4.830441768136257,11.29203283983158,25.35592231002543,-29.82729509772962,"3.35","1.53",,,,"87.1",2601,"6.7",777221,669257,518692,669242,500743,605141,571771,681624,606192,"53.75",,0,"0",1,0,0,,10,7,"Sweeper",1,0,0,1,0,1,0,1,"Infield shade","Standard",70,"0.022","-0.332","67.8","8.5",,"0.332",,1,-1,0.623,0.377,30,31,31,32,1,0,7,1,7,2,"2.91","-1.18","1.18","30.3",32.590356594288906,-63.99125376290257,34.804073285660074,24.40075438668758,68.71470862240548
"SL","2025-07-05","88.5","-2.45","5.91","Ohtani, Shohei",605170,660271,,"ball",,,,,14,"Ball","R","L","R","LAD","HOU","B",,,2,2,2025,"0.26","-0.3","0.54","0.72",,,,1,2,"Top",,,,,,,6.81001455345266,-128.76908790571454,-6.070067950671807,1.5899774043851074,24.66485951976903,-34.575181428642715,"3.47","1.47",,,,"89.5",2570,"6.7",777221,669257,518692,669242,500743,605141,571771,681624,606192,"53.76",,,,,,,,10,6,"Slider",1,0,0,1,0,1,0,1,"Infield shade","Standard",57,"-0.006","0.104",,,,"-0.104",,1,-1,0.629,0.371,30,31,31,32,1,0,7,1,7,2,"3.2","-0.26","0.26","39.7",,,,,
"SL","2025-07-05","89.3","-2.26","5.99","Ohtani, Shohei",605170,660271,,"ball",,,,,14,"Ball","R","L","R","LAD","HOU","B",,,1,2,2025,"0.34","-0.25","1.12","1.34",,,,1,2,"Top",,,,,,,7.683189318996097,-129.82319543138416,-4.9729431051221935,2.3259427951036606,26.303371628784344,-34.14210452843205,"3.44","1.44",,,,"90.2",2580,"6.8",777221,669257,518692,669242,500743,605141,571771,681624,606192,"53.66",,,,,,,,10,5,"Slider",1,0,0,1,0,1,0,1,"Strategic","Standard",84,"-0.002","0.048",,,,"-0.048",,1,-1,0.631,0.369,30,31,31,32,1,0,7,1,7,2,"3.1","-0.34","0.34","42.9",,,,,
"FF","2025-07-05","100.9","-2.55","5.64","Ohtani, Shohei",605170,660271,,"foul",,,,,14,"Foul","R","L","R","LAD","HOU","S",,,1,2,2025,"-0.38","1.14","0.86","2.23",,,,1,2,"Top",,,,,,,10.420751026586382,-146.5320352072255,-6.913368207025642,-7.827517675140039,32.6095344940008,-14.212203301294547,"3.35","1.53",6,"102.5",-21,"101.4",2485,"6.6",777221,669257,518692,669242,500743,605141,571771,681624,606192,"53.95",,,,,,,,10,4,"4-Seam Fastball",1,0,0,1,0,1,0,1,"Infield shade","Standard",221,"0","0","71.2","7.2",,"0","102.5",1,-1,0.631,0.369,30,31,31,32,1,0,7,1,7,2,"1.09","0.38","-0.38","31.2",20.37748625258488,-14.873256742539331,37.71994784128647,22.757407953056507,39.719797782550884
"FS","2025-07-05","93.2","-2.5","5.61","Ohtani, Shohei",605170,660271,,"ball",,,,,13,"Ball","R","L","R","LAD","HOU","B",,,0,2,2025,"-1.19","0.76","-0.93","1.24",,,,1,2,"Top",,,,,,,6.654340443922002,-135.49201401456858,-7.152074013081414,-16.08914187863609,29.84262901933495,-21.43459294939157,"3.45","1.42",,,,"93.6",1611,"6.6",777221,669257,518692,669242,500743,605141,571771,681624,606192,"53.91",,,,,,,,10,3,"Split-Finger",1,0,0,1,0,1,0,1,"Infield shade","Standard",231,"-0.002","0.017",,,,"-0.017",,1,-1,0.633,0.367,30,31,31,32,1,0,7,1,7,2,"1.87","1.19","-1.19","33.8",,,,,
"FF","2025-07-05","98.7","-2.78","5.53","Ohtani, Shohei",605170,660271,,"foul",,,,,5,"Foul","R","L","R","LAD","HOU","S",,,0,1,2025,"-0.17","1.12","-0.15","2.7",,,,1,2,"Top",,,,,,,7.591033038985765,-143.5826894843272,-4.904837986447879,-4.038738757737995,32.20835924950023,-15.66067072835341,"3.35","1.53",,,,"99.3",2352,"6.6",777221,669257,518692,669242,500743,605141,571771,681624,606192,"53.95",,,,,,,,10,2,"4-Seam Fastball",1,0,0,1,0,1,0,1,"Infield shade","Standard",212,"0.003","-0.052","66.8","6.6",,"0.052",,1,-1,0.63,0.37,30,31,31,32,1,0,7,1,7,2,"1.21","0.17","-0.17","32.9",12.2093506014799,6.100566402138075,33.11002161207117,33.14719643878729,29.781148010696114
"FF","2025-07-05","98.1","-2.57","5.57","Ohtani, Shohei",605170,660271,,"foul",,,,,5,"Foul","R","L","R","LAD","HOU","S",,,0,0,2025,"-0.3","1.08","0.14","2.42",,,,1,2,"Top",,,,,,,8.091026113058817,-142.7237295114603,-5.651642518894907,-5.881828140821894,30.18133066639543,-16.235572464431524,"3.35","1.53",3,"76.1",-39,"99.2",2375,"6.7",777221,669257,518692,669242,500743,605141,571771,681624,606192,"53.79",,,,,,,,10,1,"4-Seam Fastball",1,0,0,1,0,1,0,1,"Standard","Standard",213,"0.003","-0.039","71.4","6.5",,"0.039","88.0",1,-1,0.627,0.373,30,31,31,32,1,0,7,1,7,2,"1.27","0.3","-0.3","33.0",5.773686631653059,0.0006700729506380565,33.82001949450519,30.803059530201764,32.265982976829534
"ST","2025-07-05","87","-2.7","5.36","Ohtani, Shohei",572233,660271,"strikeout","swinging_strike",,,,,8,"Christian Walker strikes out swinging.","R","R","R","LAD","HOU","S",2,,3,2,2025,"0.62","0.3","0.24","1.98",,,,0,2,"Top",,,,,,,5.830188225649547,-126.70651542543764,-2.5930490101639676,5.623401164484841,24.35550261578158,-28.660562721792196,"3.46","1.6",,,,"88.1",2549,"6.8",777221,669257,518692,669242,500743,605141,571771,681624,606192,"53.71",,0,"0",1,0,0,,9,7,"Sweeper",1,0,0,1,0,1,0,1,"Standard","Standard",65,"0.03","-0.345","72.6","8.5",,"0.345",,1,-1,0.597,0.403,30,34,31,34,1,0,7,1,7,1,"2.7","-0.62","-0.62","30.4",25.76380809758027,-38.510964811730474,28.035348260326373,36.021110700112054,53.332820535948365
"FF","2025-07-05","97","-2.34","5.59","Ohtani, Shohei",572233,660271,,"foul",,,,,5,"Foul","R","R","R","LAD","HOU","S",,,3,2,2025,"-0.3","0.8","-0.22","2.51",,,,0,2,"Top",,,,,,,6.385060618371231,-141.1742937115361,-4.605367264967108,-5.290449256778113,28.632816545416688,-20.565462783954676,"3.46","1.6",145,"76.4",72,"97.8",2344,"6.5",777221,669257,518692,669242,500743,605141,571771,681624,606192,"54.04",,,,,,,,9,6,"4-Seam Fastball",1,0,0,1,0,1,0,1,"Standard","Standard",216,"0","0","72.6","7.6",,"0","88.0",1,-1,0.597,0.403,30,34,31,34,1,0,7,1,7,1,"1.6","0.3","0.3","34.5",6.317657856769928,-11.14750186124999,33.45663410622968,31.037214301586214,31.047330638684922
"FF","2025-07-05","97","-2.49","5.61","Ohtani, Shohei",572233,660271,,"swinging_strike",,,,,6,"Swinging Strike","R","R","R","LAD","HOU","S",,,3,1,2025,"-0.45","1.06","0.67","2.63",,,,0,2,"Top",,,,,,,9.510511542365256,-141.0066142313029,-4.900598445069013,-7.964994294285995,28.89781284432371,-17.07929877870167,"3.46","1.6",,,,"97.8",2304,"6.6",777221,669257,518692,669242,500743,605141,571771,681624,606192,"53.91",,,,,,,,9,5,"4-Seam Fastball",1,0,0,1,0,1,0,1,"Standard","Standard",221,"0.01","-0.094","72.1","6.2",,"0.094",,1,-1,0.587,0.41300000000000003,30,34,31,34,1,0,7,1,7,1,"1.35","0.45","0.45","33.9",-15.120364452089408,38.402854034877066,31.22151403818449,43.04659035456008,4.926598000587903
"FF","2025-07-05","95.8","-2.37","5.7","Ohtani, Shohei",572233,660271,,"called_strike",,,,,6,"Called Strike","R","R","R","LAD","HOU","S",,,3,0,2025,"-0.39","1.09","0.59","2.61",,,,0,2,"Top",,,,,,,8.73802281846019,-139.3786985573364,-5.102795980828065,-6.928578313724122,27.7947957651007,-16.9592560495991,"3.34","1.35",,,,"96.6",2281,"6.5",777221,669257,518692,669242,500743,605141,571771,681624,606192,"54.02",,,,,,,,9,4,"4-Seam Fastball",1,0,0,1,0,1,0,1,"Standard","Standard",214,"0.008","-0.09",,,,"0.09",,1,-1,0.579,0.42100000000000004,30,34,31,34,1,0,7,1,7,1,"1.37","0.39","0.39","35.6",,,,,
"ST","2025-07-05","83.4","-2.46","5.56","Ohtani, Shohei",572233,660271,,"ball",,,,,12,"Ball","R","R","R","LAD","HOU","B",,,2,0,2025,"1.07","0.27","0.89","3.1",,,,0,2,"Top",,,,,,,5.63450253349365,-121.34582537015254,0.27250119898558745,9.481312943009444,23.985235077112804,-29.769174582070217,"3.41","1.41",,,,"83.9",2490,"6.6",777221,669257,518692,669242,500743,605141,571771,681624,606192,"53.88",,,,,,,,9,3,"Sweeper",1,0,0,1,0,1,0,1,"Standard","Standard",75,"-0.012","0.152",,,,"-0.152",,1,-1,0.591,0.40900000000000003,30,34,31,34,1,0,7,1,7,1,"3.01","-1.07","-1.07","32.3",,,,,
"ST","2025-07-05","83.4","-2.63","5.61","Ohtani, Shohei",572233,660271,,"ball",,,,,14,"Ball","R","R","R","LAD","HOU","B",,,1,0,2025,"1.1","0.29","1.9","1.81",,,,0,2,"Top",,,,,,,8.241062207996396,-121.15483370241469,-2.8330636867503225,9.075132210864826,24.808296676409118,-28.94011349703911,"3.43","1.4",,,,"83.2",2516,"6.4",777221,669257,518692,669242,500743,605141,571771,681624,606192,"54.13",,,,,,,,9,2,"Sweeper",1,0,0,1,0,1,0,1,"Standard","Standard",72,"-0.008","0.077",,,,"-0.077",,1,-1,0.599,0.401,30,34,31,34,1,0,7,1,7,1,"3.01","-1.1","-1.1","32.1",,,,,
"FF","2025-07-05","97.2","-2.25","5.85","Ohtani, Shohei",572233,660271,,"ball",,,,,11,"Ball","R","R","R","LAD","HOU","B",,,0,0,2025,"-0.58","1.17","-0.27","4.57",,,,0,2,"Top",,,,,,,6.660410048926737,-141.5477537472905,-0.6073457889212509,-9.255922850207737,30.095803079047,-16.46798244951304,"3.46","1.44",,,,"97.7",2311,"6.4",777221,669257,518692,669242,500743,605141,571771,681624,606192,"54.11",,,,,,,,9,1,"4-Seam Fastball",1,0,0,1,0,1,0,1,"Standard","Standard",206,"-0.004","0.041",,,,"-0.041",,1,-1,0.603,0.397,30,34,31,34,1,0,7,1,7,1,"1.23","0.58","0.58","37.8",,,,,
"ST","2025-07-05","82","-2.51","5.66","Ohtani, Shohei",514888,660271,"field_out","hit_into_play",,,,,12,"Jose Altuve grounds out, shortstop Mookie Betts to first baseman Freddie Freeman.","R","R","R","LAD","HOU","X",6,"ground_ball",0,1,2025,"1.3","0.07","1.33","2.62",,,,2,1,"Top",104.94,151.12,,,,,6.174677912693173,-119.33008933014908,-0.39083108165657166,11.064682083511101,24.771654884731294,-31.649429096203857,"2.86","1.29",25,"73.9",-4,"82",2673,"6.5",777221,669257,518692,669242,500743,605141,571771,681624,606192,"54.02",0.081,0.074,"0",1,0,0,2,3,2,"Sweeper",0,0,0,0,0,0,0,0,"Standard","Standard",62,"0.008","-0.217","61.5","7.4",0.102,"0.217","88.0",0,0,0.54,0.45999999999999996,30,35,31,35,1,0,7,1,7,1,"3.34","-1.3","-1.3","32.2",17.773521097316316,-4.340239008309008,18.79830183232879,49.33116288493451,32.69323198271755
"FF","2025-07-05","97.9","-1.79","5.79","Ohtani, Shohei",514888,660271,,"foul",,,,,12,"Foul","R","R","R","LAD","HOU","S",,,0,0,2025,"-0.64","1.26","0.17","3.11",,,,2,1,"Top",,,,,,,6.831474426901739,-142.52569669265495,-4.722597796855057,-10.302047689845123,30.7802655156915,-14.106583675245107,"2.86","1.29",215,"79.9",54,"98.8",2458,"6.6",777221,669257,518692,669242,500743,605141,571771,681624,606192,"53.87",,,,,,,,3,1,"4-Seam Fastball",0,0,0,0,0,0,0,0,"Standard","Standard",213,"0.002","-0.043","68.7","6.3",,"0.043","88.0",0,0,0.538,0.46199999999999997,30,35,31,35,1,0,7,1,7,1,"1.11","0.64","0.64","38.4",-0.5633355204479235,23.00079087298225,23.182084258481105,38.49723184976303,16.42673726230105
"FF","2025-07-05","96.4","-1.89","5.69","Ohtani, Shohei",701358,660271,"grounded_into_double_play","hit_into_play",,,,,11,"Cam Smith grounds into a double play, second baseman Tommy Edman to first baseman Freddie Freeman. Isaac Paredes out at 2nd. Cam Smith out at 1st.","R","R","R","LAD","HOU","X",4,"ground_ball",1,1,2025,"-0.38","1.14","-1.09","3.14",,,670623,0,1,"Top",124.15,150.53,,,,,3.0228757552230325,-140.60074340265587,-3.941076510848703,-5.704624625200293,26.318224496581532,-16.250334137591516,"3.43","1.61",56,"53.9",7,"98",2298,"6.7",777221,669257,518692,669242,500743,605141,571771,681624,606192,"53.85",0.147,0.151,"0",1,0,0,1,2,3,"4-Seam Fastball",0,0,0,0,0,0,0,0,"Standard","Standard",211,"0.072","-0.327","64.8","5.8",0.188,"0.327","88.0",0,0,0.466,0.534,30,22,31,22,1,0,7,1,7,1,"1.26","0.38","0.38","36.3",-8.513793293198896,3.8237689286185104,41.084100091178044,25.91916506128884,23.300508506634202
"FF","2025-07-05","96.3","-1.94","5.67","Ohtani, Shohei",701358,660271,,"swinging_strike",,,,,1,"Swinging Strike","R","R","R","LAD","HOU","S",,,1,0,2025,"-0.49","1.19","-0.34","2.97",,,670623,0,1,"Top",,,,,,,5.393506019563862,-140.26698615533635,-4.368598956159247,-7.542354776130133,27.931465879998647,-15.689937891574957,"3.43","1.61",,,,"97.3",2408,"6.5",777221,669257,518692,669242,500743,605141,571771,681624,606192,"53.97",,,,,,,,2,2,"4-Seam Fastball",0,0,0,0,0,0,0,0,"Standard","Standard",219,"0.007","-0.048","72.3","6.2",,"0.048",,0,0,0.459,0.5409999999999999,30,22,31,22,1,0,7,1,7,1,"1.24","0.49","0.49","35.1",-7.93202754335271,13.609778595300016,42.75759575551709,35.6851549079823,20.428601484982483
"SI","2025-07-05","94.3","-1.85","5.73","Ohtani, Shohei",701358,660271,,"ball",,,,,14,"Ball","R","R","R","LAD","HOU","B",,,0,0,2025,"-1.32","0.48","1.3","1.67",,,670623,0,1,"Top",,,,,,,11.158839027066698,-136.95803444780398,-6.007333563695411,-18.887522789882276,27.01932123460622,-24.939247534940147,"3.39","1.47",,,,"95.2",2021,"6.7",777221,669257,518692,669242,500743,605141,571771,681624,606192,"53.84",,,,,,,,2,1,"Sinker",0,0,0,0,0,0,0,0,"Standard","Standard",228,"-0.005","0.04",,,,"-0.04",,0,0,0.464,0.536,30,22,31,22,1,0,7,1,7,1,"2.07","1.32","1.32","34.7",,,,,
"SL","2025-07-05","85.8","-2.51","5.69","Ohtani, Shohei",670623,660271,"single","hit_into_play",,,,,1,"Isaac Paredes singles on a fly ball to left fielder Enrique Hernández.","R","R","R","LAD","HOU","X",7,"fly_ball",2,2,2025,"0.6","0.02","-0.37","3.42",,,,0,1,"Top",67.15,123.3,,,,,3.868982449683266,-124.95949529792442,0.841052535929717,5.5219822763384725,25.07099305619478,-32.311734387928446,"3.3","1.58",239,"73.3",26,"86.4",2717,"6.6",777221,669257,518692,669242,500743,605141,571771,681624,606192,"53.89",0.856,0.792,"0.9",1,1,0,4,1,5,"Slider",0,0,0,0,0,0,0,0,"Standard","Standard",67,"-0.038","0.465","61.5","6.8",0.923,"-0.465","88.0",0,0,0.502,0.498,30,26,31,26,1,0,7,1,7,1,"3.07","-0.6","-0.6","34.3",13.724333482450948,-9.048699721040528,26.321318646663748,25.376450125045096,28.39426952820011
"SL","2025-07-05","84.5","-2.59","5.62","Ohtani, Shohei",670623,660271,,"swinging_strike",,,,,6,"Swinging Strike","R","R","R","LAD","HOU","S",,,2,1,2025,"0.5","0.12","0.43","2.68",,,,0,1,"Top",,,,,,,6.0473975346530136,-123.0369600174686,-0.7819010503412858,3.955995386076283,23.01229302133021,-31.009495233801413,"3.3","1.58",,,,"84.7",2584,"6.3",777221,669257,518692,669242,500743,605141,571771,681624,606192,"54.25",,,,,,,,1,4,"Slider",0,0,0,0,0,0,0,0,"Standard","Standard",75,"0.006","-0.073","70.2","8.9",,"0.073",,0,0,0.496,0.504,30,26,31,26,1,0,7,1,7,1,"3.05","-0.5","-0.5","30.5",23.716148831855158,-51.40471933854297,24.459996488887363,35.83951665326005,58.70183066463716
"ST","2025-07-05","86.6","-2.56","5.59","Ohtani, Shohei",670623,660271,,"ball",,,,,14,"Ball","R","R","R","LAD","HOU","B",,,1,1,2025,"0.53","0.69","0.9","2.49",,,,0,1,"Top",,,,,,,7.228413072871407,-125.97263603887504,-2.6051428112491637,4.142228079165333,26.005618605525992,-24.490172353318652,"3.45","1.56",,,,"87",2647,"6.6",777221,669257,518692,669242,500743,605141,571771,681624,606192,"53.93",,,,,,,,1,3,"Sweeper",0,0,0,0,0,0,0,0,"Standard","Standard",80,"-0.005","0.055",,,,"-0.055",,0,0,0.501,0.499,30,26,31,26,1,0,7,1,7,1,"2.35","-0.53","-0.53","34.2",,,,,
"FF","2025-07-05","98.1","-2.31","5.8","Ohtani, Shohei",670623,660271,,"foul",,,,,6,"Foul","R","R","R","LAD","HOU","S",,,1,0,2025,"-0.63","1.38","0.46","2.45",,,,0,1,"Top",,,,,,,8.977572380042425,-142.50979767394017,-6.811565959249427,-10.591689276769458,31.49759261534817,-11.932325093820072,"3.3","1.58",,,,"98.7",2477,"6.6",777221,669257,518692,669242,500743,605141,571771,681624,606192,"53.87",,,,,,,,1,2,"4-Seam Fastball",0,0,0,0,0,0,0,0,"Standard","Standard",217,"0.005","-0.05","70.8","8.6",,"0.05",,0,0,0.496,0.504,30,26,31,26,1,0,7,1,7,1,"0.99","0.63","0.63","37.0",17.104792105932372,-22.877255752375696,28.537225754047224,37.55843722766259,38.69625940301523
"SI","2025-07-05","95","-2.22","5.76","Ohtani, Shohei",670623,660271,,"ball",,,,,14,"Ball","R","R","R","LAD","HOU","B",,,0,0,2025,"-1.22","0.85","0.78","1.03",,,,0,1,"Top",,,,,,,10.631948645596498,-137.81282511258823,-8.672829176991497,-17.853437071842926,29.38489095680189,-19.591386332006113,"3.18","1.29",,,,"95.4",2204,"6.6",777221,669257,518692,669242,500743,605141,571771,681624,606192,"53.88",,,,,,,,1,1,"Sinker",0,0,0,0,0,0,0,0,"Standard","Standard",220,"-0.004","0.041",,,,"-0.041",,0,0,0.5,0.5,30,26,31,26,1,0,7,1,7,1,"1.69","1.22","1.22","38.8",,,,,
"ST","2025-06-28","82.6","-2.45","5.48","Ohtani, Shohei",679845,660271,"field_out","hit_into_play",,,,,6,"Nick Loftin pops out to catcher Dalton Rushing in foul territory.","R","R","R","KC","LAD","X",2,"popup",0,2,2025,"1.38","0.24","0.56","2.37",,,,2,2,"Bot",117.36,211.98,,,,,4.1858051432438215,-120.28772038428717,-1.047058278941651,12.501285741614254,24.379352957045853,-29.8544951166413,"3.35","1.56",49,"71.5",84,"82.9",2651,"6.6",777319,687221,518692,808975,571970,605141,624424,681624,606192,"53.94",0.008,0.007,"0",1,0,0,3,16,5,"Sweeper",0,0,0,0,0,0,0,0,"Standard","Standard",60,"-0.007","-0.16","69.1","7.8",0.008,"0.16","88.0",0,0,0.507,0.507,30,26,31,27,1,0,6,1,7,3,"3.11","-1.38","-1.38","30.5",15.36973734906096,-26.328383668480008,28.25398543056577,39.37011862396709,48.6033642513522
"FF","2025-06-28","98.6","-2.19","5.68","Ohtani, Shohei",679845,660271,,"foul",,,,,12,"Foul","R","R","R","KC","LAD","S",,,0,2,2025,"-0.46","1.36","0.98","2.53",,,,2,2,"Bot",,,,,,,9.721998218875848,-143.21011866172435,-6.322836003548171,-8.519995959789217,31.764248667667704,-12.159811567976858,"3.35","1.56",201,"75.5",57,"99.3",2602,"6.7",777319,687221,518692,808975,571970,605141,624424,681624,606192,"53.8",,,,,,,,16,4,"4-Seam Fastball",0,0,0,0,0,0,0,0,"Standard","Standard",208,"0","0","69.0","7.2",,"0","88.0",0,0,0.507,0.507,30,26,31,27,1,0,6,1,7,3,"0.99","0.46","0.46","37.1",4.067192359283415,9.523736673512865,26.50200552748002,46.08035018307032,25.901975512215245
"SL","2025-06-28","87.9","-2.03","6.08","Ohtani, Shohei",679845,660271,,"foul",,,,,13,"Foul","R","R","R","KC","LAD","S",,,0,2,2025,"0.36","-0.3","-0.14","1.21",,,,2,2,"Bot",,,,,,,3.842752330836289,-127.86546522898121,-5.068498184421899,3.129942828114194,27.182482410757306,-34.60508709767853,"3.35","1.56",196,"76.1",19,"88.1",2644,"6.5",777319,687221,518692,808975,571970,605141,624424,681624,606192,"54.02",,,,,,,,16,3,"Slider",0,0,0,0,0,0,0,0,"Standard","Standard",67,"0","0","49.6","8.0",,"0","88.0",0,0,0.507,0.507,30,26,31,27,1,0,6,1,7,3,"3.26","-0.36","-0.36","46.4",11.951851798139558,-30.48134327886929,38.683257357442244,32.87738075869814,45.54565923306008
"SL","2025-06-28","87.5","-2.04","6.04","Ohtani, Shohei",679845,660271,,"swinging_strike",,,,,14,"Swinging Strike","R","R","R","KC","LAD","S",,,0,1,2025,"0.12","-0.12","0.6","1.14",,,,2,2,"Bot",,,,,,,6.142157060931715,-127.18188899874163,-5.410784188860781,-0.011795156042902844,27.245621593598973,-32.53918880101643,"3.35","1.56",,,,"87.8",2565,"6.6",777319,687221,518692,808975,571970,605141,624424,681624,606192,"53.86",,,,,,,,16,2,"Slider",0,0,0,0,0,0,0,0,"Standard","Standard",71,"-0.002","-0.057","65.1","8.5",,"0.057",,0,0,0.509,0.509,30,26,31,27,1,0,6,1,7,3,"3.12","-0.12","-0.12","43.6",26.236709520010958,-45.89169232050943,30.951772362008658,40.083533701158956,63.5250819244102
"ST","2025-06-28","81.7","-2.38","5.69","Ohtani, Shohei",679845,660271,,"called_strike",,,,,14,"Called Strike","R","R","R","KC","LAD","S",,,0,0,2025,"1.25","0.26","0.92","1.94",,,,2,2,"Bot",,,,,,,5.069252340833023,-118.87214774610985,-2.3061970596573675,10.645824114818597,25.33201529286092,-29.43631035327043,"3.12","1.37",,,,"81.7",2575,"6.6",777319,687221,518692,808975,571970,605141,624424,681624,606192,"53.92",,,,,,,,16,1,"Sweeper",0,0,0,0,0,0,0,0,"Standard","Standard",61,"-0.002","-0.043",,,,"0.043",,0,0,0.511,0.511,30,26,31,27,1,0,6,1,7,3,"3.18","-1.25","-1.25","34.8",,,,,
"SL","2025-06-28","89.1","-2.05","6.05","Ohtani, Shohei",695506,660271,"strikeout","swinging_strike",,,,,8,"Jac Caglianone strikes out swinging.","R","L","R","KC","LAD","S",2,,1,2,2025,"0.37","-0.06","-0.27","2.04",,,,1,2,"Bot",,,,,,,3.6064746690297667,-129.76101077385522,-3.7554045788347272,3.508047506565846,26.172665209290955,-32.279743945416485,"3.34","1.55",,,,"89.6",2624,"6.5",777319,687221,518692,808975,571970,605141,624424,681624,606192,"54",,0,"0",1,0,0,,15,5,"Slider",0,0,0,0,0,0,0,0,"Infield shade","Standard",94,"-0.013","-0.18","82.3","8.9",,"0.18",,0,0,0.524,0.524,30,22,31,22,1,0,6,1,7,1,"2.92","-0.37","0.37","43.9",18.59993103294874,-33.81155148961386,20.52616280251828,41.41814480123821,51.81614170392338
"SL","2025-06-28","88.1","-2.08","6.02","Ohtani, Shohei",695506,660271,,"foul",,,,,8,"Foul","R","L","R","KC","LAD","S",,,1,2,2025,"0.33","-0.12","-0.05","1.78",,,,1,2,"Bot",,,,,,,4.256626071457494,-128.21737398347207,-3.97956343144295,2.775840397649891,26.414625060298295,-32.91113447923285,"3.34","1.55",,,,"88.4",2615,"6.5",777319,687221,518692,808975,571970,605141,624424,681624,606192,"54.01",,,,,,,,15,4,"Slider",0,0,0,0,0,0,0,0,"Infield shade","Standard",91,"0","0","75.6","8.8",,"0",,0,0,0.524,0.524,30,22,31,22,1,0,6,1,7,1,"3.06","-0.33","0.33","42.8",20.367094610132806,-29.71855710599261,27.046490940270925,38.52031761945387,47.705984960737645
"FS","2025-06-28","92.9","-2.19","5.64","Ohtani, Shohei",695506,660271,,"ball",,,,,14,"Ball","R","L","R","KC","LAD","B",,,0,2,2025,"-1.45","0.41","0.87","0.27",,,,1,2,"Bot",,,,,,,11.049688170563817,-134.62825248878866,-8.8912372928,-20.003073117005318,28.895031254929282,-25.355264304165043,"3.27","1.48",,,,"93.4",1684,"6.8",777319,687221,518692,808975,571970,605141,624424,681624,606192,"53.7",,,,,,,,15,3,"Split-Finger",0,0,0,0,0,0,0,0,"Strategic","Strategic",229,"0.002","0.017",,,,"-0.017",,0,0,0.522,0.522,30,22,31,22,1,0,6,1,7,1,"2.25","1.45","-1.45","38.5",,,,,
"ST","2025-06-28","81.6","-2.4","5.66","Ohtani, Shohei",695506,660271,,"foul",,,,,5,"Foul","R","L","R","KC","LAD","S",,,0,1,2025,"1.41","0.09","0.01","2.26",,,,1,2,"Bot",,,,,,,2.7209223091350383,-118.84101658443389,-1.196235385638505,12.706553001822824,24.73117895988311,-31.333544610187055,"3.34","1.55",319,"99.4",21,"81.7",2521,"6.5",777319,687221,518692,808975,571970,605141,624424,681624,606192,"54.01",,,,,,,,15,2,"Sweeper",0,0,0,0,0,0,0,0,"Infield shade","Standard",62,"-0.003","-0.052","77.4","8.7",,"0.052","99.4",0,0,0.525,0.525,30,22,31,22,1,0,6,1,7,1,"3.35","-1.41","1.41","36.3",19.444686591292147,-29.085187479077753,25.693337413524095,39.11962505068401,46.4625108946837
"FF","2025-06-28","99.9","-2.21","5.81","Ohtani, Shohei",695506,660271,,"swinging_strike",,,,,11,"Swinging Strike","R","L","R","KC","LAD","S",,,0,0,2025,"-0.57","1.51","-1.15","3.53",,,,1,2,"Bot",,,,,,,4.2723631512150595,-145.3034818640798,-4.433012175604717,-9.120126144401922,37.29722868418466,-10.0840918904177,"3.34","1.55",,,,"100",2385,"6.6",777319,687221,518692,808975,571970,605141,624424,681624,606192,"53.91",,,,,,,,15,1,"4-Seam Fastball",0,0,0,0,0,0,0,0,"Infield shade","Standard",219,"-0.003","-0.039","73.8","7.1",,"0.039",,0,0,0.528,0.528,30,22,31,22,1,0,6,1,7,1,"0.8","0.57","-0.57","36.8",-0.9884778720543919,21.894233226089494,22.12719088895878,51.01590078322802,11.303267807774098
"FF","2025-06-28","98.8","-2.08","5.83","Ohtani, Shohei",521692,660271,"field_out","hit_into_play",,,,,1,"Salvador Perez lines out to center fielder Andy Pages.","R","R","R","KC","LAD","X",8,"line_drive",0,2,2025,"-0.65","1.38","-0.45","3.69",,,,0,2,"Bot",113.14,89.55,,,,,6.000742209612135,-143.8235868904366,-3.6313898217359846,-10.360272236533152,33.91307800575098,-12.425949917804942,"3.66","1.69",276,"83.1",23,"99.5",2487,"6.7",777319,687221,518692,808975,571970,605141,624424,681624,606192,"53.79",0.415,0.396,"0",1,0,0,3,14,3,"4-Seam Fastball",0,0,0,0,0,0,0,0,"Standard","Standard",213,"-0.015","-0.165","66.0","6.5",0.525,"0.165","88.0",0,0,0.543,0.543,30,35,31,35,1,0,6,1,7,1,"0.96","0.65","0.65","38.6",9.656937537317884,5.520212021620137,21.43115431491515,29.43215467970627,22.779195610397245
"ST","2025-06-28","84.9","-2.4","5.73","Ohtani, Shohei",521692,660271,,"foul",,,,,9,"Foul","R","R","R","KC","LAD","S",,,0,1,2025,"1","0.31","0.56","2.09",,,,0,2,"Bot",,,,,,,4.947085644890353,-123.7040277319416,-2.8600452895553437,9.416314775173072,23.34586019984706,-28.672117904841986,"3.66","1.69",116,"77",78,"85.5",2611,"6.5",777319,687221,518692,808975,571970,605141,624424,681624,606192,"53.98",,,,,,,,14,2,"Sweeper",0,0,0,0,0,0,0,0,"Standard","Standard",64,"-0.005","-0.055","67.9","8.7",,"0.055","88.0",0,0,0.548,0.548,30,35,31,35,1,0,6,1,7,1,"2.83","-1","-1","35.5",20.629781134259716,-18.067065624084385,34.452292494036236,40.552729750428526,42.75591188877373
"ST","2025-06-28","82","-2.17","5.81","Ohtani, Shohei",521692,660271,,"called_strike",,,,,6,"Called Strike","R","R","R","KC","LAD","S",,,0,0,2025,"0.84","0.38","0.76","2.72",,,,0,2,"Bot",,,,,,,5.017939708116769,-119.32776551425212,-1.1013659185136722,6.918638718654912,25.21605301465609,-28.561005309710456,"3.39","1.47",,,,"82.1",2563,"6.6",777319,687221,518692,808975,571970,605141,624424,681624,606192,"53.95",,,,,,,,14,1,"Sweeper",0,0,0,0,0,0,0,0,"Standard","Standard",64,"-0.003","-0.039",,,,"0.039",,0,0,0.551,0.551,30,35,31,35,1,0,6,1,7,1,"3.04","-0.84","-0.84","36.4",,,,,
"FF","2025-06-28","101.7","-1.83","5.67","Ohtani, Shohei",686469,660271,"grounded_into_double_play","hit_into_play",,,,,6,"Vinnie Pasquantino grounds into a double play, second baseman Hyeseong Kim to shortstop Mookie Betts to first baseman Freddie Freeman. Maikel Garcia out at 2nd. Vinnie Pasquantino out at 1st.","R","L","R","KC","LAD","X",4,"ground_ball",0,2,2025,"-0.49","1.42","0.4","2.64",,677951,672580,1,1,"Bot",150.3,160.3,,,,,7.468738209859173,-147.81166969304329,-6.656163711863922,-8.897517343222999,34.63868717721964,-9.886729231343615,"3.59","1.68",62,"80.3",2,"102.3",2575,"6.6",777319,687221,518692,808975,571970,605141,624424,681624,606192,"53.86",0.218,0.175,"0",1,0,0,2,9,3,"4-Seam Fastball",0,0,0,0,0,0,0,0,"Standard","Standard",216,"-0.072","-0.228","71.9","6.4",0.262,"0.228","88.0",0,0,0.572,0.572,30,27,31,28,1,0,6,1,7,1,"0.78","0.49","-0.49","36.6",-1.4632189440220906,3.39544006475385,30.570090785276108,34.416796651554606,25.128139564435706
"FF","2025-06-28","100.2","-1.66","5.71","Ohtani, Shohei",686469,660271,,"called_strike",,,,,6,"Called Strike","R","L","R","KC","LAD","S",,,0,1,2025,"-0.69","1.42","0.7","2.52",,677951,672580,1,1,"Bot",,,,,,,8.205345181131587,-145.5911190939461,-6.816303925258284,-11.802575711645192,34.652976582499534,-10.579089079287758,"3.74","1.68",,,,"100.7",2512,"6.7",777319,687221,518692,808975,571970,605141,624424,681624,606192,"53.81",,,,,,,,9,2,"4-Seam Fastball",0,0,0,0,0,0,0,0,"Standard","Standard",208,"-0.008","-0.053",,,,"0.053",,0,0,0.58,0.58,30,27,31,28,1,0,6,1,7,1,"0.86","0.69","-0.69","36.3",,,,,
"FF","2025-06-28","99.2","-1.71","5.69","Ohtani, Shohei",686469,660271,,"called_strike",,,,,9,"Called Strike","R","L","R","KC","LAD","S",,,0,0,2025,"-0.54","1.39","0.47","1.91",,677951,672580,1,1,"Bot",,,,,,,7.265149869230094,-144.16594962777,-8.21661487352762,-9.173353030841037,33.138124645326336,-11.087600026354403,"3.77","1.71",,,,"99.9",2505,"6.7",777319,687221,518692,808975,571970,605141,624424,681624,606192,"53.8",,,,,,,,9,1,"4-Seam Fastball",0,0,0,0,0,0,0,0,"Standard","Standard",206,"-0.007","-0.033",,,,"0.033",,0,0,0.587,0.587,30,27,31,28,1,0,6,1,7,1,"0.93","0.54","-0.54","37.3",,,,,
"FC","2025-06-28","91","-1.85","5.71","Ohtani, Shohei",672580,660271,"walk","ball",,,,,14,"Maikel Garcia walks. Bobby Witt Jr. to 2nd.","R","R","R","KC","LAD","B",,,3,1,2025,"0.16","0.81","1.21","1.44",,,677951,1,1,"Bot",,,,,,,7.399572587725356,-132.4824685657958,-6.72141997252664,0.5907719904202927,22.630178906998644,-21.46956759935434,"3.57","1.59",,,,"92.4",2399,"6.7",777319,687221,518692,808975,571970,605141,624424,681624,606192,"53.84",,0.691497,"0.7",1,0,0,,8,5,"Cutter",0,0,0,0,0,0,0,0,"Standard","Standard",209,"0.022","0.18",,,,"-0.18",,0,0,0.565,0.565,30,25,31,25,1,0,6,1,7,1,"1.9","-0.16","-0.16","36.1",,,,,
"FF","2025-06-28","97","-1.62","5.73","Ohtani, Shohei",672580,660271,,"ball",,,,,14,"Ball","R","R","R","KC","LAD","B",,,2,1,2025,"-0.56","1.31","1.6","1.08",,,677951,1,1,"Bot",,,,,,,9.944002598127353,-140.7183884496247,-9.973206330744947,-9.466310616030924,28.258630973023298,-12.734049767387235,"3.55","1.61",,,,"98.1",2456,"6.8",777319,687221,518692,808975,571970,605141,624424,681624,606192,"53.71",,,,,,,,8,4,"4-Seam Fastball",0,0,0,0,0,0,0,0,"Standard","Standard",211,"0.01","0.109",,,,"-0.109",,0,0,0.555,0.555,30,25,31,25,1,0,6,1,7,1,"1.11","0.56","0.56","39.0",,,,,
"ST","2025-06-28","84.9","-1.91","5.7","Ohtani, Shohei",672580,660271,,"blocked_ball",,,,,14,"Ball In Dirt","R","R","R","KC","LAD","B",,,1,1,2025,"1.17","0.25","1.85","0.54",,,677951,1,1,"Bot",,,,,,,6.479612984048025,-123.37005788956283,-6.208602785985787,10.571489612851238,26.050876618861317,-28.524658567290317,"3.58","1.6",,,,"85.1",2579,"6.6",777319,687221,518692,808975,571970,605141,624424,681624,606192,"53.88",,,,,,,,8,3,"Sweeper",0,0,0,0,0,0,0,0,"Standard","Standard",53,"0.005","0.063",,,,"-0.063",,0,0,0.55,0.55,30,25,31,25,1,0,6,1,7,1,"2.94","-1.17","-1.17","34.7",,,,,
"ST","2025-06-28","84.7","-2","5.72","Ohtani, Shohei",672580,660271,,"ball",,,,,14,"Ball","R","R","R","KC","LAD","B",,,0,1,2025,"1.04","0.26","1.75","0.9",,,677951,1,1,"Bot",,,,,,,6.736225801569221,-123.21158454307115,-5.476906929060342,9.300296932637185,23.683526946501814,-28.61994057926362,"3.6","1.63",,,,"85.2",2540,"6.6",777319,687221,518692,808975,571970,605141,624424,681624,606192,"53.94",,,,,,,,8,2,"Sweeper",0,0,0,0,0,0,0,0,"Standard","Standard",64,"0.003","0.019",,,,"-0.019",,0,0,0.547,0.547,30,25,31,25,1,0,6,1,7,1,"2.91","-1.04","-1.04","33.9",,,,,
"SI","2025-06-28","94.4","-1.74","5.82","Ohtani, Shohei",672580,660271,,"called_strike",,,,,7,"Called Strike","R","R","R","KC","LAD","S",,,0,0,2025,"-1.28","0.8","-0.32","1.78",,,677951,1,1,"Bot",,,,,,,6.59761703616191,-137.25953980686546,-6.666190024919688,-17.62093950537879,29.27050786296998,-20.728042765628203,"3.57","1.62",,,,"95.1",1967,"6.7",777319,687221,518692,808975,571970,605141,624424,681624,606192,"53.82",,,,,,,,8,1,"Sinker",0,0,0,0,0,0,0,0,"Standard","Standard",225,"-0.004","-0.04",,,,"0.04",,0,0,0.551,0.551,30,25,31,25,1,0,6,1,7,1,"1.75","1.28","1.28","38.0",,,,,
"ST","2025-06-28","82.9","-2.49","5.66","Ohtani, Shohei",677951,660271,"single","hit_into_play",,,,,9,"Bobby Witt Jr. singles on a line drive to left fielder Michael Conforto.","R","R","R","KC","LAD","X",7,"line_drive",0,0,2025,"1.5","0.04","0.48","1.68",,,,1,1,"Bot",99.73,83.65,,,,,3.8606008526338513,-120.68791142726303,-2.684725643059128,13.87933325622955,24.23438599364329,-31.474004833679334,"3.54","1.65",294,"86.6",23,"83.3",2616,"6.6",777319,687221,518692,808975,571970,605141,624424,681624,606192,"53.92",0.271,0.299,"0.9",1,1,0,3,7,1,"Sweeper",0,0,0,0,0,0,0,0,"Standard","Standard",59,"0.025","0.414","77.4","7.5",0.415,"-0.414","88.0",0,0,0.526,0.526,30,25,31,25,1,0,6,1,7,1,"3.28","-1.5","-1.5","35.4",10.7489588409969,-10.164169388972345,30.104458591714387,36.5725181309118,36.750490795314974
"FF","2025-06-28","98.2","-2.37","5.79","Ohtani, Shohei",663697,660271,"field_out","hit_into_play",,,,,6,"Jonathan India flies out to second baseman Hyeseong Kim.","R","R","R","KC","LAD","X",4,"fly_ball",2,2,2025,"-0.22","1.41","0.49","2.17",,,,0,1,"Bot",130.22,109.75,,,,,8.328015564921204,-142.6042641890818,-7.635290867115503,-4.956715000119771,32.682382055871265,-11.30399965529105,"3.41","1.56",225,"82.4",54,"98.7",2519,"6.7",777319,687221,518692,808975,571970,605141,624424,681624,606192,"53.82",0.033,0.03,"0",1,0,0,3,6,5,"4-Seam Fastball",0,0,0,0,0,0,0,0,"Standard","Standard",212,"-0.02","-0.232","78.0","7.8",0.033,"0.232","88.0",0,0,0.546,0.546,30,28,31,29,1,0,6,1,7,1,"0.96","0.22","0.22","38.6",14.096282503365272,-12.161630152991155,28.83146712877146,40.37672001414609,37.18369666182478
"ST","2025-06-28","84.8","-2.48","5.64","Ohtani, Shohei",663697,660271,,"ball",,,,,14,"Ball","R","R","R","KC","LAD","B",,,1,2,2025,"1.04","0.08","1.28","1.36",,,,0,1,"Bot",,,,,,,6.739445938740247,-123.35329798216348,-3.8520490274581896,9.33705279602053,24.078331594032765,-30.789553947945908,"3.39","1.52",,,,"85.3",2586,"6.6",777319,687221,518692,808975,571970,605141,624424,681624,606192,"53.89",,,,,,,,6,4,"Sweeper",0,0,0,0,0,0,0,0,"Standard","Standard",64,"0.004","0.043",,,,"-0.043",,0,0,0.542,0.542,30,28,31,29,1,0,6,1,7,1,"3.09","-1.04","-1.04","34.5",,,,,
"FF","2025-06-28","100.1","-2.22","5.89","Ohtani, Shohei",663697,660271,,"ball",,,,,11,"Ball","R","R","R","KC","LAD","B",,,0,2,2025,"-0.41","1.38","-0.04","3.85",,,,0,1,"Bot",,,,,,,7.023229104481448,-145.6285847452841,-3.532091992573814,-7.464783565137256,33.63326458822422,-11.939684670307347,"3.4","1.56",,,,"100.7",2591,"6.6",777319,687221,518692,808975,571970,605141,624424,681624,606192,"53.92",,,,,,,,6,3,"4-Seam Fastball",0,0,0,0,0,0,0,0,"Standard","Standard",216,"0.002","0.024",,,,"-0.024",,0,0,0.54,0.54,30,28,31,29,1,0,6,1,7,1,"0.9","0.41","0.41","39.5",,,,,
"FF","2025-06-28","97.9","-2.3","5.83","Ohtani, Shohei",663697,660271,,"foul",,,,,2,"Foul","R","R","R","KC","LAD","S",,,0,1,2025,"-0.44","1.23","-0.13","3.24",,,,0,1,"Bot",,,,,,,6.907891396801993,-142.43670850178523,-4.4250340211544,-7.427985149221985,30.198734099195473,-14.549041075148196,"3.41","1.56",146,"83.2",10,"98.7",2370,"6.6",777319,687221,518692,808975,571970,605141,624424,681624,606192,"53.9",,,,,,,,6,2,"4-Seam Fastball",0,0,0,0,0,0,0,0,"Infield shade","Standard",215,"-0.005","-0.055","68.5","5.7",,"0.055","88.0",0,0,0.545,0.545,30,28,31,29,1,0,6,1,7,1,"1.13","0.44","0.44","37.7",-7.968029688336267,21.060779981887062,27.61479420260561,34.590253213200285,16.19048180987385
"FF","2025-06-28","95.1","-2.19","5.86","Ohtani, Shohei",663697,660271,,"called_strike",,,,,3,"Called Strike","R","R","R","KC","LAD","S",,,0,0,2025,"-0.19","1.25","0.43","2.69",,,,0,1,"Bot",,,,,,,7.342709172448679,-138.19710610150966,-5.4618702385928515,-4.097445338930146,31.324306707005466,-15.163060878201996,"3.22","1.47",,,,"95.5",2357,"6.6",777319,687221,518692,808975,571970,605141,624424,681624,606192,"53.87",,,,,,,,6,1,"4-Seam Fastball",0,0,0,0,0,0,0,0,"Standard","Standard",209,"-0.003","-0.039",,,,"0.039",,0,0,0.548,0.548,30,28,31,29,1,0,6,1,7,1,"1.28","0.19","0.19","39.8",,,,,
"SL","2025-06-22","88.3","-1.65","5.92","Ohtani, Shohei",663993,660271,"strikeout","swinging_strike",,,,,13,"Nathaniel Lowe strikes out swinging.","R","L","R","LAD","WSH","S",2,,2,2,2025,"0.15","0.15","-0.86","1.33",,695578,,2,1,"Top",,,,,,,1.6135266539918889,-128.64361683065647,-5.522636484321434,1.4528704314846947,22.676034585839396,-29.67039892610562,"3.41","1.5",,,,"89.3",2483,"6.5",777398,687221,518692,669242,571970,605141,624424,808975,681624,"54.01",,0,"0",1,0,0,,4,7,"Slider",0,0,0,0,0,0,0,0,"Standard","Standard",101,"0.029","-0.22","73.0","8.5",,"0.22",,0,0,0.519,0.481,30,29,31,30,1,0,6,1,6,1,"2.73","-0.15","0.15","42.2",20.100360798948532,-16.98243141350225,29.77374400647804,47.98578917083644,41.65406895185369
"FS","2025-06-22","91","-1.75","5.47","Ohtani, Shohei",663993,660271,,"ball",,,,,14,"Ball","R","L","R","LAD","WSH","B",,,1,2,2025,"-0.99","0.09","1.5","-0.69",,,695578,2,1,"Top",,,,,,,10.390279002637362,-131.91363248840514,-9.840291234305754,-13.721726645087132,26.680191549076515,-29.224349468777035,"3.38","1.44",,,,"92.1",1544,"7.1",777398,687221,518692,669242,571970,605141,624424,808975,681624,"53.45",,,,,,,,4,6,"Split-Finger",0,0,0,0,0,0,0,0,"Strategic","Standard",243,"-0.013","0.033",,,,"-0.033",,0,0,0.532,0.46799999999999997,30,29,31,30,1,0,6,1,6,1,"2.68","0.99","-0.99","35.8",,,,,
"FF","2025-06-22","98.1","-2","5.53","Ohtani, Shohei",663993,660271,,"foul",,,,,2,"Foul","R","L","R","LAD","WSH","S",,,1,2,2025,"-0.51","1.05","-0.06","2.99",,,695578,2,1,"Top",,,,,,,6.470311815823476,-142.85872493356607,-3.899238370157024,-8.371449710675058,31.005511292882396,-17.134622117395214,"3.41","1.5",290,"96.7",20,"99.1",2347,"6.7",777398,687221,518692,669242,571970,605141,624424,808975,681624,"53.83",,,,,,,,4,5,"4-Seam Fastball",0,0,0,0,0,0,0,0,"Strategic","Standard",222,"0","0","64.7","5.9",,"0","96.7",0,0,0.532,0.46799999999999997,30,29,31,30,1,0,6,1,6,1,"1.31","0.51","-0.51","35.4",-16.728360623782542,40.314118909914704,30.943245529267692,38.17583029287697,10.96744873162966
"ST","2025-06-22","83.9","-2.03","5.6","Ohtani, Shohei",663993,660271,,"foul",,,,,5,"Foul","R","L","R","LAD","WSH","S",,,1,2,2025,"0.81","0.54","0.26","2.15",,,695578,2,1,"Top",,,,,,,3.7236186134288225,-122.14260022216116,-2.594128667265031,7.183461689695656,26.682327140814035,-26.526219412382616,"3.41","1.5",293,"89.8",46,"83.8",2492,"6.5",777398,687221,518692,669242,571970,605141,624424,808975,681624,"54.03",,,,,,,,4,4,"Sweeper",0,0,0,0,0,0,0,0,"Strategic","Standard",66,"0","0","73.3","8.4",,"0","89.8",0,0,0.532,0.46799999999999997,30,29,31,30,1,0,6,1,6,1,"2.73","-0.81","0.81","34.9",23.228727175865927,-25.641776095787943,33.957526517131214,36.406853658153764,51.34818179444546
"FF","2025-06-22","98.8","-1.98","5.57","Ohtani, Shohei",663993,660271,,"ball",,,,,11,"Ball","R","L","R","LAD","WSH","B",,,0,2,2025,"-0.48","1.25","-1.53","4",,,695578,2,1,"Top",,,,,,,2.3701622835967706,-143.89574618859814,-1.7806759649108277,-7.179094809193172,33.337951353156036,-14.613005694333111,"3.39","1.41",,,,"99.4",2378,"6.6",777398,687221,518692,669242,571970,605141,624424,808975,681624,"53.94",,,,,,,,4,3,"4-Seam Fastball",0,0,0,0,0,0,0,0,"Strategic","Standard",210,"-0.002","0.009",,,,"-0.009",,0,0,0.534,0.46599999999999997,30,29,31,30,1,0,6,1,6,1,"1.08","0.48","-0.48","34.5",,,,,
"FF","2025-06-22","98.1","-1.72","5.64","Ohtani, Shohei",663993,660271,,"foul",,,,,2,"Foul","R","L","R","LAD","WSH","S",,,0,1,2025,"-0.68","1.38","-0.02","2.86",,,695578,2,1,"Top",,,,,,,6.203733528896954,-142.6854336168598,-5.25830739995138,-10.719177684570944,32.37493978257873,-12.269881518064086,"3.41","1.5",243,"79.5",46,"98.7",2329,"6.6",777398,687221,518692,669242,571970,605141,624424,808975,681624,"53.86",,,,,,,,4,2,"4-Seam Fastball",0,0,0,0,0,0,0,0,"Strategic","Standard",220,"0.005","-0.055","68.9","6.6",,"0.055","88.0",0,0,0.529,0.471,30,29,31,30,1,0,6,1,6,1,"0.99","0.68","-0.68","38.0",-5.047309392371802,19.849755376073148,31.434191512012543,39.39507097572276,20.218850099491522
"FF","2025-06-22","97.3","-2.01","5.61","Ohtani, Shohei",663993,660271,,"called_strike",,,,,4,"Called Strike","R","L","R","LAD","WSH","S",,,0,0,2025,"-0.39","1.15","-0.35","2.34",,,695578,2,1,"Top",,,,,,,5.398041825111906,-141.61838632143804,-5.94271891530925,-6.466933303646515,30.77470051626566,-15.576268799392777,"3.27","1.42",,,,"98.3",2407,"6.7",777398,687221,518692,669242,571970,605141,624424,808975,681624,"53.76",,,,,,,,4,1,"4-Seam Fastball",0,0,0,0,0,0,0,0,"Strategic","Standard",219,"0.003","-0.042",,,,"0.042",,0,0,0.526,0.474,30,29,31,30,1,0,6,1,6,1,"1.25","0.39","-0.39","35.0",,,,,
"ST","2025-06-22","85.9","-1.87","5.58","Ohtani, Shohei",671277,660271,"strikeout","swinging_strike_blocked",,,,,14,"Luis García Jr. strikes out swinging.","R","L","R","LAD","WSH","S",2,,2,2,2025,"0.76","0.32","1.41","0.79",,,695578,1,1,"Top",,,,,,,6.2466085933532565,-124.86666227233819,-5.738485637135189,6.629956773490443,26.260532663579394,-27.819168752056676,"3.46","1.65",,,,"86.2",2510,"6.6",777398,687221,518692,669242,571970,605141,624424,808975,681624,"53.87",,0,"0",1,0,0,,3,5,"Sweeper",0,0,0,0,0,0,0,0,"Strategic","Standard",60,"0.025","-0.222","28.4","7.1",,"0.222",,0,0,0.501,0.499,30,25,31,25,1,0,6,1,6,1,"2.79","-0.76","0.76","37.5",23.88318233650407,-6.459632020627499,36.38920946055006,20.767814009990445,39.909655559093174
"FC","2025-06-22","93","-2.04","5.53","Ohtani, Shohei",671277,660271,,"foul",,,,,5,"Foul","R","L","R","LAD","WSH","S",,,2,1,2025,"0.1","0.87","0.03","2.25",,,695578,1,1,"Top",,,,,,,5.122090301693929,-135.37826415676247,-4.618080343303617,0.24251372929345355,26.847416639657098,-20.61071944252281,"3.46","1.65",161,"79.4",66,"93.9",2516,"6.6",777398,687221,518692,669242,571970,605141,624424,808975,681624,"53.88",,,,,,,,3,4,"Cutter",0,0,0,0,0,0,0,0,"Strategic","Standard",223,"0.007","-0.075","71.4","7.2",,"0.075","88.0",0,0,0.494,0.506,30,25,31,25,1,0,6,1,6,1,"1.74","-0.1","0.1","31.9",2.5684940396554445,0.5119778939091129,34.09972167073153,35.192123271538,31.588063018628013
"FF","2025-06-22","98","-2.08","5.61","Ohtani, Shohei",671277,660271,,"ball",,,,,11,"Ball","R","L","R","LAD","WSH","B",,,1,1,2025,"-0.24","1.14","-1.43","3.61",,,695578,1,1,"Top",,,,,,,2.3383823404420885,-142.76465353081764,-2.5454976552894415,-3.8515783120476432,33.98054977138983,-16.21161386762326,"3.43","1.58",,,,"98.4",2419,"6.5",777398,687221,518692,669242,571970,605141,624424,808975,681624,"53.99",,,,,,,,3,3,"4-Seam Fastball",0,0,0,0,0,0,0,0,"Standard","Standard",218,"-0.005","0.063",,,,"-0.063",,0,0,0.499,0.501,30,25,31,25,1,0,6,1,6,1,"1.23","0.24","-0.24","35.5",,,,,
"FC","2025-06-22","94.3","-1.99","5.57","Ohtani, Shohei",671277,660271,,"ball",,,,,14,"Ball","R","L","R","LAD","WSH","B",,,0,1,2025,"0.05","0.79","1.43","0.81",,,695578,1,1,"Top",,,,,,,8.829295517985827,-137.07614707386185,-8.582771217009874,-1.0156291568159341,25.937110810441006,-20.6118578551396,"3.47","1.63",,,,"95.5",2521,"6.7",777398,687221,518692,669242,571970,605141,624424,808975,681624,"53.77",,,,,,,,3,2,"Cutter",0,0,0,0,0,0,0,0,"Standard","Standard",203,"-0.003","0.019",,,,"-0.019",,0,0,0.502,0.498,30,25,31,25,1,0,6,1,6,1,"1.75","-0.05","0.05","36.2",,,,,
"ST","2025-06-22","82.7","-2.02","5.69","Ohtani, Shohei",671277,660271,,"foul",,,,,5,"Foul","R","L","R","LAD","WSH","S",,,0,0,2025,"0.88","0.49","-0.16","2.29",,,695578,1,1,"Top",,,,,,,2.53603963853934,-120.48054022377755,-2.2521274026197853,8.113150118442963,22.80317892755901,-27.15656244217217,"3.46","1.65",,,,"83.1",2432,"6.4",777398,687221,518692,669242,571970,605141,624424,808975,681624,"54.1",,,,,,,,3,1,"Sweeper",0,0,0,0,0,0,0,0,"Standard","Standard",64,"0.004","-0.04","65.3","8.5",,"0.04",,0,0,0.498,0.502,30,25,31,25,1,0,6,1,6,1,"2.83","-0.88","0.88","34.1",23.350603146414603,-33.19071710453212,28.661264657673033,40.01537008324815,52.24243307594271
"ST","2025-06-22","82","-2.33","5.66","Ohtani, Shohei",695578,660271,"field_error","hit_into_play",,,,,14,"James Wood reaches on a fielding error by shortstop Mookie Betts.","R","L","R","LAD","WSH","X",6,"popup",2,2,2025,"1.16","0.2","0.95","2.71",,,,1,1,"Top",128.76,168.69,,,,,5.17101123779001,-119.37636522907904,-0.4843394462433471,10.067173158862769,23.833469833827206,-30.35662252628181,"3.9","1.8",76,"98.1",74,"82.1",2531,"6.4",777398,687221,518692,669242,571970,605141,624424,808975,681624,"54.08",0.005,0.006,"0.9",1,0,0,3,2,5,"Sweeper",0,0,0,0,0,0,0,0,"Infield shade","Standard",68,"-0.026","0.489","81.5","8.5",0.007,"-0.489","98.1",0,0,0.524,0.476,30,22,31,23,1,0,6,1,6,1,"3.19","-1.16","1.16","39.1",33.28656369242493,-18.64923482692599,43.63796568302888,27.4415098459463,45.582261654030624
"ST","2025-06-22","85.5","-2.76","5.56","Ohtani, Shohei",695578,660271,,"ball",,,,,11,"Ball","R","L","R","LAD","WSH","B",,,1,2,2025,"1.13","0.34","-1.67","3.66",,,,1,1,"Top",,,,,,,0.3016620765502115,-124.52195198767093,1.1603418948011206,11.5833998089409,27.149790967596843,-29.11523597230523,"3.69","1.64",,,,"85.5",2564,"6.5",777398,687221,518692,669242,571970,605141,624424,808975,681624,"54.05",,,,,,,,2,4,"Sweeper",0,0,0,0,0,0,0,0,"Strategic","Standard",66,"-0.002","0.048",,,,"-0.048",,0,0,0.526,0.474,30,22,31,23,1,0,6,1,6,1,"2.79","-1.13","1.13","31.6",,,,,
"FS","2025-06-22","91.3","-2.32","5.68","Ohtani, Shohei",695578,660271,,"ball",,,,,14,"Ball","R","L","R","LAD","WSH","B",,,0,2,2025,"-1.25","0.2","1.21","0.05",,,,1,1,"Top",,,,,,,11.648044691313867,-132.34250278699713,-8.81073698499098,-16.975402359786205,24.669846238036857,-28.1606261772155,"3.72","1.66",,,,"92.3",1697,"6.8",777398,687221,518692,669242,571970,605141,624424,808975,681624,"53.71",,,,,,,,2,3,"Split-Finger",0,0,0,0,0,0,0,0,"Strategic","Standard",242,"-0.002","0.017",,,,"-0.017",,0,0,0.528,0.472,30,22,31,23,1,0,6,1,6,1,"2.52","1.25","-1.25","40.4",,,,,
"ST","2025-06-22","84.3","-2.35","5.64","Ohtani, Shohei",695578,660271,,"called_strike",,,,,5,"Called Strike","R","L","R","LAD","WSH","S",,,0,1,2025,"1.3","0.27","0.08","2.43",,,,1,1,"Top",,,,,,,3.0725973208105777,-122.91967492200968,-1.7175274284272533,12.751043509179835,21.664773074847734,-29.34409805741454,"3.76","1.74",,,,"84.9",2454,"6.3",777398,687221,518692,669242,571970,605141,624424,808975,681624,"54.18",,,,,,,,2,2,"Sweeper",0,0,0,0,0,0,0,0,"Strategic","Standard",60,"0.004","-0.052",,,,"0.052",,0,0,0.524,0.476,30,22,31,23,1,0,6,1,6,1,"2.9","-1.3","1.3","35.1",,,,,
"ST","2025-06-22","82.6","-2.37","5.71","Ohtani, Shohei",695578,660271,,"called_strike",,,,,5,"Called Strike","R","L","R","LAD","WSH","S",,,0,0,2025,"0.77","0.25","0.12","3.02",,,,1,1,"Top",,,,,,,4.197031145249278,-120.30672162799412,-0.20132919921306158,6.880259726106504,20.457423849817932,-29.85892622861544,"3.95","1.71",,,,"83.4",2405,"6.5",777398,687221,518692,669242,571970,605141,624424,808975,681624,"54.02",,,,,,,,2,1,"Sweeper",0,0,0,0,0,0,0,0,"Strategic","Standard",71,"0.002","-0.039",,,,"0.039",,0,0,0.522,0.478,30,22,31,23,1,0,6,1,6,1,"3.05","-0.77","0.77","34.6",,,,,
"FF","2025-06-22","97.2","-2.26","5.69","Ohtani, Shohei",682928,660271,"field_out","hit_into_play",,,,,2,"CJ Abrams grounds out, first baseman Freddie Freeman to pitcher Shohei Ohtani.","R","L","R","LAD","WSH","X",3,"ground_ball",0,0,2025,"-0.67","1.14","-0.04","3.06",,,,0,1,"Top",154.8,164.45,,,,,7.528925423703286,-141.38360864049528,-4.16497293524758,-10.679078396614134,31.269598191278106,-16.141273735396837,"3.45","1.55",8,"93.4",-21,"97.9",2478,"6.7",777398,687221,518692,669242,571970,605141,624424,808975,681624,"53.84",0.078,0.083,"0",1,0,0,2,1,1,"4-Seam Fastball",0,0,0,0,0,0,0,0,"Standard","Standard",213,"0.022","-0.259","71.9","7.2",0.078,"0.259","93.4",0,0,0.5,0.5,30,24,31,25,1,0,6,1,6,1,"1.27","0.67","-0.67","36.8",14.221961367449909,-3.469337575400961,18.494761533222906,37.2323246218823,37.64310000628906
"SI","2025-06-16","95.4","-1.93","5.4","Ohtani, Shohei",593428,660271,"field_out","hit_into_play",,,,,8,"Xander Bogaerts grounds out, third baseman Max Muncy to first baseman Freddie Freeman.","R","R","R","LAD","SD","X",5,"ground_ball",1,1,2025,"-1.22","0.33","-0.17","2.23",,650333,,2,1,"Top",112.64,182.01,,,,,7.442861417486009,-138.87918861891072,-3.5263807117023127,-17.47843261981066,28.98148118898029,-27.31442336913396,"3.66","1.69",2,"89.1",-55,"96.5",1874,"6.7",777490,669257,518692,669242,571970,605141,624424,681624,606192,"53.76",0.213,0.203,"0",1,0,0,2,5,3,"Sinker",0,1,1,0,1,0,1,0,"Standard","Standard",225,"0.029","-0.263","69.5","6.9",0.26,"0.263","89.1",-1,1,0.419,0.581,30,32,31,33,1,0,,1,6,1,"2.16","1.22","1.22","33.0",2.3446924676698853,9.153202147060451,29.827572380531798,33.2361319912959,21.995829254253017
"SI","2025-06-16","95.6","-2.04","5.44","Ohtani, Shohei",593428,660271,,"ball",,,,,13,"Ball","R","R","R","LAD","SD","B",,,0,1,2025,"-1.19","0.26","-0.48","1.39",,650333,,2,1,"Top",,,,,,,6.838305540872982,-139.08452151508678,-5.743586263857744,-16.891813941621002,28.699718395286048,-27.69752775457587,"3.59","1.53",,,,"96.7",1962,"6.7",777490,669257,518692,669242,571970,605141,624424,681624,606192,"53.76",,,,,,,,5,2,"Sinker",0,1,1,0,1,0,1,0,"Standard","Standard",220,"-0.003","0.015",,,,"-0.015",,-1,1,0.422,0.5780000000000001,30,32,31,33,1,0,,1,6,1,"2.21","1.19","1.19","33.9",,,,,
"ST","2025-06-16","83.9","-1.86","5.47","Ohtani, Shohei",593428,660271,,"called_strike",,,,,14,"Called Strike","R","R","R","LAD","SD","S",,,0,0,2025,"1.06","0.43","0.94","1.76",,650333,,2,1,"Top",,,,,,,4.405141447572434,-122.15376496997114,-3.0820992193624672,9.813798657842382,23.081692062116332,-27.429978417194434,"3.4","1.49",,,,"84.6",2340,"6.6",777490,669257,518692,669242,571970,605141,624424,681624,606192,"53.89",,,,,,,,5,1,"Sweeper",0,1,1,0,1,0,1,0,"Standard","Standard",65,"0.004","-0.04",,,,"0.04",,-1,1,0.418,0.5820000000000001,30,32,31,33,1,0,,1,6,1,"2.79","-1.06","-1.06","32.8",,,,,
"FF","2025-06-16","98.9","-1.84","5.53","Ohtani, Shohei",657757,660271,"field_out","hit_into_play",,,,,14,"Gavin Sheets grounds out, second baseman Tommy Edman to first baseman Freddie Freeman. Luis Arraez to 2nd.","R","L","R","LAD","SD","X",4,"ground_ball",3,2,2025,"-0.46","1.35","0.91","1.92",,,650333,1,1,"Top",142.86,177.13,,,,,8.663972260163394,-143.74824431219943,-7.637506240929051,-8.300449428186036,31.931517283914427,-11.792107074369282,"3.45","1.65",12,"77.2",-8,"100",2358,"6.9",777490,669257,518692,669242,571970,605141,624424,681624,606192,"53.64",0.051,0.048,"0",1,0,0,2,4,7,"4-Seam Fastball",0,1,1,0,1,0,1,0,"Infield shade","Standard",221,"0.021","-0.383","70.8","7.1",0.051,"0.383","88.0",-1,1,0.397,0.603,30,29,31,29,1,0,,1,6,1,"0.97","0.46","-0.46","35.3",-1.1485737980111974,-6.379633099009256,41.23554745001785,27.136756658918166,25.184878281122323
"ST","2025-06-16","87","-1.99","5.47","Ohtani, Shohei",657757,660271,,"blocked_ball",,,,,14,"Ball In Dirt","R","L","R","LAD","SD","B",,,2,2,2025,"0.89","0.37","1.08","0.79",,,650333,1,1,"Top",,,,,,,5.579097135522188,-126.67263389282283,-5.886503772318635,8.551522919307473,24.24972983876551,-27.27038016355,"3.42","1.53",,,,"87.8",2446,"6.6",777490,669257,518692,669242,571970,605141,624424,681624,606192,"53.89",,,,,,,,4,6,"Sweeper",0,1,1,0,1,0,1,0,"Infield shade","Standard",62,"-0.008","0.098",,,,"-0.098",,-1,1,0.405,0.595,30,29,31,29,1,0,,1,6,1,"2.63","-0.89","0.89","34.7",,,,,
"FF","2025-06-16","99.1","-1.75","5.52","Ohtani, Shohei",657757,660271,,"ball",,,,,14,"Ball","R","L","R","LAD","SD","B",,,1,2,2025,"-0.53","1.21","1.12","1.89",,,650333,1,1,"Top",,,,,,,9.18408899229769,-143.9356531600571,-7.375992593693445,-9.505388522032705,32.24937019610979,-13.83733724811113,"3.37","1.49",,,,"100.2",2371,"6.9",777490,669257,518692,669242,571970,605141,624424,681624,606192,"53.6",,,,,,,,4,5,"4-Seam Fastball",0,1,1,0,1,0,1,0,"Infield shade","Standard",222,"-0.003","0.044",,,,"-0.044",,-1,1,0.408,0.5920000000000001,30,29,31,29,1,0,,1,6,1,"1.12","0.53","-0.53","35.9",,,,,
"FS","2025-06-16","91.3","-1.78","5.53","Ohtani, Shohei",657757,660271,,"blocked_ball",,,,,13,"Ball In Dirt","R","L","R","LAD","SD","B",,,0,2,2025,"-1.05","0.04","-0.02","0.61",,,650333,1,1,"Top",,,,,,,6.755488035779916,-132.72180250513668,-6.603705745468496,-13.870400962600995,29.827027878096477,-30.39570846553966,"3.4","1.55",,,,"91.9",1357,"6.8",777490,669257,518692,669242,571970,605141,624424,681624,606192,"53.69",,,,,,,,4,4,"Split-Finger",0,1,1,0,1,0,1,0,"Infield shade","Standard",239,"-0.003","0.01",,,,"-0.01",,-1,1,0.411,0.589,30,29,31,29,1,0,,1,6,1,"2.71","1.05","-1.05","34.6",,,,,
"ST","2025-06-16","86.4","-1.95","5.49","Ohtani, Shohei",657757,660271,,"foul",,,,,5,"Foul","R","L","R","LAD","SD","S",,,0,2,2025,"1.09","0.25","-0.19","2.51",,,650333,1,1,"Top",,,,,,,1.9993302265794823,-125.96129963880217,-1.4641380331517515,11.317173339689495,22.98389923795606,-29.37401017618394,"3.45","1.65",147,"71.2",19,"87.5",2394,"6.6",777490,669257,518692,669242,571970,605141,624424,681624,606192,"53.88",,,,,,,,4,3,"Sweeper",0,1,1,0,1,0,1,0,"Infield shade","Standard",61,"0","0","73.6","7.8",,"0","88.0",-1,1,0.411,0.589,30,29,31,29,1,0,,1,6,1,"2.76","-1.09","1.09","32.9",8.166580003556637,-4.843564885502081,30.192622898299962,39.937368394478284,31.417850839845453
"SI","2025-06-16","98.8","-1.91","5.38","Ohtani, Shohei",657757,660271,,"called_strike",,,,,14,"Called Strike","R","L","R","LAD","SD","S",,,0,1,2025,"-1.16","0.71","0.88","1.73",,,650333,1,1,"Top",,,,,,,10.382796735145707,-143.5298846126054,-6.242949407485643,-18.300221082348145,28.989042483816377,-21.154496931156714,"3.42","1.59",,,,"100.1",1871,"6.8",777490,669257,518692,669242,571970,605141,624424,681624,606192,"53.67",,,,,,,,4,2,"Sinker",0,1,1,0,1,0,1,0,"Strategic","Standard",224,"0.005","-0.047",,,,"0.047",,-1,1,0.406,0.594,30,29,31,29,1,0,,1,6,1,"1.61","1.16","-1.16","31.0",,,,,
"ST","2025-06-16","84.2","-1.93","5.51","Ohtani, Shohei",657757,660271,,"swinging_strike",,,,,14,"Swinging Strike","R","L","R","LAD","SD","S",,,0,0,2025,"1.09","0.22","0.65","1.11",,,650333,1,1,"Top",,,,,,,3.8358261255652906,-122.62547677948723,-4.352141566549339,10.39294057457962,22.41396818812111,-29.309290723834255,"3.45","1.65",,,,"85",2401,"6.6",777490,669257,518692,669242,571970,605141,624424,681624,606192,"53.92",,,,,,,,4,1,"Sweeper",0,1,1,0,1,0,1,0,"Standard","Standard",60,"0.004","-0.04","72.1","9.2",,"0.04",,-1,1,0.402,0.598,30,29,31,29,1,0,,1,6,1,"2.97","-1.09","1.09","33.4",23.948543123777863,-50.03566606642982,30.387647659176302,33.065670771541626,59.824389859487425
"ST","2025-06-16","88.3","-1.99","5.42","Ohtani, Shohei",592518,660271,"sac_fly","hit_into_play",,,,,14,"Manny Machado out on a sacrifice fly to center fielder Andy Pages. Fernando Tatis Jr. scores.","R","R","R","LAD","SD","X",8,"line_drive",3,2,2025,"1.05","0.56","1.43","1.86",665487,,650333,0,1,"Top",138.8,82.37,,,,,6.1591916314922415,-128.66599469786198,-3.8700757046783023,10.695434153116512,23.175393896803545,-25.327987944091806,"3.72","1.71",292,"84.8",20,"89.3",2488,"6.6",777490,669257,518692,669242,571970,605141,624424,681624,606192,"53.94",0.658,0.635,"0",1,0,0,4,3,6,"Sweeper",0,0,0,0,1,0,1,0,"Standard","Standard",67,"0.025","-0.252","60.5","8.1",0.798,"0.252","88.0",0,0,0.377,0.623,30,32,31,33,1,0,,1,6,1,"2.32","-1.05","-1.05","29.6",7.610910026587508,4.226953270092099,26.088464635437447,52.663542706728336,24.693812760447322
"FF","2025-06-16","99.9","-1.81","5.61","Ohtani, Shohei",592518,660271,,"ball",,,,,14,"Ball","R","R","R","LAD","SD","B",,,2,2,2025,"-0.24","0.98","1.22","2.68",665487,,650333,0,1,"Top",,,,,,,8.949885571604762,-145.28105488836817,-5.094802453236778,-5.202539174898046,29.530764606763956,-17.234162627619558,"3.67","1.78",,,,"101",2304,"6.6",777490,669257,518692,669242,571970,605141,624424,681624,606192,"53.88",,,,,,,,3,5,"4-Seam Fastball",0,0,0,0,0,0,0,0,"Standard","Standard",212,"-0.011","0.045",,,,"-0.045",,0,0,0.388,0.612,30,32,31,33,1,0,,1,6,1,"1.28","0.24","0.24","35.6",,,,,
"ST","2025-06-16","88.4","-1.99","5.48","Ohtani, Shohei",592518,660271,,"ball",,,,,14,"Ball","R","R","R","LAD","SD","B",,,1,2,2025,"1.01","0.48","1.89","2.5",665487,,650333,0,1,"Top",,,,,,,7.373405528434815,-128.6425366192085,-2.2471032947063634,10.014915266101644,23.596828783919094,-26.533172071567247,"3.63","1.76",,,,"89.1",2547,"6.5",777490,669257,518692,669242,571970,605141,624424,681624,606192,"54.01",,,,,,,,3,4,"Sweeper",0,0,0,0,0,0,0,0,"Standard","Standard",63,"-0.008","0.038",,,,"-0.038",,0,0,0.396,0.604,30,32,31,33,1,0,,1,6,1,"2.41","-1.01","-1.01","32.4",,,,,
"ST","2025-06-16","86.5","-2.13","5.36","Ohtani, Shohei",592518,660271,,"foul",,,,,14,"Foul","R","R","R","LAD","SD","S",,,1,1,2025,"1.1","0.3","1.01","2.4",665487,,650333,0,1,"Top",,,,,,,5.300260814059575,-125.95268190101338,-1.5312111515122426,10.826407071441437,22.92203166420572,-28.898553371902885,"3.72","1.71",180,"70.9",63,"87.6",2415,"6.7",777490,669257,518692,669242,571970,605141,624424,681624,606192,"53.78",,,,,,,,3,3,"Sweeper",0,0,0,0,0,0,0,0,"Standard","Standard",65,"0.01","-0.066","67.9","8.5",,"0.066","88.0",0,0,0.386,0.614,30,32,31,33,1,0,,1,6,1,"2.72","-1.1","-1.1","32.0",6.718912782410299,-8.268051368134666,23.39156489552562,48.64338708182146,33.04096456531005
"FF","2025-06-16","99.1","-1.68","5.64","Ohtani, Shohei",592518,660271,,"ball",,,,,14,"Ball","R","R","R","LAD","SD","B",,,0,1,2025,"-0.36","1.1","0.95","2.53",665487,,650333,0,1,"Top",,,,,,,8.06190459398997,-144.12539192516266,-5.723628996314521,-6.687597944731314,29.876639718221,-15.732393558718929,"3.73","1.8",,,,"100.2",2198,"6.7",777490,669257,518692,669242,571970,605141,624424,681624,606192,"53.82",,,,,,,,3,2,"4-Seam Fastball",0,0,0,0,0,0,0,0,"Standard","Standard",205,"-0.005","0.029",,,,"-0.029",,0,0,0.391,0.609,30,32,31,33,1,0,,1,6,1,"1.21","0.36","0.36","34.2",,,,,
"ST","2025-06-16","86.5","-1.92","5.51","Ohtani, Shohei",592518,660271,,"foul",,,,,5,"Foul","R","R","R","LAD","SD","S",,,0,0,2025,"1.08","0.44","0.2","2.96",665487,,650333,0,1,"Top",,,,,,,2.856285826980372,-126.01152304975975,-0.7905071291229756,10.969650657226538,25.25986846158006,-27.561705821165482,"3.72","1.71",83,"83",85,"87.1",2297,"6.6",777490,669257,518692,669242,571970,605141,624424,681624,606192,"53.93",,,,,,,,3,1,"Sweeper",0,0,0,0,0,0,0,0,"Standard","Standard",81,"0.008","-0.054","78.3","8.3",,"0.054","88.0",0,0,0.383,0.617,30,32,31,33,1,0,,1,6,1,"2.6","-1.08","-1.08","32.3",12.131431151295782,-15.563461551840872,22.772479255826905,38.24757165960589,36.70621550508448
"SI","2025-06-16","98","-2.09","5.42","Ohtani, Shohei",650333,660271,"single","hit_into_play",,,,,9,"Luis Arraez singles on a line drive to center fielder Andy Pages. Fernando Tatis Jr. to 3rd.","R","L","R","LAD","SD","X",8,"line_drive",2,2,2025,"-1.31","0.31","0.33","1.48",,665487,,0,1,"Top",105.86,91.18,,,,,9.659446783380808,-142.35859103015252,-5.9256392331764856,-20.06968189141453,32.47382795746458,-26.794401588280593,"3.31","1.56",224,"95.6",12,"98.9",2009,"6.9",777490,669257,518692,669242,571970,605141,624424,681624,606192,"53.64",0.944,0.901,"0.9",1,1,0,4,2,6,"Sinker",0,0,0,0,0,0,0,0,"Standard","Standard",225,"-0.062","0.575","64.9","6.1",1.105,"-0.575","95.6",0,0,0.445,0.5549999999999999,30,28,31,28,1,0,,1,6,1,"2.07","1.31","-1.31","32.6",0.787949703524624,2.5225451359495126,50.39162654312551,29.195954350267876,30.376290848746486
"ST","2025-06-16","88.8","-2.17","5.55","Ohtani, Shohei",650333,660271,,"foul",,,,,4,"Foul","R","L","R","LAD","SD","S",,,2,2,2025,"0.7","0.56","-0.38","2.54",,665487,,0,1,"Top",,,,,,,2.945991491024417,-129.44258124377873,-2.5843497592693194,7.349878073587248,24.128116267937752,-25.568878864386484,"3.31","1.56",5,"68.2",-30,"89.6",2416,"6.5",777490,669257,518692,669242,571970,605141,624424,681624,606192,"54.04",,,,,,,,2,5,"Sweeper",0,0,0,0,0,0,0,0,"Standard","Standard",76,"0","0","63.9","6.6",,"0","88.0",0,0,0.445,0.5549999999999999,30,28,31,28,1,0,,1,6,1,"2.3","-0.7","0.7","31.4",25.594641057176627,-14.69057047475909,28.80782839967969,37.97375184148885,43.29467149466299
"FF","2025-06-16","100.2","-1.82","5.59","Ohtani, Shohei",650333,660271,,"ball",,,,,14,"Ball","R","L","R","LAD","SD","B",,,1,2,2025,"-0.6","1.24","1.25","1.1",,665487,,0,1,"Top",,,,,,,9.984417438217465,-145.3558146503222,-10.082084712362574,-10.748819600245625,31.39112325510325,-12.418558509090284,"3.25","1.4",,,,"101.4",2254,"6.9",777490,669257,518692,669242,571970,605141,624424,681624,606192,"53.58",,,,,,,,2,4,"4-Seam Fastball",0,0,0,0,0,0,0,0,"Standard","Standard",215,"-0.006","0.045",,,,"-0.045",,0,0,0.451,0.5489999999999999,30,28,31,28,1,0,,1,6,1,"1.03","0.6","-0.6","35.5",,,,,
"SI","2025-06-16","97.4","-1.93","5.52","Ohtani, Shohei",650333,660271,,"called_strike",,,,,9,"Called Strike","R","L","R","LAD","SD","S",,,1,1,2025,"-1.39","0.26","0.75","1.72",,665487,,0,1,"Top",,,,,,,10.511903806121019,-141.42318226630215,-5.35282175548059,-20.99402651284712,30.644663637591744,-27.68370338459349,"3.23","1.51",,,,"98.6",2073,"7",777490,669257,518692,669242,571970,605141,624424,681624,606192,"53.52",,,,,,,,2,3,"Sinker",0,0,0,0,0,0,0,0,"Standard","Standard",225,"0.008","-0.08",,,,"0.08",,0,0,0.443,0.5569999999999999,30,28,31,28,1,0,,1,6,1,"2.15","1.39","-1.39","34.1",,,,,
"FF","2025-06-16","98.6","-1.95","5.59","Ohtani, Shohei",650333,660271,,"swinging_strike",,,,,14,"Swinging Strike","R","L","R","LAD","SD","S",,,1,0,2025,"-0.45","0.99","1.5","1.44",,665487,,0,1,"Top",,,,,,,10.469840220157955,-143.18514366420476,-8.210682541888039,-8.431480001022289,30.734350337144534,-16.79963578648091,"3.31","1.56",,,,"99.3",2226,"6.7",777490,669257,518692,669242,571970,605141,624424,681624,606192,"53.84",,,,,,,,2,2,"4-Seam Fastball",0,0,0,0,0,0,0,0,"Standard","Standard",215,"0.005","-0.049","65.0","7.1",,"0.049",,0,0,0.438,0.562,30,28,31,28,1,0,,1,6,1,"1.35","0.45","-0.45","35.6",26.63370392452883,-25.33236033133227,54.325776472535765,15.466431859966134,40.56461723911513
"FF","2025-06-16","98.3","-1.92","5.53","Ohtani, Shohei",650333,660271,,"ball",,,,,14,"Ball","R","L","R","LAD","SD","B",,,0,0,2025,"-0.33","1.05","2.04","0.78",,,665487,0,1,"Top",,,,,,,11.611774729140167,-142.53496204476198,-9.971518176162917,-6.976587702872294,29.263339224949302,-15.752725884898886,"3.25","1.4",,,,"99.6",2379,"7",777490,669257,518692,669242,571970,605141,624424,681624,606192,"53.54",,,,,,,,2,1,"4-Seam Fastball",0,0,0,0,0,0,0,0,"Standard","Standard",197,"-0.026","0.04",,,,"-0.04",,0,0,0.464,0.536,30,28,31,28,1,0,,1,6,1,"1.31","0.33","-0.33","33.5",,,,,
"FF","2025-06-16","99.1","-2.42","5.54","Ohtani, Shohei",665487,660271,"single","hit_into_play",,,,,4,"Fernando Tatis Jr. singles on a fly ball to right fielder Teoscar Hernández.","R","R","R","LAD","SD","X",9,"fly_ball",3,2,2025,"-0.16","1.01","-0.41","2.59",,,,0,1,"Top",149.71,93.16,,,,,5.932016811171206,-144.2513625958007,-5.068567606862374,-3.557288693122057,30.243318759920363,-17.072670298952637,"3.85","1.84",253,"74.6",32,"100.2",2129,"6.6",777490,669257,518692,669242,571970,605141,624424,681624,606192,"53.86",0.253,0.228,"0.9",1,1,0,3,1,6,"4-Seam Fastball",0,0,0,0,0,0,0,0,"Standard","Standard",220,"-0.031","0.353","73.8","6.8",0.286,"-0.353","88.0",0,0,0.495,0.505,30,26,31,26,1,0,,1,6,1,"1.29","0.16","0.16","33.2",6.3602634247839065,5.895655022749757,33.42201632512095,30.95587095003647,23.57577348841596
"FF","2025-06-16","98.3","-2.43","5.5","Ohtani, Shohei",665487,660271,,"swinging_strike",,,,,5,"Swinging Strike","R","R","R","LAD","SD","S",,,3,1,2025,"-0.18","1.1","0.22","2.77",,,,0,1,"Top",,,,,,,7.658155026448863,-143.03318197508116,-4.555504547123408,-4.127777046808089,30.112581583087785,-16.159162452815433,"3.85","1.84",,,,"99.5",2223,"6.7",777490,669257,518692,669242,571970,605141,624424,681624,606192,"53.76",,,,,,,,1,5,"4-Seam Fastball",0,0,0,0,0,0,0,0,"Standard","Standard",219,"0.009","-0.094","77.2","7.6",,"0.094",,0,0,0.486,0.514,30,26,31,26,1,0,,1,6,1,"1.24","0.18","0.18","33.6",14.91578955916242,-0.10972513374392441,32.52220954453394,39.60726088093409,24.749657130067455
"SI","2025-06-16","98.5","-2.43","5.43","Ohtani, Shohei",665487,660271,,"ball",,,,,14,"Ball","R","R","R","LAD","SD","B",,,2,1,2025,"-1.11","0.33","1.54","0.32",,,,0,1,"Top",,,,,,,13.441777038497776,-142.6731190636565,-9.288512869830475,-18.02884506461779,27.934957872767818,-25.7957241971411,"3.67","1.72",,,,"99.6",2029,"6.8",777490,669257,518692,669242,571970,605141,624424,681624,606192,"53.67",,,,,,,,1,4,"Sinker",0,0,0,0,0,0,0,0,"Standard","Standard",237,"-0.01","0.134",,,,"-0.134",,0,0,0.496,0.504,30,26,31,26,1,0,,1,6,1,"2.01","1.11","1.11","30.6",,,,,
"ST","2025-06-16","86.4","-2.53","5.46","Ohtani, Shohei",665487,660271,,"ball",,,,,13,"Ball","R","R","R","LAD","SD","B",,,1,1,2025,"0.91","0.44","-0.11","1.64",,,,0,1,"Top",,,,,,,3.942001290718636,-125.83848214292496,-3.8893959034672863,9.06994916323523,22.002562341943573,-26.973831266574496,"3.59","1.76",,,,"87.3",2417,"6.5",777490,669257,518692,669242,571970,605141,624424,681624,606192,"54",,,,,,,,1,3,"Sweeper",0,0,0,0,0,0,0,0,"Standard","Standard",74,"-0.005","0.055",,,,"-0.055",,0,0,0.501,0.499,30,26,31,26,1,0,,1,6,1,"2.58","-0.91","-0.91","32.7",,,,,
"SI","2025-06-16","98.1","-2.48","5.45","Ohtani, Shohei",665487,660271,,"ball",,,,,13,"Ball","R","R","R","LAD","SD","B",,,0,1,2025,"-1.1","0.34","-0.05","1.48",,,,0,1,"Top",,,,,,,9.169481552157517,-142.49211196356208,-6.098068939859995,-17.035231077550606,30.89950693143194,-26.2952805891634,"3.69","1.7",,,,"98.9",2004,"6.7",777490,669257,518692,669242,571970,605141,624424,681624,606192,"53.79",,,,,,,,1,2,"Sinker",0,0,0,0,0,0,0,0,"Standard","Standard",214,"-0.002","0.031",,,,"-0.031",,0,0,0.503,0.497,30,26,31,26,1,0,,1,6,1,"2.02","1.1","1.1","32.3",,,,,
"SI","2025-06-16","97.6","-2.51","5.55","Ohtani, Shohei",665487,660271,,"foul",,,,,8,"Foul","R","R","R","LAD","SD","S",,,0,0,2025,"-1.36","0.28","-0.22","2.36",,,,0,1,"Top",,,,,,,9.377697104669855,-141.73474304663924,-3.712766125928475,-20.556172391616133,34.06339383795533,-27.68253623966612,"3.85","1.84",2,"77.8",-45,"98",2063,"6.8",777490,669257,518692,669242,571970,605141,624424,681624,606192,"53.74",,,,,,,,1,1,"Sinker",0,0,0,0,0,0,0,0,"Standard","Standard",219,"0.003","-0.039","75.2","7.4",,"0.039","88.0",0,0,0.5,0.5,30,26,31,26,1,0,,1,6,1,"2.13","1.36","1.36","31.1",9.573315248492971,4.274016082262282,31.604979872858372,32.73117468438856,25.904621955186023