"pitch_type","game_date","release_speed","release_pos_x","release_pos_z","player_name","batter","pitcher","events","description","spin_dir","spin_rate_deprecated","break_angle_deprecated","break_length_deprecated","zone","des","game_type","stand","p_throws","home_team","away_team","type","hit_location","bb_type","balls","strikes","game_year","pfx_x","pfx_z","plate_x","plate_z","on_3b","on_2b","on_1b","outs_when_up","inning","inning_topbot","hc_x","hc_y","tfs_deprecated","tfs_zulu_deprecated","umpire","sv_id","vx0","vy0","vz0","ax","ay","az","sz_top","sz_bot","hit_distance_sc","launch_speed","launch_angle","effective_speed","release_spin_rate","release_extension","game_pk","fielder_2","fielder_3","fielder_4","fielder_5","fielder_6","fielder_7","fielder_8","fielder_9","release_pos_y","estimated_ba_using_speedangle","estimated_woba_using_speedangle","woba_value","woba_denom","babip_value","iso_value","launch_speed_angle","at_bat_number","pitch_number","pitch_name","home_score","away_score","bat_score","fld_score","post_away_score","post_home_score","post_bat_score","post_fld_score","if_fielding_alignment","of_fielding_alignment","spin_axis","delta_home_win_exp","delta_run_exp","bat_speed","swing_length","estimated_slg_using_speedangle","delta_pitcher_run_exp","hyper_speed","home_score_diff","bat_score_diff","home_win_exp","bat_win_exp","age_pit_legacy","age_bat_legacy","age_pit","age_bat","n_thruorder_pitcher","n_priorpa_thisgame_player_at_bat","pitcher_days_since_prev_game","batter_days_since_prev_game","pitcher_days_until_next_game","batter_days_until_next_game","api_break_z_with_gravity","api_break_x_arm","api_break_x_batter_in","arm_angle","attack_angle","attack_direction","swing_path_tilt","intercept_ball_minus_batter_pos_x_inches","intercept_ball_minus_batter_pos_y_inches"
"SL","2025-07-26","89.6","-1.14","5.82","Clase, Emmanuel",663697,661403,"home_run","hit_into_play",,,,,5,"Jonathan India homers (5) on a fly ball to left center field. John Rave scores. Luke Maile scores.","R","R","R","KC","CLE","X",,"fly_ball",1,2,2025,"0.64","0.32","0.13","2.14",,670231,571912,1,10,"Bot",45.79,51.71,,,,,1.8132549730085759,-130.49403479266167,-3.8159683805516176,6.970115751213001,26.54391818001528,-27.943402293002904,"3.38","1.55",413,"109",22,"90.4",2640,"6.7",777010,666310,700932,682177,608070,677587,680757,682657,666134,"53.83",0.883525,1.690175,"2",1,0,3,6,79,5,"Slider",2,3,2,3,3,5,5,3,"Standard","Standard",78,"0.699","1.267","76.5","7.3",3.2955749999999995,"-1.267","109.0",-1,-1,0.301,0.301,27,28,27,29,1,4,3,3,0,0,"2.51","-0.64","-0.64","53.4",10.201437224476935,-5.25623784626256,31.190785092009783,36.799437060783795,36.854778405530865
"SL","2025-07-26","89.8","-1.24","5.66","Clase, Emmanuel",663697,661403,,"foul",,,,,14,"Foul","R","R","R","KC","CLE","S",,,1,2,2025,"0.68","-0.12","0.28","1.03",,670231,571912,1,10,"Bot",,,,,,,2.3246029935445374,-130.8088244602644,-5.343702728445733,7.441053420535407,25.460814313533596,-32.73563155197463,"3.38","1.55",70,"39.3",28,"91",2562,"6.8",777010,666310,700932,682177,608070,677587,680757,682657,666134,"53.71",,,,,,,,79,4,"Slider",2,3,2,3,3,2,2,3,"Standard","Standard",74,"0","0","65.8","8.2",,"0","88.0",-1,-1,0.301,0.301,27,28,27,29,1,4,3,3,0,0,"2.92","-0.68","-0.68","55.0",12.539364837198642,-9.129700578552036,36.706086379762,39.485634007229464,32.06279373755214
"FC","2025-07-26","99","-1.36","5.66","Clase, Emmanuel",663697,661403,,"called_strike",,,,,7,"Called Strike","R","R","R","KC","CLE","S",,,1,1,2025,"0.26","0.97","-0.39","1.81",,670231,571912,1,10,"Bot",,,,,,,2.076990736909529,-143.966036628867,-7.39941412631536,3.0607709052286083,34.60382079054557,-17.150399646925656,"3.38","1.55",,,,"99.9",2812,"6.9",777010,666310,700932,682177,608070,677587,680757,682657,666134,"53.62",,,,,,,,79,3,"Cutter",2,3,2,3,3,2,2,3,"Standard","Strategic",186,"-0.034","-0.058",,,,"0.058",,-1,-1,0.335,0.335,27,28,27,29,1,4,3,3,0,0,"1.36","-0.26","-0.26","54.3",,,,,
"SL","2025-07-26","89.1","-1.38","5.68","Clase, Emmanuel",663697,661403,,"blocked_ball",,,,,13,"Ball In Dirt","R","R","R","KC","CLE","B",,,0,1,2025,"0.51","0.38","-0.48","0.56",,670231,571912,1,10,"Bot",,,,,,,1.1472200790861278,-129.69432867671566,-7.404470326998973,5.492938370149829,27.319010689788513,-26.53660280856432,"3.31","1.55",,,,"90",2500,"6.8",777010,666310,700932,682177,608070,677587,680757,682657,666134,"53.69",,,,,,,,79,2,"Slider",2,3,2,3,3,2,2,3,"Standard","Strategic",91,"0.017","0.018",,,,"-0.018",,-1,-1,0.318,0.318,27,28,27,29,1,4,3,3,0,0,"2.49","-0.51","-0.51","48.6",,,,,
"FC","2025-07-26","99.5","-1","5.83","Clase, Emmanuel",669004,661403,"field_out","hit_into_play",,,,,9,"MJ Melendez grounds out, second baseman Brayan Rocchio to first baseman Carlos Santana.","R","L","R","KC","CLE","X",4,"ground_ball",0,1,2025,"0.12","1.13","0.41","1.72",,,,2,9,"Bot",146.97,150.43,,,,,3.6222739451979318,-144.8133767524431,-8.68055860605716,0.9097745578041201,29.69232881713853,-14.451510081544958,"3.37","1.65",16,"96.4",-5,"101.1",2640,"6.9",776990,595978,467793,677587,682177,672356,680757,682657,666134,"53.63",0.306,0.287,"0",1,0,0,2,74,2,"Cutter",4,6,4,6,6,4,4,6,"Infield shade","Strategic",187,"-0.015","-0.217","77.7","7.7",0.352,"0.217","96.4",-2,-2,0.015,0.015,27,26,27,27,1,3,0,0,,2,"1.14","-0.12","0.12","45.4",8.876183962678965,10.863158640237616,38.30123801884999,33.515324578953226,26.78977933395647
"FC","2025-07-26","98.5","-1.09","5.92","Clase, Emmanuel",669004,661403,,"foul",,,,,12,"Foul","R","L","R","KC","CLE","S",,,0,0,2025,"0.32","1.28","0.92","2.87",,,,2,9,"Bot",,,,,,,4.767221252658033,-143.51330492143472,-5.919403103827985,3.49861280719538,28.850944096351963,-13.344016539651605,"3.37","1.65",211,"74",56,"100.1",2630,"6.8",776990,595978,467793,677587,682177,672356,680757,682657,666134,"53.69",,,,,,,,74,1,"Cutter",4,6,4,6,6,4,4,6,"Infield shade","Strategic",180,"0","-0.043","77.8","7.6",,"0.043","88.0",-2,-2,0.015,0.015,27,26,27,27,1,3,0,0,,2,"1.04","-0.32","0.32","45.7",15.552773616959701,-5.086863503548701,29.654450498051347,27.274332943032316,29.577968459210165
"SL","2025-07-26","88.3","-1.31","5.86","Clase, Emmanuel",663697,661403,,"called_strike",,,,,14,"Called Strike","R","R","R","KC","CLE","S",,,0,0,2025,"0.68","0.03","0.87","1.69",,670231,571912,1,10,"Bot",,,,,,,3.919089011231825,-128.63728087867523,-4.207794934952165,6.76491656133921,25.864593080541642,-31.153079955251652,"3.25","1.41",,,,"89.4",2536,"6.8",777010,666310,700932,682177,608070,677587,680757,682657,666134,"53.68",,,,,,,,79,1,"Slider",2,3,2,3,3,2,2,3,"Standard","Strategic",79,"-0.025","-0.033",,,,"0.033",,-1,-1,0.343,0.343,27,28,27,29,1,4,3,3,0,0,"2.88","-0.68","-0.68","55.5",,,,,
"FC","2025-07-26","98","-0.79","5.97","Clase, Emmanuel",666023,661403,"field_out","hit_into_play",,,,,9,"Freddy Fermin grounds out, second baseman Brayan Rocchio to first baseman Carlos Santana.","R","R","R","KC","CLE","X",4,"ground_ball",2,1,2025,"0.02","0.91","0.71","1.84",,,,1,9,"Bot",152.54,153.47,,,,,4.053437096066039,-142.6561093226227,-7.943753333028757,-0.5712918714209968,29.760299193835518,-18.136560448931704,"3.26","1.51",150,"94.4",7,"99.6",2589,"6.9",776990,595978,467793,677587,682177,672356,680757,682657,666134,"53.57",0.537,0.489,"0",1,0,0,4,73,4,"Cutter",4,6,4,6,6,4,4,6,"Standard","Strategic",181,"-0.039","-0.298","66.1","7.4",0.583,"0.298","94.4",-2,-2,0.054,0.054,27,30,27,30,1,3,0,0,,2,"1.44","-0.02","-0.02","52.2",-1.248153902223169,14.58283475845025,35.04312717996354,45.164075310331825,19.52327496869734
"FC","2025-07-26","99.6","-1.04","5.81","Clase, Emmanuel",571912,661403,"walk","ball",,,,,9,"Luke Maile walks. John Rave to 2nd.","R","R","R","KC","CLE","B",,,3,2,2025,"0.29","1.16","0.62","1.57",,,670231,1,10,"Bot",,,,,,,3.923637823264808,-144.76602588952667,-9.081110680099407,3.209857725533577,32.80699532415557,-13.900161329272962,"3.09","1.52",,,,"100.9",2578,"7",777010,666310,700932,682177,608070,677587,680757,682657,666134,"53.52",,0.691497,"0.7",1,0,0,,78,6,"Cutter",2,3,2,3,3,2,2,3,"Standard","Strategic",189,"0.11","0.266",,,,"-0.266",,-1,-1,0.233,0.233,27,34,27,34,1,0,3,76,0,1,"1.13","-0.29","-0.29","49.0",,,,,
"FC","2025-07-26","99.3","-1.12","5.87","Clase, Emmanuel",571912,661403,,"swinging_strike",,,,,2,"Swinging Strike","R","R","R","KC","CLE","S",,,3,1,2025,"0.25","1.36","-0.18","3.11",,,670231,1,10,"Bot",,,,,,,1.9944600966964399,-144.72535923234875,-5.439421390084748,3.1753210957017624,30.546863201429073,-11.903534494318983,"3.28","1.55",,,,"100.9",2583,"6.8",777010,666310,700932,682177,608070,677587,680757,682657,666134,"53.65",,,,,,,,78,5,"Cutter",2,3,2,3,3,2,2,3,"Standard","Standard",191,"-0.033","-0.085","71.9","5.7",,"0.085",,-1,-1,0.266,0.266,27,34,27,34,1,0,3,76,0,1,"0.92","-0.25","-0.25","52.3",2.5805221027473473,20.42742867968386,33.171269499852585,31.15502204532487,24.404873095507327
"FC","2025-07-26","98.2","-1","5.87","Clase, Emmanuel",666023,661403,,"ball",,,,,14,"Ball","R","R","R","KC","CLE","B",,,1,1,2025,"0.33","0.98","0.42","1.18",,,,1,9,"Bot",,,,,,,3.137333446645726,-142.91042338891077,-9.683543168536142,3.9073184690685294,28.635982482687798,-16.816165259811875,"3.38","1.58",,,,"99.9",2664,"6.9",776990,595978,467793,677587,682177,672356,680757,682657,666134,"53.59",,,,,,,,73,3,"Cutter",4,6,4,6,6,4,4,6,"Standard","Strategic",189,"0.009","0.055",,,,"-0.055",,-2,-2,0.045,0.045,27,30,27,30,1,3,0,0,,2,"1.36","-0.33","-0.33","46.9",,,,,
"FC","2025-07-26","98.3","-1.2","5.87","Clase, Emmanuel",571912,661403,,"ball",,,,,11,"Ball","R","R","R","KC","CLE","B",,,2,1,2025,"0.2","1.33","-1.02","3.12",,,670231,1,10,"Bot",,,,,,,0.03901738651755035,-143.1897550612971,-5.152971711115599,2.7006133157756205,30.03451311435834,-12.919667066407243,"3.19","1.52",,,,"99.6",2526,"6.8",777010,666310,700932,682177,608070,677587,680757,682657,666134,"53.74",,,,,,,,78,4,"Cutter",2,3,2,3,3,2,2,3,"Standard","Standard",190,"0.039","0.109",,,,"-0.109",,-1,-1,0.227,0.227,27,34,27,34,1,0,3,76,0,1,"1.01","-0.2","-0.2","49.9",,,,,
"FC","2025-07-26","97.4","-0.92","5.94","Clase, Emmanuel",666023,661403,,"foul",,,,,6,"Foul","R","R","R","KC","CLE","S",,,1,0,2025,"0.26","0.74","0.4","2.46",,,,1,9,"Bot",,,,,,,2.9947177859628873,-141.85103067410122,-5.620649171683176,2.970249126110941,29.145792495847964,-21.128648023446765,"3.26","1.51",189,"88.5",61,"98.8",2653,"6.8",776990,595978,467793,677587,682177,672356,680757,682657,666134,"53.71",,,,,,,,73,2,"Cutter",4,6,4,6,6,4,4,6,"Strategic","Strategic",179,"-0.009","-0.049","74.6","7.6",,"0.049","88.5",-2,-2,0.054,0.054,27,30,27,30,1,3,0,0,,2,"1.64","-0.26","-0.26","50.6",13.553518883227593,1.075258440865725,29.95111791002506,41.75696124586236,28.969082049115514
"FC","2025-07-26","97.8","-1.44","5.69","Clase, Emmanuel",571912,661403,,"ball",,,,,11,"Ball","R","R","R","KC","CLE","B",,,1,1,2025,"0.02","1.2","-1.14","3.18",,,670231,1,10,"Bot",,,,,,,0.7710058223461662,-142.4971649459936,-4.120322676974138,0.09580003596738448,29.939421649373006,-15.095051737919931,"3.09","1.52",,,,"99.2",2566,"6.8",777010,666310,700932,682177,608070,677587,680757,682657,666134,"53.71",,,,,,,,78,3,"Cutter",2,3,2,3,3,2,2,3,"Standard","Standard",191,"0.019","0.063",,,,"-0.063",,-1,-1,0.208,0.208,27,34,27,34,1,0,3,76,0,1,"1.16","-0.02","-0.02","44.1",,,,,
"FC","2025-07-26","98.4","-1.13","5.85","Clase, Emmanuel",666023,661403,,"ball",,,,,14,"Ball","R","R","R","KC","CLE","B",,,0,0,2025,"0.2","0.82","0.52","1.26",,,,1,9,"Bot",,,,,,,4.086268705005101,-143.1329173223625,-9.049809649108697,1.887398580699651,28.909632876791665,-19.17937459097391,"3.33","1.63",,,,"100",2654,"6.9",776990,595978,467793,677587,682177,672356,680757,682657,666134,"53.59",,,,,,,,73,1,"Cutter",4,6,4,6,6,4,4,6,"Strategic","Strategic",184,"0.007","0.039",,,,"-0.039",,-2,-2,0.047,0.047,27,30,27,30,1,3,0,0,,2,"1.51","-0.2","-0.2","53.1",,,,,
"FC","2025-07-26","98.3","-0.98","5.84","Clase, Emmanuel",670231,661403,"field_out","hit_into_play",,,,,5,"John Rave grounds out, second baseman Brayan Rocchio to first baseman Carlos Santana.","R","L","R","KC","CLE","X",4,"ground_ball",2,2,2025,"-0.06","0.99","0.07","2.44",,,,0,9,"Bot",152.54,153.97,,,,,2.984601918662332,-143.19330460852774,-6.15228229834113,-1.39190750967199,29.448918899894444,-17.37353182333374,"3.39","1.56",55,"104",1,"99.6",2583,"6.7",776990,595978,467793,677587,682177,672356,680757,682657,666134,"53.78",0.484,0.435,"0",1,0,0,4,72,6,"Cutter",4,6,4,6,6,4,4,6,"Infield shade","Standard",179,"-0.043","-0.232","73.8","7.4",0.504,"0.232","104.0",-2,-2,0.09,0.09,27,27,27,28,1,3,0,0,,1,"1.34","0.06","-0.06","45.0",8.561925498268952,-4.570756208118362,30.345158743710954,35.389737716772856,28.25356431322735
"FC","2025-07-26","98.5","-1.41","5.76","Clase, Emmanuel",571912,661403,,"called_strike",,,,,1,"Called Strike","R","R","R","KC","CLE","S",,,1,0,2025,"0.29","1.2","-0.51","2.88",,,670231,1,10,"Bot",,,,,,,1.780096261562809,-143.57540280983196,-5.258431242986584,3.71054383765588,30.198152610258425,-14.558147924951674,"3.16","1.42",,,,"100",2626,"6.8",777010,666310,700932,682177,608070,677587,680757,682657,666134,"53.66",,,,,,,,78,2,"Cutter",2,3,2,3,3,2,2,3,"Standard","Standard",195,"-0.019","-0.056",,,,"0.056",,-1,-1,0.227,0.227,27,34,27,34,1,0,3,76,0,1,"1.12","-0.29","-0.29","46.1",,,,,
"SL","2025-07-26","89.4","-0.92","5.87","Clase, Emmanuel",670231,661403,,"foul",,,,,14,"Foul","R","L","R","KC","CLE","S",,,2,2,2025,"0.62","-0.31","0.95","2.11",,,,0,9,"Bot",,,,,,,3.3562782583425683,-130.33379247745657,-2.6821205517625195,6.401898602427138,25.403924159662523,-35.397606913510906,"3.39","1.56",6,"77.9",-19,"90.6",2542,"6.7",776990,595978,467793,677587,682177,672356,680757,682657,666134,"53.76",,,,,,,,72,5,"Slider",4,6,4,6,6,4,4,6,"Infield shade","Standard",62,"0","0","76.6","7.8",,"0","88.0",-2,-2,0.09,0.09,27,27,27,28,1,3,0,0,,1,"3.13","-0.62","0.62","53.2",18.32896246156167,-25.643756207666556,25.428534299405673,25.013081264377607,40.20558542248361
"FC","2025-07-26","98.6","-1.27","5.86","Clase, Emmanuel",571912,661403,,"ball",,,,,9,"Ball","R","R","R","KC","CLE","B",,,0,0,2025,"0.07","1.15","0.77","1.74",,686475,670231,0,10,"Bot",,,,,,,5.470449404090497,-143.4259296163327,-8.571707719012602,-0.16294082541659097,31.000350466679517,-14.537803049872323,"3.41","1.63",,,,"100.1",2545,"7",777010,666310,700932,682177,608070,677587,680757,682657,666134,"53.49",,,,,,,,78,1,"Cutter",2,3,2,3,3,2,2,3,"Infield shade","Standard",190,"0.021","0.045",,,,"-0.045",,-1,-1,0.515,0.515,27,34,27,34,1,0,3,76,0,1,"1.18","-0.07","-0.07","46.7",,,,,
"FC","2025-07-26","97.8","-1.03","5.97","Clase, Emmanuel",670231,661403,,"foul",,,,,2,"Foul","R","L","R","KC","CLE","S",,,2,1,2025,"0.38","1.13","0.17","2.82",,,,0,9,"Bot",,,,,,,2.381956370254875,-142.4911953301617,-5.71550440499187,4.7323728936674625,30.293351543922178,-15.627177860604773,"3.39","1.56",210,"73.5",38,"98.9",2623,"6.7",776990,595978,467793,677587,682177,672356,680757,682657,666134,"53.82",,,,,,,,72,4,"Cutter",4,6,4,6,6,4,4,6,"Standard","Standard",184,"-0.015","-0.073","75.9","7.3",,"0.073","88.0",-2,-2,0.105,0.105,27,27,27,28,1,3,0,0,,1,"1.23","-0.38","0.38","50.7",12.309749115986675,-0.523713378764575,27.301661169998592,33.07119387600084,28.55441865583311
"FC","2025-07-26","97.8","-1.24","5.86","Clase, Emmanuel",670231,661403,"walk","ball",,,,,14,"John Rave walks.","R","L","R","KC","CLE","B",,,3,0,2025,"0.03","1.06","0.02","1.55",,686475,,0,10,"Bot",,,,,,,3.3697954990513894,-142.3187554528205,-8.68957232712532,-0.3104092886365945,31.440657840967493,-15.990559613287873,"3.49","1.74",,,,"99.1",2545,"6.9",777010,666310,700932,682177,608070,677587,680757,682657,666134,"53.57",,0.691497,"0.7",1,0,0,,77,4,"Cutter",2,3,2,3,3,2,2,3,"Standard","Standard",187,"0.027","0.095",,,,"-0.095",,-1,-1,0.488,0.488,27,27,27,28,1,3,3,3,0,0,"1.31","-0.03","0.03","47.6",,,,,
"FC","2025-07-26","97.5","-1.04","5.89","Clase, Emmanuel",670231,661403,,"ball",,,,,14,"Ball","R","L","R","KC","CLE","B",,,1,1,2025,"0.27","0.9","1.31","0.56",,,,0,9,"Bot",,,,,,,5.729542913659697,-141.76244197602426,-11.020296710596483,2.528654008246312,27.9505914064698,-17.87576087860031,"3.33","1.56",,,,"98.8",2677,"6.7",776990,595978,467793,677587,682177,672356,680757,682657,666134,"53.77",,,,,,,,72,3,"Cutter",4,6,4,6,6,4,4,6,"Standard","Standard",190,"0.012","0.055",,,,"-0.055",,-2,-2,0.093,0.093,27,27,27,28,1,3,0,0,,1,"1.47","-0.27","0.27","47.3",,,,,
"FC","2025-07-26","97.5","-1.36","5.86","Clase, Emmanuel",670231,661403,,"ball",,,,,14,"Ball","R","L","R","KC","CLE","B",,,2,0,2025,"-0.1","1.05","0.47","0.89",,686475,,0,10,"Bot",,,,,,,5.176159981574374,-141.68801512846144,-10.375097935232448,-2.455949588012657,30.854887622185224,-15.834467220476466,"3.33","1.56",,,,"98.6",2668,"6.8",777010,666310,700932,682177,608070,677587,680757,682657,666134,"53.66",,,,,,,,77,3,"Cutter",2,3,2,3,3,2,2,3,"Standard","Standard",182,"0.02","0.112",,,,"-0.112",,-1,-1,0.468,0.468,27,27,27,28,1,3,3,3,0,0,"1.34","0.1","-0.1","48.3",,,,,
"FC","2025-07-26","98.9","-0.98","5.96","Clase, Emmanuel",670231,661403,,"ball",,,,,14,"Ball","R","L","R","KC","CLE","B",,,0,1,2025,"0.06","1.27","0.96","0.98",,,,0,9,"Bot",,,,,,,5.2163080103724395,-143.7012804587097,-11.303894238702892,-0.21066341784359313,27.985675505369723,-12.242949519659906,"3.37","1.56",,,,"100.7",2574,"7",776990,595978,467793,677587,682177,672356,680757,682657,666134,"53.5",,,,,,,,72,2,"Cutter",4,6,4,6,6,4,4,6,"Standard","Standard",181,"0.005","0.031",,,,"-0.031",,-2,-2,0.088,0.088,27,27,27,28,1,3,0,0,,1,"1.03","-0.06","0.06","48.1",,,,,
"FC","2025-07-26","97.5","-1.35","5.7","Clase, Emmanuel",670231,661403,,"ball",,,,,14,"Ball","R","L","R","KC","CLE","B",,,1,0,2025,"0.09","1.08","1.37","1.33",,686475,,0,10,"Bot",,,,,,,7.203208459125822,-141.71026115810074,-8.884829251866318,-0.2398639541476979,29.004824214000028,-15.768629037540412,"3.34","1.56",,,,"99",2593,"7",777010,666310,700932,682177,608070,677587,680757,682657,666134,"53.52",,,,,,,,77,2,"Cutter",2,3,2,3,3,2,2,3,"Standard","Standard",196,"0.013","0.075",,,,"-0.075",,-1,-1,0.455,0.455,27,27,27,28,1,3,3,3,0,0,"1.3","-0.09","0.09","44.2",,,,,
"FC","2025-07-26","98.6","-1.04","5.98","Clase, Emmanuel",670231,661403,,"called_strike",,,,,3,"Called Strike","R","L","R","KC","CLE","S",,,0,0,2025,"0.08","1.2","0.47","2.83",,,,0,9,"Bot",,,,,,,3.9838569770863117,-143.65345145072504,-6.052678860668859,0.29841506658298594,29.120815189577613,-14.328310294249242,"3.35","1.55",,,,"100.4",2574,"6.9",776990,595978,467793,677587,682177,672356,680757,682657,666134,"53.59",,,,,,,,72,1,"Cutter",4,6,4,6,6,4,4,6,"Standard","Standard",184,"-0.007","-0.039",,,,"0.039",,-2,-2,0.095,0.095,27,27,27,28,1,3,0,0,,1,"1.11","-0.08","0.08","52.1",,,,,
"FC","2025-07-26","97.9","-1.24","5.74","Clase, Emmanuel",670231,661403,,"ball",,,,,6,"Ball","R","L","R","KC","CLE","B",,,0,0,2025,"0.29","1.25","0.79","2.51",,686475,,0,10,"Bot",,,,,,,4.841956558388731,-142.33117421201496,-6.118774157843519,2.757183944017994,34.36030010355335,-14.015011368229144,"3.4","1.59",,,,"98.7",2573,"6.9",777010,666310,700932,682177,608070,677587,680757,682657,666134,"53.6",,,,,,,,77,1,"Cutter",2,3,2,3,3,2,2,3,"Strategic","Standard",188,"0.007","0.032",,,,"-0.032",,-1,-1,0.448,0.448,27,27,27,28,1,3,3,3,0,0,"1.15","-0.29","0.29","45.0",,,,,
"FC","2025-07-23","96.5","-1.37","5.6","Clase, Emmanuel",657656,661403,"strikeout","called_strike",,,,,3,"Ramón Laureano called out on strikes.","R","R","R","CLE","BAL","S",2,,1,2,2025,"0.25","0.66","0.45","3.44",,,,2,9,"Top",,,,,,,4.307841964232965,-140.60130482564236,-1.7892904515594839,2.5865236169052612,27.19077761315598,-23.17329690622221,"3.47","1.5",,,,"97.9",2588,"6.7",777036,595978,467793,682177,608070,677587,680757,682657,666134,"53.8",,0,"0",1,0,0,,62,4,"Cutter",3,2,2,3,2,3,2,3,"Strategic","Strategic",172,"0.028","-0.182",,,,"0.182",,1,-1,0.972,0.028000000000000025,27,30,27,31,1,3,1,1,3,1,"1.75","-0.25","-0.25","41.1",,,,,
"FC","2025-07-23","97.5","-1.15","5.74","Clase, Emmanuel",657656,661403,,"called_strike",,,,,2,"Called Strike","R","R","R","CLE","BAL","S",,,1,1,2025,"-0.12","0.71","-0.06","3.41",,,,2,9,"Top",,,,,,,3.2412572799454678,-142.20565897892538,-2.491341641236928,-2.3064755904460696,28.06792244542636,-22.122412353306085,"3.5","1.58",,,,"98.9",2521,"6.7",777036,595978,467793,682177,608070,677587,680757,682657,666134,"53.85",,,,,,,,62,3,"Cutter",3,2,2,3,2,3,2,3,"Strategic","Standard",174,"0.007","-0.062",,,,"0.062",,1,-1,0.965,0.03500000000000003,27,30,27,31,1,3,1,1,3,1,"1.65","0.12","0.12","44.6",,,,,
"FC","2025-07-23","97.4","-1.07","5.76","Clase, Emmanuel",657656,661403,,"foul",,,,,9,"Foul","R","R","R","CLE","BAL","S",,,1,0,2025,"0.18","0.73","0.29","2.01",,,,2,9,"Top",,,,,,,3.286872059780401,-141.90942232681815,-6.368684377711079,1.7165311053672407,29.465390986637647,-21.06443733429208,"3.43","1.56",273,"88.4",47,"98.8",2680,"6.8",777036,595978,467793,682177,608070,677587,680757,682657,666134,"53.71",,,,,,,,62,2,"Cutter",3,2,2,3,2,3,2,3,"Strategic","Standard",173,"0.006","-0.054","73.0","6.9",,"0.054","88.4",1,-1,0.959,0.041000000000000036,27,30,27,31,1,3,1,1,3,1,"1.65","-0.18","-0.18","45.5",4.426527757772616,14.924217112178278,40.95918641881686,44.4888081416363,27.459202764037205
"FC","2025-07-23","98.8","-0.89","5.77","Clase, Emmanuel",657656,661403,,"ball",,,,,14,"Ball","R","R","R","CLE","BAL","B",,,0,0,2025,"0.03","0.74","1.97","1.03",,,,2,9,"Top",,,,,,,7.7941664865383204,-143.61688964645128,-9.363003968957717,-1.2386316771229038,29.749908112565187,-19.97555517969323,"3.5","1.56",,,,"100.2",2682,"6.9",777036,595978,467793,682177,608070,677587,680757,682657,666134,"53.62",,,,,,,,62,1,"Cutter",3,2,2,3,2,3,2,3,"Strategic","Standard",181,"-0.004","0.037",,,,"-0.037",,1,-1,0.963,0.03700000000000003,27,30,27,31,1,3,1,1,3,1,"1.58","-0.03","-0.03","47.6",,,,,
"FC","2025-07-23","100","-0.93","5.79","Clase, Emmanuel",656811,661403,"field_out","hit_into_play",,,,,6,"Ryan O'Hearn grounds out, second baseman Daniel Schneemann to pitcher Emmanuel Clase.","R","L","R","CLE","BAL","X",4,"ground_ball",0,0,2025,"0.1","1.09","0.77","2.41",,,,1,9,"Top",156.32,151.91,,,,,4.488589326193756,-145.70658133663846,-6.683363422246057,0.5907648445180342,29.00257241738804,-15.302734414926222,"3.5","1.59",106,"62.7",14,"102.1",2712,"7",777036,595978,467793,682177,608070,677587,680757,682657,666134,"53.49",0.213,0.191,"0",1,0,0,2,61,1,"Cutter",3,2,2,3,2,3,2,3,"Strategic","Strategic",186,"0.055","-0.254","71.2","6.8",0.213,"0.254","88.0",1,-1,0.908,0.09199999999999997,27,31,27,32,1,3,1,1,3,1,"1.16","-0.1","0.1","47.4",8.085182387501403,1.1856016552149633,39.65966501932361,30.041426657188275,24.702428007114037
"FC","2025-07-23","99.1","-0.92","5.78","Clase, Emmanuel",683002,661403,"strikeout","called_strike",,,,,6,"Gunnar Henderson called out on strikes.","R","L","R","CLE","BAL","S",2,,2,2,2025,"0.34","1.04","0.42","2.47",,,,0,9,"Top",,,,,,,2.8869448379018077,-144.41327825621292,-6.202588637909394,4.208612273150077,29.046435239395283,-16.409961819191572,"3.65","1.61",,,,"100.7",2784,"6.8",777036,595978,467793,682177,608070,677587,680757,682657,666134,"53.69",,0,"0",1,0,0,,60,7,"Cutter",3,2,2,3,2,3,2,3,"Strategic","Standard",183,"0.066","-0.232",,,,"0.232",,1,-1,0.842,0.15800000000000003,27,24,27,24,1,3,1,1,3,1,"1.25","-0.34","0.34","47.8",,,,,
"FC","2025-07-23","98.7","-0.99","5.77","Clase, Emmanuel",683002,661403,,"foul",,,,,2,"Foul","R","L","R","CLE","BAL","S",,,2,2,2025,"0.26","0.93","0.21","3.15",,,,0,9,"Top",,,,,,,2.6859116864136805,-143.79181674984073,-3.955043701677852,3.1035469078193705,29.171086955294932,-18.51135308001898,"3.71","1.71",215,"76.6",34,"100",2637,"6.6",777036,595978,467793,682177,608070,677587,680757,682657,666134,"53.86",,,,,,,,60,6,"Cutter",3,2,2,3,2,3,2,3,"Strategic","Standard",180,"0","0","67.6","5.4",,"0","88.0",1,-1,0.842,0.15800000000000003,27,24,27,24,1,3,1,1,3,1,"1.38","-0.26","0.26","46.0",-18.953311447550934,38.09107853556797,32.0807708282644,31.447594535087752,19.29693427660385
"FC","2025-07-23","99.3","-1.13","5.82","Clase, Emmanuel",683002,661403,,"foul",,,,,6,"Foul","R","L","R","CLE","BAL","S",,,2,2,2025,"0.31","1.07","0.34","2.88",,,,0,9,"Top",,,,,,,3.3246592173431884,-144.60654144476587,-5.210549188229017,3.6610845890319315,32.743101356568566,-16.201082000295898,"3.71","1.71",2,"65",-50,"100.4",2597,"6.8",777036,595978,467793,682177,608070,677587,680757,682657,666134,"53.72",,,,,,,,60,5,"Cutter",3,2,2,3,2,3,2,3,"Strategic","Standard",186,"0","0","69.3","6.0",,"0","88.0",1,-1,0.842,0.15800000000000003,27,24,27,24,1,3,1,1,3,1,"1.24","-0.31","0.31","47.1",-5.828217821928392,27.24007077097642,29.01630600938824,29.243400463971675,21.192907858172667
"FC","2025-07-23","97.5","-1.04","5.75","Clase, Emmanuel",683002,661403,,"called_strike",,,,,9,"Called Strike","R","L","R","CLE","BAL","S",,,2,1,2025,"-0.08","1.04","0.28","1.63",,,,0,9,"Top",,,,,,,3.78721647246904,-141.82267084724168,-8.033036988755839,-1.9593423925219067,30.657812581002556,-16.513014423337225,"3.63","1.66",,,,"98.5",2635,"6.7",777036,595978,467793,682177,608070,677587,680757,682657,666134,"53.77",,,,,,,,60,4,"Cutter",3,2,2,3,2,3,2,3,"Infield shade","Standard",188,"0.019","-0.073",,,,"0.073",,1,-1,0.823,0.17700000000000005,27,24,27,24,1,3,1,1,3,1,"1.35","0.08","-0.08","46.5",,,,,
"FC","2025-07-23","98.8","-1.09","5.88","Clase, Emmanuel",683002,661403,,"called_strike",,,,,4,"Called Strike","R","L","R","CLE","BAL","S",,,2,0,2025,"0.12","1.35","-0.42","2.27",,,,0,9,"Top",,,,,,,1.5253286032573228,-143.80465421441968,-7.599409066432033,1.3882782665634947,30.904761773405088,-11.921340583231814,"3.65","1.63",,,,"99.6",2684,"6.6",777036,595978,467793,682177,608070,677587,680757,682657,666134,"53.93",,,,,,,,60,3,"Cutter",3,2,2,3,2,3,2,3,"Infield shade","Standard",185,"0.023","-0.072",,,,"0.072",,1,-1,0.8,0.19999999999999996,27,24,27,24,1,3,1,1,3,1,"0.97","-0.12","0.12","48.8",,,,,
"FC","2025-07-23","99","-0.94","5.82","Clase, Emmanuel",683002,661403,,"ball",,,,,14,"Ball","R","L","R","CLE","BAL","B",,,1,0,2025,"0.19","1.3","1.44","1.6",,,,0,9,"Top",,,,,,,6.071145343317612,-143.93954320982832,-9.195391235686476,1.4071711390097807,30.388036528989296,-12.253311625099817,"3.7","1.63",,,,"99.9",2677,"6.6",777036,595978,467793,682177,608070,677587,680757,682657,666134,"53.87",,,,,,,,60,2,"Cutter",3,2,2,3,2,3,2,3,"Strategic","Standard",185,"-0.023","0.077",,,,"-0.077",,1,-1,0.823,0.17700000000000005,27,24,27,24,1,3,1,1,3,1,"1.02","-0.19","0.19","45.8",,,,,
"FC","2025-07-23","97.9","-1.07","5.7","Clase, Emmanuel",683002,661403,,"ball",,,,,14,"Ball","R","L","R","CLE","BAL","B",,,0,0,2025,"0.27","0.82","2.27","1.16",,,,0,9,"Top",,,,,,,8.481672784922143,-142.28283343553508,-8.793589672171482,2.055534433234229,27.67592862485713,-19.321541763039566,"3.58","1.71",,,,"99.4",2619,"6.8",777036,595978,467793,682177,608070,677587,680757,682657,666134,"53.67",,,,,,,,60,1,"Cutter",3,2,2,3,2,3,2,3,"Standard","Standard",177,"-0.012","0.041",,,,"-0.041",,1,-1,0.835,0.16500000000000004,27,24,27,24,1,3,1,1,3,1,"1.54","-0.27","0.27","45.4",,,,,
"SL","2025-07-22","91.1","-0.92","5.82","Clase, Emmanuel",702616,661403,"field_out","hit_into_play",,,,,9,"Jackson Holliday lines out to right fielder Nolan Jones.","R","L","R","CLE","BAL","X",9,"line_drive",2,2,2025,"0.72","0.71","0.81","1.56",,691723,,2,9,"Top",174.56,88.66,,,,,2.7983211557505907,-132.59199717754154,-6.395126840336391,7.987595790745899,26.9785003242456,-22.67388332760868,"3.39","1.57",299,"84.8",25,"91.9",2521,"6.7",777056,666310,467793,682177,608070,677587,680757,682657,666134,"53.83",0.154,0.159,"0",1,0,0,3,76,5,"Slider",6,3,3,6,3,6,3,6,"Strategic","Standard",77,"0.012","-0.22","69.9","7.5",0.232,"0.22","88.0",3,-3,0.988,0.01200000000000001,27,21,27,22,1,4,4,1,1,1,"2.03","-0.72","0.72","50.0",14.653954637915948,-4.0441767982993655,39.154306231804675,30.675044040057536,34.82731617145149
"FC","2025-07-22","99.2","-0.9","5.96","Clase, Emmanuel",702616,661403,,"foul",,,,,6,"Foul","R","L","R","CLE","BAL","S",,,2,1,2025,"0.39","1.01","0.44","2.62",,691723,,2,9,"Top",,,,,,,2.76828848864804,-144.49126235356127,-6.219510365029895,4.949895230167864,29.170503523901612,-16.83577220781658,"3.39","1.57",196,"73.7",55,"100.7",2663,"6.7",777056,666310,467793,682177,608070,677587,680757,682657,666134,"53.76",,,,,,,,76,4,"Cutter",6,3,3,6,3,6,3,6,"Strategic","Standard",189,"0.003","-0.064","75.6","6.7",,"0.064","88.0",3,-3,0.985,0.015000000000000013,27,21,27,22,1,4,4,1,1,1,"1.28","-0.39","0.39","48.7",6.046162447813346,22.303233161600165,28.66879072350208,33.74130505950495,17.23055568775265
"FC","2025-07-22","99.4","-1.01","5.92","Clase, Emmanuel",702616,661403,,"ball",,,,,9,"Ball","R","L","R","CLE","BAL","B",,,1,1,2025,"0.1","0.87","0.56","1.56",,,691723,2,9,"Top",,,,,,,4.0818897973986985,-144.58984505104485,-8.674423884593356,0.577290074199257,31.327127163561226,-18.184075151154467,"3.23","1.52",,,,"100.3",2725,"6.6",777056,666310,467793,682177,608070,677587,680757,682657,666134,"53.87",,,,,,,,76,3,"Cutter",6,3,3,6,3,6,3,6,"Standard","Standard",185,"-0.004","0.054",,,,"-0.054",,3,-3,0.989,0.01100000000000001,27,21,27,22,1,4,4,1,1,1,"1.42","-0.1","0.1","47.1",,,,,
"FC","2025-07-22","98.5","-1.09","5.74","Clase, Emmanuel",702616,661403,,"ball",,,,,8,"Ball","R","L","R","CLE","BAL","B",,,0,1,2025,"0.31","1.11","-0.01","1.53",,,691723,2,9,"Top",,,,,,,2.232980681310539,-143.35310071569515,-8.687930566277705,3.8952815401234027,28.340379738201666,-15.143597153759714,"3.17","1.6",,,,"99.8",2697,"6.7",777056,666310,467793,682177,608070,677587,680757,682657,666134,"53.83",,,,,,,,76,2,"Cutter",6,3,3,6,3,6,3,6,"Standard","Standard",184,"-0.001","0.027",,,,"-0.027",,3,-3,0.99,0.010000000000000009,27,21,27,22,1,4,4,1,1,1,"1.21","-0.31","0.31","49.0",,,,,
"FC","2025-07-22","99.4","-1.22","5.85","Clase, Emmanuel",702616,661403,,"called_strike",,,,,11,"Called Strike","R","L","R","CLE","BAL","S",,,0,0,2025,"0.1","0.85","-0.83","3.12",,,691723,2,9,"Top",,,,,,,0.8473513696772536,-144.81688503312904,-4.1416833426709125,1.2183853269514644,31.727130756900277,-19.448654473820795,"3.45","1.65",,,,"99.9",2723,"6.4",777056,666310,467793,682177,608070,677587,680757,682657,666134,"54.14",,,,,,,,76,1,"Cutter",6,3,3,6,3,6,3,6,"Standard","Standard",187,"0.002","-0.042",,,,"0.042",,3,-3,0.988,0.01200000000000001,27,21,27,22,1,4,4,1,1,1,"1.44","-0.1","0.1","43.4",,,,,
"SL","2025-07-22","87.8","-1","5.88","Clase, Emmanuel",656577,661403,"field_out","hit_into_play",,,,,1,"Alex Jackson pops out to third baseman José Ramírez.","R","R","R","CLE","BAL","X",5,"popup",0,0,2025,"0.84","-0.15","-0.7","2.92",,,691723,1,9,"Top",82.39,143.75,,,,,-1.034299616578269,-128.08250082725874,-0.8093845580168706,9.53749231843827,23.410098386797454,-33.93612863445339,"3.41","1.64",177,"77.5",59,"88.6",2561,"6.4",777056,666310,467793,682177,608070,677587,680757,682657,666134,"54.13",0.025,0.024,"0",1,0,0,3,75,1,"Slider",6,3,3,6,3,6,3,6,"Standard","Standard",74,"0.025","-0.256","74.1","7.4",0.035,"0.256","88.0",3,-3,0.963,0.03700000000000003,27,29,27,30,1,0,4,1,1,2,"3.07","-0.84","-0.84","51.3",5.176425859631106,-12.404102530907636,27.33453283240414,26.4449038339524,33.32026840316251
"SL","2025-07-22","89.5","-0.97","5.85","Clase, Emmanuel",691723,661403,"single","hit_into_play",,,,,4,"Coby Mayo singles on a fly ball to center fielder Angel Martínez.","R","R","R","CLE","BAL","X",8,"fly_ball",2,1,2025,"0.61","0.19","-0.37","2.48",,,,1,9,"Top",140.81,108.62,,,,,0.2065207328209206,-130.45923079077826,-2.7880769052042536,6.937047971980275,24.935694997574057,-29.614459346344603,"3.6","1.63",224,"71.4",41,"90.7",2585,"6.7",777056,666310,467793,682177,608070,677587,680757,682657,666134,"53.79",0.377,0.373,"0.9",1,1,0,3,74,4,"Slider",6,3,3,6,3,6,3,6,"Strategic","Standard",77,"-0.02","0.37","72.4","6.6",0.464,"-0.37","88.0",3,-3,0.983,0.017000000000000015,27,23,27,24,1,3,4,4,1,2,"2.62","-0.61","-0.61","52.6",-2.7071433733903554,-9.62898431971445,40.093863106752245,29.251951387284198,25.929982391055685
"SL","2025-07-22","88.3","-1.01","5.77","Clase, Emmanuel",691723,661403,,"ball",,,,,9,"Ball","R","R","R","CLE","BAL","B",,,1,1,2025,"0.82","0.32","0.34","1.57",,,,1,9,"Top",,,,,,,1.610704295796233,-128.63422025575684,-4.888550611970507,8.804663401129103,24.93812983182406,-27.83922498783781,"3.52","1.68",,,,"89.1",2633,"6.6",777056,666310,467793,682177,608070,677587,680757,682657,666134,"53.91",,,,,,,,74,3,"Slider",6,3,3,6,3,6,3,6,"Strategic","Standard",58,"-0.003","0.055",,,,"-0.055",,3,-3,0.986,0.014000000000000012,27,23,27,24,1,3,4,4,1,2,"2.58","-0.82","-0.82","51.5",,,,,
"FC","2025-07-22","99.5","-0.93","6.01","Clase, Emmanuel",691723,661403,,"called_strike",,,,,4,"Called Strike","R","R","R","CLE","BAL","S",,,1,0,2025,"0.51","0.87","-0.81","2.32",,,,1,9,"Top",,,,,,,-0.8794438751008059,-144.96400074221447,-6.876080394473112,7.458420816759993,31.206969096906775,-18.548266136211424,"3.58","1.63",,,,"100.7",2735,"6.7",777056,666310,467793,682177,608070,677587,680757,682657,666134,"53.79",,,,,,,,74,2,"Cutter",6,3,3,6,3,6,3,6,"Strategic","Standard",169,"0.003","-0.049",,,,"0.049",,3,-3,0.983,0.017000000000000015,27,23,27,24,1,3,4,4,1,2,"1.41","-0.51","-0.51","48.3",,,,,
"SL","2025-07-22","88.7","-1.04","5.79","Clase, Emmanuel",691723,661403,,"ball",,,,,7,"Ball","R","R","R","CLE","BAL","B",,,0,0,2025,"0.49","-0.16","-0.68","1.49",,,,1,9,"Top",,,,,,,-0.1338533075865975,-129.26989559018764,-4.2118496742598985,5.54716461900198,25.14295691720642,-33.31009990409821,"3.57","1.57",,,,"89.6",2583,"6.6",777056,666310,467793,682177,608070,677587,680757,682657,666134,"53.86",,,,,,,,74,1,"Slider",6,3,3,6,3,6,3,6,"Strategic","Standard",62,"-0.002","0.039",,,,"-0.039",,3,-3,0.985,0.015000000000000013,27,23,27,24,1,3,4,4,1,2,"3.03","-0.49","-0.49","49.3",,,,,
"FC","2025-07-22","97.2","-1.14","5.77","Clase, Emmanuel",681297,661403,"strikeout","called_strike",,,,,7,"Colton Cowser called out on strikes.","R","L","R","CLE","BAL","S",2,,0,2,2025,"0.44","0.77","-0.45","2.04",,,,0,9,"Top",,,,,,,0.8352565636497041,-141.60466701892372,-6.349137292906598,5.828911616433091,29.76497707489223,-20.57772394769534,"3.25","1.53",,,,"98.3",2641,"6.6",777056,666310,467793,682177,608070,677587,680757,682657,666134,"53.86",,0,"0",1,0,0,,73,3,"Cutter",6,3,3,6,3,6,3,6,"Strategic","Standard",185,"0.012","-0.165",,,,"0.165",,3,-3,0.973,0.027000000000000024,27,25,27,25,1,3,4,1,1,1,"1.62","-0.44","0.44","43.6",,,,,
"FC","2025-07-22","98.7","-1.16","5.89","Clase, Emmanuel",681297,661403,,"swinging_strike",,,,,14,"Swinging Strike","R","L","R","CLE","BAL","S",,,0,1,2025,"0.5","0.99","1.07","1.96",,,,0,9,"Top",,,,,,,4.949774272556047,-143.59899522644847,-7.670332901491547,5.888844668524097,29.59792650614072,-16.93671731048147,"3.49","1.63",,,,"99.8",2724,"6.7",777056,666310,467793,682177,608070,677587,680757,682657,666134,"53.82",,,,,,,,73,2,"Cutter",6,3,3,6,3,6,3,6,"Standard","Standard",185,"0.004","-0.055","79.1","7.3",,"0.055",,3,-3,0.969,0.031000000000000028,27,25,27,25,1,3,4,1,1,1,"1.33","-0.5","0.5","43.8",16.98352929174499,-4.845128534604184,45.16443251138795,27.238264472361138,35.17912800088907
"FC","2025-07-22","99.4","-1.01","5.85","Clase, Emmanuel",681297,661403,,"called_strike",,,,,14,"Called Strike","R","L","R","CLE","BAL","S",,,0,0,2025,"0.34","0.98","0.09","1.38",,,,0,9,"Top",,,,,,,2.249759205667187,-144.68865661669605,-9.275565878948692,4.33173667168809,29.334241745735767,-16.558976995270672,"3.34","1.55",,,,"100.7",2615,"6.7",777056,666310,467793,682177,608070,677587,680757,682657,666134,"53.83",,,,,,,,73,1,"Cutter",6,3,3,6,3,6,3,6,"Standard","Standard",184,"0.003","-0.039",,,,"0.039",,3,-3,0.966,0.03400000000000003,27,25,27,25,1,3,4,1,1,1,"1.3","-0.34","0.34","46.0",,,,,
"SL","2025-07-18","90","-0.84","5.79","Clase, Emmanuel",570482,661403,"strikeout","swinging_strike_blocked",,,,,14,"Gio Urshela strikes out swinging.","R","R","R","CLE","ATH","S",2,,1,2,2025,"0.6","0.44","0.28","0.61",,609280,,2,9,"Top",,,,,,,1.5245076733303102,-130.9709993724238,-7.980798833824055,6.698603911523644,25.478966023136493,-25.67042024131083,"3.38","1.6",,,,"91.6",2517,"7.1",777105,666310,467793,669717,608070,677587,666134,682657,671286,"53.44",,0,"0",1,0,0,,74,5,"Slider",8,6,6,8,6,8,6,8,"Strategic","Strategic",82,"0.029","-0.208","62.3","8.7",,"0.208",,2,-2,0.971,0.029000000000000026,27,33,27,34,1,0,5,5,4,2,"2.35","-0.6","-0.6","54.6",29.901606535911395,-20.786698880046107,43.6095998690537,38.198572424877504,49.19106343106141
"SL","2025-07-18","91.2","-0.78","5.86","Clase, Emmanuel",570482,661403,,"foul",,,,,9,"Foul","R","R","R","CLE","ATH","S",,,1,2,2025,"0.51","0.58","0.4","2.04",,609280,,2,9,"Top",,,,,,,1.879815290355102,-132.75344062388376,-4.978934131243806,5.640870376931766,29.13890226653147,-24.503625386065966,"3.38","1.6",196,"72.1",42,"91.8",2433,"6.7",777105,666310,467793,669717,608070,677587,666134,682657,671286,"53.8",,,,,,,,74,4,"Slider",8,6,6,8,6,8,6,8,"Strategic","Strategic",89,"0","0","63.2","7.2",,"0","88.0",2,-2,0.971,0.029000000000000026,27,33,27,34,1,0,5,5,4,2,"2.17","-0.51","-0.51","58.5",5.245326204462051,6.790420996713739,35.719130003356796,40.562913746653116,33.13449422353691
"FC","2025-07-18","98.9","-1.07","5.83","Clase, Emmanuel",570482,661403,,"swinging_strike",,,,,14,"Swinging Strike","R","R","R","CLE","ATH","S",,,1,1,2025,"0.5","1.08","0.54","0.88",,609280,,2,9,"Top",,,,,,,3.2361826611347464,-143.74345117013127,-10.636604312118871,6.196077512875389,33.90422836275311,-14.92674484549832,"3.38","1.6",,,,"99.6",2595,"6.8",777105,666310,467793,669717,608070,677587,666134,682657,671286,"53.71",,,,,,,,74,3,"Cutter",8,6,6,8,6,8,6,8,"Strategic","Strategic",188,"0.008","-0.056","68.0","7.7",,"0.056",,2,-2,0.963,0.03700000000000003,27,33,27,34,1,0,5,5,4,2,"1.26","-0.5","-0.5","48.7",8.196360695576749,5.9708527662360815,42.99222324958927,43.38350705013805,25.65686670934445
"FC","2025-07-18","99.4","-0.69","5.97","Clase, Emmanuel",570482,661403,,"foul",,,,,13,"Foul","R","R","R","CLE","ATH","S",,,1,0,2025,"0.31","1.32","-0.48","1.25",,609280,,2,9,"Top",,,,,,,-0.14933082243442264,-144.56578286050538,-10.695376151505117,4.399250196658733,31.217846568874155,-11.46936118421971,"3.38","1.6",244,"85.5",20,"100.2",2591,"6.6",777105,666310,467793,669717,608070,677587,666134,682657,671286,"53.89",,,,,,,,74,2,"Cutter",8,6,6,8,6,8,6,8,"Strategic","Strategic",178,"0.006","-0.044","69.8","7.0",,"0.044","88.0",2,-2,0.957,0.04300000000000004,27,33,27,34,1,0,5,5,4,2,"0.98","-0.31","-0.31","54.3",-8.560872508689581,16.692103538385005,50.585543789122454,31.1516912908614,23.16913444583146
"FC","2025-07-18","99.8","-0.62","5.9","Clase, Emmanuel",570482,661403,,"ball",,,,,14,"Ball","R","R","R","CLE","ATH","B",,,0,0,2025,"0.49","1.15","0","1.21",,609280,,2,9,"Top",,,,,,,0.5599488915128096,-145.1413100699736,-10.325443105224615,6.7694023563515024,32.99900502904055,-13.757972358227832,"3.34","1.53",,,,"100.9",2693,"6.9",777105,666310,467793,669717,608070,677587,666134,682657,671286,"53.64",,,,,,,,74,1,"Cutter",8,6,6,8,6,8,6,8,"Strategic","Strategic",182,"-0.004","0.019",,,,"-0.019",,2,-2,0.961,0.039000000000000035,27,33,27,34,1,0,5,5,4,2,"1.14","-0.49","-0.49","51.2",,,,,
"FC","2025-07-18","99.4","-0.94","5.94","Clase, Emmanuel",691777,661403,"strikeout","swinging_strike",,,,,2,"Max Muncy strikes out swinging.","R","R","R","CLE","ATH","S",2,,2,2,2025,"0.38","1.17","0.22","3.54",,609280,,1,9,"Top",,,,,,,2.301042468779647,-144.69842860684489,-3.9592571901653373,4.71672458121521,34.595046192000346,-15.02779283363807,"3.46","1.56",,,,"100.5",2698,"6.9",777105,666310,467793,669717,608070,677587,666134,682657,671286,"53.58",,0,"0",1,0,0,,73,7,"Cutter",8,6,6,8,6,8,6,8,"Strategic","Strategic",181,"0.054","-0.227","68.3","6.2",,"0.227",,2,-2,0.907,0.09299999999999997,27,22,27,23,1,3,5,5,4,1,"1.14","-0.38","-0.38","53.2",-0.16392352486327647,15.243382448287354,22.246382451254714,37.273487901930245,19.76688693725078
"FC","2025-07-18","98.8","-0.84","5.92","Clase, Emmanuel",691777,661403,,"foul",,,,,9,"Foul","R","R","R","CLE","ATH","S",,,2,2,2025,"0.38","1.2","0.45","1.73",,609280,,1,9,"Top",,,,,,,2.6331233827853793,-143.77646971371834,-8.89960981009317,4.783230572927148,30.67295232447656,-13.690105480169722,"3.46","1.56",230,"79.5",33,"100.3",2577,"6.9",777105,666310,467793,669717,608070,677587,666134,682657,671286,"53.59",,,,,,,,73,6,"Cutter",8,6,6,8,6,8,6,8,"Strategic","Strategic",179,"0","0","73.1","7.5",,"0","88.0",2,-2,0.907,0.09299999999999997,27,22,27,23,1,3,5,5,4,1,"1.12","-0.38","-0.38","52.0",3.5887495529014615,-3.084129123367334,41.90766678480225,40.393902010975964,26.08696240000838
"SL","2025-07-18","90.9","-0.89","5.84","Clase, Emmanuel",691777,661403,,"blocked_ball",,,,,14,"Ball In Dirt","R","R","R","CLE","ATH","B",,,1,2,2025,"0.43","0.46","0.83","0.84",,609280,,1,9,"Top",,,,,,,3.4206446686785905,-132.15051722295922,-7.637408734874811,4.318976220115704,28.79314092032504,-25.394378873301527,"3.4","1.42",,,,"91.6",2510,"6.8",777105,666310,467793,669717,608070,677587,666134,682657,671286,"53.7",,,,,,,,73,5,"Slider",8,6,6,8,6,8,6,8,"Strategic","Strategic",85,"-0.009","0.026",,,,"-0.026",,2,-2,0.916,0.08399999999999996,27,22,27,23,1,3,5,5,4,1,"2.31","-0.43","-0.43","56.0",,,,,
"FC","2025-07-18","99.2","-0.76","5.93","Clase, Emmanuel",691777,661403,,"foul",,,,,8,"Foul","R","R","R","CLE","ATH","S",,,1,2,2025,"0.6","1.16","0.26","1.83",,609280,,1,9,"Top",,,,,,,1.3975032787676422,-144.39583218768468,-8.643276755727015,8.17553983608888,30.525830875201585,-14.229909503000613,"3.46","1.56",164,"81.4",13,"100.6",2701,"6.9",777105,666310,467793,669717,608070,677587,666134,682657,671286,"53.65",,,,,,,,73,4,"Cutter",8,6,6,8,6,8,6,8,"Strategic","Strategic",177,"0","0","75.7","7.4",,"0","88.0",2,-2,0.916,0.08399999999999996,27,22,27,23,1,3,5,5,4,1,"1.14","-0.6","-0.6","53.3",2.3487950708889653,-2.423279102910004,41.62114790625288,38.29438550108482,27.31387720022224
"FC","2025-07-18","98.4","-0.77","5.9","Clase, Emmanuel",691777,661403,,"swinging_strike",,,,,14,"Swinging Strike","R","R","R","CLE","ATH","S",,,1,1,2025,"0.52","1.01","1.22","1.08",,609280,,1,9,"Top",,,,,,,4.223634606277105,-143.0869585705195,-10.151742375247128,6.431998828511199,28.084570810786182,-16.261116757022386,"3.46","1.56",,,,"100.2",2657,"7",777105,666310,467793,669717,608070,677587,666134,682657,671286,"53.54",,,,,,,,73,3,"Cutter",8,6,6,8,6,8,6,8,"Strategic","Standard",187,"0.012","-0.061","37.2","5.5",,"0.061",,2,-2,0.904,0.09599999999999997,27,22,27,23,1,3,5,5,4,1,"1.32","-0.52","-0.52","52.2",-14.34258723642924,47.43076613722889,30.243857029209657,51.84524177322564,0.4149806863360901
"FC","2025-07-18","99","-0.79","5.88","Clase, Emmanuel",691777,661403,,"foul",,,,,7,"Foul","R","R","R","CLE","ATH","S",,,1,0,2025,"0.29","1.32","-0.42","2.07",,609280,,1,9,"Top",,,,,,,0.32253942304696415,-144.0053274397461,-8.137788861826072,3.960977866448562,32.04243414628407,-12.129024256972667,"3.46","1.56",140,"64.4",60,"100.1",2694,"6.8",777105,666310,467793,669717,608070,677587,666134,682657,671286,"53.7",,,,,,,,73,2,"Cutter",8,6,6,8,6,8,6,8,"Strategic","Standard",178,"0.01","-0.042","71.7","6.7",,"0.042","88.0",2,-2,0.894,0.10599999999999998,27,22,27,23,1,3,5,5,4,1,"1","-0.29","-0.29","50.9",-4.414863171892364,4.992698425343547,39.9233313862299,30.265902263647973,26.11344630546143
"FC","2025-07-18","99.6","-0.83","5.91","Clase, Emmanuel",691777,661403,,"ball",,,,,14,"Ball","R","R","R","CLE","ATH","B",,,0,0,2025,"0.36","0.96","1.03","1.14",,609280,,1,9,"Top",,,,,,,4.305546709544043,-144.74081510595036,-10.092811081622141,4.193678325361484,31.194137529800887,-16.547097807983974,"3.38","1.32",,,,"101",2622,"6.9",777105,666310,467793,669717,608070,677587,666134,682657,671286,"53.56",,,,,,,,73,1,"Cutter",8,6,6,8,6,8,6,8,"Strategic","Standard",181,"-0.007","0.028",,,,"-0.028",,2,-2,0.901,0.09899999999999998,27,22,27,23,1,3,5,5,4,1,"1.33","-0.36","-0.36","54.9",,,,,
"SL","2025-07-18","86","-0.97","5.86","Clase, Emmanuel",609280,661403,"double","hit_into_play",,,,,5,"Miguel Andujar doubles (8) on a line drive to left fielder Nolan Jones. Shea Langeliers scores.","R","R","R","CLE","ATH","X",7,"line_drive",2,1,2025,"0.67","0.06","0.21","2.42",,669127,,1,9,"Top",36.89,102.68,,,,,1.4530630974810481,-125.32659113815146,-2.1220595384097134,6.8731507121629765,22.211383781300995,-31.379604987902137,"3.39","1.61",292,"88.7",21,"87",2518,"6.6",777105,666310,467793,669717,608070,677587,666134,682657,671286,"53.91",0.357,0.392,"1.25",1,1,1,3,72,4,"Slider",8,5,5,8,6,8,6,8,"Strategic","Standard",49,"-0.053","0.798","71.1","8.2",0.541,"-0.798","88.7",3,-3,0.954,0.04600000000000004,27,30,27,30,1,3,5,6,4,1,"2.99","-0.67","-0.67","62.3",11.304222601808796,-16.019879319864064,21.5100476186368,42.275391583638594,42.22641169607152
"FC","2025-07-18","98.3","-0.97","5.87","Clase, Emmanuel",609280,661403,,"ball",,,,,14,"Ball","R","R","R","CLE","ATH","B",,,1,1,2025,"0.35","1.18","0.94","0.93",,669127,,1,9,"Top",,,,,,,4.4032016180182545,-142.9364630219267,-10.812148633067672,3.962192179098621,29.49792060617959,-13.751353289005372,"3.46","1.54",,,,"99.7",2690,"6.9",777105,666310,467793,669717,608070,677587,666134,682657,671286,"53.64",,,,,,,,72,3,"Cutter",8,5,5,8,5,8,5,8,"Standard","Standard",185,"-0.006","0.03",,,,"-0.03",,3,-3,0.96,0.040000000000000036,27,30,27,30,1,3,5,6,4,1,"1.16","-0.35","-0.35","49.9",,,,,
"SL","2025-07-18","86","-0.91","5.89","Clase, Emmanuel",609280,661403,,"ball",,,,,14,"Ball","R","R","R","CLE","ATH","B",,,0,1,2025,"0.59","-0.35","0.77","1.19",,669127,,1,9,"Top",,,,,,,2.8138454319552686,-125.2339112269147,-4.189512183404625,5.583659094489001,25.992369144653395,-35.209193522598206,"3.28","1.42",,,,"86.5",2564,"6.7",777105,666310,467793,669717,608070,677587,666134,682657,671286,"53.84",,,,,,,,72,2,"Slider",8,5,5,8,5,8,5,8,"Standard","Standard",61,"-0.003","0.025",,,,"-0.025",,3,-3,0.963,0.03700000000000003,27,30,27,30,1,3,5,6,4,1,"3.44","-0.59","-0.59","52.4",,,,,
"FC","2025-07-18","98.5","-0.97","5.94","Clase, Emmanuel",609280,661403,,"called_strike",,,,,5,"Called Strike","R","R","R","CLE","ATH","S",,,0,0,2025,"0.42","1.23","-0.19","2.69",,669127,,1,9,"Top",,,,,,,1.1651686867471946,-143.4941233383158,-6.298100423194142,5.515779553907887,32.06070846325521,-13.99879691582368,"3.39","1.42",,,,"99.6",2579,"6.8",777105,666310,467793,669717,608070,677587,666134,682657,671286,"53.74",,,,,,,,72,1,"Cutter",8,5,5,8,5,8,5,8,"Standard","Standard",184,"0.004","-0.038",,,,"0.038",,3,-3,0.959,0.041000000000000036,27,30,27,30,1,3,5,6,4,1,"1.11","-0.42","-0.42","50.5",,,,,
"FC","2025-07-13","97.9","-1.2","5.95","Clase, Emmanuel",672820,661403,"field_out","hit_into_play",,,,,13,"Lenyn Sosa grounds out, third baseman José Ramírez to first baseman Carlos Santana.","R","R","R","CWS","CLE","X",5,"ground_ball",2,2,2025,"0.12","0.89","-0.84","2.14",,805367,,2,10,"Bot",95.75,163.18,,,,,0.6931328261112766,-142.57258430497677,-6.951867301629201,1.5173327302941269,29.03150560321245,-18.747939739904265,"3.36","1.62",61,"81.3",3,"99.1",2516,"6.7",777120,666310,467793,682657,608070,682177,680757,666134,671286,"53.84",0.248,0.223,"0",1,0,0,2,79,7,"Cutter",5,6,5,6,6,5,5,6,"Strategic","Strategic",183,"-0.148","-0.219","73.4","7.4",0.276,"0.219","88.0",-1,-1,0.148,0.148,27,25,27,25,1,4,2,1,5,5,"1.47","-0.12","-0.12","46.3",13.938409167331109,0.5981302866767463,36.87128738163981,27.1820338909187,30.702437948078106
"FC","2025-07-13","99.8","-0.81","6.08","Clase, Emmanuel",672820,661403,,"foul",,,,,13,"Foul","R","R","R","CWS","CLE","S",,,2,2,2025,"0.46","1.1","-0.39","1.31",,805367,,2,10,"Bot",,,,,,,0.07338497297674537,-145.09969375946324,-10.475174083796636,6.506805089728234,30.347744094792617,-14.491280297224293,"3.36","1.62",75,"102",3,"101.2",2667,"6.9",777120,666310,467793,682657,608070,682177,680757,666134,671286,"53.64",,,,,,,,79,6,"Cutter",5,6,5,6,6,5,5,6,"Standard","Strategic",181,"0","0","72.4","7.1",,"0","102.0",-1,-1,0.148,0.148,27,25,27,25,1,4,2,1,5,5,"1.17","-0.46","-0.46","54.3",-18.839610743140284,12.875879714737213,54.25960235288225,32.908828956225406,12.385776304875558
"FC","2025-07-13","100.3","-1.03","6.02","Clase, Emmanuel",672820,661403,,"foul",,,,,4,"Foul","R","R","R","CWS","CLE","S",,,2,2,2025,"0.48","0.88","-0.36","2.17",,805367,,2,10,"Bot",,,,,,,0.7019119371706519,-145.97002251164758,-7.43508213160844,6.742139775313312,33.67362652232789,-18.073403567460954,"3.36","1.62",210,"79.4",20,"101.2",2649,"6.7",777120,666310,467793,682657,608070,682177,680757,666134,671286,"53.76",,,,,,,,79,5,"Cutter",5,6,5,6,6,5,5,6,"Strategic","Strategic",182,"0","0","72.9","6.5",,"0","88.0",-1,-1,0.148,0.148,27,25,27,25,1,4,2,1,5,5,"1.38","-0.48","-0.48","47.6",-13.346793099706689,13.206446276760774,42.647753591077716,32.42754617255544,21.70050122458676
"FC","2025-07-13","98.4","-1.12","6.01","Clase, Emmanuel",672820,661403,,"swinging_strike",,,,,5,"Swinging Strike","R","R","R","CWS","CLE","S",,,2,1,2025,"0.44","1.14","-0.19","2.34",,805367,,2,10,"Bot",,,,,,,1.5353994161577982,-143.25759489487447,-7.262434253390655,5.7137047298164,30.891303671274898,-15.001001236264985,"3.36","1.62",,,,"100",2636,"7",777120,666310,467793,682657,608070,682177,680757,666134,671286,"53.53",,,,,,,,79,4,"Cutter",5,6,5,6,6,5,5,6,"Strategic","Strategic",180,"-0.003","-0.064","75.3","7.2",,"0.064",,-1,-1,0.151,0.151,27,25,27,25,1,4,2,1,5,5,"1.2","-0.44","-0.44","48.9",4.035939272081786,17.433535571468777,36.0816023015266,36.658769945188894,24.49999195302545
"SL","2025-07-13","86.8","-0.85","5.99","Clase, Emmanuel",672820,661403,,"ball",,,,,14,"Ball","R","R","R","CWS","CLE","B",,,1,1,2025,"1","-0.19","1.18","1.22",,805367,,2,10,"Bot",,,,,,,2.824858605513471,-126.38713757848443,-4.817098913388,10.06664003022911,28.012961766114152,-33.34958491258216,"3.28","1.47",,,,"87.4",2497,"6.8",777120,666310,467793,682657,608070,682177,680757,666134,671286,"53.67",,,,,,,,79,3,"Slider",5,6,5,6,6,5,5,6,"Strategic","Strategic",61,"0.003","0.02",,,,"-0.02",,-1,-1,0.148,0.148,27,25,27,25,1,4,2,1,5,5,"3.23","-1","-1","52.6",,,,,
"SL","2025-07-13","87.8","-1.06","5.95","Clase, Emmanuel",672820,661403,,"ball",,,,,14,"Ball","R","R","R","CWS","CLE","B",,,0,1,2025,"0.76","-0.4","0.56","1.16",,805367,,2,10,"Bot",,,,,,,2.3673524838684368,-127.80329503824026,-4.704077509053829,7.80828287011731,26.022718680692535,-35.78369379895799,"3.37","1.49",,,,"88.9",2577,"6.9",777120,666310,467793,682657,608070,682177,680757,666134,671286,"53.6",,,,,,,,79,2,"Slider",5,6,5,6,6,5,5,6,"Strategic","Strategic",67,"0","0.015",,,,"-0.015",,-1,-1,0.148,0.148,27,25,27,25,1,4,2,1,5,5,"3.35","-0.76","-0.76","50.7",,,,,
"FC","2025-07-13","99.5","-0.89","6.07","Clase, Emmanuel",672820,661403,,"foul_tip",,,,,14,"Foul Tip","R","R","R","CWS","CLE","S",,,0,0,2025,"0.48","0.79","0.04","1.37",,805367,,2,10,"Bot",,,,,,,1.465103382972354,-144.73148375205997,-9.476186411965685,6.443974567731156,30.320046838552045,-19.21222738208817,"3.36","1.62",,,,"100.9",2658,"6.8",777120,666310,467793,682657,608070,682177,680757,666134,671286,"53.68",,,,,,,,79,1,"Cutter",5,6,5,6,6,5,5,6,"Standard","Strategic",177,"0","-0.04","77.3","7.5",,"0.04",,-1,-1,0.148,0.148,27,25,27,25,1,4,2,1,5,5,"1.5","-0.48","-0.48","47.6",1.6123172397967829,16.441689603047944,45.262368571306325,40.10134088833255,19.834147401678788
"SL","2025-07-13","89.7","-0.94","5.93","Clase, Emmanuel",691019,661403,"strikeout","swinging_strike_blocked",,,,,14,"Kyle Teel strikes out swinging, catcher Bo Naylor to first baseman Carlos Santana.","R","L","R","CWS","CLE","S",2,,0,2,2025,"0.69","0.29","0.75","0.99",,805367,,1,10,"Bot",,,,,,,2.7394456447679207,-130.4694108637006,-6.845318009523451,7.19720516912017,29.116869437356034,-27.543146911957592,"3.52","1.63",,,,"90.2",2565,"6.7",777120,666310,467793,682657,608070,682177,680757,666134,671286,"53.75",,0,"0",1,0,0,,78,3,"Slider",5,6,5,6,6,5,5,6,"Standard","Standard",64,"-0.092","-0.185","70.5","7.0",,"0.185",,-1,-1,0.24,0.24,27,23,27,23,1,0,2,1,5,6,"2.56","-0.69","0.69","49.9",5.325430723700787,3.9906352761492077,53.83076976847702,26.8291316713327,29.60868251817965
"FC","2025-07-13","98.3","-1.3","5.98","Clase, Emmanuel",691019,661403,,"foul_tip",,,,,2,"Foul Tip","R","L","R","CWS","CLE","S",,,0,1,2025,"0.35","0.95","-0.24","3.31",,805367,,1,10,"Bot",,,,,,,2.09043556255749,-143.16293028988864,-3.9950368353762915,4.2747677040636685,33.32651221475077,-18.409929101548943,"3.52","1.63",,,,"98.8",2621,"6.6",777120,666310,467793,682657,608070,682177,680757,666134,671286,"53.94",,,,,,,,78,2,"Cutter",5,6,5,6,6,5,5,6,"Standard","Standard",190,"-0.029","-0.052","58.4","4.5",,"0.052",,-1,-1,0.269,0.269,27,23,27,23,1,0,2,1,5,6,"1.41","-0.35","0.35","41.3",-22.128095615006853,52.22027645602524,40.30919602535909,38.322688694949036,3.4046840653850765
"FC","2025-07-13","99","-1.08","6.03","Clase, Emmanuel",691019,661403,,"called_strike",,,,,8,"Called Strike","R","L","R","CWS","CLE","S",,,0,0,2025,"0.46","0.8","-0.19","1.59",,805367,,1,10,"Bot",,,,,,,1.372163832547448,-144.0909803139028,-8.682407515291125,6.195514265924648,31.21148642914104,-19.2688050572782,"3.61","1.54",,,,"100",2655,"6.7",777120,666310,467793,682657,608070,682177,680757,666134,671286,"53.81",,,,,,,,78,1,"Cutter",5,6,5,6,6,5,5,6,"Standard","Standard",185,"-0.021","-0.038",,,,"0.038",,-1,-1,0.29,0.29,27,23,27,23,1,0,2,1,5,6,"1.51","-0.46","0.46","44.4",,,,,
"FC","2025-07-13","99.1","-1.25","6.05","Clase, Emmanuel",643565,661403,"field_out","hit_into_play",,,,,8,"Mike Tauchman flies out to left fielder Steven Kwan.","R","L","R","CWS","CLE","X",7,"fly_ball",3,2,2025,"0.39","0.9","0.02","2.16",,805367,,0,10,"Bot",55.43,131.82,,,,,2.570931609566019,-144.1529882780524,-7.342329049521974,4.827396370431062,35.24118062082608,-18.12163397169712,"3.53","1.67",242,"81.6",48,"99.6",2642,"6.7",777120,666310,467793,682657,608070,682177,680757,666134,671286,"53.81",0.023,0.021,"0",1,0,0,3,77,6,"Cutter",5,6,5,6,6,5,5,6,"Infield shade","Standard",192,"-0.168","-0.337","72.9","7.3",0.03,"0.337","88.0",-1,-1,0.458,0.458,27,34,27,35,1,1,2,1,5,6,"1.43","-0.39","0.39","44.0",12.672100832933104,6.16740897424571,37.43620754523543,36.760597996230516,29.279851753000024
"SL","2025-07-13","87.8","-1.09","5.92","Clase, Emmanuel",643565,661403,,"blocked_ball",,,,,14,"Ball In Dirt","R","L","R","CWS","CLE","B",,,2,2,2025,"0.62","0","0.38","0.99",,805367,,0,10,"Bot",,,,,,,2.3038700999972743,-127.91358833410533,-5.909018312817858,6.369753816250324,24.97378637012339,-31.20594828554242,"3.59","1.55",,,,"88.7",2512,"6.7",777120,666310,467793,682657,608070,682177,680757,666134,671286,"53.83",,,,,,,,77,5,"Slider",5,6,5,6,6,5,5,6,"Infield shade","Standard",65,"0.026","0.1",,,,"-0.1",,-1,-1,0.432,0.432,27,34,27,35,1,1,2,1,5,6,"2.94","-0.62","0.62","50.4",,,,,
"FC","2025-07-13","98.2","-1.08","5.98","Clase, Emmanuel",643565,661403,,"ball",,,,,14,"Ball","R","L","R","CWS","CLE","B",,,1,2,2025,"0.19","0.85","0.12","1.03",,805367,,0,10,"Bot",,,,,,,2.855686544964019,-142.7274715937026,-9.974919521556977,2.0073305643233175,31.67545824618397,-18.57133628580814,"3.62","1.58",,,,"99.3",2675,"6.9",777120,666310,467793,682657,608070,682177,680757,666134,671286,"53.63",,,,,,,,77,4,"Cutter",5,6,5,6,6,5,5,6,"Infield shade","Standard",189,"0.023","0.045",,,,"-0.045",,-1,-1,0.409,0.409,27,34,27,35,1,1,2,1,5,6,"1.52","-0.19","0.19","44.4",,,,,
"FC","2025-07-13","98.2","-1.25","5.94","Clase, Emmanuel",643565,661403,,"swinging_strike",,,,,14,"Swinging Strike","R","L","R","CWS","CLE","S",,,1,1,2025,"0.07","0.82","0.32","1.15",,805367,,0,10,"Bot",,,,,,,4.092884051931982,-142.7172962822815,-9.449965902955961,0.08194070363964305,32.12995079614027,-19.046235471377184,"3.53","1.67",,,,"98.9",2633,"6.7",777120,666310,467793,682657,608070,682177,680757,666134,671286,"53.81",,,,,,,,77,3,"Cutter",5,6,5,6,6,5,5,6,"Infield shade","Strategic",192,"-0.031","-0.08","74.1","7.5",,"0.08",,-1,-1,0.44,0.44,27,34,27,35,1,1,2,1,5,6,"1.55","-0.07","0.07","46.6",2.4962353951806024,1.5486526595338466,47.96395061975761,33.62967812422128,24.23252117340233
"FC","2025-07-13","98","-1.06","6","Clase, Emmanuel",643565,661403,,"called_strike",,,,,7,"Called Strike","R","L","R","CWS","CLE","S",,,1,0,2025,"0.22","1.15","-0.56","2",,805367,,0,10,"Bot",,,,,,,0.8667480479988896,-142.67406391219768,-8.084588329668794,2.792244424991078,30.358304646735082,-14.805458766556677,"3.68","1.59",,,,"99.2",2617,"6.7",777120,666310,467793,682657,608070,682177,680757,666134,671286,"53.76",,,,,,,,77,2,"Cutter",5,6,5,6,6,5,5,6,"Infield shade","Standard",185,"-0.015","-0.049",,,,"0.049",,-1,-1,0.455,0.455,27,34,27,35,1,1,2,1,5,6,"1.2","-0.22","0.22","44.9",,,,,
"FC","2025-07-13","98.7","-1.06","5.98","Clase, Emmanuel",643565,661403,,"ball",,,,,13,"Ball","R","L","R","CWS","CLE","B",,,0,0,2025,"-0.12","1.04","-1.22","1.82",,805367,,0,10,"Bot",,,,,,,-0.16040909577938925,-143.61976387491495,-8.376332183448959,-1.6344101434413374,31.808579884592717,-16.093907142339578,"3.69","1.6",,,,"99.7",2636,"6.7",777120,666310,467793,682657,608070,682177,680757,666134,671286,"53.76",,,,,,,,77,1,"Cutter",5,6,5,6,6,5,5,6,"Infield shade","Standard",189,"0.007","0.032",,,,"-0.032",,-1,-1,0.448,0.448,27,34,27,35,1,1,2,1,5,6,"1.29","0.12","-0.12","46.8",,,,,
"SL","2025-07-13","87.2","-1.04","5.98","Clase, Emmanuel",805367,661403,"strikeout","swinging_strike",,,,,13,"Chase Meidroth strikes out swinging.","R","R","R","CWS","CLE","S",2,,3,2,2025,"0.68","0.28","-0.09","1.27",,,,2,9,"Bot",,,,,,,0.9084481306057576,-127.06530511068223,-5.863203721991602,7.171069891605737,24.505739539586322,-28.176403450745322,"3.15","1.53",,,,"88.4",2458,"6.8",777120,666310,467793,682657,608070,677587,680757,666134,671286,"53.68",,0,"0",1,0,0,,72,6,"Slider",5,5,5,5,5,5,5,5,"Standard","Standard",51,"-0.04","-0.328","68.0","8.2",,"0.328",,0,0,0.54,0.54,27,23,27,24,1,4,2,1,5,5,"2.69","-0.68","-0.68","50.6",23.171921060457564,-36.65861445502722,33.993466664819415,36.79135479606704,49.80139838501623
"FC","2025-07-13","97.3","-1.12","6.06","Clase, Emmanuel",805367,661403,,"called_strike",,,,,4,"Called Strike","R","R","R","CWS","CLE","S",,,3,1,2025,"0.4","1.22","-0.38","1.87",,,,2,9,"Bot",,,,,,,1.0758246855812161,-141.54442349006956,-8.608309351603053,5.176974882909997,29.8863084377633,-14.100512614248775,"3.04","1.32",,,,"98.3",2738,"6.7",777120,666310,467793,682657,608070,677587,680757,666134,671286,"53.79",,,,,,,,72,5,"Cutter",5,5,5,5,5,5,5,5,"Standard","Standard",191,"-0.007","-0.086",,,,"0.086",,0,0,0.547,0.547,27,23,27,24,1,4,2,1,5,5,"1.18","-0.4","-0.4","49.6",,,,,
"FC","2025-07-13","98.2","-1.2","5.96","Clase, Emmanuel",805367,661403,,"called_strike",,,,,7,"Called Strike","R","R","R","CWS","CLE","S",,,3,0,2025,"0.35","1.18","-0.77","1.95",,,,2,9,"Bot",,,,,,,0.3504096510525295,-142.94326280541188,-8.262473881500542,4.775744898277772,29.388924407069293,-14.301213203094107,"3.26","1.53",,,,"99.6",2746,"6.8",777120,666310,467793,682657,608070,677587,680757,666134,671286,"53.68",,,,,,,,72,4,"Cutter",5,5,5,5,5,5,5,5,"Standard","Standard",176,"-0.005","-0.07",,,,"0.07",,0,0,0.552,0.552,27,23,27,24,1,4,2,1,5,5,"1.16","-0.35","-0.35","48.0",,,,,
"FC","2025-07-13","97.4","-1.18","5.97","Clase, Emmanuel",805367,661403,,"ball",,,,,13,"Ball","R","R","R","CWS","CLE","B",,,2,0,2025,"0.23","0.85","-1.55","1.45",,,,2,9,"Bot",,,,,,,-1.5490694048829448,-141.66750182346203,-8.641463164691753,3.5104994207831424,31.778744702126957,-18.92693039052197,"3.24","1.63",,,,"98.1",2588,"6.7",777120,666310,467793,682657,608070,677587,680757,666134,671286,"53.83",,,,,,,,72,3,"Cutter",5,5,5,5,5,5,5,5,"Standard","Standard",180,"0.008","0.121",,,,"-0.121",,0,0,0.544,0.544,27,23,27,24,1,4,2,1,5,5,"1.55","-0.23","-0.23","44.5",,,,,
"FC","2025-07-13","97.9","-1.18","6.09","Clase, Emmanuel",805367,661403,,"ball",,,,,11,"Ball","R","R","R","CWS","CLE","B",,,1,0,2025,"0.46","1.06","-1.74","2.6",,,,2,9,"Bot",,,,,,,-2.5827741944890734,-142.64118721708098,-6.455782412647084,6.8177189646145395,29.537029748149234,-16.47810581462585,"3.36","1.58",,,,"98.8",2764,"6.5",777120,666310,467793,682657,608070,677587,680757,666134,671286,"54.02",,,,,,,,72,2,"Cutter",5,5,5,5,5,5,5,5,"Standard","Standard",182,"0.005","0.065",,,,"-0.065",,0,0,0.539,0.539,27,23,27,24,1,4,2,1,5,5,"1.3","-0.46","-0.46","46.7",,,,,
"FC","2025-07-13","98.6","-1.02","6.1","Clase, Emmanuel",805367,661403,,"ball",,,,,11,"Ball","R","R","R","CWS","CLE","B",,,0,0,2025,"0.24","0.86","-1.48","3.3",,,,2,9,"Bot",,,,,,,-1.830202809277928,-143.55447541271627,-4.216237924116003,3.6920100511606178,33.221041552574974,-19.473389398182025,"3.3","1.54",,,,"99.5",2664,"6.8",777120,666310,467793,682657,608070,677587,680757,666134,671286,"53.72",,,,,,,,72,1,"Cutter",5,5,5,5,5,5,5,5,"Standard","Standard",178,"0.003","0.037",,,,"-0.037",,0,0,0.536,0.536,27,23,27,24,1,4,2,1,5,5,"1.48","-0.24","-0.24","48.5",,,,,
"SL","2025-07-13","87.4","-1.06","6.01","Clase, Emmanuel",572191,661403,"field_out","hit_into_play",,,,,6,"Michael A. Taylor flies out to left fielder Steven Kwan.","R","R","R","CWS","CLE","X",7,"fly_ball",0,1,2025,"0.84","0.31","0.59","2.53",,,,1,9,"Bot",68.08,92.81,,,,,2.2758355300153665,-127.46399226685486,-3.0145734175047756,8.838077902771216,23.177190577782508,-28.36597139138196,"3.58","1.67",299,"85.7",38,"88.7",2502,"6.7",777120,666310,467793,682657,608070,677587,680757,666134,671286,"53.76",0.01,0.013,"0",1,0,0,3,71,2,"Slider",5,5,5,5,5,5,5,5,"Standard","Standard",64,"-0.039","-0.215","74.6","7.6",0.019,"0.215","88.0",0,0,0.575,0.575,27,34,27,34,1,3,2,2,5,5,"2.63","-0.84","-0.84","51.9",20.78897168691657,-7.74051816444514,26.71349899703363,44.48807634403876,37.63801399453652
"SL","2025-07-13","86.7","-1.03","5.97","Clase, Emmanuel",572191,661403,,"swinging_strike",,,,,14,"Swinging Strike","R","R","R","CWS","CLE","S",,,0,0,2025,"0.76","-0.11","0.99","1.54",,,,1,9,"Bot",,,,,,,3.320669725267871,-126.27046354810233,-4.27217788865848,7.565015420938288,24.21841426493694,-32.7032096510793,"3.58","1.67",,,,"87.8",2508,"6.8",777120,666310,467793,682657,608070,677587,680757,666134,671286,"53.73",,,,,,,,71,1,"Slider",5,5,5,5,5,5,5,5,"Standard","Standard",58,"-0.007","-0.039","68.0","8.5",,"0.039",,0,0,0.582,0.582,27,34,27,34,1,3,2,2,5,5,"3.12","-0.76","-0.76","53.5",24.45645729228761,-29.232032848497564,30.999708469164286,49.5941439935648,47.499351015085665
"FC","2025-07-13","97.5","-1.06","6.2","Clase, Emmanuel",695657,661403,"field_out","hit_into_play",,,,,6,"Colson Montgomery grounds out softly, pitcher Emmanuel Clase to first baseman Carlos Santana.","R","L","R","CWS","CLE","X",1,"ground_ball",0,1,2025,"0.51","0.77","0.62","2.73",,,,0,9,"Bot",129.49,174.21,,,,,3.3331436857690147,-142.0724021315755,-5.663977731294213,6.332173590677657,29.482992833195205,-20.718957046236667,"3.61","1.7",37,"56.7",2,"98.4",2635,"6.5",777120,666310,467793,682657,608070,677587,680757,666134,671286,"53.98",0.089,0.077,"0",1,0,0,1,70,2,"Cutter",5,5,5,5,5,5,5,5,"Standard","Strategic",186,"-0.048","-0.22","74.9","7.0",0.09,"0.22","88.0",0,0,0.63,0.63,27,23,27,23,1,3,2,1,5,5,"1.61","-0.51","0.51","45.7",1.5728699102616208,10.66093675285419,36.006631753162175,31.083350778431093,22.256946992438642
"FC","2025-07-13","97.2","-1.27","5.92","Clase, Emmanuel",695657,661403,,"swinging_strike",,,,,14,"Swinging Strike","R","L","R","CWS","CLE","S",,,0,0,2025,"0.4","0.8","0.27","1.46",,,,0,9,"Bot",,,,,,,3.239993236741418,-141.36979884191587,-8.325309378511692,4.614737842808529,31.935452125696113,-19.693055043214073,"3.61","1.7",,,,"98",2603,"6.7",777120,666310,467793,682657,608070,677587,680757,666134,671286,"53.78",,,,,,,,70,1,"Cutter",5,5,5,5,5,5,5,5,"Standard","Strategic",184,"-0.009","-0.039","79.6","8.1",,"0.039",,0,0,0.639,0.639,27,23,27,23,1,3,2,1,5,5,"1.61","-0.4","0.4","44.1",7.2239474226167,3.877557612152734,38.56733831887163,35.884696928514,26.150416789548288
"FC","2025-07-11","97.7","-1.11","6.04","Clase, Emmanuel",700337,661403,"field_out","hit_into_play",,,,,5,"Edgar Quero grounds out, second baseman Daniel Schneemann to first baseman Carlos Santana.","R","L","R","CWS","CLE","X",4,"ground_ball",3,1,2025,"0.16","0.96","0.28","2.37",,805367,,2,9,"Bot",150.8,154.22,,,,,3.3816378888865333,-142.28523193503395,-6.714056857919218,1.4644278985170944,28.547412193623163,-17.82410803412387,"3.26","1.53",16,"99.5",-7,"98.8",2593,"6.6",777164,595978,467793,682177,608070,677587,680757,682657,666134,"53.9",0.261,0.196,"0",1,0,0,2,64,5,"Cutter",2,4,2,4,4,2,2,4,"Standard","Standard",186,"-0.069","-0.338","71.1","6.6",0.277,"0.338","99.5",-2,-2,0.069,0.069,27,22,27,22,1,3,3,2,2,0,"1.4","-0.16","0.16","46.1",4.275654471886214,13.651341006006268,34.89037941256562,34.56646360763781,25.19326571458471
"FC","2025-07-11","98.1","-1.12","5.97","Clase, Emmanuel",700337,661403,,"called_strike",,,,,8,"Called Strike","R","L","R","CWS","CLE","S",,,3,0,2025,"0.39","0.92","0.19","1.7",,805367,,2,9,"Bot",,,,,,,2.6759842193422543,-142.74991847351734,-8.3021888892645,4.7838128895426735,29.189467880863127,-17.974279267921613,"3.18","1.55",,,,"99.2",2612,"6.6",777164,595978,467793,682177,608070,677587,680757,682657,666134,"53.86",,,,,,,,64,4,"Cutter",2,4,2,4,4,2,2,4,"Standard","Standard",186,"-0.009","-0.037",,,,"0.037",,-2,-2,0.078,0.078,27,22,27,22,1,3,3,2,2,0,"1.43","-0.39","0.39","50.8",,,,,
"FC","2025-07-11","97.3","-1.13","5.94","Clase, Emmanuel",700337,661403,,"ball",,,,,14,"Ball","R","L","R","CWS","CLE","B",,,2,0,2025,"0.35","0.79","0.92","0.9",,,805367,2,9,"Bot",,,,,,,4.7494862156503315,-141.52263130044736,-9.924848807405958,3.7690190019435987,27.714507923733493,-19.705567180794915,"3.44","1.64",,,,"98.5",2622,"6.7",777164,595978,467793,682177,608070,677587,680757,682657,666134,"53.82",,,,,,,,64,3,"Cutter",2,4,2,4,4,2,2,4,"Infield shade","Standard",184,"0.017","0.083",,,,"-0.083",,-2,-2,0.061,0.061,27,22,27,22,1,3,3,2,2,0,"1.6","-0.35","0.35","45.9",,,,,
"FC","2025-07-11","98.2","-1.19","5.92","Clase, Emmanuel",700337,661403,,"ball",,,,,14,"Ball","R","L","R","CWS","CLE","B",,,1,0,2025,"-0.05","1.05","1.04","1.64",,,805367,2,9,"Bot",,,,,,,6.203641016885607,-142.86616675089653,-8.65778356949802,-1.9921178121842211,29.43170658851911,-16.013911576977076,"3.2","1.54",,,,"99.3",2558,"6.7",777164,595978,467793,682177,608070,677587,680757,682657,666134,"53.82",,,,,,,,64,2,"Cutter",2,4,2,4,4,2,2,4,"Infield shade","Standard",186,"0.01","0.048",,,,"-0.048",,-2,-2,0.051,0.051,27,22,27,22,1,3,3,2,2,0,"1.29","0.05","-0.05","46.5",,,,,
"FC","2025-07-11","97.7","-1.06","5.94","Clase, Emmanuel",700337,661403,,"ball",,,,,14,"Ball","R","L","R","CWS","CLE","B",,,0,0,2025,"0.09","0.89","1.18","1.94",,,805367,2,9,"Bot",,,,,,,5.872896353043469,-142.18069135434342,-7.375831798342255,-0.05795481032696389,30.84433271301437,-18.67188997337936,"3.26","1.55",,,,"98.6",2624,"6.6",777164,595978,467793,682177,608070,677587,680757,682657,666134,"53.86",,,,,,,,64,1,"Cutter",2,4,2,4,4,2,2,4,"Standard","Standard",184,"0.005","0.035",,,,"-0.035",,-2,-2,0.046,0.046,27,22,27,22,1,3,3,2,2,0,"1.49","-0.09","0.09","45.6",,,,,
"FC","2025-07-11","97.1","-1.05","6.04","Clase, Emmanuel",678246,661403,"field_out","hit_into_play",,,,,5,"Miguel Vargas pops out to first baseman Carlos Santana.","R","R","R","CWS","CLE","X",3,"popup",0,0,2025,"0.29","0.87","0.14","2.35",,,805367,1,9,"Bot",152.32,162.83,,,,,2.5355004680754885,-141.43962200843438,-6.417000313056027,3.355897109126984,30.620298149036213,-19.21333503579866,"3.44","1.63",115,"89.6",63,"97.9",2466,"6.6",777164,595978,467793,682177,608070,677587,680757,682657,666134,"53.9",0.013,0.011,"0",1,0,0,3,63,1,"Cutter",2,4,2,4,4,2,2,4,"Standard","Standard",171,"-0.066","-0.256","73.4","7.8",0.013,"0.256","89.6",-2,-2,0.112,0.112,27,25,27,26,1,3,3,2,2,0,"1.53","-0.29","-0.29","50.9",13.719523144886494,-6.732274627112989,36.568379491985546,38.00508562623881,39.32808046882775
"FC","2025-07-11","95.4","-1.28","5.87","Clase, Emmanuel",668942,661403,"field_out","hit_into_play",,,,,9,"Josh Rojas flies out to left fielder Steven Kwan.","R","L","R","CWS","CLE","X",7,"fly_ball",0,1,2025,"0.38","1.19","0.39","1.93",,,805367,0,9,"Bot",70.98,106.93,,,,,3.536569693193038,-138.8769374115044,-7.555673806219132,4.327940392761889,26.87371400420963,-15.351082918101653,"3.49","1.68",268,"89",49,"96.7",2621,"6.7",777164,595978,467793,682177,608070,677587,680757,682657,666134,"53.78",0.008,0.012,"0",1,0,0,3,62,2,"Cutter",2,4,2,4,4,2,2,4,"Standard","Standard",185,"-0.068","-0.199",,,0.019,"0.199","89.0",-2,-2,0.18,0.18,27,31,27,31,1,0,3,3,2,0,"1.29","-0.38","0.38","42.2",,,,,
"FC","2025-07-11","96.3","-1.33","5.91","Clase, Emmanuel",668942,661403,,"called_strike",,,,,1,"Called Strike","R","L","R","CWS","CLE","S",,,0,0,2025,"0.19","0.96","-0.74","3.09",,,805367,0,9,"Bot",,,,,,,1.1368638778892357,-140.28493194471469,-4.1319014303195045,2.2058904279345724,31.52776938532036,-18.757410172367358,"3.45","1.67",,,,"96.8",2607,"6.5",777164,595978,467793,682177,608070,677587,680757,682657,666134,"53.98",,,,,,,,62,1,"Cutter",2,4,2,4,4,2,2,4,"Standard","Standard",186,"-0.012","-0.043",,,,"0.043",,-2,-2,0.192,0.192,27,31,27,31,1,0,3,3,2,0,"1.49","-0.19","0.19","42.1",,,,,
"FC","2025-07-11","95.2","-1.22","5.95","Clase, Emmanuel",805367,661403,"single","hit_into_play",,,,,1,"Chase Meidroth singles on a ground ball to right fielder Nolan Jones.","R","R","R","CWS","CLE","X",9,"ground_ball",0,1,2025,"0.02","0.88","-0.56","2.81",,,,0,9,"Bot",142.44,162.08,,,,,1.6842460937911654,-138.74886185506287,-4.634640646657834,-0.047673347003816015,29.50089429808983,-20.03260016543651,"3.14","1.51",64,"89.2",2,"95.9",2540,"6.5",777164,595978,467793,682177,608070,677587,680757,682657,666134,"54",0.377,0.334,"0.9",1,1,0,2,61,2,"Cutter",2,4,2,4,4,2,2,4,"Standard","Strategic",170,"0.104","0.477","62.7","5.5",0.445,"-0.477","89.2",-2,-2,0.088,0.088,27,23,27,24,1,3,3,2,2,0,"1.62","-0.02","-0.02","48.3",-3.8519279044686616,19.833389645560924,32.60284265069161,31.992646682310493,19.039289177690062
"FC","2025-07-11","95.6","-1.33","5.97","Clase, Emmanuel",805367,661403,,"called_strike",,,,,2,"Called Strike","R","R","R","CWS","CLE","S",,,0,0,2025,"0.41","0.86","0","2.66",,,,0,9,"Bot",,,,,,,2.571867653702909,-139.19445434198215,-5.119646632312546,4.83970679388331,28.764299397652636,-20.053513631124662,"3.06","1.59",,,,"96.4",2539,"6.6",777164,595978,467793,682177,608070,677587,680757,682657,666134,"53.95",,,,,,,,61,1,"Cutter",2,4,2,4,4,2,2,4,"Standard","Strategic",178,"-0.007","-0.039",,,,"0.039",,-2,-2,0.095,0.095,27,23,27,24,1,3,3,2,2,0,"1.61","-0.41","-0.41","43.9",,,,,
"FC","2025-07-08","98.4","-1.03","6.14","Clase, Emmanuel",701358,661403,"strikeout","swinging_strike",,,,,14,"Cam Smith strikes out swinging.","R","R","R","HOU","CLE","S",2,,2,2,2025,"0.51","0.58","1.34","1.63",,670097,,2,10,"Bot",,,,,,,5.276056429814024,-143.06204204657104,-8.170912700042562,5.786023017589005,34.0446188051847,-22.44932401170464,"3.41","1.59",,,,"98.8",2706,"6.7",777192,595978,467793,682657,669717,677587,678877,680757,671286,"53.84",,0,"0",1,0,0,,90,6,"Cutter",6,10,6,10,10,6,6,10,"Strategic","Strategic",180,"-0.005","-0.22","73.5","7.5",,"0.22",,-4,-4,0.005,0.005,27,22,27,22,1,5,1,1,3,1,"1.78","-0.51","-0.51","48.3",1.5648720262057063,3.283617670717864,36.6088784388786,56.636100119873916,20.479600839514262
"SL","2025-07-08","84.4","-0.74","6.03","Clase, Emmanuel",701358,661403,,"foul",,,,,14,"Foul","R","R","R","HOU","CLE","S",,,2,2,2025,"0.48","-0.31","0.47","1.21",,670097,,2,10,"Bot",,,,,,,1.8642935756094712,-122.71394993710105,-4.092769833098956,4.385788320841561,29.06756616913561,-34.5638063230873,"3.41","1.59",4,"50.5",-16,"84.3",2549,"6.7",777192,595978,467793,682657,669717,677587,678877,680757,671286,"53.8",,,,,,,,90,5,"Slider",6,10,6,10,10,6,6,10,"Strategic","Strategic",63,"0","0","26.6","6.9",,"0","88.0",-4,-4,0.005,0.005,27,22,27,22,1,5,1,1,3,1,"3.57","-0.48","-0.48","55.9",-4.9357022909212676,10.999714106589385,39.578877822270805,46.89474795761123,22.35952329839978
"FC","2025-07-08","97.1","-0.97","6.05","Clase, Emmanuel",701358,661403,,"called_strike",,,,,4,"Called Strike","R","R","R","HOU","CLE","S",,,2,1,2025,"0.58","1.1","-0.8","2.34",,670097,,2,10,"Bot",,,,,,,-0.8802860214885987,-141.23896472992274,-6.9230867269281156,7.998737360114681,34.10142233582177,-16.022403542921985,"3.31","1.59",,,,"97.4",2628,"6.6",777192,595978,467793,682657,669717,677587,678877,680757,671286,"53.88",,,,,,,,90,4,"Cutter",6,10,6,10,10,6,6,10,"Strategic","Strategic",182,"-0.001","-0.064",,,,"0.064",,-4,-4,0.006,0.006,27,22,27,22,1,5,1,1,3,1,"1.33","-0.58","-0.58","53.6",,,,,
"FC","2025-07-08","96.8","-0.68","6.09","Clase, Emmanuel",701358,661403,,"swinging_strike",,,,,3,"Swinging Strike","R","R","R","HOU","CLE","S",,,2,0,2025,"0.67","0.89","0.54","3.1",,670097,,2,10,"Bot",,,,,,,1.7558695578698111,-140.86017237257335,-4.446201850448018,8.364619862403313,34.861564446155505,-19.549993139779797,"3.41","1.59",,,,"97.1",2619,"6.7",777192,595978,467793,682657,669717,677587,678877,680757,671286,"53.85",,,,,,,,90,3,"Cutter",6,10,6,10,10,6,6,10,"Strategic","Strategic",174,"-0.002","-0.051","73.1","7.1",,"0.051",,-4,-4,0.008,0.008,27,22,27,22,1,5,1,1,3,1,"1.56","-0.67","-0.67","50.9",8.10775624047818,-3.1763500839091003,31.544721995875474,46.50203858027423,33.22208699854023
"SL","2025-07-08","83","-0.85","6.12","Clase, Emmanuel",701358,661403,,"ball",,,,,11,"Ball","R","R","R","HOU","CLE","B",,,1,0,2025,"0.92","-0.31","-0.91","3.58",,670097,,2,10,"Bot",,,,,,,-1.9433523695265513,-120.81721996327013,1.3843014780620675,9.32965082688817,27.266368325826384,-35.76471899137381,"3.4","1.64",,,,"83",2499,"6.6",777192,595978,467793,682657,669717,677587,678877,680757,671286,"53.85",,,,,,,,90,2,"Slider",6,10,6,10,10,6,6,10,"Standard","Strategic",53,"0.002","0.028",,,,"-0.028",,-4,-4,0.006,0.006,27,22,27,22,1,5,1,1,3,1,"3.66","-0.92","-0.92","55.3",,,,,
"FC","2025-07-08","100.1","-0.89","6.12","Clase, Emmanuel",701358,661403,,"ball",,,,,14,"Ball","R","R","R","HOU","CLE","B",,,0,0,2025,"0.55","1.01","0.62","1.04",,670097,,2,10,"Bot",,,,,,,2.8699705627375565,-145.32328848225038,-11.037597177315602,7.053883972736347,37.25540748390305,-15.28739804468547,"3.46","1.63",,,,"100.3",2697,"6.8",777192,595978,467793,682657,669717,677587,678877,680757,671286,"53.75",,,,,,,,90,1,"Cutter",6,10,6,10,10,6,6,10,"Standard","Strategic",179,"0.001","0.019",,,,"-0.019",,-4,-4,0.005,0.005,27,22,27,22,1,5,1,1,3,1,"1.29","-0.55","-0.55","48.8",,,,,
"SL","2025-07-08","86","-0.84","6.04","Clase, Emmanuel",694376,661403,"field_out","hit_into_play",,,,,5,"Shay Whitcomb grounds out, third baseman Will Wilson to first baseman Carlos Santana.","R","R","R","HOU","CLE","X",5,"ground_ball",3,2,2025,"0.75","-0.19","0.15","2.69",,670097,,1,10,"Bot",97.52,166.79,,,,,0.8435654899124052,-125.23015381956667,-1.2701837211835854,7.623832366166173,27.00307768160384,-34.16867124715073,"3.23","1.56",27,"102.1",-5,"86.2",2487,"6.5",777192,595978,467793,682657,669717,677587,678877,680757,671286,"53.99",0.37,0.349,"0",1,0,0,2,89,6,"Slider",6,10,6,10,10,6,6,10,"Standard","Strategic",57,"-0.02","-0.279","76.8","8.0",0.412,"0.279","102.1",-4,-4,0.025,0.025,27,26,27,27,1,0,1,4,3,1,"3.29","-0.75","-0.75","56.2",10.517202414571296,-17.06594820170538,24.367816159077506,38.73382202508219,40.251387801904876
"SL","2025-07-08","88.7","-0.95","6.05","Clase, Emmanuel",694376,661403,,"blocked_ball",,,,,13,"Ball In Dirt","R","R","R","HOU","CLE","B",,,2,2,2025,"0.59","-0.38","-0.03","0.35",,670097,,1,10,"Bot",,,,,,,1.037681007411956,-128.9907842851432,-7.091800440539577,6.298553762608694,29.211928794019816,-34.96531799799604,"3.26","1.58",,,,"89.1",2584,"6.8",777192,595978,467793,682657,669717,677587,678877,680757,671286,"53.75",,,,,,,,89,5,"Slider",6,10,6,10,10,6,6,10,"Strategic","Strategic",57,"0.006","0.068",,,,"-0.068",,-4,-4,0.019,0.019,27,26,27,27,1,0,1,4,3,1,"3.3","-0.59","-0.59","51.6",,,,,
"SL","2025-07-08","86.4","-0.96","6.04","Clase, Emmanuel",694376,661403,,"swinging_strike",,,,,14,"Swinging Strike","R","R","R","HOU","CLE","S",,,2,1,2025,"0.61","-0.38","0.71","1.02",,670097,,1,10,"Bot",,,,,,,2.745470204690292,-125.75499163604516,-4.898762676042637,5.75390185629967,28.517909190788995,-35.345817292762305,"3.23","1.56",,,,"86.2",2535,"6.4",777192,595978,467793,682657,669717,677587,678877,680757,671286,"54.09",,,,,,,,89,4,"Slider",6,10,6,10,10,6,6,10,"Standard","Strategic",63,"-0.005","-0.065","72.4","9.1",,"0.065",,-4,-4,0.024,0.024,27,26,27,27,1,0,1,4,3,1,"3.47","-0.61","-0.61","54.8",19.22732795070333,-27.36729421839502,32.139940465463035,46.099455436441005,44.88979991349166
"FC","2025-07-08","96.9","-0.92","6.09","Clase, Emmanuel",694376,661403,,"foul",,,,,2,"Foul","R","R","R","HOU","CLE","S",,,2,0,2025,"0.44","1.05","0.14","3.04",,670097,,1,10,"Bot",,,,,,,1.8305931903322108,-141.00125657319288,-5.013924097445188,5.39025785169856,33.87649684435961,-17.18591966474851,"3.23","1.56",,,,"97.2",2581,"6.6",777192,595978,467793,682657,669717,677587,678877,680757,671286,"53.91",,,,,,,,89,3,"Cutter",6,10,6,10,10,6,6,10,"Standard","Strategic",179,"-0.005","-0.058","78.9","7.5",,"0.058",,-4,-4,0.029,0.029,27,26,27,27,1,0,1,4,3,1,"1.38","-0.44","-0.44","50.3",8.16472123271157,0.928788996018155,22.2875102965507,39.53723451555828,31.0156916194749
"FC","2025-07-08","98.5","-1.11","6.13","Clase, Emmanuel",694376,661403,,"ball",,,,,11,"Ball","R","R","R","HOU","CLE","B",,,1,0,2025,"0.5","1.24","-0.81","4.51",,670097,,1,10,"Bot",,,,,,,-0.3455898920560164,-143.40670368947468,-1.7862943809269223,6.931146804355259,36.78058368445865,-15.036020958788091,"3.34","1.61",,,,"98.4",2559,"6.5",777192,595978,467793,682657,669717,677587,678877,680757,671286,"54.04",,,,,,,,89,2,"Cutter",6,10,6,10,10,6,6,10,"Standard","Strategic",177,"0.005","0.046",,,,"-0.046",,-4,-4,0.024,0.024,27,26,27,27,1,0,1,4,3,1,"1.13","-0.5","-0.5","48.9",,,,,
"SL","2025-07-08","84.5","-1.13","6","Clase, Emmanuel",694376,661403,,"ball",,,,,13,"Ball","R","R","R","HOU","CLE","B",,,0,0,2025,"0.67","-0.08","-1.06","1.67",,670097,,1,10,"Bot",,,,,,,-1.1705309250193012,-123.01849702323653,-3.479091511434853,6.964662050541604,28.108998448122335,-32.46322770524547,"3.32","1.62",,,,"84.2",2497,"6.4",777192,595978,467793,682657,669717,677587,678877,680757,671286,"54.1",,,,,,,,89,1,"Slider",6,10,6,10,10,6,6,10,"Standard","Strategic",58,"0.003","0.028",,,,"-0.028",,-4,-4,0.021,0.021,27,26,27,27,1,0,1,4,3,1,"3.31","-0.67","-0.67","52.6",,,,,
"FC","2025-07-08","99.2","-1.05","6.02","Clase, Emmanuel",666211,661403,"field_out","hit_into_play",,,,,6,"Taylor Trammell flies out to center fielder Steven Kwan.","R","L","R","HOU","CLE","X",8,"fly_ball",1,1,2025,"0.4","1.32","0.46","2.43",,670097,,0,10,"Bot",99.44,67.45,,,,,3.2214155897519476,-144.25770397216553,-7.43499380012599,4.6805789166500364,36.393727458825715,-12.262276655646243,"3.67","1.75",333,"92.8",31,"99.1",2680,"6.4",777192,595978,467793,682657,669717,677587,678877,680757,671286,"54.05",0.119,0.209,"0",1,0,0,3,88,3,"Cutter",6,10,6,10,10,6,6,10,"Standard","Strategic",181,"-0.024","-0.272","73.2","7.5",0.371,"0.272","92.8",-4,-4,0.045,0.045,27,27,27,28,1,4,1,1,3,1,"1.02","-0.4","0.4","46.5",11.53580587093169,6.229718883886673,31.215366862669786,31.06986110087678,26.021695510223534
"FC","2025-07-08","99.1","-1.14","6","Clase, Emmanuel",666211,661403,,"ball",,,,,14,"Ball","R","L","R","HOU","CLE","B",,,0,1,2025,"0.36","0.98","0.52","0.92",,670097,,0,10,"Bot",,,,,,,3.7137696895045544,-143.9430788120048,-10.718515873693034,3.990063494555042,36.61798416806228,-16.138349450155978,"3.52","1.75",,,,"98.9",2708,"6.5",777192,595978,467793,682657,669717,677587,678877,680757,671286,"53.98",,,,,,,,88,2,"Cutter",6,10,6,10,10,6,6,10,"Standard","Strategic",178,"0.003","0.026",,,,"-0.026",,-4,-4,0.042,0.042,27,27,27,28,1,4,1,1,3,1,"1.37","-0.36","0.36","47.0",,,,,
"FC","2025-07-08","98.1","-1.04","6.06","Clase, Emmanuel",666211,661403,,"called_strike",,,,,9,"Called Strike","R","L","R","HOU","CLE","S",,,0,0,2025,"0.34","1.01","0.38","1.84",,670097,,0,10,"Bot",,,,,,,3.0738173035420444,-142.55890136529683,-8.227253075472817,3.756787033836295,36.14424570360003,-16.598161003169555,"3.61","1.86",,,,"98",2669,"6.6",777192,595978,467793,682657,669717,677587,678877,680757,671286,"53.93",,,,,,,,88,1,"Cutter",6,10,6,10,10,6,6,10,"Standard","Strategic",177,"-0.004","-0.043",,,,"0.043",,-4,-4,0.046,0.046,27,27,27,28,1,4,1,1,3,1,"1.38","-0.34","0.34","45.4",,,,,
"FC","2025-07-07","99.5","-0.84","6.09","Clase, Emmanuel",666211,661403,"field_out","hit_into_play",,,,,9,"Taylor Trammell grounds out, second baseman Daniel Schneemann to first baseman Carlos Santana.","R","L","R","HOU","CLE","X",4,"ground_ball",1,0,2025,"0.25","1.42","0.48","1.95",,,,2,9,"Bot",146.44,150.57,,,,,3.0527237899802158,-144.56253383501686,-9.264391292306795,2.7673601126865583,36.26353037645365,-10.296700962142166,"3.65","1.73",4,"69.4",-25,"99.7",2692,"6.6",777202,595978,467793,682177,608070,677587,680757,682657,678877,"53.86",0.043,0.047,"0",1,0,0,2,73,2,"Cutter",5,7,5,7,7,5,5,7,"Standard","Strategic",184,"-0.018","-0.297","74.8","7.5",0.048,"0.297","88.0",-2,-2,0.018,0.018,27,27,27,28,1,3,1,1,1,1,"0.91","-0.25","0.25","50.4",10.399487388737997,4.232707161051014,35.196860252315496,30.920284028911333,25.746127873770533
"FC","2025-07-07","100.2","-0.9","6.06","Clase, Emmanuel",666211,661403,,"ball",,,,,14,"Ball","R","L","R","HOU","CLE","B",,,0,0,2025,"0.19","1.39","1.46","1.93",,,,2,9,"Bot",,,,,,,6.091225562359321,-145.46021543286065,-9.28641898595942,1.1585671727064677,37.82951516187657,-10.422220115740922,"3.63","1.75",,,,"100.4",2732,"6.8",777202,595978,467793,682177,608070,677587,680757,682657,678877,"53.72",,,,,,,,73,1,"Cutter",5,7,5,7,7,5,5,7,"Standard","Strategic",184,"0.003","0.037",,,,"-0.037",,-2,-2,0.015,0.015,27,27,27,28,1,3,1,1,1,1,"0.91","-0.19","0.19","47.7",,,,,
"FC","2025-07-07","99.2","-0.97","6.05","Clase, Emmanuel",669450,661403,"field_out","hit_into_play",,,,,8,"Cooper Hummel grounds out, second baseman Daniel Schneemann to first baseman Carlos Santana.","R","L","R","HOU","CLE","X",4,"ground_ball",2,2,2025,"0.22","1.04","-0.14","2.01",,,,1,9,"Bot",135.29,140.93,,,,,1.7793982991235164,-144.21448646110704,-8.077266682937564,2.669343710444391,35.90496556757995,-16.00865247103001,"3.23","1.48",5,"93.3",-21,"99.5",2637,"6.6",777202,595978,467793,682177,608070,677587,680757,682657,678877,"53.85",0.078,0.083,"0",1,0,0,2,72,6,"Cutter",5,7,5,7,7,5,5,7,"Infield shade","Strategic",192,"-0.029","-0.228","69.3","6.8",0.078,"0.228","93.3",-2,-2,0.044,0.044,27,30,27,31,1,3,1,1,1,1,"1.3","-0.22","0.22","46.1",4.096144525656082,16.176891244551936,35.430430728806854,39.05993079213245,20.219216811194613
"SL","2025-07-07","88.9","-1.09","5.97","Clase, Emmanuel",669450,661403,,"ball",,,,,14,"Ball","R","L","R","HOU","CLE","B",,,1,2,2025,"0.72","0.36","0.85","1.13",,,,1,9,"Bot",,,,,,,3.2530295108806593,-129.3496270352751,-6.548827296599969,7.29165612760984,29.080308180920422,-26.952210004457875,"3.37","1.66",,,,"88.8",2527,"6.4",777202,595978,467793,682177,608070,677587,680757,682657,678877,"54.08",,,,,,,,72,5,"Slider",5,7,5,7,7,5,5,7,"Infield shade","Strategic",70,"0.005","0.048",,,,"-0.048",,-2,-2,0.039,0.039,27,30,27,31,1,3,1,1,1,1,"2.55","-0.72","0.72","55.5",,,,,
"FC","2025-07-07","97.5","-1.14","6.11","Clase, Emmanuel",669450,661403,,"foul",,,,,5,"Foul","R","L","R","HOU","CLE","S",,,1,2,2025,"0.02","1.23","0.03","2.3",,,,1,9,"Bot",,,,,,,3.0972924653609866,-141.8799698842592,-7.56543088986113,-0.387873367298477,32.59251632424761,-14.050476363382982,"3.23","1.48",186,"74.9",59,"97.6",2579,"6.4",777202,595978,467793,682177,608070,677587,680757,682657,678877,"54.13",,,,,,,,72,4,"Cutter",5,7,5,7,7,5,5,7,"Infield shade","Strategic",183,"0","0","66.1","6.6",,"0","88.0",-2,-2,0.039,0.039,27,30,27,31,1,3,1,1,1,1,"1.17","-0.02","0.02","43.1",0.792695021375781,12.745419118353283,32.799636919866415,39.054837970243526,21.957611318338007
"FC","2025-07-07","97.6","-1.2","5.91","Clase, Emmanuel",669450,661403,,"ball",,,,,7,"Ball","R","L","R","HOU","CLE","B",,,0,2,2025,"0.23","1.15","-0.32","1.58",,,,1,9,"Bot",,,,,,,1.8544351911797339,-141.91588799059133,-8.827788804810035,2.659321478491691,33.55310972708576,-14.761400561423262,"3.37","1.69",,,,"98.1",2594,"6.7",777202,595978,467793,682177,608070,677587,680757,682657,678877,"53.83",,,,,,,,72,3,"Cutter",5,7,5,7,7,5,5,7,"Infield shade","Strategic",190,"0.003","0.017",,,,"-0.017",,-2,-2,0.036,0.036,27,30,27,31,1,3,1,1,1,1,"1.25","-0.23","0.23","45.9",,,,,
"FC","2025-07-07","99","-0.91","6.13","Clase, Emmanuel",669450,661403,,"called_strike",,,,,12,"Called Strike","R","L","R","HOU","CLE","S",,,0,1,2025,"0.26","1.1","0.98","2.52",,,,1,9,"Bot",,,,,,,4.5805679953492895,-144.06334808071023,-7.013408537936554,2.477212784737396,34.05629566705661,-15.40450548482724,"3.27","1.61",,,,"99.5",2606,"6.6",777202,595978,467793,682177,608070,677587,680757,682657,678877,"53.87",,,,,,,,72,2,"Cutter",5,7,5,7,7,5,5,7,"Standard","Standard",180,"-0.006","-0.052",,,,"0.052",,-2,-2,0.042,0.042,27,30,27,31,1,3,1,1,1,1,"1.23","-0.26","0.26","46.9",,,,,
"FC","2025-07-07","99.3","-1","6.05","Clase, Emmanuel",669450,661403,,"swinging_strike",,,,,14,"Swinging Strike","R","L","R","HOU","CLE","S",,,0,0,2025,"0.57","0.85","1.35","2.22",,,,1,9,"Bot",,,,,,,5.131401437899254,-144.4111519937927,-7.079393080001975,6.783296657643017,33.815157459436435,-18.888610804984566,"3.23","1.48",,,,"100",2670,"6.7",777202,595978,467793,682177,608070,677587,680757,682657,678877,"53.77",,,,,,,,72,1,"Cutter",5,7,5,7,7,5,5,7,"Standard","Standard",195,"-0.005","-0.039","68.9","6.4",,"0.039",,-2,-2,0.047,0.047,27,30,27,31,1,3,1,1,1,1,"1.47","-0.57","0.57","48.2",8.044715313658651,6.523356570790795,34.81584675085366,22.414212876094535,22.514525630981723
"FC","2025-07-07","97.7","-1.14","6","Clase, Emmanuel",605170,661403,"field_out","hit_into_play",,,,,5,"Victor Caratini grounds out, second baseman Daniel Schneemann to first baseman Carlos Santana.","R","L","R","HOU","CLE","X",4,"ground_ball",2,2,2025,"0.16","0.81","0.09","2.22",,,,0,9,"Bot",139.34,152.59,,,,,2.9360614537358884,-142.13098180444427,-6.562077242863296,1.530499503617978,33.67273962231235,-19.86695150456534,"3.35","1.53",6,"93.1",-20,"97.9",2559,"6.5",777202,595978,467793,682177,608070,677587,680757,682657,678877,"54",0.099,0.07,"0",1,0,0,2,71,6,"Cutter",5,7,5,7,7,5,5,7,"Infield shade","Standard",184,"-0.043","-0.232","70.9","6.1",0.1,"0.232","93.1",-2,-2,0.09,0.09,27,31,27,32,1,3,1,2,1,1,"1.58","-0.16","0.16","44.8",-7.68402281521678,15.878822322653406,36.85706382851744,34.051317502487535,27.957970860084995
"SL","2025-07-07","88.6","-0.76","6.04","Clase, Emmanuel",605170,661403,,"foul",,,,,14,"Foul","R","L","R","HOU","CLE","S",,,2,2,2025,"0.64","0.14","0.9","2.22",,,,0,9,"Bot",,,,,,,2.7302225419096535,-129.01095711702834,-3.550632571060251,6.504316363477599,28.169047040448437,-30.061078366166885,"3.35","1.53",117,"106.7",5,"88.9",2533,"6.5",777202,595978,467793,682177,608070,677587,680757,682657,678877,"53.95",,,,,,,,71,5,"Slider",5,7,5,7,7,5,5,7,"Infield shade","Standard",78,"0","0","77.3","7.3",,"0","106.7",-2,-2,0.09,0.09,27,31,27,32,1,3,1,2,1,1,"2.77","-0.64","0.64","53.7",17.072629926398957,-21.48872569743243,37.494167296562175,25.19079708551801,45.11755877049213
"FC","2025-07-07","99.6","-0.64","6.14","Clase, Emmanuel",605170,661403,,"ball",,,,,14,"Ball","R","L","R","HOU","CLE","B",,,1,2,2025,"0.2","0.82","1.51","1.97",,,,0,9,"Bot",,,,,,,5.452666677711786,-144.7506944566561,-7.9557311617391635,1.4983365995717877,35.474154476007094,-18.985619692712582,"3.5","1.59",,,,"99.9",2605,"6.6",777202,595978,467793,682177,608070,677587,680757,682657,678877,"53.88",,,,,,,,71,4,"Cutter",5,7,5,7,7,5,5,7,"Infield shade","Standard",177,"0.007","0.043",,,,"-0.043",,-2,-2,0.083,0.083,27,31,27,32,1,3,1,2,1,1,"1.5","-0.2","0.2","48.6",,,,,
"FC","2025-07-07","99.5","-0.84","6.12","Clase, Emmanuel",605170,661403,,"foul",,,,,12,"Foul","R","L","R","HOU","CLE","S",,,1,1,2025,"0.2","1.05","1.06","2.76",,,,0,9,"Bot",,,,,,,4.744367932535382,-144.7553239535931,-6.2496837256285245,1.622406668057548,36.91904901621212,-16.123377797954912,"3.35","1.53",3,"50.2",-39,"99.6",2586,"6.6",777202,595978,467793,682177,608070,677587,680757,682657,678877,"53.92",,,,,,,,71,3,"Cutter",5,7,5,7,7,5,5,7,"Infield shade","Standard",185,"-0.01","-0.061","70.1","6.0",,"0.061","88.0",-2,-2,0.093,0.093,27,31,27,32,1,3,1,2,1,1,"1.27","-0.2","0.2","45.2",1.7949862181178977,1.065630293430741,36.545075279160834,21.70537830153208,27.602397046702272
"FC","2025-07-07","98.5","-0.97","6.14","Clase, Emmanuel",605170,661403,,"foul",,,,,5,"Foul","R","L","R","HOU","CLE","S",,,1,0,2025,"0.09","1.06","-0.1","2.76",,,,0,9,"Bot",,,,,,,2.161161701868582,-143.35440892893638,-6.197684604822355,0.7357748491807579,34.02472664053632,-16.266084064330723,"3.35","1.53",297,"88.8",34,"98.8",2571,"6.5",777202,595978,467793,682177,608070,677587,680757,682657,678877,"53.98",,,,,,,,71,2,"Cutter",5,7,5,7,7,5,5,7,"Standard","Standard",185,"-0.012","-0.05","70.5","5.9",,"0.05","88.8",-2,-2,0.105,0.105,27,31,27,32,1,3,1,2,1,1,"1.29","-0.09","0.09","47.7",-5.505938961907943,16.18368929487263,33.449540952923044,35.74850196219792,24.290932645843522
"FC","2025-07-07","98.9","-1.02","6.03","Clase, Emmanuel",605170,661403,,"ball",,,,,14,"Ball","R","L","R","HOU","CLE","B",,,0,0,2025,"0.37","0.93","1.96","1.65",,,,0,9,"Bot",,,,,,,7.321147272471578,-143.65255370422807,-8.712351923044375,3.4417012739994597,32.75070501505105,-17.4329634242338,"3.54","1.64",,,,"99.4",2611,"6.7",777202,595978,467793,682177,608070,677587,680757,682657,678877,"53.85",,,,,,,,71,1,"Cutter",5,7,5,7,7,5,5,7,"Standard","Standard",178,"0.01","0.041",,,,"-0.041",,-2,-2,0.095,0.095,27,31,27,32,1,3,1,2,1,1,"1.4","-0.37","0.37","45.2",,,,,
"SL","2025-07-06","88.6","-1.34","5.87","Clase, Emmanuel",678009,661403,"strikeout","called_strike",,,,,1,"Parker Meadows called out on strikes.","R","L","R","CLE","DET","S",2,,2,2,2025,"0.64","-0.4","-0.63","3.05",,,,2,9,"Top",,,,,,,0.4186530786101713,-129.13859762372394,-0.04902998679411752,7.073888352635828,24.731454848088955,-36.82301952302979,"3.57","1.53",,,,"89.3",2622,"6.5",777226,666310,467793,682177,608070,677587,680757,682657,666134,"54.05",,0,"0",1,0,0,,65,5,"Slider",1,1,1,1,1,1,1,1,"Strategic","Standard",73,"0.031","-0.224",,,,"0.224",,0,0,0.608,0.392,27,25,27,26,1,3,3,2,1,1,"3.27","-0.64","0.64","53.0",,,,,
"FC","2025-07-06","99.9","-1.51","5.61","Clase, Emmanuel",678009,661403,,"ball",,,,,14,"Ball","R","L","R","CLE","DET","B",,,1,2,2025,"0.23","0.85","0.34","0.84",656716,,,2,9,"Top",,,,,,,4.579395731489869,-145.22117262502238,-9.858993361900907,2.279600067509751,30.82455651959494,-18.15389197508111,"3.5","1.56",,,,"100.9",2733,"6.7",777226,666310,467793,682177,608070,677587,680757,682657,666134,"53.82",,,,,,,,65,4,"Cutter",1,0,0,1,1,1,1,1,"Standard","Standard",179,"-0.294","-0.001",,,,"0.001",,1,-1,0.902,0.09799999999999998,27,25,27,26,1,3,3,2,1,1,"1.42","-0.23","0.23","40.2",,,,,
"FC","2025-07-06","98.5","-1.39","5.74","Clase, Emmanuel",678009,661403,,"called_strike",,,,,5,"Called Strike","R","L","R","CLE","DET","S",,,1,1,2025,"0.25","1.24","-0.04","2.4",656716,,,2,9,"Top",,,,,,,3.1097805789177,-143.52710764442585,-6.6208193113334985,2.839063188512508,29.4406158019085,-13.76679073134222,"3.56","1.59",,,,"100",2740,"6.8",777226,666310,467793,682177,608070,677587,680757,682657,666134,"53.73",,,,,,,,65,3,"Cutter",1,0,0,1,0,1,0,1,"Standard","Standard",182,"0.026","-0.065",,,,"0.065",,1,-1,0.876,0.124,27,25,27,26,1,3,3,2,1,1,"1.09","-0.25","0.25","49.6",,,,,
"FC","2025-07-06","99.4","-1.33","5.78","Clase, Emmanuel",678009,661403,,"ball",,,,,11,"Ball","R","L","R","CLE","DET","B",,,0,1,2025,"0.13","0.87","-0.44","3.76",656716,,,2,9,"Top",,,,,,,2.1458097806092886,-144.87596991318426,-2.230464001892418,1.306925760232265,31.923326772580424,-19.50602170169942,"3.52","1.56",,,,"100",2711,"6.4",777226,666310,467793,682177,608070,677587,680757,682657,666134,"54.1",,,,,,,,65,2,"Cutter",1,0,0,1,0,1,0,1,"Standard","Standard",181,"-0.013","0.029",,,,"-0.029",,1,-1,0.889,0.11099999999999999,27,25,27,26,1,3,3,2,1,1,"1.41","-0.13","0.13","48.4",,,,,
"SL","2025-07-06","86.5","-1.19","5.78","Clase, Emmanuel",678009,661403,,"foul",,,,,5,"Foul","R","L","R","CLE","DET","S",,,0,0,2025,"0.84","0.12","0.26","2.73",656716,,,2,9,"Top",,,,,,,1.7798083372498974,-126.1487391927432,-1.3995770165343147,8.718115463501809,23.44036148927133,-30.857078389024128,"3.54","1.7",168,"66.1",38,"87.6",2570,"6.6",777226,666310,467793,682177,608070,677587,680757,682657,666134,"53.85",,,,,,,,65,1,"Slider",1,0,0,1,0,1,0,1,"Standard","Standard",63,"0.02","-0.044","71.0","7.1",,"0.044","88.0",1,-1,0.869,0.131,27,25,27,26,1,3,3,2,1,1,"2.9","-0.84","0.84","51.3",4.2118000194595275,4.156083348405645,31.020560565611753,36.45420351879747,33.3224358971749
"FC","2025-07-06","98.9","-1.3","5.77","Clase, Emmanuel",693307,661403,"field_out","hit_into_play",,,,,14,"Dillon Dingler grounds out, shortstop Brayan Rocchio to first baseman Carlos Santana. Zach McKinstry to 3rd.","R","R","R","CLE","DET","X",6,"ground_ball",2,0,2025,"0.41","0.85","0.09","1.12",,656716,,1,9,"Top",116.59,146.7,,,,,2.8528751960109773,-143.8374331831931,-9.352458465751095,5.084682197958638,31.34153104152798,-18.461341649829812,"3.44","1.52",54,"93.8",2,"100.2",2772,"6.9",777226,666310,467793,682177,608070,677587,680757,682657,666134,"53.63",0.471,0.455,"0",1,0,0,4,64,3,"Cutter",1,0,0,1,0,1,0,1,"Standard","Standard",173,"0.119","-0.333","76.5","8.0",0.555,"0.333","93.8",1,-1,0.75,0.25,27,26,27,27,1,3,3,2,1,1,"1.47","-0.41","-0.41","45.7",3.8236976867034445,1.2759670810801118,47.32655484007989,37.07542207735356,24.601854488605643
"FC","2025-07-06","98.6","-1.41","5.81","Clase, Emmanuel",693307,661403,,"ball",,,,,11,"Ball","R","R","R","CLE","DET","B",,,1,0,2025,"0.16","1.1","-1.32","3.48",,,656716,1,9,"Top",,,,,,,-0.11864139214677182,-143.73277815713408,-3.5708486413789355,2.274465874631332,27.90468368051682,-16.156036869484556,"3.46","1.43",,,,"100.3",2663,"6.8",777226,666310,467793,682177,608070,677587,680757,682657,666134,"53.72",,,,,,,,64,2,"Cutter",1,0,0,1,0,1,0,1,"Strategic","Standard",190,"-0.064","0.068",,,,"-0.068",,1,-1,0.814,0.18600000000000005,27,26,27,27,1,3,3,2,1,1,"1.2","-0.16","-0.16","48.6",,,,,
"SL","2025-07-06","86.2","-1.42","5.75","Clase, Emmanuel",693307,661403,,"blocked_ball",,,,,13,"Ball In Dirt","R","R","R","CLE","DET","B",,,0,0,2025,"0.38","0.29","-1.06","0.53",,,656716,1,9,"Top",,,,,,,0.07359537585406803,-125.51220006059683,-6.844148628914456,4.044719654061575,25.19065573790899,-27.924676649361842,"3.49","1.42",,,,"87",2494,"6.7",777226,666310,467793,682177,608070,677587,680757,682657,666134,"53.78",,,,,,,,64,1,"Slider",1,0,0,1,0,1,0,1,"Standard","Standard",70,"-0.011","0.035",,,,"-0.035",,1,-1,0.825,0.17500000000000004,27,26,27,27,1,3,3,2,1,1,"2.77","-0.38","-0.38","50.1",,,,,
"SL","2025-07-06","86.8","-1.32","5.73","Clase, Emmanuel",672761,661403,"field_out","hit_into_play",,,,,4,"Wenceel Pérez flies out to left fielder Steven Kwan.","R","L","R","CLE","DET","X",7,"fly_ball",1,2,2025,"0.67","-0.3","-0.43","2.09",,,679529,0,9,"Top",68.34,71.75,,,,,0.7578574063220003,-126.45748435363383,-1.9352600515098977,7.068501304834204,24.476959394945876,-35.26430158281343,"3.2","1.5",345,"93.8",27,"87.6",2491,"6.6",777226,666310,467793,682177,608070,677587,680757,682657,666134,"53.92",0.165,0.221,"0",1,0,0,3,63,4,"Slider",1,0,0,1,0,1,0,1,"Infield shade","Strategic",65,"0.08","-0.164","68.5","6.7",0.364,"0.164","93.8",1,-1,0.745,0.255,27,25,27,26,1,3,3,1,1,2,"3.31","-0.67","0.67","47.1",1.5709899418641156,6.338954279144825,22.600800385404685,40.694686509375956,24.866954202134153
"FC","2025-07-06","97.8","-1.46","5.69","Clase, Emmanuel",672761,661403,,"called_strike",,,,,1,"Called Strike","R","L","R","CLE","DET","S",,,1,1,2025,"0.31","0.97","-0.64","2.62",,,679529,0,9,"Top",,,,,,,1.4764796721830786,-142.55044952718697,-5.124637632434057,4.033913258310652,28.55608520925549,-17.953494369384675,"3.15","1.4",,,,"98.7",2621,"6.4",777226,666310,467793,682177,608070,677587,680757,682657,666134,"54.07",,,,,,,,63,3,"Cutter",1,0,0,1,0,1,0,1,"Standard","Strategic",184,"0.022","-0.07",,,,"0.07",,1,-1,0.723,0.277,27,25,27,26,1,3,3,1,1,2,"1.38","-0.31","0.31","46.2",,,,,
"FC","2025-07-06","98.8","-1.59","5.72","Clase, Emmanuel",672761,661403,,"ball",,,,,11,"Ball","R","L","R","CLE","DET","B",,,0,1,2025,"0.25","1.13","-2.5","3.94",,,679529,0,9,"Top",,,,,,,-3.0731718152120355,-143.96682008565838,-2.1323789793609795,4.096822171548671,28.754237483147662,-16.100630423293776,"3.23","1.38",,,,"100.1",2612,"6.6",777226,666310,467793,682177,608070,677587,680757,682657,666134,"53.89",,,,,,,,63,2,"Cutter",1,0,0,1,0,1,0,1,"Standard","Strategic",186,"-0.011","0.034",,,,"-0.034",,1,-1,0.734,0.266,27,25,27,26,1,3,3,1,1,2,"1.18","-0.25","0.25","42.4",,,,,
"FC","2025-07-06","97.9","-1.49","5.78","Clase, Emmanuel",672761,661403,,"called_strike",,,,,11,"Called Strike","R","L","R","CLE","DET","S",,,0,0,2025,"0.46","0.85","-0.95","3.32",,,679529,0,9,"Top",,,,,,,0.38914011817447247,-142.8112247805477,-3.229197290861156,6.2663952720467,27.94190976537878,-19.939723112526167,"3.2","1.51",,,,"99.1",2598,"6.5",777226,666310,467793,682177,608070,677587,680757,682657,666134,"54",,,,,,,,63,1,"Cutter",1,0,0,1,0,1,0,1,"Standard","Strategic",182,"0.016","-0.043",,,,"0.043",,1,-1,0.718,0.28200000000000003,27,25,27,26,1,3,3,1,1,2,"1.49","-0.46","0.46","43.9",,,,,
"FC","2025-07-06","99.3","-1.36","6","Clase, Emmanuel",679529,661403,"hit_by_pitch","hit_by_pitch",,,,,11,"Spencer Torkelson hit by pitch.","R","R","R","CLE","DET","B",,,1,2,2025,"0.08","0.8","-2.14","4.14",,,,0,9,"Top",,,,,,,-2.342955910929863,-144.76996521852732,-1.616727585135968,1.6200136624436898,31.34265140266163,-20.728951530667537,"3.64","1.68",,,,"100.1",2654,"6.4",777226,666310,467793,682177,608070,677587,680757,682657,666134,"54.05",,0.722289,"0.7",1,0,0,,62,4,"Cutter",1,0,0,1,0,1,0,1,"Strategic","Standard",181,"-0.135","0.511",,,,"-0.511",,1,-1,0.853,0.14700000000000002,27,25,27,26,1,3,3,1,1,1,"1.49","-0.08","-0.08","46.4",,,,,
"SL","2025-07-06","86.6","-1.4","5.78","Clase, Emmanuel",679529,661403,,"foul",,,,,13,"Foul","R","R","R","CLE","DET","S",,,1,1,2025,"0.68","-0.09","-0.45","1.53",,,,0,9,"Top",,,,,,,0.8903878339698239,-126.20919142165424,-3.910845403614964,7.208631112602215,21.640870721123044,-32.60667763977014,"3.64","1.68",26,"70.8",-1,"87.9",2462,"6.7",777226,666310,467793,682177,608070,677587,680757,682657,666134,"53.84",,,,,,,,62,3,"Slider",1,0,0,1,0,1,0,1,"Strategic","Standard",71,"0.014","-0.061","78.2","8.6",,"0.061","88.0",1,-1,0.839,0.16100000000000003,27,25,27,26,1,3,3,1,1,1,"3.08","-0.68","-0.68","49.6",35.57874405605583,-19.461970000378653,41.42735217859779,30.36933452619593,44.17866560756162
"SL","2025-07-06","84.5","-1.3","5.78","Clase, Emmanuel",679529,661403,,"called_strike",,,,,6,"Called Strike","R","R","R","CLE","DET","S",,,1,0,2025,"0.51","0.13","0.48","2.58",,,,0,9,"Top",,,,,,,3.1402853104033155,-123.1301713869777,-1.4341754073331991,4.681085571345006,21.467943921533934,-30.815636374634945,"3.61","1.61",,,,"85.5",2459,"6.6",777226,666310,467793,682177,608070,677587,680757,682657,666134,"53.92",,,,,,,,62,2,"Slider",1,0,0,1,0,1,0,1,"Strategic","Standard",69,"0.016","-0.05",,,,"0.05",,1,-1,0.823,0.17700000000000005,27,25,27,26,1,3,3,1,1,1,"3.03","-0.51","-0.51","50.0",,,,,
"FC","2025-07-06","98.8","-1.26","5.93","Clase, Emmanuel",679529,661403,,"ball",,,,,11,"Ball","R","R","R","CLE","DET","B",,,0,0,2025,"0.23","1.03","-1.05","4.6",,,,0,9,"Top",,,,,,,0.02930794447797505,-144.13051383415151,-0.6897167262315769,3.2834749089512307,28.096015200738808,-17.640236407585764,"3.64","1.61",,,,"100.3",2576,"6.6",777226,666310,467793,682177,608070,677587,680757,682657,666134,"53.89",,,,,,,,62,1,"Cutter",1,0,0,1,0,1,0,1,"Strategic","Standard",171,"-0.012","0.041",,,,"-0.041",,1,-1,0.835,0.16500000000000004,27,25,27,26,1,3,3,1,1,1,"1.26","-0.23","-0.23","48.2",,,,,
"FC","2025-07-03","99.7","-1.01","5.97","Clase, Emmanuel",807713,661403,"sac_fly","hit_into_play",,,,,4,"Matt Shaw out on a sacrifice fly to center fielder Lane Thomas. Nico Hoerner scores.","R","R","R","CHC","CLE","X",8,"line_drive",1,0,2025,"0.09","0.99","-0.29","2.44",663538,,,1,10,"Bot",156.38,50.14,,,,,1.7757992742936095,-145.15520407579862,-6.741113505235083,0.8685158517954252,31.2706494828088,-16.79827176307342,"3.38","1.56",376,"101.7",22,"100.9",2591,"6.7",777259,595978,467793,682657,608070,682177,680757,657041,666134,"53.77",0.44884,0.7482799999999998,"0",1,0,0,6,73,2,"Cutter",0,0,0,0,0,1,1,0,"Strategic","Strategic",188,"0.167","-0.151","70.7","6.6",1.39516,"0.151","101.7",0,0,0.833,0.833,27,23,27,24,1,3,4,1,3,1,"1.28","-0.09","-0.09","44.6",2.9155566334535568,10.169486996277161,28.941652462827154,34.810563090005445,25.7446007856544
"SL","2025-07-03","89.3","-0.87","5.96","Clase, Emmanuel",807713,661403,,"ball",,,,,12,"Ball","R","R","R","CHC","CLE","B",,,0,0,2025,"0.83","0.57","1.22","2.89",663538,,,1,10,"Bot",,,,,,,3.4261663597208325,-130.12467869542485,-2.7936513757425487,8.771386478893497,26.07690814026699,-25.36128542426742,"3.2","1.43",,,,"90.3",2584,"6.7",777259,595978,467793,682657,608070,682177,680757,657041,666134,"53.79",,,,,,,,73,1,"Slider",0,0,0,0,0,0,0,0,"Strategic","Strategic",36,"0","0.026",,,,"-0.026",,0,0,0.833,0.833,27,23,27,24,1,3,4,1,3,1,"2.27","-0.83","-0.83","51.9",,,,,
"FC","2025-07-03","99.3","-1","5.88","Clase, Emmanuel",683737,661403,"field_out","hit_into_play",,,,,5,"Michael Busch grounds out, shortstop Daniel Schneemann to first baseman Carlos Santana. Nico Hoerner to 3rd.","R","L","R","CHC","CLE","X",6,"ground_ball",1,1,2025,"0.09","1.2","0.21","2.34",,663538,,0,10,"Bot",118.06,146.96,,,,,3.136729570023538,-144.6532115967964,-7.240032039434272,0.6610008600836607,30.36869122334699,-13.829036247003806,"3.35","1.58",39,"88.8",-1,"100.8",2578,"6.8",777259,595978,467793,682657,608070,682177,680757,657041,666134,"53.66",0.271,0.237,"0",1,0,0,2,72,3,"Cutter",0,0,0,0,0,0,0,0,"Standard","Standard",190,"0.033","-0.208","68.7","6.1",0.324,"0.208","88.8",0,0,0.8,0.8,27,27,27,28,1,3,4,1,3,1,"1.09","-0.09","0.09","42.4",-5.154624839731451,19.956164223043373,37.60222626213143,34.45961346372213,19.75007822574944
"FC","2025-07-03","100.2","-0.98","5.83","Clase, Emmanuel",683737,661403,,"blocked_ball",,,,,14,"Ball In Dirt","R","L","R","CHC","CLE","B",,,0,1,2025,"0.07","1.19","0.98","0.37",,663538,,0,10,"Bot",,,,,,,5.297435476387863,-145.46179347710338,-12.682356834020839,-0.010468385292408216,28.666466866592877,-12.77750908990137,"3.17","1.59",,,,"101.7",2647,"6.9",777259,595978,467793,682657,608070,682177,680757,657041,666134,"53.64",,,,,,,,72,2,"Cutter",0,0,0,0,0,0,0,0,"Standard","Standard",187,"0.01","0.026",,,,"-0.026",,0,0,0.79,0.79,27,27,27,28,1,3,4,1,3,1,"1.07","-0.07","0.07","39.8",,,,,
"FC","2025-07-03","100","-0.99","5.9","Clase, Emmanuel",683737,661403,,"swinging_strike",,,,,14,"Swinging Strike","R","L","R","CHC","CLE","S",,,0,0,2025,"0.32","0.97","1.01","1.84",,663538,,0,10,"Bot",,,,,,,4.828430798334721,-145.43443334476245,-8.225047801274746,3.513964533194179,31.09300623448083,-16.70789697295844,"3.35","1.58",,,,"101.4",2624,"6.9",777259,595978,467793,682657,608070,682177,680757,657041,666134,"53.64",,,,,,,,72,1,"Cutter",0,0,0,0,0,0,0,0,"Standard","Standard",194,"-0.015","-0.043","72.7","6.8",,"0.043",,0,0,0.805,0.805,27,27,27,28,1,3,4,1,3,1,"1.29","-0.32","0.32","42.8",9.66062870978572,0.1742566195056785,42.73235446893735,24.019488120114893,26.50755140805134
"FC","2025-07-03","98.3","-1.16","5.89","Clase, Emmanuel",663538,661403,"field_out","hit_into_play",,,,,5,"Nico Hoerner flies out to left fielder Steven Kwan.","R","R","R","CHC","CLE","X",7,"fly_ball",0,0,2025,"-0.24","1.24","-0.23","2.67",,,621020,2,9,"Bot",74.86,71.22,,,,,3.1090464957896677,-143.13117995869987,-6.214494002139264,-4.024773895655081,29.26146225750232,-13.94788943490654,"3.39","1.57",340,"96.4",39,"99.5",2610,"6.6",777259,595978,467793,682657,608070,682177,680757,657041,666134,"53.86",0.169,0.328,"0",1,0,0,3,68,1,"Cutter",0,0,0,0,0,0,0,0,"Standard","Standard",187,"-0.063","-0.271","75.8","7.8",0.659,"0.271","96.4",0,0,0.563,0.563,27,28,27,28,1,3,4,1,3,1,"1.1","0.24","0.24","42.1",15.717928767257083,-14.836473519426002,33.115393102190254,33.64834211925661,30.30233580398289
"FC","2025-07-03","100.1","-1.17","6.02","Clase, Emmanuel",621020,661403,"single","hit_into_play",,,,,7,"Dansby Swanson singles on a ground ball to right fielder Nolan Jones.","R","R","R","CHC","CLE","X",9,"ground_ball",0,0,2025,"0.18","0.96","-0.61","2.04",,,,2,9,"Bot",172.83,104.36,,,,,1.117822026712611,-145.79642092161507,-8.03015459938678,2.424853172646704,29.87589400868255,-16.896164612734925,"3.6","1.67",116,"99.6",6,"101.6",2601,"6.8",777259,595978,467793,682657,608070,682177,680757,657041,666134,"53.72",0.595,0.548,"0.9",1,1,0,4,67,1,"Cutter",0,0,0,0,0,0,0,0,"Standard","Strategic",192,"0.027","0.325","68.6","6.4",0.676,"-0.325","99.6",0,0,0.536,0.536,27,31,27,31,1,3,4,1,3,1,"1.29","-0.18","-0.18","43.3",-2.2562944093873556,20.09294803183676,43.79623832012923,30.08735823401674,22.475152542980233
"FC","2025-07-03","98.8","-0.9","6","Clase, Emmanuel",691718,661403,"field_out","hit_into_play",,,,,12,"Cubs challenged (play at 1st), call on the field was upheld: Pete Crow-Armstrong grounds out to pitcher Emmanuel Clase.","R","L","R","CHC","CLE","X",1,"ground_ball",0,0,2025,"0.4","0.69","0.83","2.46",,,,1,9,"Bot",144.94,180.93,,,,,3.8085859606574957,-143.94760250647593,-5.939034779470217,4.916026341631541,28.739418273401355,-21.46114539360411,"3.12","1.46",1,"76.1",-59,"100.1",2569,"6.6",777259,595978,467793,682657,608070,682177,680757,657041,666134,"53.86",0.261,0.296,"0",1,0,0,2,66,1,"Cutter",0,0,0,0,0,0,0,0,"Infield shade","Strategic",180,"-0.046","-0.254","63.6","5.4",0.273,"0.254","88.0",0,0,0.582,0.582,27,23,27,23,1,3,4,1,3,1,"1.61","-0.4","0.4","45.0",-4.657062211204687,23.26077100826181,39.80895397565205,27.40445220404259,20.150122855749792
"FC","2025-07-03","98.3","-0.82","6.06","Clase, Emmanuel",673548,661403,"field_out","hit_into_play",,,,,6,"Seiya Suzuki flies out to right fielder Nolan Jones.","R","R","R","CHC","CLE","X",9,"fly_ball",2,1,2025,"0.5","0.99","0.36","2.17",,,,0,9,"Bot",180.38,94.82,,,,,2.061129203955227,-143.20380200544938,-7.553171887037522,6.523614871750579,27.661770930174047,-17.081075350986158,"3.21","1.43",291,"95.8",43,"100",2646,"6.8",777259,595978,467793,682657,608070,682177,680757,657041,666134,"53.71",0.025,0.04,"0",1,0,0,3,65,4,"Cutter",0,0,0,0,0,0,0,0,"Strategic","Standard",173,"-0.064","-0.305","80.5","7.6",0.077,"0.305","95.8",0,0,0.646,0.646,27,30,27,31,1,3,4,1,3,1,"1.33","-0.5","-0.5","48.4",8.239784613068343,-2.7309193564910093,32.968583241402186,40.8314352353117,30.532914444571006
"SL","2025-07-03","85.2","-1.24","6.05","Clase, Emmanuel",673548,661403,,"ball",,,,,11,"Ball","R","R","R","CHC","CLE","B",,,1,1,2025,"0.69","-0.28","-0.66","4.35",,,,0,9,"Bot",,,,,,,-0.041154271707877915,-124.171011087943,2.7941577030178335,7.240660991453136,21.860032656518054,-35.750394661051835,"3.04","1.3",,,,"86",2540,"6.5",777259,595978,467793,682657,608070,682177,680757,657041,666134,"54.02",,,,,,,,65,3,"Slider",0,0,0,0,0,0,0,0,"Strategic","Standard",66,"0.01","0.055",,,,"-0.055",,0,0,0.636,0.636,27,30,27,31,1,3,4,1,3,1,"3.38","-0.69","-0.69","49.4",,,,,
"SL","2025-07-03","82.6","-1.04","5.97","Clase, Emmanuel",673548,661403,,"ball",,,,,11,"Ball","R","R","R","CHC","CLE","B",,,0,1,2025,"0.62","-0.32","-1.17","2.86",,,,0,9,"Bot",,,,,,,-1.5199089136546844,-120.48408765199207,-0.08195749751447234,6.3793383546639735,19.8206349546818,-35.50652039299843,"3.14","1.37",,,,"83.6",2414,"6.5",777259,595978,467793,682657,608070,682177,680757,657041,666134,"54.02",,,,,,,,65,2,"Slider",0,0,0,0,0,0,0,0,"Strategic","Standard",68,"0.006","0.031",,,,"-0.031",,0,0,0.63,0.63,27,30,27,31,1,3,4,1,3,1,"3.6","-0.62","-0.62","46.3",,,,,
"FC","2025-07-03","98.8","-0.98","6.11","Clase, Emmanuel",673548,661403,,"called_strike",,,,,5,"Called Strike","R","R","R","CHC","CLE","S",,,0,0,2025,"0.45","1.09","-0.25","2.56",,,,0,9,"Bot",,,,,,,0.9432731823005156,-143.9215078721835,-6.915355181607166,6.10169868895049,28.70456369124745,-15.639714463846131,"3.16","1.4",,,,"100.1",2694,"6.6",777259,595978,467793,682657,608070,682177,680757,657041,666134,"53.86",,,,,,,,65,1,"Cutter",0,0,0,0,0,0,0,0,"Strategic","Standard",188,"-0.009","-0.039",,,,"0.039",,0,0,0.639,0.639,27,30,27,31,1,3,4,1,3,1,"1.21","-0.45","-0.45","45.1",,,,,
"SL","2025-06-29","88.4","-1.13","5.82","Clase, Emmanuel",575929,661403,"strikeout","called_strike",,,,,9,"Willson Contreras called out on strikes.","R","R","R","CLE","STL","S",2,,1,2,2025,"0.64","-0.22","0.35","1.5",,,,2,9,"Top",,,,,,,2.284765035042033,-128.7814165232214,-4.048900560082786,6.683292779728727,26.75916458963649,-33.96441101727775,"3.53","1.6",,,,"89.5",2496,"6.9",777309,595978,467793,682657,608070,682177,680757,657041,671286,"53.6",,0,"0",1,0,0,,74,4,"Slider",0,7,7,0,7,0,7,0,"Strategic","Strategic",68,"0","-0.182",,,,"0.182",,-7,7,0.001,0.999,27,33,27,33,1,4,4,1,4,1,"3.13","-0.64","-0.64","51.1",,,,,
"SL","2025-06-29","87.9","-1","5.92","Clase, Emmanuel",575929,661403,,"foul",,,,,14,"Foul","R","R","R","CLE","STL","S",,,1,1,2025,"0.67","-0.14","0.34","1.47",,,,2,9,"Top",,,,,,,1.8942373243378745,-127.9099098733756,-4.348139978398562,6.902717698405189,28.046913260938883,-33.01906646288927,"3.53","1.63",177,"67.4",46,"88.5",2489,"6.8",777309,595978,467793,682657,608070,682177,680757,657041,671286,"53.71",,,,,,,,74,3,"Slider",0,7,7,0,7,0,7,0,"Strategic","Standard",77,"0","-0.062","68.2","8.3",,"0.062","88.0",-7,7,0.001,0.999,27,33,27,33,1,4,4,1,4,1,"3.11","-0.67","-0.67","55.2",2.605536579422153,0.650162868763028,41.24530307034978,40.66068923851536,25.324697152614707
"FC","2025-06-29","98.3","-1.35","5.99","Clase, Emmanuel",575929,661403,,"called_strike",,,,,11,"Called Strike","R","R","R","CLE","STL","S",,,1,0,2025,"0.45","0.9","-1.03","3.3",,,,2,9,"Top",,,,,,,-0.1776142856021223,-143.28831280335328,-4.00402026223315,6.271826080404782,29.886899022041725,-18.99204796958179,"3.53","1.59",,,,"99.6",2696,"6.7",777309,595978,467793,682657,608070,682177,680757,657041,671286,"53.81",,,,,,,,74,2,"Cutter",0,7,7,0,7,0,7,0,"Strategic","Standard",167,"0","-0.054",,,,"0.054",,-7,7,0.001,0.999,27,33,27,33,1,4,4,1,4,1,"1.43","-0.45","-0.45","48.9",,,,,
"SL","2025-06-29","87.3","-0.96","5.95","Clase, Emmanuel",575929,661403,,"ball",,,,,11,"Ball","R","R","R","CLE","STL","B",,,0,0,2025,"0.69","0.17","-0.81","3.73",,,,2,9,"Top",,,,,,,-1.0632566464197613,-127.28156827780855,0.33995258697460184,7.7732326808041945,21.046097746363294,-30.577535889564555,"3.53","1.57",,,,"88.9",2511,"6.7",777309,595978,467793,682657,608070,682177,680757,657041,671286,"53.76",,,,,,,,74,1,"Slider",0,7,7,0,7,0,7,0,"Strategic","Standard",61,"0","0.037",,,,"-0.037",,-7,7,0.001,0.999,27,33,27,33,1,4,4,1,4,1,"2.77","-0.69","-0.69","56.9",,,,,
"FC","2025-06-29","99.8","-0.96","5.96","Clase, Emmanuel",691026,661403,"strikeout","called_strike",,,,,9,"Masyn Winn called out on strikes.","R","R","R","CLE","STL","S",2,,1,2,2025,"0.4","0.87","0.75","1.92",,,,1,9,"Top",,,,,,,3.8178066650737152,-145.18489597799675,-7.898235764544712,4.79664881399388,31.60459795593279,-18.210808109522883,"3.43","1.58",,,,"100.9",2682,"6.7",777309,595978,467793,682657,608070,682177,680757,657041,671286,"53.75",,0,"0",1,0,0,,73,4,"Cutter",0,7,7,0,7,0,7,0,"Strategic","Standard",176,"0","-0.18",,,,"0.18",,-7,7,0.001,0.999,27,23,27,23,1,4,4,1,4,1,"1.4","-0.4","-0.4","47.3",,,,,
"SL","2025-06-29","86.9","-1.12","5.76","Clase, Emmanuel",691026,661403,,"ball",,,,,14,"Ball","R","R","R","CLE","STL","B",,,0,2,2025,"0.66","-0.62","0.7","-2.16",,,,1,9,"Top",,,,,,,3.037465581179125,-126.15881614294656,-11.57102313684006,6.371016113206572,26.496780900656418,-36.5403340407804,"3.43","1.56",,,,"87.4",2576,"6.8",777309,595978,467793,682657,608070,682177,680757,657041,671286,"53.67",,,,,,,,73,3,"Slider",0,7,7,0,7,0,7,0,"Strategic","Standard",55,"0","0.017",,,,"-0.017",,-7,7,0.001,0.999,27,23,27,23,1,4,4,1,4,1,"3.66","-0.66","-0.66","52.2",,,,,
"SL","2025-06-29","88.6","-1.2","5.87","Clase, Emmanuel",691026,661403,,"called_strike",,,,,9,"Called Strike","R","R","R","CLE","STL","S",,,0,1,2025,"0.63","0.3","0.3","1.47",,,,1,9,"Top",,,,,,,2.3656036278726535,-129.07326617461965,-5.3949616243729235,6.5613233022235224,25.434100436517024,-27.921912163904306,"3.4","1.57",,,,"89.6",2542,"6.7",777309,595978,467793,682657,608070,682177,680757,657041,671286,"53.8",,,,,,,,73,2,"Slider",0,7,7,0,7,0,7,0,"Standard","Standard",68,"0","-0.052",,,,"0.052",,-7,7,0.001,0.999,27,23,27,23,1,4,4,1,4,1,"2.58","-0.63","-0.63","47.9",,,,,
"SL","2025-06-29","89.1","-1.3","5.67","Clase, Emmanuel",691026,661403,,"swinging_strike",,,,,8,"Swinging Strike","R","R","R","CLE","STL","S",,,0,0,2025,"0.79","0.55","-0.06","1.92",,,,1,9,"Top",,,,,,,1.4190446237831695,-129.7967561404164,-4.424839506039461,8.637306417757205,25.562463591381764,-25.229542081010475,"3.43","1.52",,,,"90",2468,"6.6",777309,595978,467793,682657,608070,682177,680757,657041,671286,"53.87",,,,,,,,73,1,"Slider",0,7,7,0,7,0,7,0,"Standard","Standard",81,"0","-0.039","71.6","7.8",,"0.039",,-7,7,0.001,0.999,27,23,27,23,1,4,4,1,4,1,"2.3","-0.79","-0.79","46.3",5.209069952808471,-10.160595099713268,34.0212305338913,33.87358800555799,32.19128994955148
"FC","2025-06-29","97.4","-1.05","5.88","Clase, Emmanuel",680977,661403,"field_out","hit_into_play",,,,,6,"Brendan Donovan grounds out, first baseman Carlos Santana to pitcher Emmanuel Clase.","R","L","R","CLE","STL","X",3,"ground_ball",0,0,2025,"0.38","1.06","0.71","2.24",,,,0,9,"Top",148.68,162.44,,,,,3.8845177736187715,-141.88277421538305,-6.80987168304553,4.434654137478782,28.26588167656767,-16.547206605524806,"3.4","1.61",30,"67.7",-1,"98.4",2628,"6.5",777309,595978,467793,682657,608070,682177,680757,657041,671286,"54.02",0.081,0.071,"0",1,0,0,2,72,1,"Cutter",0,7,7,0,7,0,7,0,"Strategic","Standard",180,"0","-0.259","79.8","6.8",0.083,"0.259","88.0",-7,7,0.001,0.999,27,28,27,28,1,4,4,1,4,1,"1.31","-0.38","0.38","46.5",4.872126039416166,3.0254045436785266,37.60920860135924,29.10194747994253,22.666331328585223
"FC","2025-06-25","100.2","-1.76","5.92","Clase, Emmanuel",665489,661403,"field_out","hit_into_play",,,,,7,"Vladimir Guerrero Jr. lines out to center fielder Lane Thomas.","R","R","R","CLE","TOR","X",8,"line_drive",1,0,2025,"0.44","1.02","-0.41","2.2",,,666182,2,9,"Top",141.78,79.06,,,,,2.7242169981283264,-145.83041167214782,-7.41865185450403,5.611070373685551,33.53223255236184,-16.081135504275117,"3.69","1.64",301,"97.6",15,"101.4",2645,"6.9",777368,666310,467793,682177,608070,672356,680757,657041,666134,"53.62",0.709,0.705,"0",1,0,0,4,71,2,"Cutter",4,4,4,4,4,4,4,4,"Strategic","Standard",171,"0.07","-0.305","80.2","7.5",0.93,"0.305","97.6",0,0,0.569,0.43100000000000005,27,26,27,26,1,4,3,1,4,1,"1.24","-0.44","-0.44","53.8",-6.230020871070816,0.9002768574288051,30.851582784210237,34.89889128118042,30.918819252318286
"FC","2025-06-25","100.8","-2.03","5.9","Clase, Emmanuel",665489,661403,,"blocked_ball",,,,,14,"Ball In Dirt","R","R","R","CLE","TOR","B",,,0,0,2025,"0.23","1.08","0.65","0.83",,,666182,2,9,"Top",,,,,,,6.965401441088554,-146.36068628253807,-11.487004267974054,1.8516618484592589,31.59562691098966,-14.221394757369005,"3.69","1.68",,,,"102.3",2678,"7",777368,666310,467793,682177,608070,672356,680757,657041,666134,"53.45",,,,,,,,71,1,"Cutter",4,4,4,4,4,4,4,4,"Strategic","Standard",178,"-0.005","0.035",,,,"-0.035",,0,0,0.574,0.42600000000000005,27,26,27,26,1,4,3,1,4,1,"1.16","-0.23","-0.23","53.0",,,,,
"FC","2025-06-25","99.4","-1.25","5.95","Clase, Emmanuel",680718,661403,"strikeout","called_strike",,,,,9,"Addison Barger called out on strikes.","R","L","R","CLE","TOR","S",2,,0,2,2025,"0.14","1.26","0.33","2.09",,,666182,1,9,"Top",,,,,,,4.027779236690901,-144.6966712656424,-8.198238040887668,1.101886663167972,30.568502857608834,-12.759163801072749,"3.71","1.73",,,,"100.2",2693,"6.5",777368,666310,467793,682177,608070,672356,680757,657041,666134,"53.99",,0,"0",1,0,0,,70,3,"Cutter",4,4,4,4,4,4,4,4,"Infield shade","Standard",181,"0.048","-0.168",,,,"0.168",,0,0,0.526,0.474,27,25,27,26,1,4,3,3,4,1,"1.03","-0.14","0.14","53.2",,,,,
"SL","2025-06-25","87.5","-1.13","5.84","Clase, Emmanuel",680718,661403,,"swinging_strike_blocked",,,,,14,"Swinging Strike (Blocked)","R","L","R","CLE","TOR","S",,,0,1,2025,"0.73","0.65","1.1","0.93",,,666182,1,9,"Top",,,,,,,3.8899656426991767,-127.32870933399018,-7.118816478876708,7.196788102825435,24.918075647370102,-23.850895697616625,"3.73","1.7",,,,"88",2523,"6.5",777368,666310,467793,682177,608070,672356,680757,657041,666134,"54",,,,,,,,70,2,"Slider",4,4,4,4,4,4,4,4,"Infield shade","Standard",62,"0.015","-0.047","75.1","9.2",,"0.047",,0,0,0.511,0.489,27,25,27,26,1,4,3,3,4,1,"2.31","-0.73","0.73","49.2",27.289791679988678,-45.57358520760268,36.29185695768384,23.886395851587768,55.87997880049295
"FC","2025-06-25","99.2","-1.27","5.94","Clase, Emmanuel",680718,661403,,"foul",,,,,5,"Foul","R","L","R","CLE","TOR","S",,,0,0,2025,"-0.01","1.28","-0.03","2.81",,,666182,1,9,"Top",,,,,,,3.399440368544213,-144.41985520479696,-6.2021398206248755,-0.8356143335251078,31.546429211896815,-13.05479394584196,"3.73","1.7",199,"69.9",43,"100",2635,"6.6",777368,666310,467793,682177,608070,672356,680757,657041,666134,"53.95",,,,,,,,70,1,"Cutter",4,4,4,4,4,4,4,4,"Infield shade","Standard",188,"0.011","-0.04","69.9","6.8",,"0.04","88.0",0,0,0.5,0.5,27,25,27,26,1,4,3,3,4,1,"1.03","0.01","-0.01","46.8",-5.722031475411132,20.856001271980322,28.163261136488938,35.897492477044665,16.17190941982296
"SL","2025-06-25","88.7","-1.01","5.87","Clase, Emmanuel",666182,661403,"single","hit_into_play",,,,,9,"Bo Bichette singles on a ground ball to center fielder Lane Thomas.","R","R","R","CLE","TOR","X",8,"ground_ball",1,2,2025,"0.94","-0.05","0.72","1.96",,,,1,9,"Top",126.89,103.72,,,,,2.287470560020762,-129.2328298285169,-3.4301034778154014,10.103142745443703,26.211051548680686,-32.29636455511528,"3.72","1.74",54,"98.6",1,"89.7",2574,"6.8",777368,666310,467793,682177,608070,672356,680757,657041,666134,"53.74",0.446,0.412,"0.9",1,1,0,4,69,4,"Slider",4,4,4,4,4,4,4,4,"Strategic","Strategic",64,"-0.07","0.489","79.2","7.3",0.493,"-0.489","98.6",0,0,0.57,0.43000000000000005,27,27,27,27,1,4,3,1,4,1,"2.94","-0.94","-0.94","52.6",-0.5946112338118044,8.872859141742294,35.27617283068197,42.31624849077238,16.87044057474722
"FC","2025-06-25","100.1","-0.74","6.08","Clase, Emmanuel",666182,661403,,"foul",,,,,4,"Foul","R","R","R","CLE","TOR","S",,,1,1,2025,"0.13","1.12","-0.5","3.02",,,,1,9,"Top",,,,,,,0.36526431767855716,-145.8824086802444,-5.827317352525482,1.8037372786908423,31.282523027370065,-14.94906705854494,"3.72","1.74",243,"77.3",30,"101.2",2758,"6.6",777368,666310,467793,682177,608070,672356,680757,657041,666134,"53.88",,,,,,,,69,3,"Cutter",4,4,4,4,4,4,4,4,"Strategic","Standard",172,"0.01","-0.064","55.5","5.6",,"0.064","88.0",0,0,0.56,0.43999999999999995,27,27,27,27,1,4,3,1,4,1,"1.13","-0.13","-0.13","52.7",-13.822982450412367,19.41263109925223,45.075374439399766,27.572488084986766,8.530171400965116
"FC","2025-06-25","99.1","-1.06","6","Clase, Emmanuel",666182,661403,,"swinging_strike",,,,,5,"Swinging Strike","R","R","R","CLE","TOR","S",,,1,0,2025,"0.3","0.91","-0.19","2.84",,,,1,9,"Top",,,,,,,1.7011262757059336,-144.3220662871211,-5.453861960257813,3.8342297682890614,30.15563138504455,-18.36980607104042,"3.72","1.74",,,,"100.4",2752,"6.7",777368,666310,467793,682177,608070,672356,680757,657041,666134,"53.79",,,,,,,,69,2,"Cutter",4,4,4,4,4,4,4,4,"Strategic","Standard",178,"0.008","-0.049","65.1","6.0",,"0.049",,0,0,0.552,0.44799999999999995,27,27,27,27,1,4,3,1,4,1,"1.39","-0.3","-0.3","47.9",-5.925792165563258,21.837730938061238,42.956792790083476,31.631215807943008,8.208533474772924
"SL","2025-06-25","86.4","-1.13","5.87","Clase, Emmanuel",666182,661403,,"ball",,,,,14,"Ball","R","R","R","CLE","TOR","B",,,0,0,2025,"0.72","0.05","1.3","1.43",,,,1,9,"Top",,,,,,,4.3782932747790335,-125.79120552665657,-4.550996095108935,6.859574502660649,23.83182619649893,-30.950319747750857,"3.84","1.82",,,,"87.4",2502,"6.8",777368,666310,467793,682177,608070,672356,680757,657041,666134,"53.73",,,,,,,,69,1,"Slider",4,4,4,4,4,4,4,4,"Strategic","Standard",78,"-0.006","0.039",,,,"-0.039",,0,0,0.558,0.44199999999999995,27,27,27,27,1,4,3,1,4,1,"2.98","-0.72","-0.72","53.2",,,,,
"FC","2025-06-25","99.7","-1.08","5.91","Clase, Emmanuel",665926,661403,"field_out","hit_into_play",,,,,9,"Andrés Giménez grounds out, shortstop Gabriel Arias to first baseman Carlos Santana.","R","L","R","CLE","TOR","X",6,"ground_ball",0,2,2025,"0.33","1.1","0.35","1.93",,,,0,9,"Top",108.12,157,,,,,3.1873702592403212,-145.0481241183031,-8.234909939804721,3.9172021447001217,32.26796613829637,-14.973010382433689,"3.33","1.5",8,"87",-13,"100.7",2667,"6.7",777368,666310,467793,682177,608070,672356,680757,657041,666134,"53.78",0.116,0.125,"0",1,0,0,2,68,3,"Cutter",4,4,4,4,4,4,4,4,"Strategic","Standard",179,"0.038","-0.165","66.9","6.3",0.137,"0.165","88.0",0,0,0.52,0.48,27,26,27,27,1,3,3,1,4,1,"1.19","-0.33","0.33","45.4",-2.587366321871053,23.63800364244784,38.66088003340999,35.70263629390351,19.73713608330987
"FC","2025-06-25","99.2","-1.07","5.93","Clase, Emmanuel",665926,661403,,"foul",,,,,6,"Foul","R","L","R","CLE","TOR","S",,,0,1,2025,"0.31","1.22","0.48","2.38",,,,0,9,"Top",,,,,,,3.5439762788668774,-144.4105238265916,-7.232051272928727,3.5612006849113182,30.544676514025227,-13.579554872629034,"3.33","1.5",179,"66.2",48,"100.2",2579,"6.6",777368,666310,467793,682177,608070,672356,680757,657041,666134,"53.88",,,,,,,,68,2,"Cutter",4,4,4,4,4,4,4,4,"Standard","Standard",179,"0.011","-0.055","68.9","6.7",,"0.055","88.0",0,0,0.509,0.491,27,26,27,27,1,3,3,1,4,1,"1.07","-0.31","0.31","47.1",3.9487273901479982,19.89673601492113,35.71436898766134,35.422444607917946,24.240442542378233
"FC","2025-06-25","99.5","-1.17","5.91","Clase, Emmanuel",665926,661403,,"called_strike",,,,,3,"Called Strike","R","L","R","CLE","TOR","S",,,0,0,2025,"0.34","1.21","0.34","3.05",,,,0,9,"Top",,,,,,,3.352318637742642,-145.00002221827233,-5.381746175077388,4.192874830898515,30.11689866852943,-14.009765729122739,"3.28","1.41",,,,"100.4",2593,"6.4",777368,666310,467793,682177,608070,672356,680757,657041,666134,"54.07",,,,,,,,68,1,"Cutter",4,4,4,4,4,4,4,4,"Standard","Standard",180,"0.009","-0.039",,,,"0.039",,0,0,0.5,0.5,27,26,27,27,1,3,3,1,4,1,"1.06","-0.34","0.34","46.2",,,,,
"FC","2025-06-22","99.3","-1.12","5.76","Clase, Emmanuel",671732,661403,"field_out","hit_into_play",,,,,8,"Lawrence Butler grounds out, second baseman Angel Martínez to first baseman Kyle Manzardo.","R","L","R","ATH","CLE","X",4,"ground_ball",2,2,2025,"0.41","0.75","0.25","1.87",691016,570482,668709,2,9,"Bot",145.74,162.83,,,,,2.817116163119531,-144.5748207360383,-7.1089702996422135,5.153871503164474,29.80881386685046,-20.28546776978095,"3.52","1.65",3,"71.5",-33,"100.6",2649,"6.7",777400,595978,700932,682657,608070,672356,680757,657041,666134,"53.8",0.053,0.049,"0",1,0,0,2,73,7,"Cutter",0,3,0,3,3,0,0,3,"Strategic","Standard",184,"-0.093","-0.235","75.0","7.1",0.053,"0.235","88.0",-3,-3,0.093,0.093,27,24,27,25,1,4,1,1,3,2,"1.54","-0.41","0.41","44.5",3.3949876351147688,13.307562559532396,32.055586143565584,38.661467865335574,25.123487810283205
"SL","2025-06-22","87.5","-1.14","5.85","Clase, Emmanuel",671732,661403,,"foul",,,,,2,"Foul","R","L","R","ATH","CLE","S",,,2,2,2025,"0.78","0.36","-0.08","3.63",691016,570482,668709,2,9,"Bot",,,,,,,0.9421393007862646,-127.44450801717205,0.004529179563266927,8.338718123738108,25.10798687524613,-28.415665553001777,"3.52","1.65",245,"79.9",41,"88.3",2473,"6.6",777400,595978,700932,682657,608070,672356,680757,657041,666134,"53.88",,,,,,,,73,6,"Slider",0,3,0,3,3,0,0,3,"Strategic","Standard",62,"0","0","62.0","5.6",,"0","88.0",-3,-3,0.093,0.093,27,24,27,25,1,4,1,1,3,2,"2.6","-0.78","0.78","52.0",0.4644888795716736,38.41895407450934,19.606299601089702,40.81615884544504,12.002728055532808
"FC","2025-06-22","98.4","-1.08","5.77","Clase, Emmanuel",671732,661403,,"ball",,,,,14,"Ball","R","L","R","ATH","CLE","B",,,1,2,2025,"0.32","1.04","1.07","1.33",691016,570482,668709,2,9,"Bot",,,,,,,5.131713230738741,-143.14518413626257,-9.126269809636598,3.4495207863070303,29.265692221696487,-16.03382631977704,"3.38","1.6",,,,"99.7",2607,"6.8",777400,595978,700932,682657,608070,672356,680757,657041,666134,"53.72",,,,,,,,73,5,"Cutter",0,3,0,3,3,0,0,3,"Strategic","Standard",184,"0.01","0.034",,,,"-0.034",,-3,-3,0.083,0.083,27,24,27,25,1,4,1,1,3,2,"1.29","-0.32","0.32","43.9",,,,,
"FC","2025-06-22","98.8","-1.17","5.93","Clase, Emmanuel",671732,661403,,"foul",,,,,9,"Foul","R","L","R","ATH","CLE","S",,,1,2,2025,"0.44","0.95","0.53","2.07",691016,570482,668709,2,9,"Bot",,,,,,,3.6288562530611883,-143.85884459115906,-7.421221951578686,5.466834955804629,29.627981242032764,-17.52931952011957,"3.52","1.65",150,"71.1",64,"100.1",2583,"6.7",777400,595978,700932,682657,608070,672356,680757,657041,666134,"53.78",,,,,,,,73,4,"Cutter",0,3,0,3,3,0,0,3,"Strategic","Standard",182,"0","0","75.2","7.3",,"0","88.0",-3,-3,0.083,0.083,27,24,27,25,1,4,1,1,3,2,"1.36","-0.44","0.44","47.3",2.5682359623788265,-3.7176620657238573,31.77797105860147,33.887005253477206,29.613079311692058
"FC","2025-06-22","98.9","-1.22","5.81","Clase, Emmanuel",671732,661403,,"ball",,,,,14,"Ball","R","L","R","ATH","CLE","B",,,0,2,2025,"0.3","0.81","0.74","1.33",691016,570482,668709,2,9,"Bot",,,,,,,4.695423927029219,-143.9953685379574,-8.825056148845203,3.2595647167987516,28.26900507606643,-19.171897873446863,"3.38","1.6",,,,"100.3",2680,"6.7",777400,595978,700932,682657,608070,672356,680757,657041,666134,"53.83",,,,,,,,73,3,"Cutter",0,3,0,3,3,0,0,3,"Strategic","Standard",186,"0.007","0.031",,,,"-0.031",,-3,-3,0.076,0.076,27,24,27,25,1,4,1,1,3,2,"1.49","-0.3","0.3","45.2",,,,,
"FC","2025-06-22","98.3","-0.99","5.93","Clase, Emmanuel",671732,661403,,"foul",,,,,14,"Foul","R","L","R","ATH","CLE","S",,,0,1,2025,"0.33","1.01","0.86","2.26",691016,570482,668709,2,9,"Bot",,,,,,,4.285961955562244,-143.1551023742193,-6.897121521495615,3.646007575949054,30.729713485907972,-16.907275326127007,"3.52","1.65",213,"68.6",35,"99.3",2589,"6.6",777400,595978,700932,682657,608070,672356,680757,657041,666134,"53.88",,,,,,,,73,2,"Cutter",0,3,0,3,3,0,0,3,"Standard","Standard",179,"-0.013","-0.05","76.6","7.0",,"0.05","88.0",-3,-3,0.089,0.089,27,24,27,25,1,4,1,1,3,2,"1.33","-0.33","0.33","46.7",-3.4750264082978473,3.705874224412771,34.35389285590511,30.29901467010486,28.671128368392072
"FC","2025-06-22","98.9","-1.12","6.07","Clase, Emmanuel",671732,661403,,"swinging_strike",,,,,3,"Swinging Strike","R","L","R","ATH","CLE","S",,,0,0,2025,"0.32","1.1","0.79","3.33",691016,570482,668709,2,9,"Bot",,,,,,,4.483289871533537,-144.03192775014375,-4.6447858441763366,3.5199064562669773,30.826990882871115,-15.981874123263571,"3.52","1.65",,,,"99.7",2555,"6.5",777400,595978,700932,682657,608070,672356,680757,657041,666134,"53.98",,,,,,,,73,1,"Cutter",0,3,0,3,3,0,0,3,"Standard","Standard",174,"-0.01","-0.035","70.8","5.7",,"0.035",,-3,-3,0.099,0.099,27,24,27,25,1,4,1,1,3,2,"1.21","-0.32","0.32","49.3",-6.983605680409883,27.496024327133217,29.39011313142384,29.289255886761623,16.262146073529742
"FC","2025-06-22","98.8","-1.21","5.84","Clase, Emmanuel",691777,661403,"strikeout","foul_tip",,,,,4,"Max Muncy strikes out on a foul tip.","R","R","R","ATH","CLE","S",2,,0,2,2025,"0.46","1.17","-0.67","2.57",691016,570482,668709,1,9,"Bot",,,,,,,0.418457871539928,-143.80160625569317,-6.209303605421803,6.219028013713577,34.755373300284106,-14.728797317463075,"3.47","1.57",,,,"99.4",2600,"6.7",777400,595978,700932,682657,608070,672356,680757,657041,666134,"53.82",,0,"0",1,0,0,,72,3,"Cutter",0,3,0,3,3,0,0,3,"Standard","Standard",183,"-0.074","-0.197","66.4","5.2",,"0.197",,-3,-3,0.173,0.173,27,22,27,23,1,0,1,1,3,2,"1.17","-0.46","-0.46","45.7",-25.416575211128926,42.72698525792837,39.23150950422302,30.948920563670143,5.02582261978481
"FC","2025-06-22","98.3","-1.13","5.93","Clase, Emmanuel",691777,661403,,"swinging_strike",,,,,7,"Swinging Strike","R","R","R","ATH","CLE","S",,,0,1,2025,"0.56","1.02","-0.57","1.89",691016,570482,668709,1,9,"Bot",,,,,,,0.2044688517130891,-143.03479747846657,-7.900761249766014,7.67885264885434,31.62870038534654,-16.51837113832561,"3.47","1.57",,,,"99.1",2645,"6.6",777400,595978,700932,682657,608070,672356,680757,657041,666134,"53.85",,,,,,,,72,2,"Cutter",0,3,0,3,3,0,0,3,"Standard","Standard",193,"-0.023","-0.064","46.2","5.4",,"0.064",,-3,-3,0.196,0.196,27,22,27,23,1,0,1,1,3,2,"1.33","-0.56","-0.56","47.5",-21.350248825076843,35.23504610319345,39.24852780981052,31.323119812467496,9.548278868289255
"FC","2025-06-22","99.5","-1.19","5.84","Clase, Emmanuel",691777,661403,,"swinging_strike",,,,,8,"Swinging Strike","R","R","R","ATH","CLE","S",,,0,0,2025,"0.52","1.12","0.16","2.16",691016,570482,668709,1,9,"Bot",,,,,,,2.4918209573602,-144.75220110687425,-7.379548605434565,6.732027880364806,34.17653409029958,-14.875111417566712,"3.47","1.57",,,,"100.2",2662,"6.7",777400,595978,700932,682657,608070,672356,680757,657041,666134,"53.79",,,,,,,,72,1,"Cutter",0,3,0,3,3,0,0,3,"Standard","Standard",185,"-0.017","-0.05","75.0","6.6",,"0.05",,-3,-3,0.213,0.213,27,22,27,23,1,0,1,1,3,2,"1.18","-0.52","-0.52","45.4",-7.6513243769897255,18.338234719715622,41.419627869772405,40.498939963365046,17.2741425779462
"FC","2025-06-22","99.8","-0.88","5.96","Clase, Emmanuel",668709,661403,"single","hit_into_play",,,,,12,"JJ Bleday singles on a soft ground ball to third baseman José Ramírez. Tyler Soderstrom to 3rd. Gio Urshela to 2nd.","R","L","R","ATH","CLE","X",5,"ground_ball",0,1,2025,"0.13","1.22","1.24","2.55",,691016,570482,1,9,"Bot",115.84,179.05,,,,,5.5425558592213235,-145.23565171603994,-6.934090152941979,0.6175886119226992,32.68646866928288,-13.425342455481065,"3.34","1.61",56,"31.6",27,"100.6",2709,"6.6",777400,595978,700932,682657,608070,672356,680757,657041,666134,"53.89",0.203,0.176,"0.9",1,1,0,1,71,2,"Cutter",0,3,0,3,3,0,0,3,"Infield shade","Standard",179,"0.11","0.511","69.5","6.5",0.223,"-0.511","88.0",-3,-3,0.103,0.103,27,27,27,28,1,0,1,1,3,3,"1.06","-0.13","0.13","49.7",-3.0703403015469717,4.8858472898368,41.16107949780679,25.459146279498952,20.386873895320534
"FC","2025-06-22","99.2","-1.09","5.84","Clase, Emmanuel",668709,661403,,"called_strike",,,,,9,"Called Strike","R","L","R","ATH","CLE","S",,,0,0,2025,"0.27","1.13","0.79","1.93",,691016,570482,1,9,"Bot",,,,,,,4.54788334446806,-144.2875487988504,-8.020927728024592,2.817304611465235,31.791399673041774,-14.750424359028482,"3.52","1.74",,,,"100.3",2663,"6.8",777400,595978,700932,682657,608070,672356,680757,657041,666134,"53.68",,,,,,,,71,1,"Cutter",0,3,0,3,3,0,0,3,"Infield shade","Standard",180,"-0.01","-0.033",,,,"0.033",,-3,-3,0.113,0.113,27,27,27,28,1,0,1,1,3,3,"1.18","-0.27","0.27","48.1",,,,,
"SL","2025-06-22","88.1","-0.95","5.86","Clase, Emmanuel",570482,661403,"walk","ball",,,,,14,"Gio Urshela walks. Tyler Soderstrom to 2nd.","R","R","R","ATH","CLE","B",,,3,2,2025,"0.8","0.12","0.77","1.09",,,691016,1,9,"Bot",,,,,,,2.5376340885407718,-128.31978588337233,-5.8136480122166025,8.407854541754316,24.552116214447945,-29.960996042321533,"3.45","1.62",,,,"89",2429,"6.6",777400,595978,700932,682657,608070,672356,680757,657041,666134,"53.88",,0.691497,"0.7",1,0,0,,70,6,"Slider",0,3,0,3,3,0,0,3,"Standard","Strategic",66,"0.057","0.266",,,,"-0.266",,-3,-3,0.056,0.056,27,33,27,34,1,3,1,4,3,4,"2.8","-0.8","-0.8","51.8",,,,,
"SL","2025-06-22","86.6","-1.1","5.82","Clase, Emmanuel",570482,661403,,"blocked_ball",,,,,14,"Ball In Dirt","R","R","R","ATH","CLE","B",,,2,2,2025,"0.94","-0.51","0.35","0.04",,,691016,1,9,"Bot",,,,,,,1.5567273985629273,-125.98592156907765,-6.56417908094618,9.619290164107735,26.693595210664053,-36.42538829423553,"3.39","1.7",,,,"87.1",2579,"6.7",777400,595978,700932,682657,608070,672356,680757,657041,666134,"53.76",,,,,,,,70,5,"Slider",0,3,0,3,3,0,0,3,"Strategic","Strategic",69,"0.013","0.098",,,,"-0.098",,-3,-3,0.043,0.043,27,33,27,34,1,3,1,4,3,4,"3.56","-0.94","-0.94","52.4",,,,,
"SL","2025-06-22","85.9","-1.13","5.85","Clase, Emmanuel",570482,661403,,"swinging_strike",,,,,6,"Swinging Strike","R","R","R","ATH","CLE","S",,,2,1,2025,"0.83","-0.02","0.34","2.26",,,691016,1,9,"Bot",,,,,,,1.8168228533864088,-125.07664467574301,-2.2188515257753028,8.316376117572611,25.245167699005382,-32.1127589572849,"3.45","1.63",,,,"86.4",2456,"6.6",777400,595978,700932,682657,608070,672356,680757,657041,666134,"53.9",,,,,,,,70,4,"Slider",0,3,0,3,3,0,0,3,"Standard","Strategic",76,"-0.01","-0.075","64.4","6.4",,"0.075",,-3,-3,0.053,0.053,27,33,27,34,1,3,1,4,3,4,"3.1","-0.83","-0.83","51.4",-2.7134227192813167,27.625850102065098,36.96972248924708,40.58872708993253,21.39426858567436
"SI","2025-06-22","97.6","-0.88","6.05","Clase, Emmanuel",570482,661403,,"ball",,,,,11,"Ball","R","R","R","ATH","CLE","B",,,1,1,2025,"-0.65","0.96","-0.71","4.27",,,691016,1,9,"Bot",,,,,,,1.9600897756107092,-142.23038898010248,-1.5500395249149712,-9.263880298292024,31.165446125238404,-19.001114782911216,"3.47","1.73",,,,"98.3",2460,"6.5",777400,595978,700932,682657,608070,672356,680757,657041,666134,"54",,,,,,,,70,3,"Sinker",0,3,0,3,3,0,0,3,"Standard","Strategic",176,"0.009","0.063",,,,"-0.063",,-3,-3,0.044,0.044,27,33,27,34,1,3,1,4,3,4,"1.42","0.65","0.65","49.9",,,,,
"SL","2025-06-22","85.4","-1.17","5.89","Clase, Emmanuel",570482,661403,,"foul",,,,,8,"Foul","R","R","R","ATH","CLE","S",,,1,0,2025,"0.58","-0.22","-0.11","2.19",,,691016,1,9,"Bot",,,,,,,1.3366093655915776,-124.32468161648201,-1.9545726061983384,5.723331380752197,26.154361055509792,-34.22863333101327,"3.45","1.63",267,"79.2",37,"85.6",2402,"6.5",777400,595978,700932,682657,608070,672356,680757,657041,666134,"54",,,,,,,,70,2,"Slider",0,3,0,3,3,0,0,3,"Strategic","Strategic",61,"-0.009","-0.056","65.7","6.5",,"0.056","88.0",-3,-3,0.053,0.053,27,33,27,34,1,3,1,4,3,4,"3.35","-0.58","-0.58","49.0",-2.038546593869253,20.07912400092781,35.998035462385445,35.945021099642716,28.612248546505935
"SL","2025-06-22","89.1","-1.2","5.87","Clase, Emmanuel",570482,661403,,"ball",,,,,14,"Ball","R","R","R","ATH","CLE","B",,,0,0,2025,"0.59","0.07","0.62","1.53",,,691016,1,9,"Bot",,,,,,,3.246122286725484,-129.67009838614695,-4.7963170473346395,5.927254042007339,27.47475633792286,-30.559674720749165,"3.42","1.66",,,,"89.5",2450,"6.5",777400,595978,700932,682657,608070,672356,680757,657041,666134,"53.97",,,,,,,,70,1,"Slider",0,3,0,3,3,0,0,3,"Standard","Strategic",80,"0.007","0.035",,,,"-0.035",,-3,-3,0.046,0.046,27,33,27,34,1,3,1,4,3,4,"2.8","-0.59","-0.59","53.2",,,,,
"FC","2025-06-22","98","-1.05","5.94","Clase, Emmanuel",691016,661403,"single","hit_into_play",,,,,3,"Tyler Soderstrom singles on a sharp ground ball to right fielder Nolan Jones.","R","L","R","ATH","CLE","X",9,"ground_ball",2,2,2025,"0.43","1.15","0.46","2.9",,,,1,9,"Bot",151.82,94.42,,,,,3.090675662772675,-142.76063447485532,-5.46842562387639,5.345787584738797,29.724728520334466,-15.340407419182656,"3.44","1.53",60,"100.4",1,"99.1",2583,"6.6",777400,595978,700932,682657,608070,672356,680757,657041,666134,"53.87",0.468,0.437,"0.9",1,1,0,4,69,8,"Cutter",0,3,0,3,3,0,0,3,"Infield shade","Strategic",182,"0.029","0.44","73.6","6.8",0.521,"-0.44","100.4",-3,-3,0.017,0.017,27,23,27,24,1,3,1,1,3,2,"1.2","-0.43","0.43","49.0",4.646782719328574,11.054017411582846,28.462649343194098,36.592898477024,25.407744752643207
"SL","2025-06-22","87.6","-0.99","5.83","Clase, Emmanuel",691016,661403,,"ball",,,,,14,"Ball","R","L","R","ATH","CLE","B",,,1,2,2025,"0.88","-0.1","0.97","1.79",,,,1,9,"Bot",,,,,,,2.9517876568842283,-127.5622971360517,-3.466096485287758,9.0583101245612,25.48983075298368,-32.73934484987961,"3.37","1.53",,,,"88.5",2541,"6.8",777400,595978,700932,682657,608070,672356,680757,657041,666134,"53.74",,,,,,,,69,7,"Slider",0,3,0,3,3,0,0,3,"Infield shade","Strategic",68,"0.002","0.048",,,,"-0.048",,-3,-3,0.015,0.015,27,23,27,24,1,3,1,1,3,2,"3.06","-0.88","0.88","48.5",,,,,
"SI","2025-06-22","98.8","-0.94","6.05","Clase, Emmanuel",691016,661403,,"foul",,,,,2,"Foul","R","L","R","ATH","CLE","S",,,1,2,2025,"-0.32","1.1","-0.16","2.84",,,,1,9,"Bot",,,,,,,2.898339530522283,-143.78407846680415,-5.904146637524307,-5.12853468242681,32.09020443982116,-15.795348057968155,"3.44","1.53",315,"94.3",34,"99.5",2510,"6.6",777400,595978,700932,682657,608070,672356,680757,657041,666134,"53.92",,,,,,,,69,6,"Sinker",0,3,0,3,3,0,0,3,"Infield shade","Standard",170,"0","0","74.7","6.7",,"0","94.3",-3,-3,0.015,0.015,27,23,27,24,1,3,1,1,3,2,"1.23","0.32","-0.32","49.9",-0.5463748441934889,21.658967773136897,26.34001384493245,43.43619031409549,15.743761781513014
"FC","2025-06-22","98.3","-1.11","5.84","Clase, Emmanuel",691016,661403,,"foul",,,,,2,"Foul","R","L","R","ATH","CLE","S",,,1,2,2025,"0.28","0.85","-0.23","3.07",,,,1,9,"Bot",,,,,,,1.744685338970164,-143.1977265161569,-4.110124768844779,3.46323991994806,30.49789958063298,-19.704662926157198,"3.44","1.53",285,"90.4",46,"99.4",2615,"6.6",777400,595978,700932,682657,608070,672356,680757,657041,666134,"53.85",,,,,,,,69,5,"Cutter",0,3,0,3,3,0,0,3,"Infield shade","Standard",181,"0","0","73.4","6.8",,"0","90.4",-3,-3,0.015,0.015,27,23,27,24,1,3,1,1,3,2,"1.49","-0.28","0.28","44.0",2.843166159020754,20.918764589650973,23.660823460330906,44.12712153149717,15.321127305570792
"SL","2025-06-22","86.8","-1.07","5.85","Clase, Emmanuel",691016,661403,,"foul",,,,,5,"Foul","R","L","R","ATH","CLE","S",,,1,2,2025,"0.87","0.02","0.11","2.55",,,,1,9,"Bot",,,,,,,1.036579162551011,-126.4150104242736,-1.7524681005168028,9.141905985033423,25.801236436957872,-31.849298483061983,"3.44","1.53",155,"70.8",17,"87.5",2497,"6.7",777400,595978,700932,682657,608070,672356,680757,657041,666134,"53.81",,,,,,,,69,4,"Slider",0,3,0,3,3,0,0,3,"Infield shade","Standard",68,"0","0","75.2","7.7",,"0","88.0",-3,-3,0.015,0.015,27,23,27,24,1,3,1,1,3,2,"3","-0.87","0.87","47.9",8.755843348743321,-0.7052264785136493,31.80804844321126,40.661737557722354,29.021603428020434
"FC","2025-06-22","97.7","-1.19","5.74","Clase, Emmanuel",691016,661403,,"ball",,,,,14,"Ball","R","L","R","ATH","CLE","B",,,0,2,2025,"0.57","0.78","0.29","1.43",,,,1,9,"Bot",,,,,,,2.6665375001009988,-142.18884364936858,-7.987976583798762,7.262053243471206,30.05117420103346,-20.06349733316775,"3.45","1.61",,,,"98.7",2684,"6.7",777400,595978,700932,682657,608070,672356,680757,657041,666134,"53.83",,,,,,,,69,3,"Cutter",0,3,0,3,3,0,0,3,"Infield shade","Standard",179,"0.002","0.017",,,,"-0.017",,-3,-3,0.013,0.013,27,23,27,24,1,3,1,1,3,2,"1.59","-0.57","0.57","42.1",,,,,
"FC","2025-06-22","98","-1.1","5.92","Clase, Emmanuel",691016,661403,,"called_strike",,,,,8,"Called Strike","R","L","R","ATH","CLE","S",,,0,1,2025,"0.21","0.99","0.01","1.59",,,,1,9,"Bot",,,,,,,2.5453815212421844,-142.52498186868985,-8.581943700218396,2.245878076283191,31.311646967395138,-16.94705922290216,"3.41","1.58",,,,"98.9",2706,"6.7",777400,595978,700932,682657,608070,672356,680757,657041,666134,"53.8",,,,,,,,69,2,"Cutter",0,3,0,3,3,0,0,3,"Standard","Standard",180,"-0.003","-0.052",,,,"0.052",,-3,-3,0.016,0.016,27,23,27,24,1,3,1,1,3,2,"1.38","-0.21","0.21","46.2",,,,,
"FC","2025-06-22","98.4","-1.04","5.94","Clase, Emmanuel",691016,661403,,"foul",,,,,6,"Foul","R","L","R","ATH","CLE","S",,,0,0,2025,"0.45","1.01","0.65","2.63",,,,1,9,"Bot",,,,,,,3.568331434375652,-143.33155256834243,-5.984417619270704,5.558921313003718,29.828854887918947,-17.056329205055697,"3.44","1.53",216,"68",42,"99.8",2662,"6.8",777400,595978,700932,682657,608070,672356,680757,657041,666134,"53.71",,,,,,,,69,1,"Cutter",0,3,0,3,3,0,0,3,"Infield shade","Standard",185,"-0.002","-0.039","71.9","7.1",,"0.039","88.0",-3,-3,0.018,0.018,27,23,27,24,1,3,1,1,3,2,"1.32","-0.45","0.45","49.9",2.911679155367727,8.264071876347794,33.00005603147004,34.25169120087711,20.94566146942915
"SL","2025-06-22","86.9","-0.9","5.95","Clase, Emmanuel",649966,661403,"field_out","hit_into_play",,,,,6,"Luis Urías flies out to center fielder Lane Thomas.","R","R","R","ATH","CLE","X",8,"fly_ball",1,2,2025,"0.88","0.28","0.69","2.26",,,,0,9,"Bot",131.14,59.36,,,,,2.008748073756277,-126.56205726822493,-3.296830161761261,9.142430275341088,24.691852387666987,-28.673417576314208,"3.24","1.52",347,"90.6",29,"87.5",2449,"6.5",777400,595978,700932,682657,608070,672356,680757,657041,666134,"53.99",0.03,0.027,"0",1,0,0,3,68,5,"Slider",0,3,0,3,3,0,0,3,"Standard","Strategic",62,"-0.019","-0.189","66.2","7.5",0.053,"0.189","90.6",-3,-3,0.037,0.037,27,28,27,28,1,3,1,1,3,2,"2.72","-0.88","-0.88","50.6",5.319650118644235,-0.12777677837659876,27.98113332663247,40.27438203726071,28.06977261352237
"FC","2025-06-22","99.2","-1.09","6.08","Clase, Emmanuel",649966,661403,,"ball",,,,,11,"Ball","R","R","R","ATH","CLE","B",,,0,2,2025,"0.48","0.99","-0.32","4.57",,,,0,9,"Bot",,,,,,,0.9678123242857072,-144.54383151143074,-1.0719575134972938,6.53407724393042,31.970660553678247,-18.259197411581276,"3.39","1.6",,,,"100",2603,"6.5",777400,595978,700932,682657,608070,672356,680757,657041,666134,"53.95",,,,,,,,68,4,"Cutter",0,3,0,3,3,0,0,3,"Standard","Strategic",175,"0.003","0.024",,,,"-0.024",,-3,-3,0.034,0.034,27,28,27,28,1,3,1,1,3,2,"1.31","-0.48","-0.48","48.4",,,,,
"SL","2025-06-22","87.5","-1.01","5.94","Clase, Emmanuel",649966,661403,,"foul",,,,,5,"Foul","R","R","R","ATH","CLE","S",,,0,2,2025,"0.79","0.08","0.22","2.19",,,,0,9,"Bot",,,,,,,1.366964709980876,-127.504148156409,-3.1584972460408367,8.392490542935443,23.318446027511456,-30.86367332757544,"3.24","1.52",118,"64.1",72,"88.4",2466,"6.5",777400,595978,700932,682657,608070,672356,680757,657041,666134,"53.97",,,,,,,,68,3,"Slider",0,3,0,3,3,0,0,3,"Standard","Strategic",80,"0","0","65.8","7.7",,"0","88.0",-3,-3,0.034,0.034,27,28,27,28,1,3,1,1,3,2,"2.86","-0.79","-0.79","49.1",5.386913815199458,-7.559499859958307,31.83962199745504,34.82351299610254,29.115370861904733
"SL","2025-06-22","85.2","-1.16","5.89","Clase, Emmanuel",649966,661403,,"swinging_strike",,,,,5,"Swinging Strike","R","R","R","ATH","CLE","S",,,0,1,2025,"0.77","0.41","0.01","2.18",,,,0,9,"Bot",,,,,,,1.188179583007826,-124.05744922442557,-3.23776345837888,7.74518137999474,25.0046500766727,-27.500784573129412,"3.24","1.52",,,,"85.6",2499,"6.5",777400,595978,700932,682657,608070,672356,680757,657041,666134,"53.97",,,,,,,,68,2,"Slider",0,3,0,3,3,0,0,3,"Standard","Standard",65,"-0.005","-0.055","68.6","8.1",,"0.055",,-3,-3,0.039,0.039,27,28,27,28,1,3,1,1,3,2,"2.73","-0.77","-0.77","50.1",13.420396306698056,-16.645775538585237,30.049989279455865,33.883055542462444,39.84414515928691
"SL","2025-06-22","84.6","-1.15","5.9","Clase, Emmanuel",649966,661403,,"called_strike",,,,,3,"Called Strike","R","R","R","ATH","CLE","S",,,0,0,2025,"0.65","0.19","0.31","2.79",,,,0,9,"Bot",,,,,,,2.121615616882413,-123.31698880153922,-1.3163006421479677,6.21841127095263,24.334002283904205,-30.19740075566063,"3.02","1.51",,,,"85",2390,"6.5",777400,595978,700932,682657,608070,672356,680757,657041,666134,"54.04",,,,,,,,68,1,"Slider",0,3,0,3,3,0,0,3,"Standard","Standard",81,"-0.004","-0.039",,,,"0.039",,-3,-3,0.043,0.043,27,28,27,28,1,3,1,1,3,2,"2.98","-0.65","-0.65","49.4",,,,,
"SL","2025-06-21","88.7","-0.81","6.07","Clase, Emmanuel",642851,661403,"field_out","hit_into_play",,,,,9,"Austin Wynns grounds out, third baseman José Ramírez to first baseman Carlos Santana.","R","R","R","ATH","CLE","X",5,"ground_ball",2,2,2025,"0.8","-0.19","0.57","1.72",,,,2,9,"Bot",106.72,159.79,,,,,1.7383044590553636,-129.1288322995564,-4.203396089165478,8.524071188869575,28.287537465525592,-33.56869444954309,"3.67","1.65",9,"77.9",-11,"89.3",2612,"6.8",777411,595978,467793,682657,608070,682177,680757,657041,671286,"53.74",0.066,0.047,"0",1,0,0,2,77,5,"Slider",2,4,2,4,4,2,2,4,"Strategic","Strategic",60,"-0.015","-0.224","68.2","7.8",0.079,"0.224","88.0",-2,-2,0.015,0.015,27,34,27,35,1,3,3,1,1,3,"3.09","-0.8","-0.8","54.1",13.903801917230744,-3.091345086693734,34.257146727673614,44.55507526424487,36.541527289247696
"SL","2025-06-21","87.4","-0.87","6.07","Clase, Emmanuel",642851,661403,,"called_strike",,,,,8,"Called Strike","R","R","R","ATH","CLE","S",,,2,1,2025,"0.76","0.14","0.11","2.19",,,,2,9,"Bot",,,,,,,0.8023899052331502,-127.2589249477712,-3.5252574802870846,8.1158266828532,25.78638871176244,-30.132821972453517,"3.52","1.63",,,,"88.2",2461,"6.7",777411,595978,467793,682657,608070,682177,680757,657041,671286,"53.8",,,,,,,,77,4,"Slider",2,4,2,4,4,2,2,4,"Strategic","Standard",64,"-0.003","-0.073",,,,"0.073",,-2,-2,0.018,0.018,27,34,27,35,1,3,3,1,1,3,"2.84","-0.76","-0.76","59.9",,,,,
"FC","2025-06-21","99.5","-1.04","6.1","Clase, Emmanuel",642851,661403,,"foul",,,,,8,"Foul","R","R","R","ATH","CLE","S",,,2,0,2025,"0.4","1.09","-0.09","2.01",,,,2,9,"Bot",,,,,,,1.7121505390571794,-144.67926780681324,-8.422689858883658,5.154234213530351,34.21188844224169,-15.109367781455942,"3.67","1.65",141,"84.8",70,"100.3",2620,"6.8",777411,595978,467793,682657,608070,682177,680757,657041,671286,"53.73",,,,,,,,77,3,"Cutter",2,4,2,4,4,2,2,4,"Strategic","Strategic",187,"-0.006","-0.066","69.4","7.9",,"0.066","88.0",-2,-2,0.024,0.024,27,34,27,35,1,3,3,1,1,3,"1.22","-0.4","-0.4","47.8",17.025139031291385,3.5293681284517,35.67444265583124,39.393173417586794,33.83844965160075
"FC","2025-06-21","99.1","-0.95","6.15","Clase, Emmanuel",642851,661403,,"ball",,,,,11,"Ball","R","R","R","ATH","CLE","B",,,1,0,2025,"0.28","1.07","-1.25","3.52",,,,2,9,"Bot",,,,,,,-1.4869052121824702,-144.3526623481141,-4.281841231640468,4.2500390608271115,34.43613696200814,-16.426184218041882,"3.6","1.61",,,,"99.9",2514,"6.7",777411,595978,467793,682657,608070,682177,680757,657041,671286,"53.79",,,,,,,,77,2,"Cutter",2,4,2,4,4,2,2,4,"Strategic","Strategic",180,"0.006","0.065",,,,"-0.065",,-2,-2,0.018,0.018,27,34,27,35,1,3,3,1,1,3,"1.25","-0.28","-0.28","50.5",,,,,
"FC","2025-06-21","98.9","-0.95","6.19","Clase, Emmanuel",642851,661403,,"ball",,,,,11,"Ball","R","R","R","ATH","CLE","B",,,0,0,2025,"0.54","1.02","-1.35","3.9",,,,2,9,"Bot",,,,,,,-2.38473104667004,-143.99061634941674,-3.224914280393097,8.12727989645483,33.49966959247436,-17.447960354060672,"3.62","1.69",,,,"99.6",2537,"6.6",777411,595978,467793,682657,608070,682177,680757,657041,671286,"53.85",,,,,,,,77,1,"Cutter",2,4,2,4,4,2,2,4,"Strategic","Standard",178,"0.003","0.037",,,,"-0.037",,-2,-2,0.015,0.015,27,34,27,35,1,3,3,1,1,3,"1.31","-0.54","-0.54","56.9",,,,,
"FC","2025-06-21","99.2","-0.98","6.11","Clase, Emmanuel",649966,661403,"field_out","hit_into_play",,,,,5,"Luis Urías lines out sharply to left fielder Steven Kwan.","R","R","R","ATH","CLE","X",7,"line_drive",2,2,2025,"0.19","0.95","-0.2","2.12",,,,1,9,"Bot",90.96,72.38,,,,,1.6960882010344884,-144.40730089939967,-7.792862082237692,2.3005980274984563,33.11014032658654,-17.339173585050144,"3.27","1.54",326,"100.8",16,"100.3",2598,"6.8",777411,595978,467793,682657,608070,682177,680757,657041,671286,"53.66",0.562,0.597,"0",1,0,0,4,76,5,"Cutter",2,4,2,4,4,2,2,4,"Standard","Strategic",178,"-0.029","-0.228","72.7","6.9",0.844,"0.228","100.8",-2,-2,0.044,0.044,27,28,27,28,1,3,3,1,1,1,"1.37","-0.19","-0.19","50.8",8.530714570086804,-3.730214594006215,31.07803077866255,32.07343553745388,29.25439822531409
"SL","2025-06-21","89.6","-0.81","6","Clase, Emmanuel",649966,661403,,"ball",,,,,14,"Ball","R","R","R","ATH","CLE","B",,,1,2,2025,"0.59","-0.38","0.77","0.47",,,,1,9,"Bot",,,,,,,2.699977111302425,-130.36006346020525,-6.882464611334983,6.038387647938531,29.721856670065204,-35.12431465572503,"3.09","1.48",,,,"90.2",2572,"6.9",777411,595978,467793,682657,608070,682177,680757,657041,671286,"53.62",,,,,,,,76,4,"Slider",2,4,2,4,4,2,2,4,"Standard","Strategic",58,"0.005","0.048",,,,"-0.048",,-2,-2,0.039,0.039,27,28,27,28,1,3,3,1,1,1,"3.24","-0.59","-0.59","54.9",,,,,
"FC","2025-06-21","99.7","-0.98","6.09","Clase, Emmanuel",649966,661403,,"called_strike",,,,,7,"Called Strike","R","R","R","ATH","CLE","S",,,1,1,2025,"0.42","1.13","-0.43","1.62",,,,1,9,"Bot",,,,,,,0.5309061926496245,-145.01969689923973,-9.62671490454074,5.755132710050004,34.11729739645165,-14.114087990078712,"3.24","1.54",,,,"100.5",2701,"6.8",777411,595978,467793,682657,608070,682177,680757,657041,671286,"53.73",,,,,,,,76,3,"Cutter",2,4,2,4,4,2,2,4,"Standard","Standard",184,"-0.006","-0.064",,,,"0.064",,-2,-2,0.045,0.045,27,28,27,28,1,3,3,1,1,1,"1.16","-0.42","-0.42","48.9",,,,,
"SL","2025-06-21","87.2","-1.01","6.03","Clase, Emmanuel",649966,661403,,"called_strike",,,,,12,"Called Strike","R","R","R","ATH","CLE","S",,,1,0,2025,"0.86","-0.28","0.83","2.72",,,,1,9,"Bot",,,,,,,2.675281292429925,-126.96721154707026,-1.2016387596809517,8.67072795096142,28.078288735961397,-35.14000934997023,"3.07","1.44",,,,"87.5",2521,"6.6",777411,595978,467793,682657,608070,682177,680757,657041,671286,"53.9",,,,,,,,76,2,"Slider",2,4,2,4,4,2,2,4,"Standard","Standard",69,"-0.009","-0.049",,,,"0.049",,-2,-2,0.054,0.054,27,28,27,28,1,3,3,1,1,1,"3.29","-0.86","-0.86","60.4",,,,,
"SL","2025-06-21","84.3","-1.1","6.09","Clase, Emmanuel",649966,661403,,"ball",,,,,11,"Ball","R","R","R","ATH","CLE","B",,,0,0,2025,"1.16","-0.07","-0.14","3.76",,,,1,9,"Bot",,,,,,,-0.08098752119742303,-122.75843357133209,1.1646484498949436,11.676768955046912,26.478095828727277,-33.37613183701071,"3.13","1.5",,,,"84.5",2370,"6.6",777411,595978,467793,682657,608070,682177,680757,657041,671286,"53.91",,,,,,,,76,1,"Slider",2,4,2,4,4,2,2,4,"Standard","Standard",65,"0.007","0.039",,,,"-0.039",,-2,-2,0.047,0.047,27,28,27,28,1,3,3,1,1,1,"3.3","-1.16","-1.16","54.6",,,,,
"FC","2025-06-21","99.4","-0.92","6.06","Clase, Emmanuel",668709,661403,"field_out","hit_into_play",,,,,5,"JJ Bleday grounds out, second baseman Angel Martínez to first baseman Carlos Santana.","R","L","R","ATH","CLE","X",4,"ground_ball",0,1,2025,"0.1","1.18","0","2.36",,,,0,9,"Bot",152.32,152.7,,,,,2.32265789898242,-144.5755104616304,-7.540902750861972,0.7999454369964241,34.504894437627996,-14.105719735728673,"3.35","1.62",11,"103.9",-12,"100.2",2532,"6.8",777411,595978,467793,682657,608070,682177,680757,657041,671286,"53.71",0.278,0.246,"0",1,0,0,2,75,2,"Cutter",2,4,2,4,4,2,2,4,"Infield shade","Standard",190,"-0.041","-0.22","75.7","7.4",0.295,"0.22","103.9",-2,-2,0.088,0.088,27,27,27,28,1,3,3,2,1,1,"1.14","-0.1","0.1","48.4",7.846815848635908,-1.6223182946426615,29.839796267826262,42.780777675681286,24.086337134145637
"FC","2025-06-21","100.4","-1.03","6.01","Clase, Emmanuel",668709,661403,,"called_strike",,,,,5,"Called Strike","R","L","R","ATH","CLE","S",,,0,0,2025,"0.12","1.16","-0.13","2.54",,,,0,9,"Bot",,,,,,,2.235286536847525,-146.12979195714288,-7.053578246954255,1.1495933496359372,34.7846190162897,-14.070134342838235,"3.39","1.71",,,,"101.2",2530,"6.7",777411,595978,467793,682657,608070,682177,680757,657041,671286,"53.77",,,,,,,,75,1,"Cutter",2,4,2,4,4,2,2,4,"Infield shade","Standard",187,"-0.007","-0.039",,,,"0.039",,-2,-2,0.095,0.095,27,27,27,28,1,3,3,2,1,1,"1.1","-0.12","0.12","46.1",,,,,
"SL","2025-06-18","87.9","-0.93","6.1","Clase, Emmanuel",672275,661403,"strikeout","called_strike",,,,,4,"Patrick Bailey called out on strikes.","R","L","R","SF","CLE","S",2,,2,2,2025,"0.92","-0.11","-0.63","2.38",,573262,,2,9,"Bot",,,,,,,-1.2146111514623916,-128.0582170707968,-2.719751165086663,10.446569261315947,25.11102166745278,-33.1115835634663,"3.46","1.57",,,,"88.6",2523,"6.5",777454,666310,700932,682177,608070,672356,680757,657041,666134,"53.97",,0,"0",1,0,0,,72,5,"Slider",2,4,2,4,4,2,2,4,"Infield shade","Standard",66,"-0.05","-0.22",,,,"0.22",,-2,-2,0.05,0.05,27,26,27,26,1,3,1,11,3,1,"3.05","-0.92","0.92","49.2",,,,,
"FC","2025-06-18","98.6","-1.02","6.05","Clase, Emmanuel",672275,661403,,"swinging_strike",,,,,1,"Swinging Strike","R","L","R","SF","CLE","S",,,2,1,2025,"0.3","1.01","-0.4","3.42",,573262,,2,9,"Bot",,,,,,,1.013886794589713,-143.7435803880556,-4.1439842383298116,3.9862489521333972,30.183575135034573,-17.409406938042455,"3.46","1.63",,,,"99.9",2534,"6.7",777454,666310,700932,682177,608070,672356,680757,657041,666134,"53.79",,,,,,,,72,4,"Cutter",2,4,2,4,4,2,2,4,"Infield shade","Standard",183,"-0.005","-0.064","70.3","6.2",,"0.064",,-2,-2,0.055,0.055,27,26,27,26,1,3,1,11,3,1,"1.31","-0.3","0.3","47.6",-4.85707507198095,24.413180155955605,28.464575113007097,42.17755496802352,11.584059761021342
"SL","2025-06-18","89.2","-1.03","5.94","Clase, Emmanuel",672275,661403,,"blocked_ball",,,,,13,"Ball In Dirt","R","L","R","SF","CLE","B",,,1,1,2025,"0.8","-0.2","-0.74","0.05",,573262,,2,9,"Bot",,,,,,,-0.9895934684376032,-129.77954362497135,-8.107692622144869,9.28683041121859,26.13077198521888,-33.02386897755998,"3.38","1.55",,,,"89.9",2438,"6.7",777454,666310,700932,682177,608070,672356,680757,657041,666134,"53.83",,,,,,,,72,3,"Slider",2,4,2,4,4,2,2,4,"Infield shade","Standard",70,"0.005","0.02",,,,"-0.02",,-2,-2,0.05,0.05,27,26,27,26,1,3,1,11,3,1,"3.06","-0.8","0.8","49.2",,,,,
"SL","2025-06-18","89.1","-1.16","5.95","Clase, Emmanuel",672275,661403,,"called_strike",,,,,8,"Called Strike","R","L","R","SF","CLE","S",,,1,0,2025,"0.87","0.05","0.06","1.53",,573262,,2,9,"Bot",,,,,,,1.1884745285296943,-129.71145758241028,-4.969454722665439,9.525797525452642,27.10285358347082,-30.76519602326825,"3.39","1.53",,,,"89.7",2476,"6.6",777454,666310,700932,682177,608070,672356,680757,657041,666134,"53.86",,,,,,,,72,2,"Slider",2,4,2,4,4,2,2,4,"Standard","Standard",76,"-0.005","-0.044",,,,"0.044",,-2,-2,0.055,0.055,27,26,27,26,1,3,1,11,3,1,"2.82","-0.87","0.87","49.3",,,,,
"SL","2025-06-18","90.2","-1.24","5.91","Clase, Emmanuel",672275,661403,,"ball",,,,,13,"Ball","R","L","R","SF","CLE","B",,,0,0,2025,"0.58","-0.38","-0.75","0.65",,,573262,2,9,"Bot",,,,,,,-0.02687746576580738,-131.16754418495597,-6.281243475985141,6.688111473066963,30.357486150253056,-35.308472032105826,"3.42","1.51",,,,"90.1",2432,"6.5",777454,666310,700932,682177,608070,672356,680757,657041,666134,"54.01",,,,,,,,72,1,"Slider",2,4,2,4,4,2,2,4,"Standard","Standard",70,"0.009","0.035",,,,"-0.035",,-2,-2,0.046,0.046,27,26,27,26,1,3,1,11,3,1,"3.21","-0.58","0.58","49.2",,,,,
"FC","2025-06-18","98.5","-1.14","5.97","Clase, Emmanuel",573262,661403,"single","hit_into_play",,,,,9,"Mike Yastrzemski singles on a line drive to center fielder Lane Thomas.","R","L","R","SF","CLE","X",8,"line_drive",0,1,2025,"0.52","0.83","0.73","2.13",,,,2,9,"Bot",125.17,91.22,,,,,3.895038028858015,-143.4965064396133,-7.041783887956382,6.616616069036307,26.693506687066563,-19.450587642504487,"3.39","1.6",216,"76.5",16,"100.1",2555,"6.7",777454,666310,700932,682177,608070,672356,680757,657041,666134,"53.81",0.841,0.769,"0.9",1,1,0,4,71,2,"Cutter",2,4,2,4,4,2,2,4,"Standard","Standard",175,"0.031","0.368","69.6","6.8",0.909,"-0.368","88.0",-2,-2,0.015,0.015,27,34,27,35,1,3,1,1,3,1,"1.48","-0.52","0.52","43.4",0.4545799819551844,5.953209039177099,32.81927927184941,25.577588339046546,23.755071877205946
"FC","2025-06-18","99.8","-0.94","6.1","Clase, Emmanuel",573262,661403,,"called_strike",,,,,1,"Called Strike","R","L","R","SF","CLE","S",,,0,0,2025,"0.39","1.1","-0.41","2.98",,,,2,9,"Bot",,,,,,,0.552327981301004,-145.46032641132362,-5.916271141731954,5.465457916183316,28.957021712442167,-15.373389611368655,"3.36","1.52",,,,"101.5",2512,"6.8",777454,666310,700932,682177,608070,672356,680757,657041,666134,"53.73",,,,,,,,71,1,"Cutter",2,4,2,4,4,2,2,4,"Standard","Standard",185,"0","-0.043",,,,"0.043",,-2,-2,0.015,0.015,27,34,27,35,1,3,1,1,3,1,"1.15","-0.39","0.39","49.4",,,,,
"SL","2025-06-18","86.2","-0.98","6.01","Clase, Emmanuel",642086,661403,"field_out","hit_into_play",,,,,4,"Dominic Smith flies out to left fielder Steven Kwan.","R","L","R","SF","CLE","X",7,"fly_ball",0,0,2025,"1.17","0.11","-0.75","2.48",,,,1,9,"Bot",51.69,112.49,,,,,-1.86094116796951,-125.54406070335598,-2.3344063188878152,12.738362734232762,27.19322125389699,-30.78798630439991,"3.35","1.56",281,"90.6",45,"86.6",2491,"6.7",777454,666310,700932,682177,608070,672356,680757,657041,666134,"53.82",0.005,0.007,"0",1,0,0,3,70,1,"Slider",2,4,2,4,4,2,2,4,"Standard","Standard",57,"-0.032","-0.254","69.7","6.8",0.011,"0.254","90.6",-2,-2,0.047,0.047,27,30,27,30,1,0,1,1,3,1,"2.97","-1.17","1.17","51.0",8.855469251261889,7.239747347982247,31.841248584985998,42.53203408342682,32.37711665972948
"SL","2025-06-18","86.8","-0.82","6","Clase, Emmanuel",808982,661403,"field_out","hit_into_play",,,,,5,"Jung Hoo Lee grounds out sharply, second baseman Daniel Schneemann to first baseman Kyle Manzardo.","R","L","R","SF","CLE","X",4,"ground_ball",2,2,2025,"0.62","-0.3","-0.07","2.38",,,,0,9,"Bot",148.68,147.57,,,,,0.5141908574446624,-126.47247383620399,-1.900750015565658,6.6164917471864335,25.241094180081618,-35.227752183469846,"3.31","1.4",145,"100.8",8,"87.7",2509,"6.8",777454,666310,700932,682177,608070,672356,680757,657041,666134,"53.74",0.658,0.6,"0",1,0,0,4,69,6,"Slider",2,4,2,4,4,2,2,4,"Infield shade","Standard",61,"-0.043","-0.232","66.8","7.4",0.729,"0.232","100.8",-2,-2,0.09,0.09,27,26,27,27,1,3,1,1,3,1,"3.31","-0.62","0.62","50.5",6.175299784266073,-3.561753731257346,35.232020985271895,31.733647119735352,35.50347203657932
"FC","2025-06-18","99.5","-1.01","6.14","Clase, Emmanuel",808982,661403,,"foul",,,,,1,"Foul","R","L","R","SF","CLE","S",,,2,2,2025,"0.35","1.12","-0.35","2.73",,,,0,9,"Bot",,,,,,,1.0044752649889102,-144.924175288593,-6.695613702417275,4.6938599256427205,31.64884138476215,-15.057757921868443,"3.31","1.4",194,"70.5",47,"100.8",2646,"6.8",777454,666310,700932,682177,608070,672356,680757,657041,666134,"53.71",,,,,,,,69,5,"Cutter",2,4,2,4,4,2,2,4,"Infield shade","Standard",173,"0","0","68.3","7.0",,"0","88.0",-2,-2,0.09,0.09,27,26,27,27,1,3,1,1,3,1,"1.17","-0.35","0.35","48.8",-3.5581254450955115,10.044502692661963,38.17283352152904,34.71088683378545,22.62253265374533
"FC","2025-06-18","98.6","-1.15","5.98","Clase, Emmanuel",808982,661403,,"foul",,,,,9,"Foul","R","L","R","SF","CLE","S",,,2,1,2025,"0.56","1.09","0.6","1.67",,,,0,9,"Bot",,,,,,,3.4967127272134673,-143.35357332450454,-8.839644934970586,6.808348099347156,34.93495264943594,-15.293923749296702,"3.31","1.4",3,"72.6",-29,"99.3",2625,"6.8",777454,666310,700932,682177,608070,672356,680757,657041,666134,"53.65",,,,,,,,69,4,"Cutter",2,4,2,4,4,2,2,4,"Standard","Standard",180,"-0.015","-0.073","76.6","8.1",,"0.073","88.0",-2,-2,0.105,0.105,27,26,27,27,1,3,1,1,3,1,"1.27","-0.56","0.56","45.7",-2.9869934309862654,-11.803801251630489,48.56250325479743,23.45402550750555,29.40938692149443
"FC","2025-06-18","98.2","-1.17","5.99","Clase, Emmanuel",808982,661403,,"called_strike",,,,,6,"Called Strike","R","L","R","SF","CLE","S",,,2,0,2025,"0.54","1.1","0.49","2.34",,,,0,9,"Bot",,,,,,,3.2610504034878507,-142.8994025771155,-6.991022787729792,6.682546818433735,32.27940760137324,-15.728703121451039,"3.25","1.35",,,,"99",2650,"6.7",777454,666310,700932,682177,608070,672356,680757,657041,666134,"53.81",,,,,,,,69,3,"Cutter",2,4,2,4,4,2,2,4,"Infield shade","Standard",184,"-0.019","-0.072",,,,"0.072",,-2,-2,0.124,0.124,27,26,27,27,1,3,1,1,3,1,"1.26","-0.54","0.54","46.8",,,,,
"SL","2025-06-18","86.2","-1.23","6","Clase, Emmanuel",808982,661403,,"ball",,,,,13,"Ball","R","L","R","SF","CLE","B",,,1,0,2025,"1.02","-0.25","-0.52","1.19",,,,0,9,"Bot",,,,,,,-0.3779872016978468,-125.50311786757047,-4.748606091565479,10.829502208263571,24.676796756778305,-34.06733051859674,"3.24","1.32",,,,"87",2400,"6.7",777454,666310,700932,682177,608070,672356,680757,657041,666134,"53.81",,,,,,,,69,2,"Slider",2,4,2,4,4,2,2,4,"Infield shade","Standard",66,"0.019","0.077",,,,"-0.077",,-2,-2,0.105,0.105,27,26,27,27,1,3,1,1,3,1,"3.3","-1.02","1.02","50.7",,,,,
"FC","2025-06-18","100","-0.9","6.15","Clase, Emmanuel",808982,661403,,"ball",,,,,12,"Ball","R","L","R","SF","CLE","B",,,0,0,2025,"0.35","1.29","1.05","3.05",,,,0,9,"Bot",,,,,,,4.5853657094171565,-145.54471834363108,-6.307445185979815,4.014219100157171,32.07746991449444,-12.537228894323501,"3.27","1.31",,,,"101.2",2584,"6.8",777454,666310,700932,682177,608070,672356,680757,657041,666134,"53.71",,,,,,,,69,1,"Cutter",2,4,2,4,4,2,2,4,"Infield shade","Standard",184,"0.01","0.041",,,,"-0.041",,-2,-2,0.095,0.095,27,26,27,27,1,3,1,1,3,1,"0.98","-0.35","0.35","47.1",,,,,
"SL","2025-06-17","89.5","-0.82","6.11","Clase, Emmanuel",669477,661403,"strikeout","swinging_strike",,,,,14,"Casey Schmitt strikes out swinging.","R","R","R","SF","CLE","S",2,,1,2,2025,"0.66","-0.34","0.68","1.15",808982,646240,671218,2,9,"Bot",,,,,,,2.3414126294379316,-130.32140363412893,-5.641814840329961,7.09116528179755,25.455323426457728,-35.12082805130314,"3.36","1.55",,,,"90.6",2500,"6.8",777472,595978,467793,682177,608070,672356,680757,682657,657041,"53.72",,0,"0",1,0,0,,77,4,"Slider",2,3,2,3,3,2,2,3,"Standard","Standard",62,"-0.253","-0.202","72.2","8.5",,"0.202",,-1,-1,0.253,0.253,27,26,27,26,1,4,3,2,1,1,"3.16","-0.66","-0.66","55.4",21.030587831756222,-22.16603296501133,32.12170747435932,41.417643513877394,42.92513898346161
"SL","2025-06-17","90","-0.75","6.01","Clase, Emmanuel",669477,661403,,"swinging_strike_blocked",,,,,14,"Swinging Strike (Blocked)","R","R","R","SF","CLE","S",,,1,1,2025,"0.38","0.67","0.8","0.99",808982,646240,671218,2,9,"Bot",,,,,,,3.09616190157054,-130.9235535432266,-8.018646021309461,3.717276749021452,27.59862620511206,-22.946647662722274,"3.36","1.55",,,,"91.4",2476,"7.1",777472,595978,467793,682177,608070,672356,680757,682657,657041,"53.36",,,,,,,,77,3,"Slider",2,3,2,3,3,2,2,3,"Standard","Standard",72,"-0.023","-0.05","51.8","7.5",,"0.05",,-1,-1,0.276,0.276,27,26,27,26,1,4,3,2,1,1,"2.14","-0.38","-0.38","54.6",-0.1192264710696271,3.7855178475602544,42.68731086005855,44.63613784698512,25.308442736458044
"FC","2025-06-17","100.8","-0.85","6.08","Clase, Emmanuel",669477,661403,,"called_strike",,,,,8,"Called Strike","R","R","R","SF","CLE","S",,,1,0,2025,"0.21","1.29","-0.22","1.98",808982,646240,671218,2,9,"Bot",,,,,,,1.2790304124780751,-146.623635493334,-9.209980080866895,2.693810091274686,34.14276644874884,-11.654983836819495,"3.36","1.53",,,,"101.8",2617,"6.8",777472,595978,467793,682177,608070,672356,680757,682657,657041,"53.68",,,,,,,,77,2,"Cutter",2,3,2,3,3,2,2,3,"Standard","Standard",186,"-0.044","-0.035",,,,"0.035",,-1,-1,0.32,0.32,27,26,27,26,1,4,3,2,1,1,"0.96","-0.21","-0.21","53.0",,,,,
"SL","2025-06-17","91","-0.81","5.97","Clase, Emmanuel",669477,661403,,"blocked_ball",,,,,14,"Ball In Dirt","R","R","R","SF","CLE","B",,,0,0,2025,"0.3","0.55","0.54","0.66",808982,646240,671218,2,9,"Bot",,,,,,,2.779221817603571,-132.28207836669333,-8.656296430197779,2.897489808296997,28.91006283082764,-24.044412335880057,"3.36","1.52",,,,"91.8",2459,"6.9",777472,595978,467793,682177,608070,672356,680757,682657,657041,"53.63",,,,,,,,77,1,"Slider",2,3,2,3,3,2,2,3,"Standard","Standard",78,"0.038","0.032",,,,"-0.032",,-1,-1,0.282,0.282,27,26,27,26,1,4,3,2,1,1,"2.21","-0.3","-0.3","52.8",,,,,
"FC","2025-06-17","98.5","-1.2","5.99","Clase, Emmanuel",642086,661403,"field_out","hit_into_play",,,,,8,"Dominic Smith flies out to left fielder Steven Kwan.","R","L","R","SF","CLE","X",7,"fly_ball",0,2,2025,"-0.09","0.92","0.16","1.51",808982,646240,671218,1,9,"Bot",54.33,125.13,,,,,3.9174482104992223,-143.17469984038848,-8.914446111659755,-2.066374602883617,31.98700307695458,-17.72874624923201,"3.35","1.55",255,"82.1",35,"99.3",2603,"6.7",777472,595978,467793,682177,608070,672356,680757,682657,657041,"53.8",0.03,0.036,"0",1,0,0,3,76,3,"Cutter",2,3,2,3,3,2,2,3,"Standard","Standard",179,"-0.171","-0.048","68.6","6.9",0.06,"0.048","88.0",-1,-1,0.453,0.453,27,30,27,30,1,4,3,2,1,1,"1.43","0.09","-0.09","48.3",1.6660086992349565,3.1783440902581495,43.26193324485351,33.28658561772037,27.56325003575987
"SL","2025-06-17","90.4","-0.83","6.08","Clase, Emmanuel",642086,661403,,"foul",,,,,2,"Foul","R","L","R","SF","CLE","S",,,0,1,2025,"0.58","0.7","-0.07","3.4",808982,646240,671218,1,9,"Bot",,,,,,,0.6484890920854389,-131.74053611058184,-2.2434607599293894,6.642544047268587,28.20921644345806,-23.805824699947863,"3.35","1.55",192,"71.3",50,"91.1",2377,"6.6",777472,595978,467793,682177,608070,672356,680757,682657,657041,"53.87",,,,,,,,76,2,"Slider",2,3,2,3,3,2,2,3,"Standard","Standard",77,"-0.053","-0.064","61.9","5.6",,"0.064","88.0",-1,-1,0.506,0.506,27,30,27,30,1,4,3,2,1,1,"2.09","-0.58","0.58","55.7",1.4164990229402328,19.228666835283114,28.55058959720238,35.67775596370472,21.036961547199503
"FC","2025-06-17","100.7","-1.14","5.97","Clase, Emmanuel",642086,661403,,"called_strike",,,,,5,"Called Strike","R","L","R","SF","CLE","S",,,0,0,2025,"0.1","1.35","-0.06","2.3",808982,646240,671218,1,9,"Bot",,,,,,,2.7761657107153153,-146.50519837767524,-8.179428910284553,0.8732946993538654,32.06172668233239,-10.991985427852264,"3.18","1.44",,,,"101.8",2636,"6.7",777472,595978,467793,682177,608070,672356,680757,682657,657041,"53.76",,,,,,,,76,1,"Cutter",2,3,2,3,3,2,2,3,"Standard","Standard",185,"-0.039","-0.05",,,,"0.05",,-1,-1,0.545,0.545,27,30,27,30,1,4,3,2,1,1,"0.88","-0.1","0.1","54.6",,,,,
"FC","2025-06-17","100.2","-0.91","6.09","Clase, Emmanuel",671218,661403,"walk","ball",,,,,13,"Heliot Ramos walks. Jung Hoo Lee to 3rd. Rafael Devers to 2nd.","R","R","R","SF","CLE","B",,,3,2,2025,"0.01","1.21","-0.28","1.27",,808982,646240,1,9,"Bot",,,,,,,1.7093692743637527,-145.60551531995134,-10.978312402707704,-0.16535115534061695,31.64214963294782,-12.649244237196044,"3.18","1.44",,,,"101.6",2525,"7",777472,595978,467793,682177,608070,672356,680757,682657,657041,"53.52",,0.691497,"0.7",1,0,0,,75,6,"Cutter",2,3,2,3,3,2,2,3,"Standard","Strategic",178,"0.172","0.287",,,,"-0.287",,-1,-1,0.373,0.373,27,25,27,26,1,4,3,2,1,1,"1.05","-0.01","-0.01","51.6",,,,,
"FC","2025-06-17","100.2","-0.92","6.06","Clase, Emmanuel",671218,661403,,"ball",,,,,8,"Ball","R","R","R","SF","CLE","B",,,2,2,2025,"0.64","1.11","0.25","1.45",,808982,646240,1,9,"Bot",,,,,,,1.7442620293646076,-145.68443850660063,-10.099598813751896,8.770998545810938,33.63513599660886,-14.251849731438599,"3.13","1.51",,,,"101.3",2627,"6.9",777472,595978,467793,682177,608070,672356,680757,682657,657041,"53.58",,,,,,,,75,5,"Cutter",2,3,2,3,3,2,2,3,"Standard","Strategic",181,"0.047","0.096",,,,"-0.096",,-1,-1,0.326,0.326,27,25,27,26,1,4,3,2,1,1,"1.16","-0.64","-0.64","50.3",,,,,
"FC","2025-06-17","98.9","-0.95","6.11","Clase, Emmanuel",671218,661403,,"foul",,,,,12,"Foul","R","R","R","SF","CLE","S",,,2,1,2025,"0.5","1.03","0.31","3.36",,808982,646240,1,9,"Bot",,,,,,,2.2999242862864713,-144.04267249162356,-4.514874173192683,6.435607980146641,31.645396762065822,-17.01287247961974,"3.23","1.48",174,"84.4",13,"99.9",2563,"6.7",777472,595978,467793,682177,608070,672356,680757,682657,657041,"53.81",,,,,,,,75,4,"Cutter",2,3,2,3,3,2,2,3,"Standard","Strategic",183,"-0.037","-0.063","72.4","6.2",,"0.063","88.0",-1,-1,0.363,0.363,27,25,27,26,1,4,3,2,1,1,"1.29","-0.5","-0.5","54.6",8.99532331609336,19.245714034090856,19.864322282299774,42.50273545396693,16.719435682931366
"SL","2025-06-17","88.6","-0.86","6.03","Clase, Emmanuel",671218,661403,,"ball",,,,,11,"Ball","R","R","R","SF","CLE","B",,,1,1,2025,"0.86","0.4","-0.56","3.82",,808982,646240,1,9,"Bot",,,,,,,-1.0760281067967097,-129.12515058500722,-0.20475582454795627,9.872218276133994,25.975562433746475,-27.852202000025205,"3.15","1.41",,,,"89.6",2354,"6.7",777472,595978,467793,682177,608070,672356,680757,682657,657041,"53.77",,,,,,,,75,3,"Slider",2,3,2,3,3,2,2,3,"Standard","Strategic",83,"0.028","0.048",,,,"-0.048",,-1,-1,0.335,0.335,27,25,27,26,1,4,3,2,1,1,"2.49","-0.86","-0.86","55.8",,,,,
"FC","2025-06-17","100.2","-0.98","6.08","Clase, Emmanuel",671218,661403,,"foul",,,,,4,"Foul","R","R","R","SF","CLE","S",,,1,0,2025,"0.28","1.08","-0.61","2.06",,808982,646240,1,9,"Bot",,,,,,,0.36787762952642533,-145.88574219270166,-8.404341520969085,3.94901021801637,31.461315168193504,-15.000463502860871,"3.23","1.48",114,"81.2",14,"101.3",2550,"6.7",777472,595978,467793,682177,608070,672356,680757,682657,657041,"53.8",,,,,,,,75,2,"Cutter",2,3,2,3,3,2,2,3,"Standard","Strategic",186,"-0.028","-0.045","78.1","7.1",,"0.045","88.0",-1,-1,0.363,0.363,27,25,27,26,1,4,3,2,1,1,"1.17","-0.28","-0.28","48.1",5.186281722123257,-8.1038925879787,35.33985260045805,28.584682482947496,26.325632579750337
"FC","2025-06-17","100.7","-1","6.17","Clase, Emmanuel",671218,661403,,"ball",,,,,13,"Ball","R","R","R","SF","CLE","B",,,0,0,2025,"0.47","1.14","-0.46","1.42",,808982,646240,1,9,"Bot",,,,,,,0.3628894999702488,-146.46619618861092,-10.665223500450349,6.748578786279808,33.41875179033836,-13.548625390685917,"3.27","1.55",,,,"101.8",2640,"6.8",777472,595978,467793,682177,608070,672356,680757,682657,657041,"53.69",,,,,,,,75,1,"Cutter",2,3,2,3,3,2,2,3,"Standard","Strategic",190,"0.02","0.031",,,,"-0.031",,-1,-1,0.343,0.343,27,25,27,26,1,4,3,2,1,1,"1.11","-0.47","-0.47","50.5",,,,,
"FC","2025-06-17","97.8","-1.1","5.88","Clase, Emmanuel",646240,661403,"single","hit_into_play",,,,,5,"Rafael Devers singles on a line drive to left fielder Steven Kwan. Jung Hoo Lee to 2nd.","R","L","R","SF","CLE","X",7,"line_drive",0,0,2025,"0.41","1.04","0.19","2.76",,,808982,1,9,"Bot",93.69,92.02,,,,,2.5383256652406514,-142.32095912585245,-5.312755378808698,5.0197287826575625,33.85284406345116,-17.081001362140285,"3.47","1.57",279,"90.9",19,"98.4",2469,"6.7",777472,595978,467793,682177,608070,672356,680757,682657,657041,"53.8",0.471,0.453,"0.9",1,1,0,4,74,1,"Cutter",2,3,2,3,3,2,2,3,"Infield shade","Standard",187,"0.129","0.406","71.6","7.4",0.583,"-0.406","90.9",-1,-1,0.214,0.214,27,28,27,29,1,4,3,2,1,1,"1.35","-0.41","0.41","43.6",8.782010102874999,21.47779969503429,27.563365446816643,34.669479536745776,19.027332706143156
"SL","2025-06-17","89.6","-1.01","6.01","Clase, Emmanuel",642715,661403,"field_out","hit_into_play",,,,,8,"Willy Adames flies out sharply to left fielder Steven Kwan.","R","R","R","SF","CLE","X",7,"fly_ball",0,0,2025,"0.53","0.63","-0.21","2.18",,,808982,0,9,"Bot",63.24,84.22,,,,,0.8557344953253394,-130.53508063075887,-4.9140432331297195,5.965751629966613,24.461627022740903,-24.188623356951588,"3.54","1.71",323,"101.6",44,"90.8",2421,"6.7",777472,595978,467793,682177,608070,672356,680757,682657,657041,"53.77",0.094,0.18,"0",1,0,0,3,73,1,"Slider",2,3,2,3,3,2,2,3,"Standard","Strategic",77,"-0.125","-0.242","73.0","8.4",0.35,"0.242","101.6",-1,-1,0.339,0.339,27,29,27,30,1,4,3,2,1,1,"2.18","-0.53","-0.53","52.8",17.25131443496568,-13.85063645082454,38.18346183756506,38.8002210747259,37.90055804079654
"FC","2025-06-17","98.8","-0.88","6.06","Clase, Emmanuel",808982,661403,"single","hit_into_play",,,,,5,"Jung Hoo Lee singles on a line drive to left fielder Steven Kwan.","R","L","R","SF","CLE","X",7,"line_drive",1,2,2025,"0.33","0.76","0.14","2.36",,,,0,9,"Bot",66.77,114.75,,,,,2.033695426737226,-143.90455302719613,-6.491897515438417,4.155540293513934,30.912617029317342,-20.368237350055423,"3.31","1.4",210,"92.5",14,"100",2419,"6.7",777472,595978,467793,682177,608070,672356,680757,682657,657041,"53.79",0.954,0.905,"0.9",1,1,0,4,72,5,"Cutter",2,3,2,3,3,2,2,3,"Strategic","Standard",181,"0.157","0.508","69.1","6.7",1.103,"-0.508","92.5",-1,-1,0.182,0.182,27,26,27,27,1,4,3,2,1,1,"1.56","-0.33","0.33","48.4",-7.981817979366031,7.530427823491794,44.352063028024,28.932113844751093,22.786565663288393
"FC","2025-06-17","99.5","-0.76","6.18","Clase, Emmanuel",808982,661403,,"foul",,,,,12,"Foul","R","L","R","SF","CLE","S",,,1,2,2025,"0.26","1.21","0.7","3.52",,,,0,9,"Bot",,,,,,,3.4345919686451714,-144.99398069638397,-4.821163940284611,2.8773314088026543,31.536214832667923,-14.090517545540171,"3.31","1.4",145,"61.9",61,"100.5",2428,"6.6",777472,595978,467793,682177,608070,672356,680757,682657,657041,"53.88",,,,,,,,72,4,"Cutter",2,3,2,3,3,2,2,3,"Standard","Standard",194,"0","0","58.3","6.2",,"0","88.0",-1,-1,0.182,0.182,27,26,27,27,1,4,3,2,1,1,"1.07","-0.26","0.26","48.5",-2.711606146593295,-9.001898851761226,37.346750083243606,22.04205726796384,24.587645820385973
"FC","2025-06-17","99","-0.65","6.16","Clase, Emmanuel",808982,661403,,"swinging_strike",,,,,14,"Swinging Strike","R","L","R","SF","CLE","S",,,1,1,2025,"0.24","1.18","1.22","2.18",,,,0,9,"Bot",,,,,,,4.574769453162746,-144.0059904517633,-8.271468935898639,2.3742599835135034,32.52534234670334,-14.051830961643498,"3.31","1.4",,,,"99.9",2560,"6.7",777472,595978,467793,682177,608070,672356,680757,682657,657041,"53.76",,,,,,,,72,3,"Cutter",2,3,2,3,3,2,2,3,"Standard","Standard",182,"-0.018","-0.061","69.8","7.6",,"0.061",,-1,-1,0.2,0.2,27,26,27,27,1,4,3,2,1,1,"1.14","-0.24","0.24","49.7",8.62298629568487,-16.148191826018312,46.28989483927778,15.988478630444966,31.948617528272536
"FC","2025-06-17","98.4","-1.02","6.23","Clase, Emmanuel",808982,661403,,"ball",,,,,12,"Ball","R","L","R","SF","CLE","B",,,0,1,2025,"0.27","1.01","0.42","3.54",,,,0,9,"Bot",,,,,,,3.311386756664202,-143.3193558325062,-4.225724965898348,2.9344410032200914,31.704754881115978,-17.421352967685706,"3.31","1.45",,,,"99.1",2644,"6.5",777472,595978,467793,682177,608070,672356,680757,682657,657041,"53.98",,,,,,,,72,2,"Cutter",2,3,2,3,3,2,2,3,"Standard","Standard",174,"0.009","0.031",,,,"-0.031",,-1,-1,0.191,0.191,27,26,27,27,1,4,3,2,1,1,"1.33","-0.27","0.27","49.8",,,,,
"FC","2025-06-17","99","-1.03","6.07","Clase, Emmanuel",808982,661403,,"called_strike",,,,,6,"Called Strike","R","L","R","SF","CLE","S",,,0,0,2025,"0.57","0.89","0.78","2.36",,,,0,9,"Bot",,,,,,,3.6349260373775505,-144.09952386484767,-6.84499907407469,7.111724975043056,31.959943720372486,-18.46642121519637,"3.23","1.37",,,,"99.9",2510,"6.6",777472,595978,467793,682177,608070,672356,680757,682657,657041,"53.85",,,,,,,,72,1,"Cutter",2,3,2,3,3,2,2,3,"Standard","Standard",180,"-0.013","-0.039",,,,"0.039",,-1,-1,0.204,0.204,27,26,27,27,1,4,3,2,1,1,"1.43","-0.57","0.57","47.5",,,,,
"FC","2025-06-14","100.1","-0.85","5.87","Clase, Emmanuel",593871,661403,"single","hit_into_play",,,,,1,"Jorge Polanco singles on a ground ball to center fielder Lane Thomas. Miles Mastrobuoni scores. J.P. Crawford to 3rd. Cal Raleigh to 2nd.","R","L","R","SEA","CLE","X",8,"ground_ball",1,1,2025,"0.11","1.27","-0.33","3.05",670156,641487,663728,2,9,"Bot",144.92,116.6,,,,,1.1969342609891904,-145.7577780745494,-5.452289761004376,1.249931738763316,35.6063166348854,-13.055363095044955,"3.38","1.63",83,"102.1",3,"100.9",2504,"6.8",777507,666310,467793,682657,608070,682177,680757,657041,666134,"53.69",0.524,0.489,"0.9",1,1,0,4,77,3,"Cutter",3,3,3,3,3,4,4,3,"Standard","Strategic",183,"0.343","0.535","69.9","6.8",0.599,"-0.535","102.1",0,0,0.657,0.657,27,31,27,32,1,4,3,1,3,1,"1.01","-0.11","0.11","50.5",4.400240917662873,2.752103998826802,23.734477453465672,41.63880400044248,23.683044535978617
"FC","2025-06-14","99.2","-0.88","5.84","Clase, Emmanuel",593871,661403,,"swinging_strike",,,,,8,"Swinging Strike","R","L","R","SEA","CLE","S",,,1,0,2025,"0.19","1.05","-0.1","1.99",670156,641487,663728,2,9,"Bot",,,,,,,1.7219955666309987,-144.39626742163335,-7.649402079510999,2.2780700231912046,34.04261019283405,-15.880657519540716,"3.38","1.63",,,,"100.1",2572,"6.8",777507,666310,467793,682657,608070,682177,680757,657041,666134,"53.72",,,,,,,,77,2,"Cutter",3,3,3,3,3,3,3,3,"Standard","Strategic",173,"-0.042","-0.035","74.8","7.3",,"0.035",,0,0,0.699,0.699,27,31,27,32,1,4,3,1,3,1,"1.27","-0.19","0.19","50.6",8.065832847032318,-7.3025258428344,30.06731351115608,37.28480963283425,28.634334049694235
"FC","2025-06-14","100.9","-1.04","5.92","Clase, Emmanuel",593871,661403,,"ball",,,,,11,"Ball","R","L","R","SEA","CLE","B",,,0,0,2025,"0.26","1.34","-0.76","4",670156,641487,663728,2,9,"Bot",,,,,,,0.15821647533134808,-146.8997088403071,-3.239695099539578,3.695912207738122,35.64329714522738,-12.2263530323281,"3.38","1.59",,,,"101.7",2535,"6.7",777507,666310,467793,682657,608070,682177,680757,657041,666134,"53.75",,,,,,,,77,1,"Cutter",3,3,3,3,3,3,3,3,"Standard","Strategic",183,"0.034","0.032",,,,"-0.032",,0,0,0.665,0.665,27,31,27,32,1,4,3,1,3,1,"0.9","-0.26","0.26","49.3",,,,,
"FC","2025-06-14","100.7","-1.01","5.96","Clase, Emmanuel",677594,661403,"strikeout","swinging_strike",,,,,4,"Julio Rodríguez strikes out swinging.","R","R","R","SEA","CLE","S",2,,3,2,2025,"0.26","1.22","-0.55","2.44",670156,641487,,1,9,"Bot",,,,,,,0.6597662638692809,-146.56624923453552,-7.389925725036248,3.634407859707714,35.51686043657507,-13.02395033409124,"3.45","1.55",,,,"101.5",2590,"6.8",777507,666310,467793,682657,608070,682177,680757,657041,666134,"53.71",,0,"0",1,0,0,,75,8,"Cutter",3,3,3,3,3,3,3,3,"Strategic","Standard",186,"-0.209","-0.402","76.9","6.5",,"0.402",,0,0,0.843,0.843,27,24,27,25,1,4,3,1,3,1,"1.03","-0.26","-0.26","51.0",-9.93012521752954,15.765672657028778,38.91504291050264,32.75537744832436,21.45532348234434
"SL","2025-06-14","90.5","-1.08","5.85","Clase, Emmanuel",677594,661403,,"ball",,,,,14,"Ball","R","R","R","SEA","CLE","B",,,2,2,2025,"0.49","0.01","0.63","0.26",664238,670156,641487,1,9,"Bot",,,,,,,3.240956197187197,-131.6532750327152,-8.118338766887929,5.0265384067708325,27.97835482420938,-30.49413672840862,"3.32","1.51",,,,"91.3",2485,"6.8",777507,666310,467793,682657,608070,682177,680757,657041,666134,"53.73",,,,,,,,75,7,"Slider",2,3,2,3,3,3,3,3,"Strategic","Standard",67,"0.324","0.069",,,,"-0.069",,-1,-1,0.519,0.519,27,24,27,25,1,4,3,1,3,1,"2.77","-0.49","-0.49","53.4",,,,,
"FC","2025-06-14","100.6","-0.91","5.99","Clase, Emmanuel",677594,661403,,"foul",,,,,8,"Foul","R","R","R","SEA","CLE","S",,,2,2,2025,"0.46","1.19","0.17","1.62",664238,670156,641487,1,9,"Bot",,,,,,,1.9184214718154602,-146.26976967886154,-9.680247632684202,6.150696947855425,33.61652705798909,-13.054064676345883,"3.45","1.55",,,,"101.5",2644,"6.8",777507,666310,467793,682657,608070,682177,680757,657041,666134,"53.71",,,,,,,,75,6,"Cutter",2,3,2,3,3,2,2,3,"Strategic","Standard",182,"0","0","78.1","7.4",,"0",,-1,-1,0.519,0.519,27,24,27,25,1,4,3,1,3,1,"1.06","-0.46","-0.46","52.5",-9.51894073807427,6.4661474929546365,37.64289931797927,41.280490894939796,21.783724643681882
"FC","2025-06-14","100.6","-0.91","5.91","Clase, Emmanuel",677594,661403,,"foul",,,,,7,"Foul","R","R","R","SEA","CLE","S",,,2,2,2025,"0.01","1.02","-0.7","1.97",664238,670156,641487,1,9,"Bot",,,,,,,0.5450457011996473,-146.36960570296628,-8.044596390429417,0.06188773276445546,36.56023816555694,-15.734123091251197,"3.45","1.55",213,"72.6",37,"101.1",2622,"6.7",777507,666310,467793,682657,608070,682177,680757,657041,666134,"53.8",,,,,,,,75,5,"Cutter",2,3,2,3,3,2,2,3,"Strategic","Standard",185,"0","0","72.8","6.7",,"0","88.0",-1,-1,0.519,0.519,27,24,27,25,1,4,3,1,3,1,"1.24","-0.01","-0.01","53.2",-13.482276346429732,12.518776122164812,45.460673446074225,30.603092172244292,20.789465383938676
"FC","2025-06-14","100.2","-1.03","6.02","Clase, Emmanuel",677594,661403,,"swinging_strike",,,,,8,"Swinging Strike","R","R","R","SEA","CLE","S",,,2,1,2025,"0.3","1.08","-0.21","1.57",664238,670156,641487,1,9,"Bot",,,,,,,1.571250965453448,-145.7346543771185,-9.543401075184846,3.83700753357289,34.89945677131316,-14.743737795982632,"3.45","1.55",,,,"101",2674,"6.8",777507,666310,467793,682657,608070,682177,680757,657041,666134,"53.72",,,,,,,,75,4,"Cutter",2,3,2,3,3,2,2,3,"Strategic","Standard",185,"-0.055","-0.097","79.0","7.5",,"0.097",,-1,-1,0.574,0.574,27,24,27,25,1,4,3,1,3,1,"1.2","-0.3","-0.3","55.8",-4.2732648224221235,3.14944180916068,39.22432834078548,36.330790834136614,26.56977563485477
"FC","2025-06-14","100.5","-1.04","6.1","Clase, Emmanuel",677594,661403,,"ball",,,,,11,"Ball","R","R","R","SEA","CLE","B",,,1,1,2025,"0.01","1.02","-1.47","3.11",664238,670156,641487,1,9,"Bot",,,,,,,-1.2236911517410451,-146.3722260652983,-5.390533887353557,0.435508166187586,34.97643386307635,-16.421891303191106,"3.39","1.45",,,,"101.4",2578,"6.7",777507,666310,467793,682657,608070,682177,680757,657041,666134,"53.76",,,,,,,,75,3,"Cutter",2,3,2,3,3,2,2,3,"Strategic","Standard",180,"0.042","0.074",,,,"-0.074",,-1,-1,0.532,0.532,27,24,27,25,1,4,3,1,3,1,"1.23","-0.01","-0.01","51.4",,,,,
"SL","2025-06-14","89","-1.26","5.9","Clase, Emmanuel",677594,661403,,"foul",,,,,2,"Foul","R","R","R","SEA","CLE","S",,,1,0,2025,"0.39","0.03","-0.06","2.92",664238,670156,641487,1,9,"Bot",,,,,,,2.1274284540526853,-129.60086513665175,-1.3275041354294752,3.959732254429198,28.228239028669297,-31.75469691447368,"3.45","1.55",93,"75.8",7,"89.6",2472,"6.7",777507,666310,467793,682657,608070,682177,680757,657041,666134,"53.76",,,,,,,,75,2,"Slider",2,3,2,3,3,2,2,3,"Strategic","Standard",73,"-0.042","-0.053","79.5","7.1",,"0.053","88.0",-1,-1,0.574,0.574,27,24,27,25,1,4,3,1,3,1,"2.85","-0.39","-0.39","53.4",3.9752844415672874,8.425217571938896,23.876825164511693,38.029916404132024,31.542845021939055
"FC","2025-06-14","101","-0.92","6.04","Clase, Emmanuel",677594,661403,,"ball",,,,,11,"Ball","R","R","R","SEA","CLE","B",,,0,0,2025,"0.31","1.04","-1.1","4.15",664238,670156,641487,1,9,"Bot",,,,,,,-1.2704543179125514,-147.10036343697095,-2.423333637797118,4.865567897864247,34.936744950267354,-16.775308540229815,"3.49","1.58",,,,"101.8",2547,"6.7",777507,666310,467793,682657,608070,682177,680757,657041,666134,"53.82",,,,,,,,75,1,"Cutter",2,3,2,3,3,2,2,3,"Strategic","Standard",172,"0.029","0.038",,,,"-0.038",,-1,-1,0.545,0.545,27,24,27,25,1,4,3,1,3,1,"1.19","-0.31","-0.31","52.2",,,,,
"FC","2025-06-14","100","-0.97","6.03","Clase, Emmanuel",702284,661403,"sac_bunt","hit_into_play",,,,,9,"Cole Young out on a sacrifice bunt, third baseman José Ramírez to second baseman Angel Martínez. Dylan Moore to 3rd. Miles Mastrobuoni to 2nd.","R","L","R","SEA","CLE","X",5,"ground_ball",0,1,2025,"0.25","1.14","0.7","1.8",,664238,670156,0,9,"Bot",116.87,192.83,,,,,4.046161019488471,-145.43830904971873,-9.067473670371863,2.7287245493492707,31.80851636306296,-14.139747274039276,"3.36","1.6",22,"29.4",8,"101.2",2574,"6.8",777507,666310,467793,682657,608070,682177,680757,657041,666134,"53.66",0.256,,"0.2",0,0,0,1,73,2,"Cutter",2,3,2,3,3,2,2,3,"Infield shade","Standard",179,"0.059","0.052","8.3","1.2",0.289,"-0.052","88.0",-1,-1,0.489,0.489,27,21,27,22,1,3,3,1,3,2,"1.13","-0.25","0.25","52.9",-55.58932806625248,-153.57452430717765,52.90719576640681,31.045312834418922,20.83891249686129
"FC","2025-06-14","100.6","-1.17","5.93","Clase, Emmanuel",702284,661403,,"foul_bunt",,,,,1,"Foul Bunt","R","L","R","SEA","CLE","S",,,0,0,2025,"0.17","1.33","-0.51","2.89",,664238,670156,0,9,"Bot",,,,,,,1.41993357022339,-146.54393668389523,-6.319690070903954,2.171419998033054,33.038888766897905,-11.759385349352419,"3.36","1.6",,,,"101.8",2580,"6.8",777507,666310,467793,682657,608070,682177,680757,657041,666134,"53.71",,,,,,,,73,1,"Cutter",2,3,2,3,3,2,2,3,"Strategic","Standard",181,"-0.026","-0.053","5.7","1.3",,"0.053","88.0",-1,-1,0.515,0.515,27,21,27,22,1,3,3,1,3,2,"0.91","-0.17","0.17","48.5",-26.000233060707288,20.535218686371163,24.741894373118907,46.41312720637777,12.948218314504807
"SL","2025-06-14","90","-0.83","5.82","Clase, Emmanuel",670156,661403,"walk","ball",,,,,9,"Miles Mastrobuoni walks.","R","L","R","SEA","CLE","B",,,3,1,2025,"0.33","0.78","0.36","1.56",,664238,,0,9,"Bot",,,,,,,2.277012500760243,-130.9820976879911,-6.303999107279944,3.2429238943139107,28.500988632719384,-22.00984796211324,"3","1.33",,,,"90.8",2501,"6.8",777507,666310,467793,682657,608070,682177,680757,657041,666134,"53.69",,0.691497,"0.7",1,0,0,,72,5,"Slider",2,3,2,3,3,2,2,3,"Infield shade","Standard",68,"0.04","0.17",,,,"-0.17",,-1,-1,0.475,0.475,27,29,27,30,1,0,3,3,3,1,"2.04","-0.33","0.33","58.5",,,,,
"FC","2025-06-14","99.7","-0.96","5.84","Clase, Emmanuel",670156,661403,,"ball",,,,,14,"Ball","R","L","R","SEA","CLE","B",,,2,1,2025,"0.22","1.1","0.95","1.04",,664238,,0,9,"Bot",,,,,,,4.7755826405171815,-144.94973047659624,-10.510658713614756,2.1694560139667876,30.84701173708434,-14.511865461573407,"3.01","1.17",,,,"101.2",2679,"6.9",777507,666310,467793,682657,608070,682177,680757,657041,666134,"53.57",,,,,,,,72,4,"Cutter",2,3,2,3,3,2,2,3,"Infield shade","Standard",182,"0.02","0.115",,,,"-0.115",,-1,-1,0.455,0.455,27,29,27,30,1,0,3,3,3,1,"1.18","-0.22","0.22","51.2",,,,,
"FC","2025-06-14","98.4","-0.84","5.89","Clase, Emmanuel",670156,661403,,"called_strike",,,,,2,"Called Strike","R","L","R","SEA","CLE","S",,,2,0,2025,"0.27","1.26","0.02","2.63",,,664238,0,9,"Bot",,,,,,,1.7424658456188693,-143.28676360940517,-6.35933130240307,3.2589584045252336,33.63424246204251,-13.58360194050284,"3.12","1.28",,,,"99.2",2581,"6.7",777507,666310,467793,682657,608070,682177,680757,657041,666134,"53.75",,,,,,,,72,3,"Cutter",2,3,2,3,3,2,2,3,"Infield shade","Standard",185,"0.063","-0.066",,,,"0.066",,-1,-1,0.392,0.392,27,29,27,30,1,0,3,3,3,1,"1.1","-0.27","0.27","49.3",,,,,
"FC","2025-06-14","98.4","-1.07","5.86","Clase, Emmanuel",670156,661403,,"ball",,,,,12,"Ball","R","L","R","SEA","CLE","B",,,1,0,2025,"0.48","1.13","0.44","3.65",,,664238,0,9,"Bot",,,,,,,3.0153275379895526,-143.25095029254507,-3.2004588989885825,5.915827094802432,33.47792006566848,-16.05003232388696,"3.14","1.37",,,,"99.1",2636,"6.7",777507,666310,467793,682657,608070,682177,680757,657041,666134,"53.81",,,,,,,,72,2,"Cutter",2,3,2,3,3,2,2,3,"Standard","Standard",171,"0.035","0.062",,,,"-0.062",,-1,-1,0.357,0.357,27,29,27,30,1,0,3,3,3,1,"1.22","-0.48","0.48","48.4",,,,,
"FC","2025-06-14","96.6","-1.13","5.97","Clase, Emmanuel",670156,661403,,"ball",,,,,11,"Ball","R","L","R","SEA","CLE","B",,,0,0,2025,"0.19","1.16","-1.26","4.18",,,664238,0,9,"Bot",,,,,,,-0.7704677417495046,-140.7525977649888,-1.8724125908896758,2.7634868743674796,31.163089058237837,-16.57698614040791,"3.11","1.31",,,,"97.4",2557,"6.6",777507,666310,467793,682657,608070,682177,680757,657041,666134,"53.89",,,,,,,,72,1,"Cutter",2,3,2,3,3,2,2,3,"Standard","Standard",176,"0.018","0.04",,,,"-0.04",,-1,-1,0.339,0.339,27,29,27,30,1,0,3,3,3,1,"1.28","-0.19","0.19","48.9",,,,,
"FC","2025-06-14","97.7","-1.21","5.92","Clase, Emmanuel",686527,661403,"single","hit_into_play",,,,,5,"Dominic Canzone singles on a line drive to right fielder Nolan Jones.","R","L","R","SEA","CLE","X",9,"line_drive",1,0,2025,"0.19","0.85","-0.13","2.34",,,,0,9,"Bot",179.05,119.18,,,,,2.4856013835558604,-142.3535573361037,-6.188686216509922,2.0574849237852693,29.999253924544046,-19.4061275317407,"3.33","1.53",238,"98.6",15,"98.9",2460,"6.7",777507,666310,467793,682657,608070,682177,680757,657041,666134,"53.81",0.716,0.731,"0.9",1,1,0,4,71,2,"Cutter",2,3,2,3,3,2,2,3,"Standard","Standard",177,"0.122","0.396","78.5","7.9",0.966,"-0.396","98.6",-1,-1,0.217,0.217,27,27,27,28,1,3,3,1,3,1,"1.51","-0.19","0.19","49.0",17.906408371250034,-9.096739146044397,32.798458896811624,41.2625556538718,44.928142241595
"FC","2025-06-14","99.7","-0.99","5.88","Clase, Emmanuel",686527,661403,,"ball",,,,,14,"Ball","R","L","R","SEA","CLE","B",,,0,0,2025,"0.36","1.01","1.22","2.11",,,,0,9,"Bot",,,,,,,5.276241462507211,-145.06012536624078,-7.448181643055776,3.9668213516682793,30.298108962679603,-16.404561400550193,"3.21","1.34",,,,"101",2572,"6.8",777507,666310,467793,682657,608070,682177,680757,657041,666134,"53.71",,,,,,,,71,1,"Cutter",2,3,2,3,3,2,2,3,"Standard","Standard",181,"0.013","0.041",,,,"-0.041",,-1,-1,0.204,0.204,27,27,27,28,1,3,3,1,3,1,"1.26","-0.36","0.36","47.5",,,,,
,"2025-06-14",,,,"Clase, Emmanuel",663728,661403,,"automatic_ball",,,,,,"Automatic Ball - Intentional","R","L","R","SEA","CLE","B",,,0,0,2025,,,,,670156,641487,,2,9,"Bot",,,,,,,,,,,,,,,,,,,,,777507,666310,467793,682657,608070,682177,680757,657041,666134,,,,,,,,,76,1,,3,3,3,3,3,3,3,3,,,,"0.003",,,,,,,0,0,0.634,0.634,27,28,27,29,1,4,3,1,3,1,,,,,,,,,
,"2025-06-14",,,,"Clase, Emmanuel",663728,661403,,"automatic_ball",,,,,,"Automatic Ball - Intentional","R","L","R","SEA","CLE","B",,,1,0,2025,,,,,670156,641487,,2,9,"Bot",,,,,,,,,,,,,,,,,,,,,777507,666310,467793,682657,608070,682177,680757,657041,666134,,,,,,,,,76,2,,3,3,3,3,3,3,3,3,,,,"0.006",,,,,,,0,0,0.637,0.637,27,28,27,29,1,4,3,1,3,1,,,,,,,,,
,"2025-06-14",,,,"Clase, Emmanuel",641487,661403,,"automatic_ball",,,,,,"Automatic Ball - Intentional","R","L","R","SEA","CLE","B",,,2,0,2025,,,,,664238,670156,,1,9,"Bot",,,,,,,,,,,,,,,,,,,,,777507,666310,467793,682657,608070,682177,680757,657041,666134,,,,,,,,,74,3,,2,3,2,3,3,2,2,3,,,,"0",,,,,,,-1,-1,0.548,0.548,27,30,27,30,1,4,3,1,3,1,,,,,,,,,
,"2025-06-14",,,,"Clase, Emmanuel",663728,661403,"intent_walk","automatic_ball",,,,,,"Emmanuel Clase intentionally walks Cal Raleigh.","R","L","R","SEA","CLE","B",,,3,0,2025,,,,,670156,641487,,2,9,"Bot",,,,,,,,,,,,,,,,,,,,,777507,666310,467793,682657,608070,682177,680757,657041,666134,,,,"0.4",0,0,0,,76,4,,3,3,3,3,3,3,3,3,,,,"0.012",,,,,,,0,0,0.653,0.653,27,28,27,29,1,4,3,1,3,1,,,,,,,,,
,"2025-06-14",,,,"Clase, Emmanuel",641487,661403,,"automatic_ball",,,,,,"Automatic Ball - Intentional","R","L","R","SEA","CLE","B",,,0,0,2025,,,,,664238,670156,,1,9,"Bot",,,,,,,,,,,,,,,,,,,,,777507,666310,467793,682657,608070,682177,680757,657041,666134,,,,,,,,,74,1,,2,3,2,3,3,2,2,3,,,,"0",,,,,,,-1,-1,0.548,0.548,27,30,27,30,1,4,3,1,3,1,,,,,,,,,
,"2025-06-14",,,,"Clase, Emmanuel",641487,661403,"intent_walk","automatic_ball",,,,,,"Emmanuel Clase intentionally walks J.P. Crawford.","R","L","R","SEA","CLE","B",,,3,0,2025,,,,,664238,670156,,1,9,"Bot",,,,,,,,,,,,,,,,,,,,,777507,666310,467793,682657,608070,682177,680757,657041,666134,,,,"0.4",0,0,0,,74,4,,2,3,2,3,3,2,2,3,,,,"-0.003",,,,,,,-1,-1,0.548,0.548,27,30,27,30,1,4,3,1,3,1,,,,,,,,,
,"2025-06-14",,,,"Clase, Emmanuel",641487,661403,,"automatic_ball",,,,,,"Automatic Ball - Intentional","R","L","R","SEA","CLE","B",,,1,0,2025,,,,,664238,670156,,1,9,"Bot",,,,,,,,,,,,,,,,,,,,,777507,666310,467793,682657,608070,682177,680757,657041,666134,,,,,,,,,74,2,,2,3,2,3,3,2,2,3,,,,"0",,,,,,,-1,-1,0.548,0.548,27,30,27,30,1,4,3,1,3,1,,,,,,,,,
,"2025-06-14",,,,"Clase, Emmanuel",663728,661403,,"automatic_ball",,,,,,"Automatic Ball - Intentional","R","L","R","SEA","CLE","B",,,2,0,2025,,,,,670156,641487,,2,9,"Bot",,,,,,,,,,,,,,,,,,,,,777507,666310,467793,682657,608070,682177,680757,657041,666134,,,,,,,,,76,3,,3,3,3,3,3,3,3,3,,,,"0.01",,,,,,,0,0,0.643,0.643,27,28,27,29,1,4,3,1,3,1,,,,,,,,,
"FC","2025-06-11","100","-0.92","5.96","Clase, Emmanuel",656582,661403,"strikeout","swinging_strike",,,,,4,"Connor Joe strikes out swinging.","R","R","R","CLE","CIN","S",2,,1,2,2025,"0.22","1.29","-0.49","2.5",,682829,687952,2,9,"Top",,,,,,,0.6697821289407713,-145.55825977599906,-7.284519155644639,2.990606356546053,33.327949300807234,-12.31128748490542,"3.37","1.54",,,,"101.1",2625,"6.8",777549,666310,467793,682657,608070,672356,666134,657041,671286,"53.69",,0,"0",1,0,0,,73,4,"Cutter",11,2,2,11,2,11,2,11,"Strategic","Strategic",181,"0.001","-0.191","73.6","6.7",,"0.191",,9,-9,0.999,0.0010000000000000009,27,32,27,33,1,3,3,2,3,2,"0.98","-0.22","-0.22","48.6",-1.6244164656586726,-5.264174640379797,36.363429352242214,34.47546082712337,26.853060046357946
"SL","2025-06-11","87.5","-1.16","5.94","Clase, Emmanuel",656582,661403,,"called_strike",,,,,12,"Called Strike","R","R","R","CLE","CIN","S",,,1,1,2025,"0.28","-0.29","0.89","2.85",,682829,687952,2,9,"Top",,,,,,,4.413610223723155,-127.41316459403531,-0.7589326661925193,2.118197959286346,25.572741103266186,-35.344755486690644,"3.27","1.45",,,,"88.3",2477,"6.7",777549,666310,467793,682657,608070,672356,666134,657041,671286,"53.79",,,,,,,,73,3,"Slider",11,2,2,11,2,11,2,11,"Strategic","Standard",84,"0","-0.063",,,,"0.063",,9,-9,0.999,0.0010000000000000009,27,32,27,33,1,3,3,2,3,2,"3.25","-0.28","-0.28","57.5",,,,,
"FC","2025-06-11","99.1","-1.11","5.92","Clase, Emmanuel",656582,661403,,"ball",,,,,12,"Ball","R","R","R","CLE","CIN","B",,,0,1,2025,"0.3","1.05","0.61","3.74",,682829,687952,2,9,"Top",,,,,,,4.035960421581779,-144.37354113396964,-3.0221905656998773,3.3444705493929296,33.126247173684824,-17.04044489276859,"3.31","1.52",,,,"100.1",2677,"6.8",777549,666310,467793,682657,608070,672356,666134,657041,671286,"53.73",,,,,,,,73,2,"Cutter",11,2,2,11,2,11,2,11,"Strategic","Standard",184,"0","0.018",,,,"-0.018",,9,-9,0.999,0.0010000000000000009,27,32,27,33,1,3,3,2,3,2,"1.27","-0.3","-0.3","49.0",,,,,
"FC","2025-06-11","99.1","-0.89","5.96","Clase, Emmanuel",656582,661403,,"called_strike",,,,,2,"Called Strike","R","R","R","CLE","CIN","S",,,0,0,2025,"0.22","1.04","-0.08","3.48",,682829,687952,2,9,"Top",,,,,,,1.747097685344914,-144.37666319955565,-3.8706671632318117,2.6830188543686417,31.169144433441986,-16.898987111040505,"3.36","1.54",,,,"100.4",2678,"6.8",777549,666310,467793,682657,608070,672356,666134,657041,671286,"53.74",,,,,,,,73,1,"Cutter",11,2,2,11,2,11,2,11,"Strategic","Standard",176,"0","-0.047",,,,"0.047",,9,-9,0.999,0.0010000000000000009,27,32,27,33,1,3,3,2,3,2,"1.26","-0.22","-0.22","50.6",,,,,
"SL","2025-06-11","86.4","-1.04","5.9","Clase, Emmanuel",624431,661403,"field_out","hit_into_play",,,,,5,"Jose Trevino flies out to right fielder Johnathan Rodríguez.","R","R","R","CLE","CIN","X",9,"fly_ball",1,2,2025,"0.9","0.02","-0.2","2.2",,682829,687952,1,9,"Top",179.6,97.38,,,,,0.16110793584742267,-126.04090201082433,-2.762342268916689,9.722282927518863,21.852671603540667,-31.68621743334744,"3.21","1.44",285,"87.5",46,"87.9",2503,"6.8",777549,666310,467793,682657,608070,672356,666134,657041,671286,"53.73",0.008,0.009,"0",1,0,0,3,72,4,"Slider",11,2,2,11,2,11,2,11,"Standard","Strategic",81,"0","-0.171","68.1","6.9",0.012,"0.171","88.0",9,-9,0.999,0.0010000000000000009,27,32,27,33,1,3,3,3,3,2,"2.98","-0.9","-0.9","54.4",3.129985318513426,4.073730751325385,24.90206035454427,37.93208358795549,29.602387217681525
"SL","2025-06-11","88.3","-0.98","5.91","Clase, Emmanuel",624431,661403,,"swinging_strike",,,,,14,"Swinging Strike","R","R","R","CLE","CIN","S",,,1,1,2025,"0.55","0.02","0.71","1",,682829,687952,1,9,"Top",,,,,,,3.0202979132463006,-128.59391564782845,-6.0653249212137,5.617343647180371,23.42747957219868,-31.039551794755855,"3.21","1.44",,,,"89.7",2475,"6.9",777549,666310,467793,682657,608070,672356,666134,657041,671286,"53.64",,,,,,,,72,3,"Slider",11,2,2,11,2,11,2,11,"Standard","Standard",69,"0","-0.058","31.6","6.8",,"0.058",,9,-9,0.999,0.0010000000000000009,27,32,27,33,1,3,3,3,3,2,"2.87","-0.55","-0.55","55.2",7.952322698940645,25.963333654266787,22.640226674499477,50.49895690812375,16.008285906960815
"FC","2025-06-11","98.8","-1.02","5.91","Clase, Emmanuel",624431,661403,,"foul",,,,,6,"Foul","R","R","R","CLE","CIN","S",,,1,0,2025,"0.48","1.03","0.5","2.29",,682829,687952,1,9,"Top",,,,,,,3.0555700378624167,-143.8086731856607,-6.90338268552516,5.908850163492206,33.226279061748286,-16.47017120293702,"3.21","1.44",228,"76",26,"99.9",2587,"6.9",777549,666310,467793,682657,608070,672356,666134,657041,671286,"53.64",,,,,,,,72,2,"Cutter",11,2,2,11,2,11,2,11,"Standard","Standard",191,"0","-0.045","68.5","6.9",,"0.045","88.0",9,-9,0.999,0.0010000000000000009,27,32,27,33,1,3,3,3,3,2,"1.3","-0.48","-0.48","52.3",-2.8573525868900616,16.401469216421084,23.488014070678723,47.06539484592933,17.349599472650567
"SL","2025-06-11","87.5","-0.89","5.9","Clase, Emmanuel",624431,661403,,"blocked_ball",,,,,14,"Ball In Dirt","R","R","R","CLE","CIN","B",,,0,0,2025,"0.44","-0.14","1.17","0.37",,682829,687952,1,9,"Top",,,,,,,4.104932111196499,-127.33060588856749,-7.009031053791683,3.9656901330456122,24.72643401093928,-32.52561325838192,"3.14","1.41",,,,"88.5",2475,"6.8",777549,666310,467793,682657,608070,672356,666134,657041,671286,"53.7",,,,,,,,72,1,"Slider",11,2,2,11,2,11,2,11,"Standard","Standard",80,"0","0.031",,,,"-0.031",,9,-9,0.999,0.0010000000000000009,27,32,27,33,1,3,3,3,3,2,"3.1","-0.44","-0.44","53.7",,,,,
"FC","2025-06-11","97.9","-0.87","5.95","Clase, Emmanuel",668715,661403,"field_out","hit_into_play",,,,,4,"Spencer Steer flies out to left fielder Nolan Jones.","R","R","R","CLE","CIN","X",7,"fly_ball",3,2,2025,"0.34","0.93","-0.32","2.46",,682829,687952,0,9,"Top",98.34,74.16,,,,,0.7021186897399417,-142.62592068903018,-6.177992626335232,4.454010006883488,30.868336615913964,-18.341987939299855,"3.35","1.54",317,"97.8",43,"99",2535,"6.7",777549,666310,467793,682657,608070,672356,666134,657041,671286,"53.78",0.058,0.108,"0",1,0,0,3,71,7,"Cutter",11,2,2,11,2,11,2,11,"Standard","Standard",180,"0","-0.335","71.1","7.3",0.197,"0.335","97.8",9,-9,0.999,0.0010000000000000009,27,27,27,28,1,3,3,1,3,2,"1.44","-0.34","-0.34","52.6",16.294437090983624,-4.311668434444421,32.19432037820882,29.819625714738685,31.733027162647776
"FC","2025-06-11","98.8","-0.94","5.91","Clase, Emmanuel",668715,661403,,"foul",,,,,8,"Foul","R","R","R","CLE","CIN","S",,,3,2,2025,"-0.07","0.97","0.26","2.03",,682829,687952,0,9,"Top",,,,,,,3.4659841413180357,-143.75362633521866,-7.480751826100732,-1.6904548992096964,30.397204100927,-17.28859394462004,"3.35","1.54",223,"73.9",45,"100.1",2587,"6.8",777549,666310,467793,682657,608070,672356,666134,657041,671286,"53.68",,,,,,,,71,6,"Cutter",11,2,2,11,2,11,2,11,"Standard","Standard",180,"0","0","71.4","7.4",,"0","88.0",9,-9,0.999,0.0010000000000000009,27,27,27,28,1,3,3,1,3,2,"1.35","0.07","0.07","49.8",3.2160070148381594,7.551764261080283,30.458807886209794,36.835713629415764,26.045449777117934
"FC","2025-06-11","99.6","-1.09","5.83","Clase, Emmanuel",668715,661403,,"ball",,,,,13,"Ball","R","R","R","CLE","CIN","B",,,2,2,2025,"0.09","1.17","-0.22","1.06",,682829,687952,0,9,"Top",,,,,,,2.1836265698745576,-144.81366156543075,-10.556522070346093,0.8451381016193035,32.07531197775815,-13.560660280049605,"3.24","1.53",,,,"100.8",2698,"6.9",777549,666310,467793,682657,608070,672356,666134,657041,671286,"53.64",,,,,,,,71,5,"Cutter",11,2,2,11,2,11,2,11,"Standard","Standard",190,"0","0.105",,,,"-0.105",,9,-9,0.999,0.0010000000000000009,27,27,27,28,1,3,3,1,3,2,"1.13","-0.09","-0.09","48.0",,,,,
"SL","2025-06-11","84.9","-1.03","5.88","Clase, Emmanuel",668715,661403,,"blocked_ball",,,,,14,"Ball In Dirt","R","R","R","CLE","CIN","B",,,1,2,2025,"0.59","-0.16","0.6","0.15",,682829,687952,0,9,"Top",,,,,,,2.6549483680095425,-123.62712752251404,-6.911916640684939,5.659451141657091,21.711840283036167,-32.81785670608206,"3.19","1.46",,,,"86.1",2549,"6.8",777549,666310,467793,682657,608070,672356,666134,657041,671286,"53.74",,,,,,,,71,4,"Slider",11,2,2,11,2,11,2,11,"Standard","Standard",59,"0","0.058",,,,"-0.058",,9,-9,0.999,0.0010000000000000009,27,27,27,28,1,3,3,1,3,2,"3.29","-0.59","-0.59","55.3",,,,,
"SL","2025-06-11","85.6","-1.16","5.83","Clase, Emmanuel",668715,661403,,"swinging_strike",,,,,13,"Swinging Strike","R","R","R","CLE","CIN","S",,,1,1,2025,"0.31","-0.05","-0.19","1.3",,682829,687952,0,9,"Top",,,,,,,1.696992448466176,-124.77049051241191,-4.438914582356522,2.922766924350738,21.757031064291706,-32.13590447174649,"3.35","1.54",,,,"87",2419,"6.8",777549,666310,467793,682657,608070,672356,666134,657041,671286,"53.69",,,,,,,,71,3,"Slider",11,2,2,11,2,11,2,11,"Standard","Standard",74,"0","-0.065","68.7","9.0",,"0.065",,9,-9,0.999,0.0010000000000000009,27,27,27,28,1,3,3,1,3,2,"3.12","-0.31","-0.31","51.8",29.4984583802911,-51.77329168934354,32.26913351599539,31.674789368298544,57.86607585919937
"SL","2025-06-11","87.1","-1.12","5.84","Clase, Emmanuel",668715,661403,,"blocked_ball",,,,,14,"Ball In Dirt","R","R","R","CLE","CIN","B",,,0,1,2025,"0.59","-0.11","0.11","0.6",,682829,687952,0,9,"Top",,,,,,,1.7496162216680426,-126.74543184112841,-6.184696949274048,5.9575942502913,27.84902682741437,-32.26045881630079,"3.28","1.53",,,,"87.5",2526,"6.7",777549,666310,467793,682657,608070,672356,666134,657041,671286,"53.77",,,,,,,,71,2,"Slider",11,2,2,11,2,11,2,11,"Standard","Standard",78,"0","0.028",,,,"-0.028",,9,-9,0.999,0.0010000000000000009,27,27,27,28,1,3,3,1,3,2,"3.14","-0.59","-0.59","58.5",,,,,
"FC","2025-06-11","98.4","-1.08","5.87","Clase, Emmanuel",668715,661403,,"called_strike",,,,,8,"Called Strike","R","R","R","CLE","CIN","S",,,0,0,2025,"0.33","1.09","0.21","1.69",,682829,687952,0,9,"Top",,,,,,,2.7654933947199547,-143.1984346575196,-8.517606115372732,3.8900508536363136,31.96658248562795,-15.408645199228797,"3.36","1.63",,,,"99.5",2625,"6.8",777549,666310,467793,682657,608070,672356,666134,657041,671286,"53.69",,,,,,,,71,1,"Cutter",11,2,2,11,2,11,2,11,"Standard","Standard",177,"0","-0.053",,,,"0.053",,9,-9,0.999,0.0010000000000000009,27,27,27,28,1,3,3,1,3,2,"1.26","-0.33","-0.33","48.0",,,,,
"FC","2025-06-11","97.1","-1.22","5.89","Clase, Emmanuel",687952,661403,"hit_by_pitch","hit_by_pitch",,,,,11,"Christian Encarnacion-Strand hit by pitch. Elly De La Cruz to 2nd.","R","R","R","CLE","CIN","B",,,0,1,2025,"0.24","1.16","-1.44","4.44",,,682829,0,9,"Top",,,,,,,-1.1267057660219024,-141.4845791712388,-1.0472175481035269,3.46589027796387,31.7058838715959,-16.521475411797258,"3.3","1.49",,,,"97.8",2534,"6.6",777549,666310,467793,682657,608070,672356,666134,657041,671286,"53.91",,0.722289,"0.7",1,0,0,,70,2,"Cutter",11,2,2,11,2,11,2,11,"Standard","Standard",181,"0","0.458",,,,"-0.458",,9,-9,0.999,0.0010000000000000009,27,25,27,26,1,3,3,1,3,2,"1.25","-0.24","-0.24","48.4",,,,,
"FC","2025-06-11","97.1","-1.2","5.91","Clase, Emmanuel",687952,661403,,"swinging_strike",,,,,11,"Swinging Strike","R","R","R","CLE","CIN","S",,,0,0,2025,"0.27","0.83","-0.39","3.79",,,682829,0,9,"Top",,,,,,,1.55378087642196,-141.4132203081589,-2.0662810564370346,3.2422133436188516,31.55626376507455,-20.830993069105936,"3.3","1.49",,,,"97.9",2585,"6.7",777549,666310,467793,682657,608070,672356,666134,657041,671286,"53.84",,,,,,,,70,1,"Cutter",11,2,2,11,2,11,2,11,"Standard","Standard",169,"0","-0.043","57.4","4.5",,"0.043",,9,-9,0.999,0.0010000000000000009,27,25,27,26,1,3,3,1,3,2,"1.58","-0.27","-0.27","48.5",-9.49733418342985,58.605921458572155,25.70043756965156,34.29771464529955,3.148474332573035
"FC","2025-06-11","97.3","-1.08","5.93","Clase, Emmanuel",682829,661403,"single","hit_into_play",,,,,6,"Elly De La Cruz singles on a ground ball to center fielder Lane Thomas.","R","L","R","CLE","CIN","X",8,"ground_ball",1,1,2025,"0.06","0.92","0.48","2.73",,,,0,9,"Top",135.36,101.91,,,,,4.066435018215657,-141.74994589234225,-5.250225591835272,-0.017199228234570388,29.83044231095304,-18.770062949251617,"3.58","1.68",74,"108.2",2,"98.3",2659,"6.6",777549,666310,467793,682657,608070,672356,666134,657041,671286,"53.91",0.575,0.527,"0.9",1,1,0,4,69,3,"Cutter",11,2,2,11,2,11,2,11,"Infield shade","Standard",180,"0","0.447","75.5","6.9",0.627,"-0.447","108.2",9,-9,0.999,0.0010000000000000009,27,23,27,23,1,3,3,1,3,2,"1.47","-0.06","0.06","46.7",3.0520642427716815,7.138583882081473,31.57175820633929,35.12672507497058,32.23836729244036
"FC","2025-06-11","97.1","-0.97","5.93","Clase, Emmanuel",682829,661403,,"foul",,,,,12,"Foul","R","L","R","CLE","CIN","S",,,1,0,2025,"0.32","0.89","0.87","2.75",,,,0,9,"Top",,,,,,,4.2340719453840485,-141.3796165639152,-5.0858244961006,3.360697245062271,29.844359839742516,-19.30206698022779,"3.58","1.68",168,"66.1",54,"98.1",2571,"6.6",777549,666310,467793,682657,608070,672356,666134,657041,671286,"53.85",,,,,,,,69,2,"Cutter",11,2,2,11,2,11,2,11,"Infield shade","Standard",177,"0","-0.05","76.2","7.3",,"0.05","88.0",9,-9,0.999,0.0010000000000000009,27,23,27,23,1,3,3,1,3,2,"1.51","-0.32","0.32","46.6",4.462379943270796,0.6103150970959432,36.15178023566315,30.92213113532232,34.15887522238958
"FC","2025-06-11","98.7","-1.09","5.9","Clase, Emmanuel",682829,661403,,"ball",,,,,7,"Ball","R","L","R","CLE","CIN","B",,,0,0,2025,"0.1","1.08","-0.77","1.83",,,,0,9,"Top",,,,,,,0.6336337290461992,-143.6996146771856,-8.228950813833649,1.306602467983032,31.353884054684592,-15.559670715943245,"3.48","1.64",,,,"99.7",2556,"6.7",777549,666310,467793,682657,608070,672356,666134,657041,671286,"53.79",,,,,,,,69,1,"Cutter",11,2,2,11,2,11,2,11,"Infield shade","Standard",193,"0","0.041",,,,"-0.041",,9,-9,0.999,0.0010000000000000009,27,23,27,23,1,3,3,1,3,2,"1.25","-0.1","0.1","49.1",,,,,
"FC","2025-06-08","99.5","-1.04","5.86","Clase, Emmanuel",689200,661403,"field_out","hit_into_play",,,,,14,"Jacob Melton grounds out softly to first baseman Carlos Santana.","R","L","R","CLE","HOU","X",3,"ground_ball",2,0,2025,"0.15","1.2","1.35","2.14",673237,,676694,2,9,"Top",140.5,185.53,,,,,6.232640453430998,-144.67474741300788,-7.68321654738488,0.7699194862976806,31.9198281171078,-13.764185057022424,"3.49","1.6",5,"37.1",-20,"100.6",2567,"6.8",777591,666310,467793,669717,608070,672356,680757,682657,666134,"53.7",0.235,0.251,"0",1,0,0,1,69,3,"Cutter",4,2,2,4,2,4,2,4,"Standard","Strategic",187,"0.1","-0.31","73.3","7.5",0.248,"0.31","88.0",2,-2,0.9,0.09999999999999998,27,24,27,25,1,3,1,1,3,2,"1.1","-0.15","0.15","52.5",7.7065298554404675,-1.933151346416776,31.97377343022059,26.492035135664754,19.838108272689432
"FC","2025-06-08","98.5","-1.22","5.86","Clase, Emmanuel",689200,661403,,"ball",,,,,11,"Ball","R","L","R","CLE","HOU","B",,,1,0,2025,"0.14","1.27","-0.94","3.72",673237,,676694,2,9,"Top",,,,,,,0.45415294471000883,-143.55982349834898,-3.3962010863035816,1.850980045462212,31.04886019675939,-13.938617913076305,"3.3","1.49",,,,"99.7",2619,"6.7",777591,666310,467793,669717,608070,672356,680757,682657,666134,"53.8",,,,,,,,69,2,"Cutter",4,2,2,4,2,4,2,4,"Standard","Strategic",184,"-0.013","0.023",,,,"-0.023",,2,-2,0.913,0.08699999999999997,27,24,27,25,1,3,1,1,3,2,"1.06","-0.14","0.14","45.3",,,,,
"FC","2025-06-08","99.9","-1.23","5.85","Clase, Emmanuel",689200,661403,,"ball",,,,,11,"Ball","R","L","R","CLE","HOU","B",,,0,0,2025,"0.2","1.4","-0.27","3.8",673237,,676694,2,9,"Top",,,,,,,2.169470316545366,-145.52912207267968,-3.609916662274901,2.360852411768512,32.946831672737105,-11.644449240350468,"3.37","1.61",,,,"100.8",2601,"6.7",777591,666310,467793,669717,608070,672356,680757,682657,666134,"53.84",,,,,,,,69,1,"Cutter",4,2,2,4,2,4,2,4,"Standard","Strategic",193,"-0.007","0.009",,,,"-0.009",,2,-2,0.92,0.07999999999999996,27,24,27,25,1,3,1,1,3,2,"0.87","-0.2","0.2","44.5",,,,,
"FC","2025-06-08","99.8","-0.98","6.09","Clase, Emmanuel",701358,661403,"field_out","hit_into_play",,,,,8,"Cam Smith flies out sharply to center fielder Angel Martínez. Yainer Diaz to 3rd.","R","R","R","CLE","HOU","X",8,"fly_ball",2,1,2025,"0.42","0.96","-0.17","2.16",,673237,676694,1,9,"Top",129.01,39.95,,,,,1.2722960974258553,-145.2903035357404,-7.8147270841088154,5.683724575392939,29.91170869450278,-17.089792639209755,"3.42","1.59",392,"105.8",32,"101.1",2637,"6.7",777591,666310,467793,669717,608070,672356,680757,682657,666134,"53.77",0.7370333333333332,1.4806000000000001,"0",1,0,0,6,68,4,"Cutter",4,2,2,4,2,4,2,4,"Standard","Standard",174,"0.105","-0.276","79.5","7.6",2.920033333333332,"0.276","105.8",2,-2,0.815,0.18500000000000005,27,22,27,22,1,3,1,3,3,2,"1.31","-0.42","-0.42","53.0",8.396549999800152,-12.968929831446934,39.453278375764135,36.52809776531566,34.94455482241314
"FC","2025-06-08","99.5","-1.11","6.06","Clase, Emmanuel",701358,661403,,"foul",,,,,8,"Foul","R","R","R","CLE","HOU","S",,,2,0,2025,"0.42","1.02","-0.16","2.05",,673237,676694,1,9,"Top",,,,,,,1.6276679858045018,-144.9128742699478,-8.131819940817252,5.691614960092823,28.99934054244402,-16.25526566907551,"3.42","1.59",212,"82.5",58,"101.1",2655,"6.8",777591,666310,467793,669717,608070,672356,680757,682657,666134,"53.68",,,,,,,,68,3,"Cutter",4,2,2,4,2,4,2,4,"Standard","Standard",178,"0.023","-0.068","77.7","7.4",,"0.068","88.0",2,-2,0.792,0.20799999999999996,27,22,27,22,1,3,1,3,3,2,"1.26","-0.42","-0.42","51.0",3.4149020093581486,-8.560186409623142,41.39572197989309,36.90740112308994,32.57235294711192
"SL","2025-06-08","88.7","-1.15","5.92","Clase, Emmanuel",701358,661403,,"ball",,,,,13,"Ball","R","R","R","CLE","HOU","B",,,1,0,2025,"0.62","0.02","-0.22","0.86",,673237,676694,1,9,"Top",,,,,,,1.0039746904631723,-129.02959367790544,-6.4297845750239775,6.641755313820172,27.689954143548253,-30.751554688282706,"3.55","1.7",,,,"89.7",2528,"7",777591,666310,467793,669717,608070,672356,680757,682657,666134,"53.53",,,,,,,,68,2,"Slider",4,2,2,4,2,4,2,4,"Standard","Standard",75,"-0.023","0.071",,,,"-0.071",,2,-2,0.815,0.18500000000000005,27,22,27,22,1,3,1,3,3,2,"2.88","-0.62","-0.62","54.3",,,,,
"SL","2025-06-08","88.6","-1.25","5.89","Clase, Emmanuel",701358,661403,,"ball",,,,,13,"Ball","R","R","R","CLE","HOU","B",,,0,0,2025,"0.63","0.08","-0.19","1.22",,673237,676694,1,9,"Top",,,,,,,1.2932434464492364,-129.0898080020361,-5.648402012858012,6.830731927773957,23.77627148273991,-30.374285632754507,"3.53","1.67",,,,"90.1",2567,"6.9",777591,666310,467793,669717,608070,672356,680757,682657,666134,"53.63",,,,,,,,68,1,"Slider",4,2,2,4,2,4,2,4,"Standard","Standard",69,"-0.011","0.031",,,,"-0.031",,2,-2,0.826,0.17400000000000004,27,22,27,22,1,3,1,3,3,2,"2.79","-0.63","-0.63","53.1",,,,,
"FC","2025-06-08","98.5","-1.08","5.99","Clase, Emmanuel",676694,661403,"single","hit_into_play",,,,,6,"Jake Meyers singles on a line drive to center fielder Angel Martínez. Yainer Diaz to 2nd.","R","R","R","CLE","HOU","X",8,"line_drive",1,0,2025,"0.6","0.79","0.46","2.56",,,673237,1,9,"Top",123.06,111.2,,,,,2.8391834447543887,-143.52265029395608,-5.826282527519182,7.7234171032908305,30.042167222713434,-20.130940219220086,"3.45","1.6",222,"72",23,"100.1",2701,"6.9",777591,666310,467793,669717,608070,672356,680757,682657,666134,"53.63",0.975,0.894,"0.9",1,1,0,4,67,2,"Cutter",4,2,2,4,2,4,2,4,"Standard","Strategic",175,"-0.076","0.371","70.9","6.9",1.037,"-0.371","88.0",2,-2,0.902,0.09799999999999998,27,29,27,29,1,3,1,1,3,2,"1.53","-0.6","-0.6","52.2",8.34707450548473,-3.5716393002491253,29.070175753736407,44.00422206407097,31.893420166803335
"FC","2025-06-08","99.6","-1.05","6.02","Clase, Emmanuel",676694,661403,,"ball",,,,,11,"Ball","R","R","R","CLE","HOU","B",,,0,0,2025,"0.54","0.9","-1.42","2.95",,,673237,1,9,"Top",,,,,,,-2.3021421028786815,-145.14237832397907,-5.260926778096888,8.232053875743539,29.659894366981355,-18.48105570027219,"3.49","1.69",,,,"101.3",2587,"6.8",777591,666310,467793,669717,608070,672356,680757,682657,666134,"53.67",,,,,,,,67,1,"Cutter",4,2,2,4,2,4,2,4,"Standard","Strategic",178,"-0.008","0.035",,,,"-0.035",,2,-2,0.91,0.08999999999999997,27,29,27,29,1,3,1,1,3,2,"1.37","-0.54","-0.54","48.0",,,,,
"SL","2025-06-08","88.5","-1.49","5.97","Clase, Emmanuel",673237,661403,"single","hit_into_play",,,,,5,"Yainer Diaz singles on a sharp line drive to left fielder Steven Kwan.","R","R","R","CLE","HOU","X",7,"line_drive",1,0,2025,"0.57","0.02","-0.09","2.11",,,,1,9,"Top",110.02,113.16,,,,,2.244951354228824,-128.9317427317,-3.4360149461359093,5.9008375227195025,25.99304589185599,-31.462461973278415,"3.19","1.48",221,"108.8",10,"89.2",2477,"6.6",777591,666310,467793,669717,608070,672356,680757,682657,666134,"53.89",0.924,0.955,"0.9",1,1,0,5,66,2,"Slider",4,2,2,4,2,4,2,4,"Standard","Standard",83,"-0.048","0.375","73.7","7.3",1.256,"-0.375","108.8",2,-2,0.958,0.04200000000000004,27,26,27,27,1,3,1,1,3,2,"2.88","-0.57","-0.57","51.6",8.98747383359368,0.5313059973111987,30.055385052267837,36.75636928495437,32.65145902104622
"SL","2025-06-08","87","-1.26","5.93","Clase, Emmanuel",673237,661403,,"ball",,,,,14,"Ball","R","R","R","CLE","HOU","B",,,0,0,2025,"0.66","0.17","0.67","1.45",,,,1,9,"Top",,,,,,,3.2821472882035576,-126.6356453711798,-4.962498228228755,6.541418920255458,24.590910920246255,-29.597151352423676,"3.16","1.64",,,,"87.8",2472,"6.7",777591,666310,467793,669717,608070,672356,680757,682657,666134,"53.82",,,,,,,,66,1,"Slider",4,2,2,4,2,4,2,4,"Standard","Standard",65,"-0.005","0.039",,,,"-0.039",,2,-2,0.963,0.03700000000000003,27,26,27,27,1,3,1,1,3,2,"2.83","-0.66","-0.66","52.3",,,,,
"FC","2025-06-08","98.3","-1.49","5.93","Clase, Emmanuel",572233,661403,"field_out","hit_into_play",,,,,8,"Christian Walker lines out sharply to center fielder Angel Martínez.","R","R","R","CLE","HOU","X",8,"line_drive",0,0,2025,"0.53","0.88","-0.25","1.62",,,,0,9,"Top",149.03,79.4,,,,,2.1663219870594466,-143.1161433020873,-8.357961375624905,6.793070132925188,30.619438997188762,-18.426065433926833,"3.35","1.51",304,"107.3",14,"99.5",2545,"6.7",777591,666310,467793,669717,608070,672356,680757,682657,666134,"53.76",0.668,0.676,"0",1,0,0,5,65,1,"Cutter",4,2,2,4,2,4,2,4,"Strategic","Standard",177,"0.039","-0.259","76.7","7.6",0.961,"0.259","107.3",2,-2,0.924,0.07599999999999996,27,34,27,34,1,3,1,1,3,2,"1.46","-0.53","-0.53","55.9",3.617994390885903,-0.8567123354371562,41.163612326984776,32.87661662246961,25.0648526735732
"FC","2025-06-07","99.2","-1.25","5.92","Clase, Emmanuel",676694,661403,"strikeout","called_strike",,,,,13,"Jake Meyers called out on strikes.","R","R","R","CLE","HOU","S",2,,1,2,2025,"0.56","0.92","-0.65","1.42",,,,2,9,"Top",,,,,,,0.3458368861970965,-144.37991770724852,-9.213035829669737,7.808810452935133,27.87371456908646,-17.55401706206887,"3.44","1.56",,,,"100.9",2850,"6.8",777608,666310,700932,682177,669717,672356,680757,682657,678877,"53.68",,0,"0",1,0,0,,70,4,"Cutter",3,3,3,3,3,3,3,3,"Standard","Strategic",171,"0.026","-0.182",,,,"0.182",,0,0,0.613,0.387,27,29,27,29,1,3,3,1,1,1,"1.36","-0.56","-0.56","48.5",,,,,
"SL","2025-06-07","87.9","-1.24","5.72","Clase, Emmanuel",676694,661403,,"ball",,,,,14,"Ball","R","R","R","CLE","HOU","B",,,0,2,2025,"0.62","-0.29","1.16","-0.41",,,,2,9,"Top",,,,,,,4.59623772663604,-127.89281337506074,-8.283692788344453,5.960205718611856,24.109142881422162,-33.968185038106775,"3.41","1.63",,,,"89.2",2580,"6.9",777608,666310,700932,682177,669717,672356,680757,682657,678877,"53.58",,,,,,,,70,3,"Slider",3,3,3,3,3,3,3,3,"Standard","Strategic",67,"-0.004","0.022",,,,"-0.022",,0,0,0.617,0.383,27,29,27,29,1,3,3,1,1,1,"3.22","-0.62","-0.62","54.5",,,,,
"SL","2025-06-07","89.2","-1.31","5.97","Clase, Emmanuel",676694,661403,,"swinging_strike",,,,,6,"Swinging Strike","R","R","R","CLE","HOU","S",,,0,1,2025,"0.72","0.31","0.65","2.54",,,,2,9,"Top",,,,,,,3.344422220436313,-130.00324526479358,-3.1789471402574314,7.54125761071069,25.120172433849362,-28.176065131454266,"3.44","1.63",,,,"90.5",2525,"6.8",777608,666310,700932,682177,669717,672356,680757,682657,678877,"53.67",,,,,,,,70,2,"Slider",3,3,3,3,3,3,3,3,"Standard","Standard",74,"0.007","-0.057","63.8","7.6",,"0.057",,0,0,0.61,0.39,27,29,27,29,1,3,3,1,1,1,"2.52","-0.72","-0.72","51.8",13.565248826589356,-5.6495454978865025,31.02348530021964,47.90726744262427,31.69888120797432
"SL","2025-06-07","90.5","-1.24","5.85","Clase, Emmanuel",676694,661403,,"foul",,,,,4,"Foul","R","R","R","CLE","HOU","S",,,0,0,2025,"0.54","0.71","-0.37","2.24",,,,2,9,"Top",,,,,,,1.0119978900361468,-131.86372939445081,-4.658682064569657,6.16159519891544,27.11279082540734,-23.10581739255316,"3.44","1.63",147,"55.9",33,"91.5",2433,"6.7",777608,666310,700932,682177,669717,672356,680757,682657,678877,"53.76",,,,,,,,70,1,"Slider",3,3,3,3,3,3,3,3,"Standard","Standard",99,"0.005","-0.043","62.2","7.7",,"0.043","88.0",0,0,0.605,0.395,27,29,27,29,1,3,3,1,1,1,"2.06","-0.54","-0.54","53.6",20.758410273558333,-25.956024903822136,36.795132361603876,33.993997676773986,46.40307318576211
"FC","2025-06-07","99.4","-1.1","6.05","Clase, Emmanuel",673237,661403,"field_out","hit_into_play",,,,,4,"Yainer Diaz lines out to center fielder Angel Martínez.","R","R","R","CLE","HOU","X",8,"line_drive",2,2,2025,"0.57","1.07","-0.48","2.52",,,,1,9,"Top",134.76,77.69,,,,,0.35603222925924555,-144.83403342175995,-6.895395898545487,8.05999982890271,30.957746804174093,-15.790739754715455,"3.19","1.48",332,"103.1",16,"100.9",2709,"6.8",777608,666310,700932,682177,669717,672356,680757,682657,678877,"53.68",0.539,0.58,"0",1,0,0,5,69,5,"Cutter",3,3,3,3,3,3,3,3,"Standard","Strategic",174,"0.042","-0.228","69.8","6.3",0.849,"0.228","103.1",0,0,0.563,0.43700000000000006,27,26,27,27,1,3,3,2,1,1,"1.22","-0.57","-0.57","49.6",1.2686369689607557,10.103016282813302,25.825168984545062,32.32236127920953,24.827228157038785
"SL","2025-06-07","90.8","-1.15","5.89","Clase, Emmanuel",673237,661403,,"ball",,,,,14,"Ball","R","R","R","CLE","HOU","B",,,1,2,2025,"0.6","-0.18","0.43","0.54",,,,1,9,"Top",,,,,,,2.6977528991587425,-132.0758806296226,-7.148655322995467,6.469663652961285,28.356375993364303,-32.93528082132427,"3.19","1.48",,,,"91.7",2570,"6.9",777608,666310,700932,682177,669717,672356,680757,682657,678877,"53.63",,,,,,,,69,4,"Slider",3,3,3,3,3,3,3,3,"Standard","Strategic",73,"-0.007","0.048",,,,"-0.048",,0,0,0.57,0.43000000000000005,27,26,27,27,1,3,3,2,1,1,"2.95","-0.6","-0.6","58.0",,,,,
"SL","2025-06-07","89","-1.3","5.85","Clase, Emmanuel",673237,661403,,"foul",,,,,12,"Foul","R","R","R","CLE","HOU","S",,,1,1,2025,"0.69","0.22","0.32","3.35",,,,1,9,"Top",,,,,,,2.5249206444450345,-129.72211425422572,-0.6398301948903534,7.355415415195967,25.40351843170505,-29.696523295468932,"3.19","1.48",280,"90.2",49,"89.9",2470,"6.6",777608,666310,700932,682177,669717,672356,680757,682657,678877,"53.91",,,,,,,,69,3,"Slider",3,3,3,3,3,3,3,3,"Standard","Strategic",74,"0.01","-0.064","69.4","6.9",,"0.064","90.2",0,0,0.56,0.43999999999999995,27,26,27,27,1,3,3,2,1,1,"2.63","-0.69","-0.69","49.4",10.644858123202317,16.39708158431784,18.46481460078991,42.405737504365334,23.904736808050195
"FC","2025-06-07","98.9","-1.08","5.96","Clase, Emmanuel",673237,661403,,"foul",,,,,9,"Foul","R","R","R","CLE","HOU","S",,,1,0,2025,"0.21","1.1","0.29","1.99",,,,1,9,"Top",,,,,,,3.2771480101896344,-143.97244062236388,-8.109304365153216,2.3145239226839553,28.20548541979704,-15.343179720690335,"3.19","1.48",350,"98.6",33,"100.6",2683,"6.9",777608,666310,700932,682177,669717,672356,680757,682657,678877,"53.65",,,,,,,,69,2,"Cutter",3,3,3,3,3,3,3,3,"Standard","Standard",180,"0.008","-0.049","73.9","7.4",,"0.049","98.6",0,0,0.552,0.44799999999999995,27,26,27,27,1,3,3,2,1,1,"1.2","-0.21","-0.21","51.1",3.6567218250707816,13.744064673836847,31.378084926339906,42.52121566054857,21.05548028937032
"FC","2025-06-07","99.5","-1.07","6.05","Clase, Emmanuel",673237,661403,,"ball",,,,,11,"Ball","R","R","R","CLE","HOU","B",,,0,0,2025,"0.43","1.02","-1.14","3.68",,,,1,9,"Top",,,,,,,-1.199082619496778,-145.04821091684883,-3.593903048947034,6.314988302197261,29.98338078527356,-17.062559582178906,"3.26","1.48",,,,"101.1",2667,"6.8",777608,666310,700932,682177,669717,672356,680757,682657,678877,"53.7",,,,,,,,69,1,"Cutter",3,3,3,3,3,3,3,3,"Standard","Standard",175,"-0.006","0.039",,,,"-0.039",,0,0,0.558,0.44199999999999995,27,26,27,27,1,3,3,2,1,1,"1.25","-0.43","-0.43","51.1",,,,,
"FC","2025-06-07","99.3","-1.37","5.91","Clase, Emmanuel",605170,661403,"field_out","hit_into_play",,,,,5,"Victor Caratini grounds out, shortstop Gabriel Arias to first baseman Kyle Manzardo.","R","L","R","CLE","HOU","X",6,"ground_ball",1,2,2025,"0.26","1.09","0.07","2.43",,,,0,9,"Top",108.72,147.31,,,,,3.3676050539417193,-144.53213630841134,-6.780697693952304,2.8464772825484745,31.8964576564784,-15.50333683143631,"3.36","1.52",51,"95",0,"100.5",2655,"6.8",777608,666310,700932,682177,669717,672356,680757,682657,678877,"53.66",0.392,0.302,"0",1,0,0,2,68,4,"Cutter",3,3,3,3,3,3,3,3,"Infield shade","Strategic",192,"0.044","-0.189","68.2","5.9",0.447,"0.189","95.0",0,0,0.514,0.486,27,31,27,32,1,3,3,1,1,3,"1.21","-0.26","0.26","49.2",-4.977720073162767,19.07510080852437,35.769914762560305,33.09513993441738,25.121573605592225
"SL","2025-06-07","87.5","-1.73","5.83","Clase, Emmanuel",605170,661403,,"called_strike",,,,,4,"Called Strike","R","L","R","CLE","HOU","S",,,1,1,2025,"0.7","0.02","-0.57","2.36",,,,0,9,"Top",,,,,,,1.378498072760175,-127.62556813893455,-2.3703312595464725,7.4111587074403324,23.61348419909957,-31.716592288066327,"3.26","1.52",,,,"88.5",2500,"6.6",777608,666310,700932,682177,669717,672356,680757,682657,678877,"53.92",,,,,,,,68,3,"Slider",3,3,3,3,3,3,3,3,"Infield shade","Standard",76,"0.011","-0.061",,,,"0.061",,0,0,0.503,0.497,27,31,27,32,1,3,3,1,1,3,"2.92","-0.7","0.7","50.3",,,,,
"FC","2025-06-07","99.4","-1.28","5.93","Clase, Emmanuel",605170,661403,,"foul",,,,,6,"Foul","R","L","R","CLE","HOU","S",,,1,0,2025,"0.35","0.92","0.33","2.52",,,,0,9,"Top",,,,,,,3.6074544198035645,-144.7198897588938,-6.16787607656788,4.194648704074871,30.245902485092714,-18.10221806216762,"3.36","1.52",,,,"100.4",2746,"6.6",777608,666310,700932,682177,669717,672356,680757,682657,678877,"53.93",,,,,,,,68,2,"Cutter",3,3,3,3,3,3,3,3,"Infield shade","Standard",180,"0.011","-0.05","68.9","6.2",,"0.05",,0,0,0.492,0.508,27,31,27,32,1,3,3,1,1,3,"1.37","-0.35","0.35","47.3",2.342602964542063,13.924450480881019,34.56955064026184,30.44164301212737,23.767120145004654
"SL","2025-06-07","88.7","-1.43","5.78","Clase, Emmanuel",605170,661403,,"ball",,,,,14,"Ball","R","L","R","CLE","HOU","B",,,0,0,2025,"0.52","0.83","0.37","-0.82",,,,0,9,"Top",,,,,,,3.33595688728954,-128.62185183823274,-11.836460199018727,5.043692799629322,27.95968944739683,-20.637257645812525,"3.33","1.52",,,,"89.1",2556,"6.8",777608,666310,700932,682177,669717,672356,680757,682657,678877,"53.66",,,,,,,,68,1,"Slider",3,3,3,3,3,3,3,3,"Infield shade","Standard",59,"-0.008","0.041",,,,"-0.041",,0,0,0.5,0.5,27,31,27,32,1,3,3,1,1,3,"2.1","-0.52","0.52","47.8",,,,,
"SL","2025-06-04","92","-1.21","5.94","Clase, Emmanuel",665862,661403,"strikeout","swinging_strike",,,,,13,"Jazz Chisholm Jr. strikes out swinging.","R","L","R","NYY","CLE","S",2,,1,2,2025,"0.61","0.13","-0.15","1.25",700250,641355,,2,9,"Bot",,,,,,,1.3712632787772157,-133.87372981302212,-6.341724051390708,6.986441429505272,31.969756258289838,-29.339832205051138,"3.68","1.74",,,,"92.8",2664,"7",777653,595978,700932,682177,608070,672356,680757,682657,678877,"53.49",,0,"0",1,0,0,,72,5,"Slider",0,4,0,4,4,0,0,4,"Infield shade","Strategic",72,"-0.017","-0.196","66.7","8.2",,"0.196",,-4,-4,0.017,0.017,27,27,27,27,1,3,3,1,3,1,"2.59","-0.61","0.61","49.8",14.529778088523246,-10.743375696218612,32.270074650198076,39.53094220771692,32.62675752397227
"FC","2025-06-04","101.2","-1.26","5.86","Clase, Emmanuel",665862,661403,,"blocked_ball",,,,,14,"Ball In Dirt","R","L","R","NYY","CLE","B",,,0,2,2025,"0.32","0.81","1.92","0.49",700250,641355,,2,9,"Bot",,,,,,,8.154173159989169,-146.84242609784138,-11.67268539279698,2.6544005826825074,35.796079461279426,-17.72595746029998,"3.69","1.56",,,,"101.9",2691,"6.9",777653,595978,700932,682177,608070,672356,680757,682657,678877,"53.61",,,,,,,,72,4,"Cutter",0,4,0,4,4,0,0,4,"Infield shade","Strategic",193,"0","-0.014",,,,"0.014",,-4,-4,0.017,0.017,27,27,27,27,1,3,3,1,3,1,"1.43","-0.32","0.32","45.8",,,,,
"FC","2025-06-04","99.6","-1.22","5.97","Clase, Emmanuel",665862,661403,,"foul",,,,,6,"Foul","R","L","R","NYY","CLE","S",,,0,2,2025,"0.48","1.04","0.41","2.76",700250,641355,,2,9,"Bot",,,,,,,3.359668881998904,-144.91797856489504,-5.894404121814539,5.961945585207452,34.86408504830289,-16.39342909434809,"3.68","1.74",2,"30.7",-57,"100.2",2600,"6.7",777653,595978,700932,682177,608070,672356,680757,682657,678877,"53.81",,,,,,,,72,3,"Cutter",0,4,0,4,4,0,0,4,"Infield shade","Strategic",184,"0","0","65.7","6.4",,"0","88.0",-4,-4,0.017,0.017,27,27,27,27,1,3,3,1,3,1,"1.27","-0.48","0.48","47.3",-1.5256329864654783,23.264470263195474,27.112387914420395,32.14207556331118,13.027144942121897
"SL","2025-06-04","91.5","-1.49","5.98","Clase, Emmanuel",665862,661403,,"foul_tip",,,,,5,"Foul Tip","R","L","R","NYY","CLE","S",,,0,1,2025,"0.65","0.31","0.1","2.72",700250,641355,,2,9,"Bot",,,,,,,2.6022827949070444,-133.22903024500414,-2.9938119788885813,7.057734380116408,31.24072984616765,-28.05538175628232,"3.68","1.74",,,,"91.6",2591,"6.5",777653,595978,700932,682177,608070,672356,680757,682657,678877,"53.95",,,,,,,,72,2,"Slider",0,4,0,4,4,0,0,4,"Infield shade","Strategic",85,"-0.001","-0.048","76.4","7.3",,"0.048",,-4,-4,0.018,0.018,27,27,27,27,1,3,3,1,3,1,"2.43","-0.65","0.65","47.3",7.753235584720102,10.388828015342757,30.652760811513463,36.80902308937739,24.895159643190496
"SL","2025-06-04","92.4","-1.28","5.94","Clase, Emmanuel",665862,661403,,"swinging_strike",,,,,8,"Swinging Strike","R","L","R","NYY","CLE","S",,,0,0,2025,"0.31","0.82","0.2","2",700250,641355,,2,9,"Bot",,,,,,,3.121721574456934,-134.36327285066363,-6.011842862751379,3.0590886129911365,31.38755912035601,-21.111798911889462,"3.68","1.74",,,,"93",2614,"6.9",777653,595978,700932,682177,608070,672356,680757,682657,678877,"53.63",,,,,,,,72,1,"Slider",0,4,0,4,4,0,0,4,"Standard","Strategic",79,"0","-0.036","74.2","9.1",,"0.036",,-4,-4,0.018,0.018,27,27,27,27,1,3,3,1,3,1,"1.87","-0.31","0.31","49.5",32.365279302475535,-52.8041071955616,33.90230697047297,37.61533216153995,57.386983589195964
"FC","2025-06-04","100.7","-0.96","6.11","Clase, Emmanuel",502671,661403,"strikeout","called_strike",,,,,4,"Paul Goldschmidt called out on strikes.","R","R","R","NYY","CLE","S",2,,0,2,2025,"0.52","0.91","-0.33","3.01",700250,641355,,1,9,"Bot",,,,,,,0.5344730761118854,-146.69348421739926,-5.463262468196463,7.411028576329739,33.565037674435146,-18.010038718881184,"3.68","1.62",,,,"101.6",2642,"6.6",777653,595978,700932,682177,608070,672356,680757,682657,678877,"53.88",,0,"0",1,0,0,,71,3,"Cutter",0,4,0,4,4,0,0,4,"Strategic","Strategic",179,"-0.029","-0.275",,,,"0.275",,-4,-4,0.047,0.047,27,37,27,38,1,3,3,1,3,2,"1.33","-0.52","-0.52","54.0",,,,,
"FC","2025-06-04","100.3","-0.95","6.08","Clase, Emmanuel",502671,661403,,"foul",,,,,3,"Foul","R","R","R","NYY","CLE","S",,,0,1,2025,"0.48","1.14","0.69","3.12",700250,641355,,1,9,"Bot",,,,,,,3.433775765998288,-146.10470517833022,-5.572259362604839,6.068347155066681,32.862388102116824,-14.802954639373633,"3.57","1.65",186,"73.9",60,"101.3",2642,"6.7",777653,595978,700932,682177,608070,672356,680757,682657,678877,"53.83",,,,,,,,71,2,"Cutter",0,4,0,4,4,0,0,4,"Strategic","Standard",175,"-0.009","-0.083","70.4","7.4",,"0.083","88.0",-4,-4,0.056,0.056,27,37,27,38,1,3,3,1,3,2,"1.12","-0.48","-0.48","56.1",9.066233586468435,13.846439872493798,19.258885934977357,55.09910546144526,12.431401276489423
"FC","2025-06-04","100.9","-1.06","5.99","Clase, Emmanuel",502671,661403,,"swinging_strike",,,,,5,"Swinging Strike","R","R","R","NYY","CLE","S",,,0,0,2025,"0.37","1.26","-0.25","2.64",700250,641355,,1,9,"Bot",,,,,,,1.3978034719481836,-146.94992860166434,-7.057476435885306,5.047427755396278,31.92748035337534,-12.52907683899592,"3.57","1.65",,,,"101.9",2720,"6.6",777653,595978,700932,682177,608070,672356,680757,682657,678877,"53.92",,,,,,,,71,1,"Cutter",0,4,0,4,4,0,0,4,"Strategic","Standard",184,"-0.007","-0.051","71.9","6.5",,"0.051",,-4,-4,0.063,0.063,27,37,27,38,1,3,3,1,3,2,"0.96","-0.37","-0.37","50.6",-8.588522115043814,36.297560244456236,30.502839836199367,43.59665216004218,2.1780716945975853
"FC","2025-06-04","100.9","-1.04","6.07","Clase, Emmanuel",641355,661403,"double","hit_into_play",,,,,5,"Cody Bellinger hits a ground-rule double (10) on a fly ball down the left-field line. Ben Rice to 3rd.","R","L","R","NYY","CLE","X",,"fly_ball",0,0,2025,"0.04","1.22","0","2.69",,,700250,1,9,"Bot",28.83,120.85,,,,,2.856467515920496,-146.92014679054557,-7.082106747627332,-0.10806718387178092,32.554821718696616,-13.038825845577326,"3.9","1.85",269,"84.4",42,"102.3",2624,"6.9",777653,595978,700932,682177,608070,672356,680757,682657,678877,"53.63",0.015,0.02,"1.25",1,1,1,3,70,1,"Cutter",0,4,0,4,4,0,0,4,"Infield shade","Strategic",188,"0.045","0.791","70.9","7.2",0.029,"-0.791","88.0",-4,-4,0.018,0.018,27,29,27,30,1,3,3,1,3,1,"1","-0.04","0.04","49.6",4.109444840268651,13.45185578204404,37.41962645493115,30.864905246158933,21.114318172214134
"SL","2025-06-04","90.5","-0.99","6.07","Clase, Emmanuel",592450,661403,"strikeout","swinging_strike",,,,,8,"Aaron Judge strikes out swinging.","R","R","R","NYY","CLE","S",2,,1,2,2025,"0.48","-0.21","0.26","1.9",,,700250,0,9,"Bot",,,,,,,2.116636276711526,-131.8157235157783,-4.053117515218265,5.115432284673482,27.300512943499097,-34.04668952634429,"4.1","1.86",,,,"91",2583,"6.5",777653,595978,700932,682177,608070,672356,680757,682657,678877,"53.99",,0,"0",1,0,0,,69,4,"Slider",0,4,0,4,4,0,0,4,"Strategic","Standard",77,"-0.019","-0.165","78.1","8.6",,"0.165",,-4,-4,0.037,0.037,27,33,27,33,1,3,3,1,3,1,"2.99","-0.48","-0.48","54.3",17.413404977416047,-11.34194824054144,36.67941795345103,44.81595272930477,33.32913613984516
"SL","2025-06-04","89.9","-1.16","5.96","Clase, Emmanuel",592450,661403,,"blocked_ball",,,,,14,"Ball In Dirt","R","R","R","NYY","CLE","B",,,0,2,2025,"0.9","0.05","0.22","0.62",,,700250,0,9,"Bot",,,,,,,1.5051785364484502,-130.7588256929784,-7.3835036185016945,9.987840131897052,28.257183260902764,-30.266876892839008,"4.18","1.81",,,,"90.5",2638,"6.7",777653,595978,700932,682177,608070,672356,680757,682657,678877,"53.78",,,,,,,,69,3,"Slider",0,4,0,4,4,0,0,4,"Strategic","Standard",58,"0.003","0.017",,,,"-0.017",,-4,-4,0.034,0.034,27,33,27,33,1,3,3,1,3,1,"2.78","-0.9","-0.9","52.4",,,,,
"SL","2025-06-04","90.8","-1.21","5.97","Clase, Emmanuel",592450,661403,,"called_strike",,,,,8,"Called Strike","R","R","R","NYY","CLE","S",,,0,1,2025,"0.54","0.27","0.1","2.27",,,700250,0,9,"Bot",,,,,,,2.114153028145759,-132.20536329086187,-3.9661199325856025,5.953265407356754,27.4462459092619,-28.437339471657666,"4.19","1.86",,,,"91.2",2604,"6.4",777653,595978,700932,682177,608070,672356,680757,682657,678877,"54.08",,,,,,,,69,2,"Slider",0,4,0,4,4,0,0,4,"Strategic","Standard",51,"-0.005","-0.053",,,,"0.053",,-4,-4,0.039,0.039,27,33,27,33,1,3,3,1,3,1,"2.49","-0.54","-0.54","56.7",,,,,
"FC","2025-06-04","101.5","-0.92","6.07","Clase, Emmanuel",592450,661403,,"swinging_strike",,,,,9,"Swinging Strike","R","R","R","NYY","CLE","S",,,0,0,2025,"0.33","1.11","0.65","2.1",,,700250,0,9,"Bot",,,,,,,3.6121022380487853,-147.67596676784675,-8.527992368603181,4.014634406071882,35.77086394587205,-14.07877714290877,"4.1","1.86",,,,"102.4",2698,"6.8",777653,595978,700932,682177,608070,672356,680757,682657,678877,"53.7",,,,,,,,69,1,"Cutter",0,4,0,4,4,0,0,4,"Strategic","Standard",176,"-0.004","-0.043","81.2","7.8",,"0.043",,-4,-4,0.043,0.043,27,33,27,33,1,3,3,1,3,1,"1.11","-0.33","-0.33","51.0",2.813551462022061,12.36240593831625,42.46530520208489,49.71518319648068,16.36303061383569
"FC","2025-06-04","99.4","-0.95","6.06","Clase, Emmanuel",700250,661403,"single","hit_into_play",,,,,5,"Guardians challenged (play at 1st), call on the field was upheld: Ben Rice singles on a ground ball to second baseman Daniel Schneemann.","R","L","R","NYY","CLE","X",4,"ground_ball",3,2,2025,"0.54","1.09","0.07","2.89",,,,0,9,"Bot",137.63,144.08,,,,,1.541604471178161,-144.73380490128616,-5.892293276384806,7.280040353243717,34.5245308667338,-15.742900562217985,"3.78","1.78",49,"75.1",2,"100.5",2566,"6.9",777653,595978,700932,682177,608070,672356,680757,682657,678877,"53.59",0.17,0.162,"0.9",1,1,0,2,68,7,"Cutter",0,4,0,4,4,0,0,4,"Infield shade","Standard",177,"0.02","0.353","76.5","6.6",0.182,"-0.353","88.0",-4,-4,0.023,0.023,27,26,27,26,1,3,3,1,3,1,"1.22","-0.54","0.54","51.9",0.8204028013360605,9.194146526121616,34.10491681200193,35.528340480289586,19.165718563347554
"FC","2025-06-04","100.3","-0.67","6.07","Clase, Emmanuel",700250,661403,,"ball",,,,,14,"Ball","R","L","R","NYY","CLE","B",,,2,2,2025,"0.48","1.1","1.31","1.88",,,,0,9,"Bot",,,,,,,4.356905185969189,-145.82779352278334,-8.889808947012357,5.88275655055481,34.42489613136193,-14.64377424113732,"3.74","1.77",,,,"101",2560,"6.7",777653,595978,700932,682177,608070,672356,680757,682657,678877,"53.75",,,,,,,,68,6,"Cutter",0,4,0,4,4,0,0,4,"Infield shade","Standard",183,"0.005","0.112",,,,"-0.112",,-4,-4,0.018,0.018,27,26,27,26,1,3,3,1,3,1,"1.17","-0.48","0.48","50.8",,,,,
"FC","2025-06-04","98.4","-1.13","6.02","Clase, Emmanuel",700250,661403,,"foul",,,,,1,"Foul","R","L","R","NYY","CLE","S",,,2,2,2025,"0.33","1.12","-0.79","3.4",,,,0,9,"Bot",,,,,,,0.13718659605342345,-143.37582504753715,-4.294075486647278,4.5296116752457865,32.68461557106293,-15.873544780804226,"3.78","1.78",275,"90.7",35,"99.1",2536,"6.6",777653,595978,700932,682177,608070,672356,680757,682657,678877,"53.93",,,,,,,,68,5,"Cutter",0,4,0,4,4,0,0,4,"Infield shade","Standard",178,"0","0","63.2","5.7",,"0","90.7",-4,-4,0.018,0.018,27,26,27,26,1,3,3,1,3,1,"1.22","-0.33","0.33","46.7",-11.241214807641697,40.65564437130928,29.757778901409964,47.1680173877575,1.7057598174057214
"FC","2025-06-04","99.4","-1.08","6.03","Clase, Emmanuel",700250,661403,,"called_strike",,,,,9,"Called Strike","R","L","R","NYY","CLE","S",,,2,1,2025,"0.48","1.19","0.59","2.05",,,,0,9,"Bot",,,,,,,3.4593560880893106,-144.5691307227191,-8.333738452035778,5.978594901431557,32.482427161179416,-13.760326624984684,"3.77","1.8",,,,"99.9",2618,"6.5",777653,595978,700932,682177,608070,672356,680757,682657,678877,"54.01",,,,,,,,68,4,"Cutter",0,4,0,4,4,0,0,4,"Infield shade","Strategic",182,"-0.003","-0.073",,,,"0.073",,-4,-4,0.021,0.021,27,26,27,26,1,3,3,1,3,1,"1.11","-0.48","0.48","55.0",,,,,
"FC","2025-06-04","99.2","-1.13","5.99","Clase, Emmanuel",700250,661403,,"ball",,,,,14,"Ball","R","L","R","NYY","CLE","B",,,1,1,2025,"0.43","1.03","1.3","1.87",,,,0,9,"Bot",,,,,,,5.71592558188652,-144.246707415623,-8.346367151451966,4.6597170421761565,33.943484349947546,-16.08283101565973,"3.75","1.84",,,,"100.3",2572,"7",777653,595978,700932,682177,608070,672356,680757,682657,678877,"53.55",,,,,,,,68,3,"Cutter",0,4,0,4,4,0,0,4,"Infield shade","Strategic",187,"0.003","0.055",,,,"-0.055",,-4,-4,0.018,0.018,27,26,27,26,1,3,3,1,3,1,"1.3","-0.43","0.43","47.2",,,,,
"FC","2025-06-04","99.1","-1.38","5.99","Clase, Emmanuel",700250,661403,,"called_strike",,,,,1,"Called Strike","R","L","R","NYY","CLE","S",,,1,0,2025,"0.3","1.24","-0.55","3.16",,,,0,9,"Bot",,,,,,,1.5592555451119596,-144.2613068695426,-5.242345432828076,3.8920455124450046,32.817115976321375,-13.789589073500373,"3.76","1.75",,,,"99.5",2637,"6.5",777653,595978,700932,682177,608070,672356,680757,682657,678877,"54.04",,,,,,,,68,2,"Cutter",0,4,0,4,4,0,0,4,"Infield shade","Strategic",184,"-0.003","-0.05",,,,"0.05",,-4,-4,0.021,0.021,27,26,27,26,1,3,3,1,3,1,"1.07","-0.3","0.3","47.3",,,,,
"SL","2025-06-04","88.8","-1.78","5.79","Clase, Emmanuel",700250,661403,,"ball",,,,,14,"Ball","R","L","R","NYY","CLE","B",,,0,0,2025,"0.93","0.54","0.27","1.05",,,,0,9,"Bot",,,,,,,3.098082195175918,-129.15014540500314,-6.669577095922633,9.699093436488784,27.763206360433433,-24.95793980970839,"3.79","1.78",,,,"88.9",2564,"6.5",777653,595978,700932,682177,608070,672356,680757,682657,678877,"54.02",,,,,,,,68,1,"Slider",0,4,0,4,4,0,0,4,"Infield shade","Strategic",71,"0.002","0.041",,,,"-0.041",,-4,-4,0.019,0.019,27,26,27,26,1,3,3,1,3,1,"2.36","-0.93","0.93","45.4",,,,,
"SL","2025-06-01","88.2","-1.62","5.82","Clase, Emmanuel",650859,661403,"field_out","hit_into_play",,,,,5,"Luis Rengifo grounds out, shortstop Gabriel Arias to first baseman Kyle Manzardo.","R","L","R","CLE","LAA","X",6,"ground_ball",0,1,2025,"0.61","0.45","0.11","2.58",,,,2,9,"Top",107.51,157.6,,,,,2.9647562000033494,-128.47122052609248,-2.708145185934315,6.055093014643331,28.357096773489765,-26.848629648911828,"3.29","1.56",47,"95.3",0,"88.6",2507,"6.6",777683,595978,700932,682177,608070,672356,680757,682657,678877,"53.9",0.392,0.372,"0",1,0,0,2,70,2,"Slider",4,2,2,4,2,4,2,4,"Standard","Standard",72,"0.01","-0.217","69.2","6.6",0.447,"0.217","95.3",2,-2,0.99,0.010000000000000009,27,28,27,28,1,3,1,1,3,1,"2.49","-0.61","0.61","46.0",-0.9975649400551813,15.240273852519364,29.63603312752285,35.242462417982665,20.567019458642612
"FC","2025-06-01","100.2","-1.09","5.99","Clase, Emmanuel",650859,661403,,"called_strike",,,,,9,"Called Strike","R","L","R","CLE","LAA","S",,,0,0,2025,"0.44","1.39","0.54","1.6",,,,2,9,"Top",,,,,,,3.494416731879492,-145.5509065636178,-10.091673977434255,5.297665529724259,35.95164611837932,-10.251865620387385,"3.29","1.58",,,,"101",2672,"7",777683,595978,700932,682177,608070,672356,680757,682657,678877,"53.54",,,,,,,,70,1,"Cutter",4,2,2,4,2,4,2,4,"Standard","Standard",181,"0.002","-0.043",,,,"0.043",,2,-2,0.988,0.01200000000000001,27,28,27,28,1,3,1,1,3,1,"0.9","-0.44","0.44","52.6",,,,,
"FC","2025-06-01","100","-1.17","6.08","Clase, Emmanuel",666176,661403,"strikeout","called_strike",,,,,8,"Jo Adell called out on strikes.","R","R","R","CLE","LAA","S",2,,0,2,2025,"0.25","1.31","0.26","1.74",,,,1,9,"Top",,,,,,,3.382981433478291,-145.3935234154125,-9.741632759783254,2.7653468184800336,34.36527945601297,-11.484537913873202,"3.62","1.79",,,,"100.7",2658,"6.8",777683,595978,700932,682177,608070,672356,680757,682657,678877,"53.75",,0,"0",1,0,0,,69,3,"Cutter",4,2,2,4,2,4,2,4,"Standard","Standard",179,"0.016","-0.163",,,,"0.163",,2,-2,0.972,0.028000000000000025,27,26,27,26,1,3,1,1,3,1,"0.97","-0.25","-0.25","49.2",,,,,
"FC","2025-06-01","98.9","-1.27","5.93","Clase, Emmanuel",666176,661403,,"swinging_strike",,,,,8,"Swinging Strike","R","R","R","CLE","LAA","S",,,0,1,2025,"0.24","1.12","-0.1","1.93",,,,1,9,"Top",,,,,,,2.650438341991994,-143.81485402824697,-8.140448674671552,2.7193699477248168,34.38588925506725,-14.885250803085786,"3.63","1.78",,,,"99.8",2648,"6.9",777683,595978,700932,682177,608070,672356,680757,682657,678877,"53.59",,,,,,,,69,2,"Cutter",4,2,2,4,2,4,2,4,"Standard","Standard",176,"0.005","-0.052","82.8","7.5",,"0.052",,2,-2,0.967,0.03300000000000003,27,26,27,26,1,3,1,1,3,1,"1.22","-0.24","-0.24","49.1",2.574683330189358,5.759809834861774,42.65813603747791,36.735403846450744,20.37242236204574
"FC","2025-06-01","99","-1.36","5.96","Clase, Emmanuel",666176,661403,,"called_strike",,,,,5,"Called Strike","R","R","R","CLE","LAA","S",,,0,0,2025,"0.41","1.2","-0.21","2.73",,,,1,9,"Top",,,,,,,2.2144474764058786,-144.0378237367096,-6.238204763556128,5.139934004407327,34.434778365900975,-14.187963156843352,"3.63","1.76",,,,"99.7",2717,"6.8",777683,595978,700932,682177,608070,672356,680757,682657,678877,"53.74",,,,,,,,69,1,"Cutter",4,2,2,4,2,4,2,4,"Standard","Standard",177,"0.004","-0.039",,,,"0.039",,2,-2,0.963,0.03700000000000003,27,26,27,26,1,3,1,1,3,1,"1.13","-0.41","-0.41","48.6",,,,,
"SL","2025-06-01","85.1","-1.44","6.04","Clase, Emmanuel",681351,661403,"strikeout","swinging_strike",,,,,13,"Logan O'Hoppe strikes out swinging.","R","R","R","CLE","LAA","S",2,,1,2,2025,"0.95","0.04","-0.17","1.13",,,,0,9,"Top",,,,,,,1.0855416920401721,-123.83161285047784,-5.284894453222,9.52427308114304,25.614585174767445,-30.907808976643324,"3.54","1.71",,,,"85.5",2465,"6.7",777683,595978,700932,682177,608070,672356,680757,682657,678877,"53.85",,0,"0",1,0,0,,68,5,"Slider",4,2,2,4,2,4,2,4,"Strategic","Standard",71,"0.029","-0.189","69.6","8.9",,"0.189",,2,-2,0.934,0.06599999999999995,27,25,27,25,1,3,1,2,3,1,"3.12","-0.95","-0.95","56.6",32.69807432689418,-33.991464953076296,43.43552764644473,36.47414275588701,51.82449070617717
"FC","2025-06-01","97.9","-1.55","5.97","Clase, Emmanuel",681351,661403,,"ball",,,,,13,"Ball","R","R","R","CLE","LAA","B",,,0,2,2025,"0.18","0.95","-0.22","0.42",,,,0,9,"Top",,,,,,,3.2103718881720766,-142.20232319868296,-11.783698424982882,1.6797871378000013,31.755018954935398,-16.758859547043933,"3.37","1.55",,,,"99",2749,"6.9",777683,595978,700932,682177,608070,672356,680757,682657,678877,"53.58",,,,,,,,68,4,"Cutter",4,2,2,4,2,4,2,4,"Strategic","Standard",176,"-0.004","0.024",,,,"-0.024",,2,-2,0.938,0.062000000000000055,27,25,27,25,1,3,1,2,3,1,"1.43","-0.18","-0.18","50.6",,,,,
"SL","2025-06-01","85.5","-1.74","5.92","Clase, Emmanuel",681351,661403,,"foul",,,,,13,"Foul","R","R","R","CLE","LAA","S",,,0,2,2025,"1.02","-0.16","-0.51","1.56",,,,0,9,"Top",,,,,,,0.8509851270395568,-124.5222357159387,-3.6697385604256683,10.352885322967078,26.78312538552603,-33.27594523562708,"3.54","1.71",1,"62.2",-57,"85.7",2546,"6.5",777683,595978,700932,682177,608070,672356,680757,682657,678877,"53.97",,,,,,,,68,3,"Slider",4,2,2,4,2,4,2,4,"Standard","Standard",56,"0","0","70.8","8.5",,"0","88.0",2,-2,0.938,0.062000000000000055,27,25,27,25,1,3,1,2,3,1,"3.29","-1.02","-1.02","51.4",32.94282120141992,-32.016353446310276,40.50466491159008,31.797693003881598,52.765110008245706
"SL","2025-06-01","87.7","-2.01","5.78","Clase, Emmanuel",681351,661403,,"foul",,,,,8,"Foul","R","R","R","CLE","LAA","S",,,0,1,2025,"0.77","0.7","-0.11","2.07",,,,0,9,"Top",,,,,,,3.020386158039199,-127.65810072341446,-4.272799641401071,7.692807049716025,28.76682558678532,-23.798973445400375,"3.54","1.71",,,,"87.9",2520,"6.6",777683,595978,700932,682177,608070,672356,680757,682657,678877,"53.86",,,,,,,,68,2,"Slider",4,2,2,4,2,4,2,4,"Standard","Standard",75,"0.008","-0.055","70.5","7.6",,"0.055",,2,-2,0.93,0.06999999999999995,27,25,27,25,1,3,1,2,3,1,"2.28","-0.77","-0.77","49.2",15.368294022525621,1.0720313343983765,40.02157462343986,37.78137594085422,33.954222109544716
"SL","2025-06-01","85.4","-2.01","5.83","Clase, Emmanuel",681351,661403,,"swinging_strike",,,,,6,"Swinging Strike","R","R","R","CLE","LAA","S",,,0,0,2025,"0.84","0.53","0.34","2.31",,,,0,9,"Top",,,,,,,3.8262473122859473,-124.34938697463737,-3.063262787651591,7.9394774216305875,25.86503221905219,-26.25973679159361,"3.54","1.71",,,,"85.7",2451,"6.5",777683,595978,700932,682177,608070,672356,680757,682657,678877,"53.99",,,,,,,,68,1,"Slider",4,2,2,4,2,4,2,4,"Standard","Standard",81,"0.006","-0.039","75.8","8.3",,"0.039",,2,-2,0.924,0.07599999999999996,27,25,27,25,1,3,1,2,3,1,"2.6","-0.84","-0.84","50.2",24.523574439053828,-20.27632651036934,31.554938012043163,42.73540696275506,41.578920497381986
"FC","2025-05-31","100.7","-0.88","6.03","Clase, Emmanuel",694384,661403,"field_out","hit_into_play",,,,,1,"Nolan Schanuel grounds out to pitcher Emmanuel Clase.","R","L","R","CLE","LAA","X",1,"ground_ball",1,2,2025,"0.18","1.41","-0.67","3.34",,,,2,9,"Top",131.17,182.43,,,,,0.1637197530990245,-146.61796286195928,-5.5058914298905615,2.5323578369242106,37.2806294891384,-10.793548454701082,"3.51","1.72",37,"93.8",-3,"101.3",2599,"6.7",777703,666310,467793,682177,608070,672356,680757,682657,678877,"53.76",0.235,0.193,"0",1,0,0,2,78,4,"Cutter",7,5,5,7,5,7,5,7,"Standard","Standard",184,"0.009","-0.182","63.8","6.2",0.246,"0.182","93.8",2,-2,0.991,0.009000000000000008,27,23,27,23,1,4,3,1,1,1,"0.85","-0.18","0.18","50.0",3.669640069640163,10.080045463685174,24.455808947007498,42.47654137392267,23.224629871310093
"FC","2025-05-31","100","-1.15","5.9","Clase, Emmanuel",694384,661403,,"called_strike",,,,,4,"Called Strike","R","L","R","CLE","LAA","S",,,1,1,2025,"0.21","1.28","-0.71","2.65",,,,2,9,"Top",,,,,,,0.7055000974217701,-145.57851688286323,-6.70130262581979,2.8915616354387277,34.168387224072056,-12.601983090305577,"3.51","1.69",,,,"101.3",2570,"7",777703,666310,467793,682177,608070,672356,680757,682657,678877,"53.51",,,,,,,,78,3,"Cutter",7,5,5,7,5,7,5,7,"Standard","Standard",185,"0.002","-0.062",,,,"0.062",,2,-2,0.989,0.01100000000000001,27,23,27,23,1,4,3,1,1,1,"1","-0.21","0.21","52.3",,,,,
"FC","2025-05-31","99.2","-1.55","5.8","Clase, Emmanuel",694384,661403,,"called_strike",,,,,7,"Called Strike","R","L","R","CLE","LAA","S",,,1,0,2025,"0.25","1.28","-0.64","2.21",,,,2,9,"Top",,,,,,,1.911257228250235,-144.43436974812573,-7.435047409602306,3.0332042769208956,32.75791344985795,-12.774818553064145,"3.51","1.66",,,,"99.8",2692,"6.6",777703,666310,467793,682177,608070,672356,680757,682657,678877,"53.95",,,,,,,,78,2,"Cutter",7,5,5,7,5,7,5,7,"Standard","Standard",189,"0.003","-0.054",,,,"0.054",,2,-2,0.986,0.014000000000000012,27,23,27,23,1,4,3,1,1,1,"1.03","-0.25","0.25","46.3",,,,,
"FC","2025-05-31","100.6","-1.03","5.94","Clase, Emmanuel",694384,661403,,"ball",,,,,13,"Ball","R","L","R","CLE","LAA","B",,,0,0,2025,"0.2","1.2","-0.19","1.05",,,,2,9,"Top",,,,,,,1.871018890546339,-146.28106291756552,-11.128713992090317,2.5194587647001057,32.5202332350648,-12.524565930650516,"3.69","1.7",,,,"101.1",2666,"6.5",777703,666310,467793,682177,608070,672356,680757,682657,678877,"54.05",,,,,,,,78,1,"Cutter",7,5,5,7,5,7,5,7,"Standard","Standard",182,"-0.002","0.037",,,,"-0.037",,2,-2,0.988,0.01200000000000001,27,23,27,23,1,4,3,1,1,1,"1.04","-0.2","0.2","47.6",,,,,
"SL","2025-05-31","89.7","-1.81","5.92","Clase, Emmanuel",687263,661403,"field_out","hit_into_play",,,,,5,"Zach Neto grounds out, third baseman José Ramírez to first baseman Carlos Santana.","R","R","R","CLE","LAA","X",5,"ground_ball",0,0,2025,"0.42","0.72","0.2","2.43",,,,1,9,"Top",102.31,161.67,,,,,4.0668316234229716,-130.5308711302932,-4.127038373054459,3.8661683556911695,30.016154724428706,-23.221743269880914,"3.33","1.62",4,"62.4",-31,"89.3",2598,"6.2",777703,666310,467793,682177,608070,672356,680757,682657,678877,"54.26",0.076,0.074,"0",1,0,0,2,77,1,"Slider",7,5,5,7,5,7,5,7,"Standard","Standard",71,"0.025","-0.254","73.0","7.7",0.084,"0.254","88.0",2,-2,0.963,0.03700000000000003,27,24,27,24,1,4,3,1,1,1,"2.13","-0.42","-0.42","50.2",25.024732650733654,-21.630157364451826,31.03158563375502,31.627534557560956,50.35323787152741
"SL","2025-05-31","88.3","-1.11","5.85","Clase, Emmanuel",650859,661403,"field_out","hit_into_play",,,,,4,"Luis Rengifo flies out to left fielder Steven Kwan.","R","L","R","CLE","LAA","X",7,"fly_ball",2,2,2025,"0.57","0.78","-0.57","2.18",,,,0,9,"Top",79.02,93.83,,,,,0.12071281251182506,-128.67668363421492,-4.540980633205548,6.271630544129113,26.29413753449068,-22.75271803319846,"3.29","1.56",303,"93.1",22,"89.1",2485,"6.7",777703,666310,467793,682177,608070,672356,680757,682657,678877,"53.82",0.18,0.225,"0",1,0,0,3,76,5,"Slider",7,5,5,7,5,7,5,7,"Strategic","Standard",83,"0.035","-0.232","68.0","6.8",0.34,"0.232","93.1",2,-2,0.928,0.07199999999999995,27,28,27,28,1,3,3,1,1,1,"2.13","-0.57","0.57","55.9",-2.1215439851808275,15.132809259213177,24.82858937367137,42.3204804892571,20.732321061033318
"FC","2025-05-31","99.8","-1.26","5.83","Clase, Emmanuel",650859,661403,,"swinging_strike",,,,,14,"Swinging Strike","R","L","R","CLE","LAA","S",,,2,1,2025,"0.37","1.01","0.47","1.29",,,,0,9,"Top",,,,,,,3.9482705956021826,-145.13582436626234,-9.623572066964904,4.403539144531196,31.796981071597354,-15.901353238431211,"3.29","1.56",,,,"101.4",2679,"7.1",777703,666310,467793,682177,608070,672356,680757,682657,678877,"53.44",,,,,,,,76,4,"Cutter",7,5,5,7,5,7,5,7,"Standard","Standard",186,"0.012","-0.073","74.4","7.3",,"0.073",,2,-2,0.916,0.08399999999999996,27,28,27,28,1,3,3,1,1,1,"1.27","-0.37","0.37","47.9",-3.289942518871634,8.746670651901603,41.021300412298395,28.7731900393838,17.74285279077113
"FC","2025-05-31","99.7","-1.22","5.89","Clase, Emmanuel",650859,661403,,"ball",,,,,1,"Ball","R","L","R","CLE","LAA","B",,,1,1,2025,"0.5","1.15","-0.7","3.39",,,,0,9,"Top",,,,,,,0.2489122204391584,-145.27809078086375,-4.2409867059899575,6.986125242838531,33.991985997583555,-15.064756807391053,"3.27","1.6",,,,"100.3",2649,"6.6",777703,666310,467793,682177,608070,672356,680757,682657,678877,"53.95",,,,,,,,76,3,"Cutter",7,5,5,7,5,7,5,7,"Standard","Standard",187,"-0.01","0.055",,,,"-0.055",,2,-2,0.926,0.07399999999999995,27,28,27,28,1,3,3,1,1,1,"1.13","-0.5","0.5","50.9",,,,,
"FC","2025-05-31","99.3","-0.97","6","Clase, Emmanuel",650859,661403,,"ball",,,,,14,"Ball","R","L","R","CLE","LAA","B",,,0,1,2025,"0.35","1.06","1.04","1.19",,,,0,9,"Top",,,,,,,4.722998888502218,-144.3556018335791,-10.322842191413796,3.858762280490121,31.819579720700112,-15.143685131537737,"3.29","1.49",,,,"100.3",2648,"6.8",777703,666310,467793,682177,608070,672356,680757,682657,678877,"53.73",,,,,,,,76,2,"Cutter",7,5,5,7,5,7,5,7,"Standard","Standard",184,"-0.004","0.031",,,,"-0.031",,2,-2,0.93,0.06999999999999995,27,28,27,28,1,3,3,1,1,1,"1.24","-0.35","0.35","51.2",,,,,
"FC","2025-05-31","99.8","-1.39","5.83","Clase, Emmanuel",650859,661403,,"called_strike",,,,,5,"Called Strike","R","L","R","CLE","LAA","S",,,0,0,2025,"0.22","1.23","-0.05","2.16",,,,0,9,"Top",,,,,,,3.201322056454518,-145.30746096252375,-7.707001926624642,2.355779044781118,32.23873052452671,-13.117192609252378,"3.29","1.59",,,,"100.8",2640,"6.7",777703,666310,467793,682177,608070,672356,680757,682657,678877,"53.79",,,,,,,,76,1,"Cutter",7,5,5,7,5,7,5,7,"Standard","Standard",192,"0.006","-0.039",,,,"0.039",,2,-2,0.924,0.07599999999999996,27,28,27,28,1,3,3,1,1,1,"1.04","-0.22","0.22","47.5",,,,,
"FC","2025-05-28","99.2","-0.56","6.03","Clase, Emmanuel",571771,661403,"strikeout","swinging_strike",,,,,14,"Enrique Hernández strikes out swinging.","R","R","R","CLE","LAD","S",2,,1,2,2025,"0.53","1.03","1.63","1.84",,,,2,9,"Top",,,,,,,4.778600608728371,-144.30125698740318,-8.593991945521363,6.5090578732646955,30.27148905087828,-15.978164078998653,"3.49","1.68",,,,"100.6",2616,"6.9",777739,595978,467793,682177,669717,672356,666134,682657,678877,"53.64",,0,"0",1,0,0,,75,4,"Cutter",7,4,4,7,4,7,4,7,"Standard","Strategic",176,"0.003","-0.182","68.0","7.6",,"0.182",,3,-3,0.997,0.0030000000000000027,27,33,27,34,1,3,4,2,3,2,"1.26","-0.53","-0.53","52.1",1.7367205343266972,13.550730937707876,22.86923483046261,59.07229777975678,14.121315460362087
"SL","2025-05-28","87.6","-1.09","5.92","Clase, Emmanuel",571771,661403,,"swinging_strike",,,,,4,"Swinging Strike","R","R","R","CLE","LAD","S",,,1,1,2025,"0.85","0.21","-0.29","2.63",,,,2,9,"Top",,,,,,,0.17373286632679527,-127.66725975963429,-2.3539904954462982,9.352815545068385,23.792442956167157,-29.576045822758456,"3.49","1.68",,,,"88.8",2529,"6.7",777739,595978,467793,682177,669717,672356,666134,682657,678877,"53.76",,,,,,,,75,3,"Slider",7,4,4,7,4,7,4,7,"Standard","Standard",68,"0.001","-0.062","71.2","6.4",,"0.062",,3,-3,0.996,0.0040000000000000036,27,33,27,34,1,3,4,2,3,2,"2.72","-0.85","-0.85","53.5",-5.665311045206633,24.62952947915986,30.607306328473893,36.55775545026499,18.454295071329064
"FC","2025-05-28","98.1","-0.83","6.04","Clase, Emmanuel",571771,661403,,"ball",,,,,11,"Ball","R","R","R","CLE","LAD","B",,,0,1,2025,"0.47","0.82","-1.55","4.93",,,,2,9,"Top",,,,,,,-3.0501990659829894,-143.00935956523898,0.5356778758618966,7.083594918664327,30.291755963959943,-21.167199470423693,"3.49","1.76",,,,"99.3",2575,"6.7",777739,595978,467793,682177,669717,672356,666134,682657,678877,"53.84",,,,,,,,75,2,"Cutter",7,4,4,7,4,7,4,7,"Standard","Standard",169,"-0.001","0.027",,,,"-0.027",,3,-3,0.997,0.0030000000000000027,27,33,27,34,1,3,4,2,3,2,"1.52","-0.47","-0.47","55.2",,,,,
"SL","2025-05-28","87.8","-0.73","5.92","Clase, Emmanuel",571771,661403,,"called_strike",,,,,9,"Called Strike","R","R","R","CLE","LAD","S",,,0,0,2025,"0.68","0.56","0.52","2.12",,,,2,9,"Top",,,,,,,1.648118073307283,-127.90416465805534,-4.288762076845458,7.165827932385288,25.88920734073343,-25.374113918684632,"3.51","1.76",,,,"88.9",2561,"6.8",777739,595978,467793,682177,669717,672356,666134,682657,678877,"53.66",,,,,,,,75,1,"Slider",7,4,4,7,4,7,4,7,"Standard","Standard",74,"0.001","-0.043",,,,"0.043",,3,-3,0.996,0.0040000000000000036,27,33,27,34,1,3,4,2,3,2,"2.39","-0.68","-0.68","54.4",,,,,
"SL","2025-05-28","87.7","-0.68","6.03","Clase, Emmanuel",669242,661403,"field_out","hit_into_play",,,,,6,"Tommy Edman flies out to right fielder Jhonkensy Noel.","R","R","R","CLE","LAD","X",9,"fly_ball",1,1,2025,"0.82","-0.02","0.42","2.17",,,,1,9,"Top",171.29,102.54,,,,,0.9635725790837915,-127.81312588044779,-3.252964985551798,8.90586827721074,24.2673059779039,-32.0006054892152,"3.37","1.49",266,"90.3",47,"88.9",2517,"6.7",777739,595978,467793,682177,669717,672356,666134,682657,678877,"53.75",0.003,0.003,"0",1,0,0,3,74,3,"Slider",7,4,4,7,4,7,4,7,"Standard","Standard",65,"0.01","-0.244","69.2","7.5",0.004,"0.244","90.3",3,-3,0.986,0.014000000000000012,27,30,27,30,1,3,4,1,3,2,"2.96","-0.82","-0.82","52.9",5.209307205498887,4.305044724840547,20.894175280971858,45.12607829072987,28.61939158209981
"FC","2025-05-28","98.5","-1.01","5.98","Clase, Emmanuel",669242,661403,,"foul",,,,,2,"Foul","R","R","R","CLE","LAD","S",,,1,0,2025,"0.55","1.01","-0.26","3.02",,,,1,9,"Top",,,,,,,0.7680212661320306,-143.54251810978647,-5.019537424790329,7.521885407878575,31.801570020054402,-17.252502109764475,"3.37","1.49",215,"76.1",36,"99.6",2630,"6.7",777739,595978,467793,682177,669717,672356,666134,682657,678877,"53.77",,,,,,,,74,2,"Cutter",7,4,4,7,4,7,4,7,"Standard","Standard",181,"0.003","-0.049","71.5","6.5",,"0.049","88.0",3,-3,0.983,0.017000000000000015,27,30,27,30,1,3,4,1,3,2,"1.32","-0.55","-0.55","52.8",0.5506370302735648,10.929205103201912,23.126628385773195,37.32369925298872,20.158675673582312
"FC","2025-05-28","98.8","-0.87","5.99","Clase, Emmanuel",669242,661403,,"ball",,,,,11,"Ball","R","R","R","CLE","LAD","B",,,0,0,2025,"0.54","1.04","-0.98","3.66",,,,1,9,"Top",,,,,,,-1.571695249950621,-144.0074943514788,-3.4108526903537997,7.860293825877064,30.91505518542997,-17.14019144534069,"3.37","1.49",,,,"100",2632,"6.7",777739,595978,467793,682177,669717,672356,666134,682657,678877,"53.8",,,,,,,,74,1,"Cutter",7,4,4,7,4,7,4,7,"Standard","Standard",179,"-0.002","0.039",,,,"-0.039",,3,-3,0.985,0.015000000000000013,27,30,27,30,1,3,4,1,3,2,"1.28","-0.54","-0.54","49.4",,,,,
"SL","2025-05-28","90.1","-0.79","5.9","Clase, Emmanuel",681624,661403,"field_out","hit_into_play",,,,,14,"Andy Pages grounds out, shortstop Gabriel Arias to first baseman Carlos Santana.","R","R","R","CLE","LAD","X",6,"ground_ball",0,2,2025,"0.56","-0.19","0.32","0.64",,,,0,9,"Top",105.65,158.51,,,,,1.591888713988424,-131.2286461979233,-6.771530903734102,6.13770557963179,27.316569126453707,-33.21629498053052,"3.52","1.62",7,"83.6",-5,"91.3",2548,"6.9",777739,595978,467793,682177,669717,672356,666134,682657,678877,"53.59",0.122,0.117,"0",1,0,0,2,73,3,"Slider",7,4,4,7,4,7,4,7,"Standard","Strategic",76,"0.012","-0.165","69.1","8.9",0.133,"0.165","88.0",3,-3,0.973,0.027000000000000024,27,24,27,25,1,3,4,1,3,2,"2.99","-0.56","-0.56","57.9",8.523503309850176,1.5817931474409364,51.18127742354853,41.10529827507353,29.428274748699156
"FC","2025-05-28","99.1","-0.98","6.02","Clase, Emmanuel",681624,661403,,"foul_tip",,,,,1,"Foul Tip","R","R","R","CLE","LAD","S",,,0,1,2025,"0.49","1.03","-0.49","3.03",,,,0,9,"Top",,,,,,,0.21530133959680103,-144.37549550964215,-5.277377044697248,6.854566475854551,30.83141229863822,-16.676486051773672,"3.52","1.62",,,,"100.3",2611,"6.7",777739,595978,467793,682177,669717,672356,666134,682657,678877,"53.81",,,,,,,,73,2,"Cutter",7,4,4,7,4,7,4,7,"Standard","Standard",182,"0.004","-0.055","74.3","7.4",,"0.055",,3,-3,0.969,0.031000000000000028,27,24,27,25,1,3,4,1,3,2,"1.26","-0.49","-0.49","52.1",6.468533545061104,-3.3117676108142864,40.87183348954398,32.36908111887582,25.512426786591384
"SL","2025-05-28","89.2","-1.02","5.88","Clase, Emmanuel",681624,661403,,"swinging_strike",,,,,14,"Swinging Strike","R","R","R","CLE","LAD","S",,,0,0,2025,"0.64","0.51","0.18","0.65",,,,0,9,"Top",,,,,,,1.6182967062597762,-129.85363531532684,-8.002090056366757,6.915201313693007,25.70460782382401,-25.00690158608667,"3.52","1.62",,,,"90.1",2547,"6.7",777739,595978,467793,682177,669717,672356,666134,682657,678877,"53.79",,,,,,,,73,1,"Slider",7,4,4,7,4,7,4,7,"Standard","Standard",74,"0.003","-0.039","73.0","9.2",,"0.039",,3,-3,0.966,0.03400000000000003,27,24,27,25,1,3,4,1,3,2,"2.34","-0.64","-0.64","52.6",19.216469883657215,-6.732190003752352,53.23014604468548,40.10927734141513,40.64473699880928
"FC","2025-05-24","99.2","-1.14","5.9","Clase, Emmanuel",682985,661403,"field_out","hit_into_play",,,,,9,"Riley Greene grounds out, second baseman Angel Martínez to first baseman Kyle Manzardo.","R","L","R","DET","CLE","X",4,"ground_ball",0,0,2025,"0.45","0.79","0.34","1.93",,650402,,2,10,"Bot",147.96,157.16,,,,,3.024153398891781,-144.2893543038337,-7.312628211124415,5.5332508968402525,33.183140426563746,-19.684233895148342,"3.66","1.71",7,"102.1",-14,"99.8",2637,"6.6",777796,666310,700932,682657,608070,672356,680757,657041,666134,"53.87",0.23,0.225,"0",1,0,0,2,85,1,"Cutter",5,7,5,7,7,5,5,7,"Strategic","Standard",172,"-0.05","-0.288","78.4","7.1",0.234,"0.288","102.1",-2,-2,0.05,0.05,27,24,27,25,1,4,1,1,4,1,"1.53","-0.45","0.45","46.7",-1.1578511029211997,14.251847866247825,51.90942161790336,29.832484223027592,24.466123701398715
"FC","2025-05-24","99.3","-1.14","5.88","Clase, Emmanuel",690993,661403,"field_out","hit_into_play",,,,,3,"Colt Keith pops out to third baseman José Ramírez in foul territory.","R","L","R","DET","CLE","X",5,"popup",0,0,2025,"0.49","1.15","0.56","3.25",,650402,,1,10,"Bot",98.28,191.12,,,,,3.5323548474433317,-144.64947885533672,-4.5414684837751045,6.078498841519132,31.56238193238616,-15.215712392781072,"3.33","1.53",79,"74.5",79,"100.2",2753,"6.6",777796,666310,700932,682657,608070,672356,680757,657041,666134,"53.89",0.008,0.007,"0",1,0,0,3,84,1,"Cutter",5,7,5,7,7,5,5,7,"Standard","Standard",166,"-0.074","-0.262","68.8","6.3",0.008,"0.262","88.0",-2,-2,0.124,0.124,27,23,27,24,1,4,1,1,4,2,"1.15","-0.49","0.49","45.4",8.897121261182637,4.252394421430512,29.326758092174803,32.90198318338421,26.054499655969124
"SL","2025-05-24","86.9","-1.5","5.86","Clase, Emmanuel",650402,661403,"double","hit_into_play",,,,,7,"Gleyber Torres doubles (7) on a fly ball to left fielder Steven Kwan. Javier Báez scores. Andy Ibáñez scores.","R","R","R","DET","CLE","X",7,"fly_ball",0,0,2025,"0.67","-0.05","-0.5","2.05",,595879,628451,1,10,"Bot",115.75,46.21,,,,,1.0128446176943209,-126.44772135255437,-2.806578278105767,6.906303781544342,28.596219047074257,-32.28138292836867,"3.24","1.52",378,"99.9",25,"86.9",2504,"6.6",777796,666310,700932,682657,608070,672356,680757,657041,666134,"53.94",0.43548275862068975,0.7724137931034483,"1.25",1,1,1,6,83,1,"Slider",3,7,3,7,7,5,5,7,"Standard","Strategic",77,"0.077","0.79","73.7","7.2",1.4689999999999996,"-0.79","99.9",-4,-4,0.047,0.047,27,28,27,29,1,4,1,1,4,1,"3.09","-0.67","-0.67","50.0",7.2394001629417115,4.043471436120416,35.11268144260188,30.568317315223503,32.90458734669243
"FC","2025-05-24","98.5","-1.22","5.93","Clase, Emmanuel",628451,661403,"hit_by_pitch","hit_by_pitch",,,,,11,"Andy Ibáñez hit by pitch.","R","R","R","DET","CLE","B",,,1,1,2025,"0.46","1.1","-1.89","3.8",,595879,,1,10,"Bot",,,,,,,-2.886202759244459,-143.37606222114837,-2.8825395124121287,7.058468117099151,33.719849294527975,-16.568733899608333,"3.17","1.5",,,,"98.9",2550,"6.5",777796,666310,700932,682657,608070,672356,680757,657041,666134,"53.96",,0.722289,"0.7",1,0,0,,82,3,"Cutter",3,7,3,7,7,3,3,7,"Strategic","Standard",177,"0.027","0.25",,,,"-0.25",,-4,-4,0.02,0.02,27,32,27,32,1,1,1,1,4,1,"1.25","-0.46","-0.46","52.2",,,,,
"FC","2025-05-24","97.1","-1.26","5.87","Clase, Emmanuel",628451,661403,,"swinging_strike",,,,,2,"Swinging Strike","R","R","R","DET","CLE","S",,,1,0,2025,"0.33","1.12","0","2.92",,595879,,1,10,"Bot",,,,,,,2.6393473625888415,-141.49743074019352,-5.016984056646012,3.8820359421702038,30.622554170468632,-16.2407582922421,"3.17","1.5",,,,"98.2",2549,"6.7",777796,666310,700932,682657,608070,672356,680757,657041,666134,"53.81",,,,,,,,82,2,"Cutter",3,7,3,7,7,3,3,7,"Standard","Standard",176,"-0.004","-0.042","69.8","6.0",,"0.042",,-4,-4,0.024,0.024,27,32,27,32,1,1,1,1,4,1,"1.28","-0.33","-0.33","47.6",-4.034868178884644,21.96442828015021,29.026828839679524,33.92592587505745,14.939128863576176
"SL","2025-05-24","85.7","-1.59","5.77","Clase, Emmanuel",628451,661403,,"ball",,,,,13,"Ball","R","R","R","DET","CLE","B",,,0,0,2025,"0.77","0","-0.03","0.86",,595879,,1,10,"Bot",,,,,,,2.135482831016373,-124.70827782624104,-5.354456694309938,7.572821781793417,25.552402895530374,-31.292436903229117,"3.03","1.44",,,,"86",2444,"6.5",777796,666310,700932,682657,608070,672356,680757,657041,666134,"53.97",,,,,,,,82,1,"Slider",3,7,3,7,7,3,3,7,"Standard","Standard",53,"0.003","0.028",,,,"-0.028",,-4,-4,0.021,0.021,27,32,27,32,1,1,1,1,4,1,"3.11","-0.77","-0.77","53.2",,,,,
"FC","2025-05-24","98.3","-1.04","5.95","Clase, Emmanuel",668670,661403,"strikeout","swinging_strike",,,,,1,"Jake Rogers strikes out swinging.","R","R","R","DET","CLE","S",2,,3,2,2025,"0.39","1.14","-0.44","3.4",,595879,,0,10,"Bot",,,,,,,0.7224528143489839,-143.15073547594847,-4.111713081809203,5.257479939024558,32.49298036947949,-15.819134560835039,"3.39","1.57",,,,"98.8",2564,"6.5",777796,666310,700932,682657,608070,672356,680757,657041,666134,"54.02",,0,"0",1,0,0,,81,6,"Cutter",3,7,3,7,7,3,3,7,"Strategic","Standard",184,"-0.032","-0.386","64.4","6.2",,"0.386",,-4,-4,0.053,0.053,27,30,27,30,1,3,1,4,4,4,"1.22","-0.39","-0.39","52.2",6.089410176303733,18.18828426369435,30.12510602575766,31.558181112974488,20.042232523657365
"SL","2025-05-24","85.9","-1.03","5.8","Clase, Emmanuel",668670,661403,,"blocked_ball",,,,,14,"Ball In Dirt","R","R","R","DET","CLE","B",,,2,2,2025,"0.53","0.25","1.29","0.49",,595879,,0,10,"Bot",,,,,,,4.427888835516907,-125.01764277852115,-6.88744351043428,4.727651901958872,24.874917895804682,-28.38809859852764,"3.28","1.49",,,,"86.5",2414,"6.6",777796,666310,700932,682657,608070,672356,680757,657041,666134,"53.89",,,,,,,,81,5,"Slider",3,7,3,7,7,3,3,7,"Strategic","Standard",72,"0.01","0.1",,,,"-0.1",,-4,-4,0.043,0.043,27,30,27,30,1,3,1,4,4,4,"2.84","-0.53","-0.53","51.5",,,,,
"FC","2025-05-24","96.8","-1.27","5.92","Clase, Emmanuel",668670,661403,,"foul",,,,,6,"Foul","R","R","R","DET","CLE","S",,,2,1,2025,"0.29","1.13","0.73","2.2",,595879,,0,10,"Bot",,,,,,,4.6808011585116125,-140.85698489478935,-7.020171993199445,2.902420201055827,29.85614938737519,-15.733456399892182,"3.39","1.57",11,"73.7",-11,"97.4",2573,"6.5",777796,666310,700932,682657,608070,672356,680757,657041,666134,"54",,,,,,,,81,4,"Cutter",3,7,3,7,7,3,3,7,"Strategic","Standard",180,"-0.008","-0.081","70.3","7.4",,"0.081","88.0",-4,-4,0.051,0.051,27,30,27,30,1,3,1,4,4,4,"1.29","-0.29","-0.29","51.9",12.480381549143905,4.892964759990191,32.90864969117617,47.215219757706784,26.517360436128584
"FC","2025-05-24","96.9","-1.11","6.09","Clase, Emmanuel",668670,661403,,"ball",,,,,11,"Ball","R","R","R","DET","CLE","B",,,1,1,2025,"0.35","1.17","-1.45","3.43",,595879,,0,10,"Bot",,,,,,,-1.7224175510236286,-141.1486306621974,-4.280751335454543,5.086607560501422,29.749477494622177,-15.675646330414931,"3.39","1.59",,,,"97.5",2537,"6.4",777796,666310,700932,682657,608070,672356,680757,657041,666134,"54.1",,,,,,,,81,3,"Cutter",3,7,3,7,7,3,3,7,"Strategic","Standard",178,"0.006","0.045",,,,"-0.045",,-4,-4,0.045,0.045,27,30,27,30,1,3,1,4,4,4,"1.23","-0.35","-0.35","49.1",,,,,
"FC","2025-05-24","96.1","-1.27","5.86","Clase, Emmanuel",668670,661403,,"called_strike",,,,,7,"Called Strike","R","R","R","DET","CLE","S",,,1,0,2025,"0.12","0.97","-0.68","2.04",,595879,,0,10,"Bot",,,,,,,1.3226550813923867,-139.9831454470971,-6.787594157150171,1.277452744584221,29.24653520152324,-18.146110707365633,"3.35","1.54",,,,"96.8",2465,"6.5",777796,666310,700932,682657,608070,672356,680757,657041,666134,"54.04",,,,,,,,81,2,"Cutter",3,7,3,7,7,3,3,7,"Strategic","Standard",186,"-0.006","-0.049",,,,"0.049",,-4,-4,0.051,0.051,27,30,27,30,1,3,1,4,4,4,"1.48","-0.12","-0.12","47.6",,,,,
"FC","2025-05-24","96.7","-1.31","5.93","Clase, Emmanuel",668670,661403,,"ball",,,,,11,"Ball","R","R","R","DET","CLE","B",,,0,0,2025,"0.41","0.93","-1","3.15",,595879,,0,10,"Bot",,,,,,,-0.11494333562994621,-140.95107745968406,-4.027739139288242,5.459103627284208,30.91595378842707,-19.063391077458384,"3.35","1.59",,,,"97.3",2506,"6.5",777796,666310,700932,682657,608070,672356,680757,657041,666134,"54.02",,,,,,,,81,1,"Cutter",3,7,3,7,7,3,3,7,"Strategic","Standard",183,"0.005","0.032",,,,"-0.032",,-4,-4,0.046,0.046,27,30,27,30,1,3,1,4,4,4,"1.49","-0.41","-0.41","45.6",,,,,
"FC","2025-05-23","100.4","-0.84","5.9","Clase, Emmanuel",663837,661403,"field_out","hit_into_play",,,,,7,"Matt Vierling flies out to right fielder Nolan Jones.","R","R","R","DET","CLE","X",9,"fly_ball",1,2,2025,"0.37","0.99","-0.74","2.21",,,,2,9,"Bot",190.56,138.69,,,,,-0.6149069318287239,-146.25238757387703,-7.36365054927258,5.512367935979431,30.049357606616233,-16.542266663187736,"3.45","1.69",221,"77",47,"102.1",2451,"6.8",777807,666310,467793,682177,608070,672356,680757,682657,666134,"53.66",0.089,0.092,"0",1,0,0,3,74,4,"Cutter",1,3,1,3,3,1,1,3,"Strategic","Strategic",181,"-0.015","-0.182","69.5","6.9",0.119,"0.182","88.0",-2,-2,0.015,0.015,27,28,27,29,1,0,2,,1,1,"1.25","-0.37","-0.37","50.1",-3.170104360570784,2.831583247253308,38.15531979967649,27.795829699284134,26.65583747930368
"FC","2025-05-23","99.1","-0.79","5.92","Clase, Emmanuel",663837,661403,,"swinging_strike",,,,,5,"Swinging Strike","R","R","R","DET","CLE","S",,,1,1,2025,"0.54","1.08","-0.06","2.39",,,,2,9,"Bot",,,,,,,0.7326222052627361,-144.4412576695301,-6.908281097075518,7.522001832423786,28.2028519510898,-15.71643762784968,"3.45","1.69",,,,"100.7",2591,"6.7",777807,666310,467793,682177,608070,672356,680757,682657,666134,"53.79",,,,,,,,74,3,"Cutter",1,3,1,3,3,1,1,3,"Standard","Strategic",179,"0","-0.062","70.9","6.7",,"0.062",,-2,-2,0.015,0.015,27,28,27,29,1,0,2,,1,1,"1.2","-0.54","-0.54","49.9",-10.718909171729122,19.25728842118983,39.164111041617005,37.000745271987384,14.75509680804064
"FC","2025-05-23","100.3","-0.7","6.01","Clase, Emmanuel",663837,661403,,"ball",,,,,11,"Ball","R","R","R","DET","CLE","B",,,0,1,2025,"0.31","0.91","-0.29","4.07",,,,2,9,"Bot",,,,,,,0.40760655145578023,-146.14136016432232,-2.202651927270921,4.335577454079611,33.61517481887368,-18.81892411896948,"3.51","1.76",,,,"101",2545,"6.5",777807,666310,467793,682177,608070,672356,680757,682657,666134,"53.97",,,,,,,,74,2,"Cutter",1,3,1,3,3,1,1,3,"Standard","Strategic",175,"0","0.027",,,,"-0.027",,-2,-2,0.015,0.015,27,28,27,29,1,0,2,,1,1,"1.35","-0.31","-0.31","54.1",,,,,
"FC","2025-05-23","100.3","-0.94","5.88","Clase, Emmanuel",663837,661403,,"swinging_strike",,,,,5,"Swinging Strike","R","R","R","DET","CLE","S",,,0,0,2025,"0.43","1.16","-0.21","2.57",,,,2,9,"Bot",,,,,,,1.0176180368630399,-146.0504734264539,-6.637854833497906,5.9100010289828715,32.377192354280865,-14.227816564622549,"3.45","1.69",,,,"101.5",2568,"6.8",777807,666310,467793,682177,608070,672356,680757,682657,666134,"53.73",,,,,,,,74,1,"Cutter",1,3,1,3,3,1,1,3,"Standard","Strategic",185,"0","-0.043","71.8","7.0",,"0.043",,-2,-2,0.015,0.015,27,28,27,29,1,0,2,,1,1,"1.09","-0.43","-0.43","48.3",-5.010321072308194,17.60565822210657,37.1233170026414,35.91038769289117,13.671372795250416
"FC","2025-05-23","98.8","-0.87","5.88","Clase, Emmanuel",669234,661403,"field_out","hit_into_play",,,,,4,"Justyn-Henry Malloy pops out to first baseman Carlos Santana in foul territory.","R","R","R","DET","CLE","X",3,"popup",3,1,2025,"0.34","1.27","-0.46","2.34",,,,1,9,"Bot",147.4,184.54,,,,,0.3275185952113182,-143.93875514421973,-7.297523763622374,4.683635691342254,30.47221187497035,-12.9882477683133,"3.53","1.65",70,"87.5",76,"100.3",2555,"6.8",777807,666310,467793,682177,608070,672356,680757,682657,666134,"53.66",0.01,0.012,"0",1,0,0,3,73,5,"Cutter",1,3,1,3,3,1,1,3,"Strategic","Standard",177,"-0.058","-0.419","72.7","7.4",0.013,"0.419","88.0",-2,-2,0.073,0.073,27,25,27,25,1,0,2,1,1,1,"1.04","-0.34","-0.34","51.6",19.37678979298723,1.116607638602347,39.513440306152255,34.54302369927677,31.557115580751336
"FC","2025-05-23","99.4","-1.1","5.89","Clase, Emmanuel",669234,661403,,"called_strike",,,,,4,"Called Strike","R","R","R","DET","CLE","S",,,3,0,2025,"0.43","0.73","-0.55","2.41",,,,1,9,"Bot",,,,,,,0.5049700191815654,-144.77390318308903,-5.919454020389333,6.008909759324795,32.354110779434954,-20.72490283314524,"3.43","1.71",,,,"100.5",2561,"6.7",777807,666310,467793,682177,608070,672356,680757,682657,666134,"53.77",,,,,,,,73,4,"Cutter",1,3,1,3,3,1,1,3,"Strategic","Standard",180,"-0.013","-0.088",,,,"0.088",,-2,-2,0.086,0.086,27,25,27,25,1,0,2,1,1,1,"1.56","-0.43","-0.43","49.6",,,,,
"FC","2025-05-23","99","-0.72","5.85","Clase, Emmanuel",669234,661403,,"ball",,,,,13,"Ball","R","R","R","DET","CLE","B",,,2,0,2025,"0.47","0.97","-0.16","0.82",,,,1,9,"Bot",,,,,,,0.42585655103649434,-143.9643076270256,-10.687816217683274,6.492224020103375,29.897804570935826,-16.565012084392638,"3.39","1.7",,,,"100.3",2412,"6.8",777807,666310,467793,682177,608070,672356,680757,682657,666134,"53.69",,,,,,,,73,3,"Cutter",1,3,1,3,3,1,1,3,"Strategic","Standard",181,"0.019","0.143",,,,"-0.143",,-2,-2,0.067,0.067,27,25,27,25,1,0,2,1,1,1,"1.34","-0.47","-0.47","53.0",,,,,
"FC","2025-05-23","99","-0.9","5.96","Clase, Emmanuel",669234,661403,,"ball",,,,,11,"Ball","R","R","R","DET","CLE","B",,,1,0,2025,"0.51","1.01","-0.92","3.97",,,,1,9,"Bot",,,,,,,-1.2682057139910947,-144.41836194870731,-2.483149682616264,7.512201879300951,28.269297099472713,-17.537256769274943,"3.42","1.67",,,,"100.6",2563,"6.7",777807,666310,467793,682177,608070,672356,680757,682657,666134,"53.82",,,,,,,,73,2,"Cutter",1,3,1,3,3,1,1,3,"Strategic","Standard",173,"0.013","0.071",,,,"-0.071",,-2,-2,0.054,0.054,27,25,27,25,1,0,2,1,1,1,"1.27","-0.51","-0.51","50.1",,,,,
"SL","2025-05-23","89.6","-0.9","5.87","Clase, Emmanuel",669234,661403,,"ball",,,,,14,"Ball","R","R","R","DET","CLE","B",,,0,0,2025,"0.89","0.11","0.76","0.08",,,,1,9,"Bot",,,,,,,2.2529985060908952,-130.47356294954713,-8.699156821064033,9.776860307081936,24.337893712923016,-29.495257917359098,"3.42","1.65",,,,"91.1",2477,"6.9",777807,666310,467793,682177,608070,672356,680757,682657,666134,"53.59",,,,,,,,73,1,"Slider",1,3,1,3,3,1,1,3,"Strategic","Standard",74,"0.007","0.039",,,,"-0.039",,-2,-2,0.047,0.047,27,25,27,25,1,0,2,1,1,1,"2.7","-0.89","-0.89","51.6",,,,,
"FC","2025-05-23","99.2","-1.01","5.89","Clase, Emmanuel",700242,661403,"strikeout","swinging_strike",,,,,12,"Trey Sweeney strikes out swinging.","R","L","R","DET","CLE","S",2,,0,2,2025,"0.24","1.2","0.08","4.36",,,,0,9,"Bot",,,,,,,2.4199509299864355,-144.64790314724124,-1.6423641685396007,2.9280486511195765,31.25391506508908,-15.110239213736001,"3.69","1.67",,,,"100.3",2576,"6.6",777807,666310,467793,682177,608070,672356,680757,682657,666134,"53.91",,0,"0",1,0,0,,72,3,"Cutter",1,3,1,3,3,1,1,3,"Infield shade","Standard",177,"-0.031","-0.165","36.8","4.7",,"0.165",,-2,-2,0.078,0.078,27,25,27,25,1,3,2,1,1,1,"1.1","-0.24","0.24","47.0",-1.5589951317073538,67.05503893543433,15.350611643640992,36.377654015460564,-8.905812438185958
"FC","2025-05-23","98.5","-1.01","5.85","Clase, Emmanuel",700242,661403,,"foul",,,,,8,"Foul","R","L","R","DET","CLE","S",,,0,1,2025,"0.21","1.11","0.06","2.24",,,,0,9,"Bot",,,,,,,2.4215748613731103,-143.25641417075212,-6.928789192746578,2.352508600136303,34.94003533212873,-15.475883542722395,"3.69","1.67",215,"88",57,"99",2621,"6.7",777807,666310,467793,682177,608070,672356,680757,682657,666134,"53.8",,,,,,,,72,2,"Cutter",1,3,1,3,3,1,1,3,"Infield shade","Strategic",182,"-0.01","-0.055","77.9","7.4",,"0.055","88.0",-2,-2,0.088,0.088,27,25,27,25,1,3,2,1,1,1,"1.25","-0.21","0.21","44.0",3.33053426935576,6.452818845519566,29.687930815713457,37.28711129929125,30.12083853578064
"FC","2025-05-23","98.3","-1.12","5.72","Clase, Emmanuel",700242,661403,,"swinging_strike",,,,,9,"Swinging Strike","R","L","R","DET","CLE","S",,,0,0,2025,"0.6","1","0.58","1.86",,,,0,9,"Bot",,,,,,,3.243010309868864,-143.04068559397686,-7.386475793581068,7.482332782235521,33.15437338338787,-16.958195171103377,"3.69","1.67",,,,"99.4",2667,"6.9",777807,666310,467793,682177,608070,672356,680757,682657,666134,"53.61",,,,,,,,72,1,"Cutter",1,3,1,3,3,1,1,3,"Standard","Strategic",174,"-0.007","-0.039","77.2","7.9",,"0.039",,-2,-2,0.095,0.095,27,25,27,25,1,3,2,1,1,1,"1.36","-0.6","0.6","45.6",10.718780093998381,-10.007513200088125,32.11195638098464,31.83907019069106,32.73044921442161
"FC","2025-05-21","97.5","-0.9","6.1","Clase, Emmanuel",664056,661403,"field_out","hit_into_play",,,,,5,"Harrison Bader flies out to left fielder Steven Kwan.","R","R","R","MIN","CLE","X",7,"fly_ball",2,1,2025,"0.6","1.09","0.23","2.17",,665019,,2,9,"Bot",82.56,83.28,,,,,1.686415145757358,-141.88915903342988,-7.624495257898923,7.71173220313762,31.96153279543754,-15.969445406983645,"3.26","1.56",306,"84.6",38,"98.5",2558,"6.8",777829,595978,700932,682177,608070,672356,680757,682657,678877,"53.68",0.01,0.014,"0",1,0,0,3,73,4,"Cutter",1,5,1,5,5,1,1,5,"Strategic","Standard",181,"-0.006","-0.285","80.2","7.3",0.023,"0.285","88.0",-4,-4,0.006,0.006,27,31,27,31,1,3,4,2,2,2,"1.31","-0.6","-0.6","52.8",15.292314392729187,-15.496794450319236,25.059091143918987,39.27991521031698,38.660016757745126
"FC","2025-05-21","95.7","-0.88","6.14","Clase, Emmanuel",664056,661403,,"swinging_strike",,,,,2,"Swinging Strike","R","R","R","MIN","CLE","S",,,2,0,2025,"0.6","0.94","-0.24","3.29",,665019,,2,9,"Bot",,,,,,,0.31130658072556955,-139.43274997998267,-4.0971710382450794,7.8166442194959815,31.588225473295747,-19.16550901224683,"3.26","1.56",,,,"97",2670,"7",777829,595978,700932,682177,608070,672356,680757,682657,678877,"53.55",,,,,,,,73,3,"Cutter",1,5,1,5,5,1,1,5,"Strategic","Standard",165,"-0.002","-0.051","64.4","5.3",,"0.051",,-4,-4,0.008,0.008,27,31,27,31,1,3,4,2,2,2,"1.54","-0.6","-0.6","50.6",-0.4670356448915231,26.476232087288096,18.320696303760954,34.24794072530356,16.928063281109313
"FC","2025-05-21","96.7","-0.96","6.13","Clase, Emmanuel",664056,661403,,"ball",,,,,12,"Ball","R","R","R","MIN","CLE","B",,,1,0,2025,"0.68","0.81","0.04","3.88",,665019,,2,9,"Bot",,,,,,,1.1101942927941477,-140.80914033691465,-2.3114379874593856,8.747113500085387,33.44627397606242,-21.0597372250777,"3.19","1.56",,,,"97.5",2635,"6.8",777829,595978,700932,682177,608070,672356,680757,682657,678877,"53.68",,,,,,,,73,2,"Cutter",1,5,1,5,5,1,1,5,"Strategic","Standard",157,"0.002","0.028",,,,"-0.028",,-4,-4,0.006,0.006,27,31,27,31,1,3,4,2,2,2,"1.63","-0.68","-0.68","50.3",,,,,
"SL","2025-05-21","85.4","-0.82","6.07","Clase, Emmanuel",664056,661403,,"ball",,,,,14,"Ball","R","R","R","MIN","CLE","B",,,0,0,2025,"0.7","0.3","1.9","1.12",,665019,,2,9,"Bot",,,,,,,5.035558433507025,-124.09126063054141,-5.932550091313946,6.076911704399268,27.317428584359536,-28.057059303036546,"3.17","1.61",,,,"85.6",2311,"6.8",777829,595978,700932,682177,608070,672356,680757,682657,678877,"53.75",,,,,,,,73,1,"Slider",1,5,1,5,5,1,1,5,"Standard","Standard",61,"0.001","0.019",,,,"-0.019",,-4,-4,0.005,0.005,27,31,27,31,1,3,4,2,2,2,"2.86","-0.7","-0.7","53.8",,,,,
"FC","2025-05-21","98.1","-0.73","6.13","Clase, Emmanuel",681146,661403,"field_out","hit_into_play",,,,,4,"Jonah Bride lines out sharply to left fielder Steven Kwan.","R","R","R","MIN","CLE","X",7,"line_drive",1,1,2025,"0.65","1.1","-0.58","2.68",,665019,,1,9,"Bot",55.91,89.16,,,,,-1.109160043547795,-142.6350657487717,-6.388901445013743,9.139335388309473,36.330335214146515,-15.895897579204938,"3.25","1.49",321,"102.2",19,"98.5",2582,"6.8",777829,595978,700932,682177,608070,672356,680757,682657,678877,"53.72",0.425,0.526,"0",1,0,0,5,72,3,"Cutter",1,5,1,5,5,1,1,5,"Strategic","Standard",167,"-0.015","-0.248","68.2","7.0",0.839,"0.248","102.2",-4,-4,0.02,0.02,27,29,27,30,1,3,4,2,2,2,"1.29","-0.65","-0.65","49.5",18.486273823578575,-6.83568386323501,29.929933764293597,32.65631976754692,36.60943400798443
"SL","2025-05-21","84.9","-0.83","6.15","Clase, Emmanuel",681146,661403,,"ball",,,,,13,"Ball","R","R","R","MIN","CLE","B",,,0,1,2025,"0.59","0.06","-0.89","1.6",,665019,,1,9,"Bot",,,,,,,-1.3298757053639019,-123.48998105117815,-4.36237209344308,6.225765951570938,29.023821555321547,-30.76598602744577,"3.19","1.49",,,,"84.7",2338,"6.6",777829,595978,700932,682177,608070,672356,680757,682657,678877,"53.91",,,,,,,,72,2,"Slider",1,5,1,5,5,1,1,5,"Standard","Standard",61,"0.001","0.025",,,,"-0.025",,-4,-4,0.019,0.019,27,29,27,30,1,3,4,2,2,2,"3.15","-0.59","-0.59","56.3",,,,,
"FC","2025-05-21","98.6","-0.8","6.2","Clase, Emmanuel",681146,661403,,"called_strike",,,,,1,"Called Strike","R","R","R","MIN","CLE","S",,,0,0,2025,"0.63","0.89","-0.43","2.86",,665019,,1,9,"Bot",,,,,,,-0.4397299207616561,-143.5298042956974,-5.752358377895416,8.740462470041601,33.52647470896032,-18.74068614373273,"3.21","1.45",,,,"99.5",2566,"6.8",777829,595978,700932,682177,608070,672356,680757,682657,678877,"53.69",,,,,,,,72,1,"Cutter",1,5,1,5,5,1,1,5,"Strategic","Standard",169,"-0.002","-0.038",,,,"0.038",,-4,-4,0.021,0.021,27,29,27,30,1,3,4,2,2,2,"1.45","-0.63","-0.63","53.1",,,,,
"FC","2025-05-21","98.4","-1.18","6.12","Clase, Emmanuel",665019,661403,"double","hit_into_play",,,,,7,"Kody Clemens doubles (5) on a ground ball to left fielder Steven Kwan.","R","L","R","MIN","CLE","X",7,"ground_ball",2,2,2025,"0.42","0.84","-0.46","2.24",,,,1,9,"Bot",36.42,109.29,,,,,0.9977351241229022,-143.285804842104,-7.1290348700801305,5.662347995777534,30.029927886407645,-19.24754000226322,"3.6","1.76",17,"99.2",-6,"99.6",2564,"6.7",777829,595978,700932,682177,608070,672356,680757,682657,678877,"53.77",0.278,0.267,"1.25",1,1,1,2,71,6,"Cutter",1,5,1,5,5,1,1,5,"Infield shade","Strategic",169,"0.015","0.668","66.2","6.4",0.291,"-0.668","99.2",-4,-4,0.006,0.006,27,29,27,29,1,3,4,2,2,3,"1.5","-0.42","0.42","48.3",-8.253089356500176,30.532177164813735,28.00386328258722,43.37735495750295,11.300417846322707
"SL","2025-05-21","88.3","-1.32","6.08","Clase, Emmanuel",665019,661403,,"foul",,,,,14,"Foul","R","L","R","MIN","CLE","S",,,2,2,2025,"0.78","0.11","0.09","1.26",,,,1,9,"Bot",,,,,,,1.8290665144349036,-128.58917340597597,-5.993545399824201,8.413998099985836,24.27615033329695,-29.962790964599076,"3.6","1.76",,,,"89.5",2499,"6.8",777829,595978,700932,682177,608070,672356,680757,682657,678877,"53.73",,,,,,,,71,5,"Slider",1,5,1,5,5,1,1,5,"Infield shade","Strategic",65,"0","0","70.0","7.9",,"0",,-4,-4,0.006,0.006,27,29,27,29,1,3,4,2,2,3,"2.78","-0.78","0.78","50.4",13.68303572662342,-13.205052671166582,30.755431846281684,38.045955981905216,42.564265894586846
"FC","2025-05-21","97.4","-1.03","6.01","Clase, Emmanuel",665019,661403,,"ball",,,,,14,"Ball","R","L","R","MIN","CLE","B",,,1,2,2025,"0.25","1.12","1.57","2.34",,,,1,9,"Bot",,,,,,,6.483347260219435,-141.67338658869866,-7.029520792732086,2.019579914504876,28.61323591588463,-15.702371730635265,"3.6","1.8",,,,"98.9",2574,"6.9",777829,595978,700932,682177,608070,672356,680757,682657,678877,"53.59",,,,,,,,71,4,"Cutter",1,5,1,5,5,1,1,5,"Infield shade","Strategic",179,"0","0.048",,,,"-0.048",,-4,-4,0.006,0.006,27,29,27,29,1,3,4,2,2,3,"1.26","-0.25","0.25","44.9",,,,,
"FC","2025-05-21","97.9","-1","6.09","Clase, Emmanuel",665019,661403,,"foul",,,,,6,"Foul","R","L","R","MIN","CLE","S",,,1,1,2025,"0.54","1.13","0.8","2.54",,,,1,9,"Bot",,,,,,,3.6306589165884455,-142.42053348900637,-6.73726074818338,6.504252257774942,33.89214593765862,-15.387888357252386,"3.6","1.76",131,"65.3",68,"98.6",2606,"6.8",777829,595978,700932,682177,608070,672356,680757,682657,678877,"53.71",,,,,,,,71,3,"Cutter",1,5,1,5,5,1,1,5,"Infield shade","Strategic",175,"-0.001","-0.064","70.7","6.7",,"0.064","88.0",-4,-4,0.007,0.007,27,29,27,29,1,3,4,2,2,3,"1.25","-0.54","0.54","46.6",4.15760865785765,12.986511898228198,30.39182171648825,30.384994328649817,25.903351415861383
"SL","2025-05-21","86.9","-1.22","6","Clase, Emmanuel",665019,661403,,"ball",,,,,14,"Ball","R","L","R","MIN","CLE","B",,,0,1,2025,"0.95","0.05","0.76","0.55",,,,1,9,"Bot",,,,,,,2.815601527269835,-126.51218328265742,-7.052710550909772,9.693287441910313,24.978914029050912,-30.441950861497155,"3.6","1.8",,,,"87.9",2414,"6.8",777829,595978,700932,682177,608070,672356,680757,682657,678877,"53.71",,,,,,,,71,2,"Slider",1,5,1,5,5,1,1,5,"Infield shade","Strategic",66,"0.001","0.029",,,,"-0.029",,-4,-4,0.006,0.006,27,29,27,29,1,3,4,2,2,3,"2.96","-0.95","0.95","50.0",,,,,
"FC","2025-05-21","97.9","-0.73","6.13","Clase, Emmanuel",665019,661403,,"foul",,,,,14,"Foul","R","L","R","MIN","CLE","S",,,0,0,2025,"0.49","1.04","0.98","2.4",,,,1,9,"Bot",,,,,,,3.5287948155714655,-142.47482285822167,-7.059549885619008,5.921220368035798,30.86781197846111,-16.63913142637597,"3.6","1.76",3,"79.9",-42,"99.1",2576,"6.8",777829,595978,700932,682177,608070,672356,680757,682657,678877,"53.7",,,,,,,,71,1,"Cutter",1,5,1,5,5,1,1,5,"Strategic","Strategic",176,"-0.001","-0.039","69.6","7.0",,"0.039","88.0",-4,-4,0.007,0.007,27,29,27,29,1,3,4,2,2,3,"1.33","-0.49","0.49","51.4",8.89204603245726,-1.3677558743687617,28.492085383711196,27.553253573525282,28.593478930171177
"FC","2025-05-21","97.2","-0.99","6.21","Clase, Emmanuel",668904,661403,"field_out","hit_into_play",,,,,5,"Royce Lewis pops out to second baseman Daniel Schneemann.","R","R","R","MIN","CLE","X",4,"popup",1,0,2025,"0.24","1","-0.03","2.72",,,,0,9,"Bot",160.51,147.99,,,,,2.0236398988348068,-141.4182823683962,-6.1555863272404965,2.71213055032416,33.018195161373114,-17.58324723338065,"3.53","1.73",157,"87.3",63,"97.9",2571,"6.7",777829,595978,700932,682177,608070,672356,680757,682657,678877,"53.78",0.015,0.015,"0",1,0,0,3,70,2,"Cutter",1,5,1,5,5,1,1,5,"Strategic","Standard",175,"-0.014","-0.301","75.4","8.0",0.019,"0.301","88.0",-4,-4,0.021,0.021,27,26,27,26,1,3,4,2,2,2,"1.42","-0.24","-0.24","48.5",10.111368586622623,-0.9399950886873124,28.291346519442097,35.37831369300565,25.59228427750373
"SL","2025-05-21","86.6","-0.92","6.04","Clase, Emmanuel",668904,661403,,"ball",,,,,14,"Ball","R","R","R","MIN","CLE","B",,,0,0,2025,"1.01","0.28","1.26","2.02",,,,0,9,"Bot",,,,,,,3.1733537304329578,-126.06379885273776,-4.02351777347803,10.192520952156432,24.73246017098821,-28.612022560533624,"3.46","1.67",,,,"87.5",2485,"6.8",777829,595978,700932,682177,608070,672356,680757,682657,678877,"53.74",,,,,,,,70,1,"Slider",1,5,1,5,5,1,1,5,"Standard","Standard",70,"0.002","0.041",,,,"-0.041",,-4,-4,0.019,0.019,27,26,27,26,1,3,4,2,2,2,"2.75","-1.01","-1.01","52.3",,,,,
"FC","2025-05-17","100.5","-0.8","6.23","Clase, Emmanuel",668715,661403,"strikeout","swinging_strike",,,,,2,"Spencer Steer strikes out swinging.","R","R","R","CIN","CLE","S",2,,1,2,2025,"0.38","1.21","-0.12","2.86",669289,669720,,1,8,"Bot",,,,,,,1.006110582791927,-146.33571023288727,-6.913115157703142,5.193017103044355,33.89700838141124,-13.432266803053865,"3.26","1.54",,,,"101.3",2567,"6.7",777892,666310,700932,682177,608070,672356,680757,682657,666134,"53.84",,0,"0",1,0,0,,62,4,"Cutter",4,1,4,1,1,4,4,1,"Strategic","Standard",180,"-0.007","-0.279","68.7","6.6",,"0.279",,3,3,0.98,0.98,27,27,27,28,1,3,4,1,4,1,"1.04","-0.38","-0.38","54.7",4.726473252167376,8.818868806706982,27.074912665130018,32.989752827479364,23.35576419572792
"FC","2025-05-17","99.6","-0.65","6.12","Clase, Emmanuel",668715,661403,,"swinging_strike",,,,,6,"Swinging Strike","R","R","R","CIN","CLE","S",,,1,1,2025,"0.47","1.19","0.66","2.29",669289,669720,,1,8,"Bot",,,,,,,2.5024274213484325,-144.95384392680555,-7.9809189287773625,6.1441082396074425,32.60551969911112,-13.757198452702006,"3.26","1.54",,,,"100.6",2656,"6.8",777892,666310,700932,682177,608070,672356,680757,682657,666134,"53.75",,,,,,,,62,3,"Cutter",4,1,4,1,1,4,4,1,"Strategic","Standard",180,"-0.002","-0.094","70.2","7.0",,"0.094",,3,3,0.982,0.982,27,27,27,28,1,3,4,1,4,1,"1.1","-0.47","-0.47","52.6",-0.46989947352014017,15.727793035561158,31.07740093322923,43.4601594768867,19.731961543124388
"SL","2025-05-17","88.4","-0.63","6.06","Clase, Emmanuel",668715,661403,,"ball",,,,,14,"Ball","R","R","R","CIN","CLE","B",,,0,1,2025,"0.67","0.32","1.3","-0.07",,669289,669720,1,8,"Bot",,,,,,,3.332337526699938,-128.577349694116,-9.623285649427835,6.872044338590076,24.647235632825684,-26.988561216363262,"3.2","1.45",,,,"89.5",2502,"6.8",777892,666310,700932,682177,608070,672356,680757,682657,666134,"53.7",,,,,,,,62,2,"Slider",4,1,4,1,1,4,4,1,"Standard","Standard",77,"0.006","0.018",,,,"-0.018",,3,3,0.976,0.976,27,27,27,28,1,3,4,1,4,1,"2.59","-0.67","-0.67","58.7",,,,,
"FC","2025-05-17","99.7","-0.55","6.13","Clase, Emmanuel",668715,661403,,"foul",,,,,8,"Foul","R","R","R","CIN","CLE","S",,,0,0,2025,"0.51","0.93","0.16","1.78",,669289,669720,1,8,"Bot",,,,,,,0.7569184898451746,-145.04127269836394,-8.830300122514252,7.0959672229247355,33.10549871328618,-17.193192995906283,"3.26","1.54",229,"77",50,"100.3",2628,"6.6",777892,666310,700932,682177,608070,672356,680757,682657,666134,"53.9",,,,,,,,62,1,"Cutter",4,1,4,1,1,4,4,1,"Standard","Standard",180,"-0.001","-0.033","67.9","7.7",,"0.033","88.0",3,3,0.977,0.977,27,27,27,28,1,3,4,1,4,1,"1.36","-0.51","-0.51","55.8",6.048440547255915,-6.167436613617644,35.62707447752556,37.570083699938415,30.263631691474533
"SL","2025-05-17","86","-0.69","6.09","Clase, Emmanuel",669720,661403,"walk","blocked_ball",,,,,14,"Austin Hays walks.","R","R","R","CIN","CLE","B",,,3,2,2025,"0.83","-0.03","0.29","-0.35",,669289,,1,8,"Bot",,,,,,,0.6578269699421087,-125.04222015273125,-9.00338123840099,8.587029674986983,25.063305876163145,-30.88960222545683,"2.97","1.31",,,,"86.6",2499,"6.7",777892,666310,700932,682177,608070,672356,680757,682657,666134,"53.81",,0.691497,"0.7",1,0,0,,61,6,"Slider",4,1,4,1,1,4,4,1,"Standard","Standard",62,"0.002","0.212",,,,"-0.212",,3,3,0.975,0.975,27,29,27,30,1,3,4,1,4,1,"3.11","-0.83","-0.83","58.5",,,,,
"SL","2025-05-17","87.6","-0.81","6.01","Clase, Emmanuel",669720,661403,,"blocked_ball",,,,,14,"Ball In Dirt","R","R","R","CIN","CLE","B",,,2,2,2025,"1.05","0.29","1.13","-0.13",,669289,,1,8,"Bot",,,,,,,2.5260976233427903,-127.27492218694469,-9.346624039011168,10.890537868377406,26.037028653060837,-27.28722658447409,"2.99","1.29",,,,"88.4",2602,"6.8",777892,666310,700932,682177,608070,672356,680757,682657,666134,"53.65",,,,,,,,61,5,"Slider",4,1,4,1,1,4,4,1,"Standard","Standard",43,"0","0.068",,,,"-0.068",,3,3,0.975,0.975,27,29,27,30,1,3,4,1,4,1,"2.69","-1.05","-1.05","57.5",,,,,
"FC","2025-05-17","97.6","-0.82","6.13","Clase, Emmanuel",669720,661403,,"foul",,,,,5,"Foul","R","R","R","CIN","CLE","S",,,2,1,2025,"0.55","0.97","-0.27","2.07",,669289,,1,8,"Bot",,,,,,,0.22911647746920216,-142.07069349193497,-7.7446355579550055,7.394542592728779,30.316192750526746,-17.57812595868095,"3.13","1.4",247,"81.3",46,"98.6",2668,"6.7",777892,666310,700932,682177,608070,672356,680757,682657,666134,"53.81",,,,,,,,61,4,"Cutter",4,1,4,1,1,4,4,1,"Standard","Standard",182,"0","-0.065","66.2","6.0",,"0.065","88.0",3,3,0.975,0.975,27,29,27,30,1,3,4,1,4,1,"1.41","-0.55","-0.55","53.7",-7.7103187996548925,12.85462066787078,34.26330769947822,34.057391354069594,22.947261141901095
"FC","2025-05-17","97.7","-0.9","6.08","Clase, Emmanuel",669720,661403,,"blocked_ball",,,,,13,"Ball In Dirt","R","R","R","CIN","CLE","B",,,1,1,2025,"0.55","0.9","-0.04","0.48",,669289,,1,8,"Bot",,,,,,,1.0484361001406795,-142.00976276053748,-11.774906243958783,7.276938221473983,28.91853093179902,-17.67985407977866,"3.05","1.23",,,,"98.8",2702,"6.7",777892,666310,700932,682177,608070,672356,680757,682657,666134,"53.8",,,,,,,,61,3,"Cutter",4,1,4,1,1,4,4,1,"Standard","Standard",178,"0","0.03",,,,"-0.03",,3,3,0.975,0.975,27,29,27,30,1,3,4,1,4,1,"1.47","-0.55","-0.55","52.9",,,,,
"SL","2025-05-17","86.9","-0.73","6.02","Clase, Emmanuel",669720,661403,,"foul",,,,,8,"Foul","R","R","R","CIN","CLE","S",,,1,0,2025,"0.67","0.54","0.05","1.84",,669289,,1,8,"Bot",,,,,,,0.5083053824313282,-126.51388441961441,-4.981830470592623,7.160615745298163,24.986413544214486,-25.53476104437538,"3.13","1.4",194,"69.6",41,"87.6",2407,"6.6",777892,666310,700932,682177,608070,672356,680757,682657,666134,"53.86",,,,,,,,61,2,"Slider",4,1,4,1,1,4,4,1,"Standard","Standard",69,"0","-0.042","73.7","7.0",,"0.042","88.0",3,3,0.975,0.975,27,29,27,30,1,3,4,1,4,1,"2.46","-0.67","-0.67","57.8",9.19304105780967,-6.987231861521731,35.66601134085712,36.77386069381454,36.738733040497266
"SL","2025-05-17","85.4","-0.77","6.03","Clase, Emmanuel",669720,661403,,"ball",,,,,8,"Ball","R","R","R","CIN","CLE","B",,,0,0,2025,"0.84","0.18","0.27","1.25",,,669289,1,8,"Bot",,,,,,,0.7527822693797,-124.37603318735061,-5.4232345354473095,8.667024845909712,22.430488214986248,-29.516234961397775,"3.01","1.36",,,,"86.4",2444,"6.6",777892,666310,700932,682177,608070,672356,680757,682657,666134,"53.86",,,,,,,,61,1,"Slider",4,1,4,1,1,4,4,1,"Standard","Standard",62,"0.002","0.035",,,,"-0.035",,3,3,0.973,0.973,27,29,27,30,1,3,4,1,4,1,"2.92","-0.84","-0.84","54.4",,,,,
"FC","2025-05-17","97.7","-0.8","6.24","Clase, Emmanuel",682829,661403,"strikeout","swinging_strike",,,,,2,"Elly De La Cruz strikes out swinging.","R","L","R","CIN","CLE","S",2,,0,2,2025,"0.34","1.06","0.06","3.6",,,669289,0,8,"Bot",,,,,,,1.5360051729626458,-142.35638999122298,-4.118202138467924,4.324850436668706,30.438604655714368,-16.948540747460385,"3.57","1.7",,,,"98.1",2583,"6.3",777892,666310,700932,682177,608070,672356,680757,682657,666134,"54.2",,0,"0",1,0,0,,60,6,"Cutter",4,1,4,1,1,4,4,1,"Infield shade","Strategic",183,"-0.003","-0.148","68.2","5.8",,"0.148",,3,3,0.976,0.976,27,23,27,23,1,3,4,1,4,1,"1.3","-0.34","0.34","50.2",-3.793290614786893,33.545228038581,27.27914271757996,39.47192475574167,24.473563685640077
"FC","2025-05-17","97.1","-0.97","6","Clase, Emmanuel",682829,661403,,"foul",,,,,6,"Foul","R","L","R","CIN","CLE","S",,,0,2,2025,"0.14","1.05","0.44","2.93",,,669289,0,8,"Bot",,,,,,,3.4860312370446582,-141.482620448983,-5.175258097621409,1.1635169293175458,27.818849759321463,-17.099611732212416,"3.57","1.7",180,"70.9",56,"98.2",2610,"6.5",777892,666310,700932,682177,608070,672356,680757,682657,666134,"53.97",,,,,,,,60,5,"Cutter",4,1,4,1,1,4,4,1,"Infield shade","Strategic",178,"0","0","75.6","7.3",,"0","88.0",3,3,0.976,0.976,27,23,27,23,1,3,4,1,4,1,"1.34","-0.14","0.14","49.8",6.368954411080018,-1.8295973417084541,34.258970237545256,35.23847960997078,39.11157587640767
"SL","2025-05-17","89","-0.91","5.99","Clase, Emmanuel",682829,661403,,"foul",,,,,9,"Foul","R","L","R","CIN","CLE","S",,,0,2,2025,"0.71","-0.08","0.55","1.62",,,669289,0,8,"Bot",,,,,,,2.093839900238136,-129.74857556654828,-4.607359222208551,7.724370905104662,24.51306771638563,-32.403748588464985,"3.57","1.7",3,"60.5",-29,"89.9",2555,"6.5",777892,666310,700932,682177,608070,672356,680757,682657,666134,"53.96",,,,,,,,60,4,"Slider",4,1,4,1,1,4,4,1,"Infield shade","Strategic",66,"0","0","71.3","7.5",,"0","88.0",3,3,0.976,0.976,27,23,27,23,1,3,4,1,4,1,"2.92","-0.71","0.71","53.3",10.966041970658928,-6.0882758136163355,40.5253419084099,34.345146583776106,45.41138264120265
"FC","2025-05-17","98.2","-0.9","5.99","Clase, Emmanuel",682829,661403,,"foul",,,,,14,"Foul","R","L","R","CIN","CLE","S",,,0,2,2025,"0.5","0.93","0.84","1.97",,,669289,0,8,"Bot",,,,,,,3.578210747482455,-143.01381782760268,-7.713560099273068,6.181767685095845,28.129835022082474,-17.95731897299841,"3.57","1.7",2,"69.9",-36,"99.5",2634,"6.6",777892,666310,700932,682177,608070,672356,680757,682657,666134,"53.85",,,,,,,,60,3,"Cutter",4,1,4,1,1,4,4,1,"Infield shade","Strategic",182,"0","0","75.4","6.9",,"0","88.0",3,3,0.976,0.976,27,23,27,23,1,3,4,1,4,1,"1.4","-0.5","0.5","51.1",-0.45495377184827507,7.623100439606348,39.780787586670556,29.93406430405316,29.0122400654201
"FC","2025-05-17","97.6","-0.91","6.17","Clase, Emmanuel",682829,661403,,"swinging_strike",,,,,9,"Swinging Strike","R","L","R","CIN","CLE","S",,,0,1,2025,"0.5","0.83","0.53","2.03",,,669289,0,8,"Bot",,,,,,,2.733703135760313,-142.11960635901931,-7.595117701334672,6.260816018801745,29.56358884106144,-19.507672758968855,"3.57","1.7",,,,"98.4",2529,"6.5",777892,666310,700932,682177,608070,672356,680757,682657,666134,"54.03",,,,,,,,60,2,"Cutter",4,1,4,1,1,4,4,1,"Infield shade","Standard",185,"0","-0.053","77.7","7.3",,"0.053",,3,3,0.976,0.976,27,23,27,23,1,3,4,1,4,1,"1.55","-0.5","0.5","48.4",6.478607774867116,2.384085247600489,34.89800927118867,35.69196482270653,36.394171883434645
"FC","2025-05-17","99.1","-0.99","6.12","Clase, Emmanuel",682829,661403,,"swinging_strike",,,,,12,"Swinging Strike","R","L","R","CIN","CLE","S",,,0,0,2025,"0.49","0.94","1.35","2.8",,,669289,0,8,"Bot",,,,,,,5.262434842032188,-144.2408667410224,-5.913040022231848,5.726096450625596,32.245173767497775,-17.897172366512972,"3.57","1.7",,,,"99.7",2513,"6.5",777892,666310,700932,682177,608070,672356,680757,682657,666134,"54.01",,,,,,,,60,1,"Cutter",4,1,4,1,1,4,4,1,"Standard","Standard",191,"-0.001","-0.043","76.4","6.4",,"0.043",,3,3,0.977,0.977,27,23,27,23,1,3,4,1,4,1,"1.37","-0.49","0.49","49.5",-1.1298356033872117,11.275752125174423,33.202750759868806,26.46783686960955,30.7391556638139
"FC","2025-05-17","98.2","-0.95","6.11","Clase, Emmanuel",669289,661403,"single","hit_into_play",,,,,5,"Santiago Espinal singles on a ground ball to shortstop Gabriel Arias.","R","R","R","CIN","CLE","X",6,"ground_ball",2,2,2025,"0.6","0.93","0.17","2.38",,,,0,8,"Bot",130.7,137.73,,,,,1.6484723254597926,-143.06177436155616,-6.878291278894243,7.956260045101123,30.407951821519926,-18.116193863808164,"3.43","1.63",10,"87.5",-13,"99.2",2634,"6.6",777892,666310,700932,682177,608070,672356,680757,682657,666134,"53.91",0.124,0.107,"0.9",1,1,0,2,59,5,"Cutter",4,1,4,1,1,4,4,1,"Standard","Strategic",170,"0.005","0.465","64.1","6.8",0.145,"-0.465","88.0",3,3,0.972,0.972,27,30,27,31,1,3,4,1,4,1,"1.42","-0.6","-0.6","51.4",-3.416050918927893,11.71089704759286,37.559673144460795,37.98449824237313,24.492523105338943
"SL","2025-05-17","82.7","-0.96","5.93","Clase, Emmanuel",669289,661403,,"ball",,,,,14,"Ball","R","R","R","CIN","CLE","B",,,1,2,2025,"0.93","-0.5","0.16","0.26",,,,0,8,"Bot",,,,,,,0.7275836925534518,-120.35884937272037,-5.5099499549922895,8.898539223108651,23.62009371023381,-36.18929162128357,"3.35","1.47",,,,"83.5",2492,"6.8",777892,666310,700932,682177,608070,672356,680757,682657,666134,"53.65",,,,,,,,59,4,"Slider",4,1,4,1,1,4,4,1,"Standard","Strategic",46,"0","0.043",,,,"-0.043",,3,3,0.972,0.972,27,30,27,31,1,3,4,1,4,1,"3.84","-0.93","-0.93","56.4",,,,,
"FC","2025-05-17","99.4","-0.94","6.16","Clase, Emmanuel",669289,661403,,"called_strike",,,,,4,"Called Strike","R","R","R","CIN","CLE","S",,,1,1,2025,"0.63","0.98","-0.83","2.56",,,,0,8,"Bot",,,,,,,-1.175586130576471,-144.69476122710586,-6.829225632538908,9.138224021883188,31.296928865267812,-16.980445961183733,"3.32","1.52",,,,"100.1",2598,"6.5",777892,666310,700932,682177,608070,672356,680757,682657,666134,"53.99",,,,,,,,59,3,"Cutter",4,1,4,1,1,4,4,1,"Standard","Strategic",175,"0","-0.061",,,,"0.061",,3,3,0.972,0.972,27,30,27,31,1,3,4,1,4,1,"1.31","-0.63","-0.63","51.7",,,,,
"FC","2025-05-17","97.4","-1.15","6.08","Clase, Emmanuel",669289,661403,,"swinging_strike",,,,,11,"Swinging Strike","R","R","R","CIN","CLE","S",,,1,0,2025,"0.53","0.88","-0.6","3.73",,,,0,8,"Bot",,,,,,,0.260913337059733,-141.9842699301167,-2.923050504822456,7.240316449327099,28.0207168460902,-19.771343272079964,"3.43","1.63",,,,"98.7",2603,"6.6",777892,666310,700932,682177,608070,672356,680757,682657,666134,"53.89",,,,,,,,59,2,"Cutter",4,1,4,1,1,4,4,1,"Standard","Strategic",176,"-0.001","-0.05","61.8","6.0",,"0.05",,3,3,0.973,0.973,27,30,27,31,1,3,4,1,4,1,"1.49","-0.53","-0.53","51.5",3.138151717004539,16.089370608225586,28.288751992843967,29.138489836539826,21.5295951022104
"SL","2025-05-17","87.5","-0.94","6.01","Clase, Emmanuel",669289,661403,,"ball",,,,,13,"Ball","R","R","R","CIN","CLE","B",,,0,0,2025,"0.56","-0.22","-0.8","0.4",,,,0,8,"Bot",,,,,,,-0.8364333344112709,-127.44218458883554,-7.034983776407978,6.292137547152654,23.309806894883405,-33.53930508571011,"3.24","1.49",,,,"88.3",2578,"6.5",777892,666310,700932,682177,608070,672356,680757,682657,666134,"53.98",,,,,,,,59,1,"Slider",4,1,4,1,1,4,4,1,"Standard","Strategic",57,"0.001","0.041",,,,"-0.041",,3,3,0.972,0.972,27,30,27,31,1,3,4,1,4,1,"3.17","-0.56","-0.56","53.6",,,,,
"SL","2025-05-13","86.9","-0.8","5.91","Clase, Emmanuel",592885,661403,"strikeout","swinging_strike",,,,,8,"Christian Yelich strikes out swinging.","R","L","R","CLE","MIL","S",2,,2,2,2025,"0.58","-0.25","-0.03","1.66",,,,2,9,"Top",,,,,,,0.6400266564585958,-126.71607538374278,-3.594867462501533,6.18385577381418,23.705533379416803,-34.414133111446496,"3.46","1.77",,,,"88",2583,"6.7",777944,666310,467793,682177,608070,672356,680757,682657,686823,"53.8",,0,"0",1,0,0,,66,5,"Slider",2,0,0,2,0,2,0,2,"Infield shade","Standard",67,"0.011","-0.224","74.9","8.2",,"0.224",,2,-2,0.989,0.01100000000000001,27,33,27,34,1,3,2,1,4,1,"3.24","-0.58","0.58","62.8",15.736852874913447,-4.262940407516667,38.43540982860087,39.687429949491076,30.01836666476378
"FC","2025-05-13","100.3","-0.74","5.96","Clase, Emmanuel",592885,661403,,"foul",,,,,9,"Foul","R","L","R","CLE","MIL","S",,,2,1,2025,"0.21","1.31","0.47","1.92",,,,2,9,"Top",,,,,,,2.892963551067574,-145.89452391880394,-8.974946315447704,2.325689857740196,35.50891731654833,-11.604408945407206,"3.46","1.77",,,,"101.1",2666,"6.8",777944,666310,467793,682177,608070,672356,680757,682657,686823,"53.65",,,,,,,,66,4,"Cutter",2,0,0,2,0,2,0,2,"Infield shade","Standard",189,"0.003","-0.073","74.7","7.9",,"0.073",,2,-2,0.986,0.014000000000000012,27,33,27,34,1,3,2,1,4,1,"0.97","-0.21","0.21","55.5",21.41656030130155,0.2397929438320517,37.49043243694369,34.132745742155,35.3574903590807
"FC","2025-05-13","100.9","-0.84","5.93","Clase, Emmanuel",592885,661403,,"ball",,,,,14,"Ball","R","L","R","CLE","MIL","B",,,1,1,2025,"0.39","1.17","0.5","1.55",,,,2,9,"Top",,,,,,,2.8006201507792507,-146.67652010994405,-9.704084594934724,4.995543260225102,35.442868386744756,-13.107662495921456,"3.32","1.77",,,,"101.6",2671,"6.8",777944,666310,467793,682177,608070,672356,680757,682657,686823,"53.72",,,,,,,,66,3,"Cutter",2,0,0,2,0,2,0,2,"Infield shade","Standard",180,"-0.003","0.053",,,,"-0.053",,2,-2,0.989,0.01100000000000001,27,33,27,34,1,3,2,1,4,1,"1.07","-0.39","0.39","54.4",,,,,
"FC","2025-05-13","102","-0.8","6.01","Clase, Emmanuel",592885,661403,,"ball",,,,,14,"Ball","R","L","R","CLE","MIL","B",,,0,1,2025,"0.26","1.24","0.66","1.04",,,,2,9,"Top",,,,,,,3.5281834727514987,-148.1316188213894,-11.719396701182163,2.8906805459127654,37.36699367719319,-11.243537928208426,"3.46","1.84",,,,"102.5",2648,"6.8",777944,666310,467793,682177,608070,672356,680757,682657,686823,"53.7",,,,,,,,66,2,"Cutter",2,0,0,2,0,2,0,2,"Infield shade","Standard",186,"-0.001","0.027",,,,"-0.027",,2,-2,0.99,0.010000000000000009,27,33,27,34,1,3,2,1,4,1,"0.97","-0.26","0.26","51.4",,,,,
"FC","2025-05-13","101.7","-0.74","6.05","Clase, Emmanuel",592885,661403,,"swinging_strike",,,,,14,"Swinging Strike","R","L","R","CLE","MIL","S",,,0,0,2025,"0.35","1.25","1.09","1.88",,,,2,9,"Top",,,,,,,4.319859489973572,-147.76136349852314,-9.43957845143969,4.000414791622391,36.35505589071834,-11.770479241655751,"3.46","1.77",,,,"102.3",2654,"6.8",777944,666310,467793,682177,608070,672356,680757,682657,686823,"53.71",,,,,,,,66,1,"Cutter",2,0,0,2,0,2,0,2,"Standard","Standard",190,"0.002","-0.043","76.5","7.6",,"0.043",,2,-2,0.988,0.01200000000000001,27,33,27,34,1,3,2,1,4,1,"0.97","-0.35","0.35","52.0",11.22235710168456,4.191244596287743,42.90105613821895,25.257315391299425,26.10483197373654
"SL","2025-05-13","88.6","-0.81","5.92","Clase, Emmanuel",661388,661403,"field_out","hit_into_play",,,,,14,"William Contreras grounds out softly, second baseman Daniel Schneemann to first baseman Carlos Santana.","R","R","R","CLE","MIL","X",4,"ground_ball",0,2,2025,"0.88","0.31","1.28","1.99",,,,1,9,"Top",142.63,149.73,,,,,3.3056303158485907,-129.11053612560806,-4.238354971669932,9.235649827186547,26.019438439841696,-28.088117029439225,"3.52","1.64",40,"58.2",3,"89.8",2552,"6.9",777944,666310,467793,682177,608070,672356,680757,682657,686823,"53.64",0.109,0.096,"0",1,0,0,1,65,3,"Slider",2,0,0,2,0,2,0,2,"Strategic","Strategic",60,"0.016","-0.163","61.1","7.4",0.125,"0.163","88.0",2,-2,0.972,0.028000000000000025,27,27,27,28,1,3,2,1,4,1,"2.58","-0.88","-0.88","56.6",16.90596808983111,4.409436427074047,27.301054761401243,52.30847966990113,35.4289830123344
"FC","2025-05-13","100","-0.74","6.12","Clase, Emmanuel",661388,661403,,"foul",,,,,4,"Foul","R","R","R","CLE","MIL","S",,,0,1,2025,"0.58","1.17","-0.3","2.88",,,,1,9,"Top",,,,,,,-0.13035024463449746,-145.57505927985585,-6.380367360561052,8.229889602917059,33.14762032723986,-14.1844092401833,"3.52","1.64",202,"81",17,"101",2683,"6.7",777944,666310,467793,682177,608070,672356,680757,682657,686823,"53.75",,,,,,,,65,2,"Cutter",2,0,0,2,0,2,0,2,"Strategic","Strategic",175,"0.005","-0.052","65.0","5.4",,"0.052","88.0",2,-2,0.967,0.03300000000000003,27,27,27,28,1,3,2,1,4,1,"1.1","-0.58","-0.58","56.3",-7.249206977245475,24.448244947921694,26.87104927486075,33.7363524696205,17.363343638746294
"FC","2025-05-13","101","-0.86","6.13","Clase, Emmanuel",661388,661403,,"swinging_strike",,,,,5,"Swinging Strike","R","R","R","CLE","MIL","S",,,0,0,2025,"0.48","1.19","0.15","2.76",,,,1,9,"Top",,,,,,,1.6980970399366766,-147.06763262569297,-6.998313730557359,6.600139148696393,31.653961161414617,-13.531830292852675,"3.52","1.64",,,,"102.5",2675,"6.8",777944,666310,467793,682177,608070,672356,680757,682657,686823,"53.67",,,,,,,,65,1,"Cutter",2,0,0,2,0,2,0,2,"Strategic","Strategic",181,"0.004","-0.039","70.7","5.9",,"0.039",,2,-2,0.963,0.03700000000000003,27,27,27,28,1,3,2,1,4,1,"1.03","-0.48","-0.48","56.3",-0.5987704208592572,28.912245654480234,29.02059094050544,41.048841116157746,15.665139428119847
"SL","2025-05-13","87.6","-0.89","5.97","Clase, Emmanuel",641343,661403,"strikeout","swinging_strike",,,,,9,"Jake Bauers strikes out swinging.","R","L","R","CLE","MIL","S",2,,2,2,2025,"0.69","0","0.39","1.71",,,,0,9,"Top",,,,,,,1.6961745690285805,-127.58693451753253,-4.218290018746072,7.15702724000095,25.945375509518215,-31.474112620327958,"3.62","1.67",,,,"88.4",2502,"6.7",777944,666310,467793,682177,608070,672356,680757,682657,686823,"53.81",,0,"0",1,0,0,,64,6,"Slider",2,0,0,2,0,2,0,2,"Infield shade","Standard",63,"0.035","-0.232","69.7","9.1",,"0.232",,2,-2,0.928,0.07199999999999995,27,29,27,30,1,0,2,1,4,1,"2.96","-0.69","0.69","54.4",26.46074170481676,-41.224199357265306,34.43397956443806,32.59357527117992,53.10409032232411
"FC","2025-05-13","101.3","-0.76","6","Clase, Emmanuel",641343,661403,,"foul",,,,,6,"Foul","R","L","R","CLE","MIL","S",,,2,2,2025,"0.75","1.21","0.61","2.43",,,,0,9,"Top",,,,,,,2.0459532785077594,-147.44618858191322,-7.654196205114257,10.528359943903123,32.76833579087487,-12.942584462698541,"3.62","1.67",3,"60.6",-35,"102.3",2637,"6.7",777944,666310,467793,682177,608070,672356,680757,682657,686823,"53.83",,,,,,,,64,5,"Cutter",2,0,0,2,0,2,0,2,"Infield shade","Standard",185,"0","0","78.0","7.5",,"0","88.0",2,-2,0.928,0.07199999999999995,27,29,27,30,1,0,2,1,4,1,"1","-0.75","0.75","51.4",7.841537161064183,6.563755912264872,31.89426028685572,28.445215693176607,23.404137993356112
"FC","2025-05-13","99.8","-1.03","6.01","Clase, Emmanuel",641343,661403,,"called_strike",,,,,2,"Called Strike","R","L","R","CLE","MIL","S",,,2,1,2025,"0.24","1.13","-0.09","3.09",,,,0,9,"Top",,,,,,,2.021384521508978,-145.37988222344904,-5.40563421598904,2.972348483834106,30.74203075972948,-15.04117543912832,"3.62","1.71",,,,"100.9",2618,"6.6",777944,666310,467793,682177,608070,672356,680757,682657,686823,"53.9",,,,,,,,64,4,"Cutter",2,0,0,2,0,2,0,2,"Infield shade","Strategic",184,"0.012","-0.073",,,,"0.073",,2,-2,0.916,0.08399999999999996,27,29,27,30,1,0,2,1,4,1,"1.13","-0.24","0.24","49.3",,,,,
"FC","2025-05-13","98.8","-1.23","5.95","Clase, Emmanuel",641343,661403,,"called_strike",,,,,8,"Called Strike","R","L","R","CLE","MIL","S",,,2,0,2025,"0.64","1.04","-0.04","2.19",,,,0,9,"Top",,,,,,,1.787528010058532,-143.9093871177065,-7.3438181281768955,8.584795538898133,29.72817481329277,-16.316584296067138,"3.62","1.72",,,,"100.1",2662,"6.7",777944,666310,467793,682177,608070,672356,680757,682657,686823,"53.78",,,,,,,,64,3,"Cutter",2,0,0,2,0,2,0,2,"Infield shade","Strategic",181,"0.016","-0.072",,,,"0.072",,2,-2,0.9,0.09999999999999998,27,29,27,30,1,0,2,1,4,1,"1.27","-0.64","0.64","52.6",,,,,
"FC","2025-05-13","99.4","-1.03","5.98","Clase, Emmanuel",641343,661403,,"ball",,,,,11,"Ball","R","L","R","CLE","MIL","B",,,1,0,2025,"0.09","0.75","-0.12","4.1",,,,0,9,"Top",,,,,,,2.2905371595654245,-144.84332833499369,-1.5941360336081003,0.8176917067816694,30.11987110228855,-21.369372321094623,"3.62","1.71",,,,"100.5",2655,"6.6",777944,666310,467793,682177,608070,672356,680757,682657,686823,"53.94",,,,,,,,64,2,"Cutter",2,0,0,2,0,2,0,2,"Infield shade","Strategic",178,"-0.016","0.077",,,,"-0.077",,2,-2,0.916,0.08399999999999996,27,29,27,30,1,0,2,1,4,1,"1.53","-0.09","0.09","48.8",,,,,
"SL","2025-05-13","89.1","-0.77","5.96","Clase, Emmanuel",641343,661403,,"ball",,,,,14,"Ball","R","L","R","CLE","MIL","B",,,0,0,2025,"0.88","-0.05","1.04","0.44",,,,0,9,"Top",,,,,,,2.6238451113441825,-129.70226630158493,-7.560728310327063,9.563866834682857,23.12765415308552,-31.517839811424313,"3.62","1.72",,,,"90.4",2410,"6.7",777944,666310,467793,682177,608070,672356,680757,682657,686823,"53.8",,,,,,,,64,1,"Slider",2,0,0,2,0,2,0,2,"Infield shade","Strategic",70,"-0.008","0.041",,,,"-0.041",,2,-2,0.924,0.07599999999999996,27,29,27,30,1,0,2,1,4,1,"2.88","-0.88","0.88","56.3",,,,,
"FC","2025-05-11","98.7","-0.72","6.08","Clase, Emmanuel",679032,661403,"field_out","hit_into_play",,,,,12,"Johan Rojas lines out to right fielder Daniel Schneemann.","R","R","R","CLE","PHI","X",9,"line_drive",1,2,2025,"0.77","1.08","0.29","3.88",,,592663,2,9,"Top",207.14,110.25,,,,,0.9679258118097589,-143.89670182109558,-3.144924345616229,10.550996211037903,30.33426119537824,-16.63456339351114,"3.47","1.69",297,"99.2",16,"99.9",2659,"6.6",777971,666310,467793,669717,608070,672356,680757,682657,682177,"53.86",0.6,0.607,"0",1,0,0,4,64,4,"Cutter",0,3,3,0,3,0,3,0,"Strategic","Strategic",175,"0.003","-0.182","64.5","6.0",0.826,"0.182","99.2",-3,3,0.04,0.96,27,24,27,25,1,3,4,2,2,1,"1.24","-0.77","-0.77","53.8",11.183578697828388,30.339770366532857,8.022607162423045,37.28436835829514,19.372330290705957
"SL","2025-05-11","88.6","-0.48","6","Clase, Emmanuel",679032,661403,,"foul",,,,,8,"Foul","R","R","R","CLE","PHI","S",,,1,1,2025,"1.15","-0.12","0.13","2.08",,,592663,2,9,"Top",,,,,,,-0.9127654618939314,-129.16248790469493,-3.3172334481746075,13.086649142474194,25.9549243929568,-33.08277783755583,"3.47","1.69",3,"93.6",-36,"89.5",2568,"6.7",777971,666310,467793,669717,608070,672356,680757,682657,682177,"53.81",,,,,,,,64,3,"Slider",0,3,3,0,3,0,3,0,"Strategic","Standard",67,"0.001","-0.073","71.2","7.4",,"0.073","93.6",-3,3,0.039,0.961,27,24,27,25,1,3,4,2,2,1,"3.01","-1.15","-1.15","59.3",6.013287937809986,-8.547627594396856,23.404923642511374,34.34623335966528,38.89366168089772
"SL","2025-05-11","87.8","-0.79","5.92","Clase, Emmanuel",679032,661403,,"swinging_strike",,,,,8,"Swinging Strike","R","R","R","CLE","PHI","S",,,1,0,2025,"0.84","0.49","0.25","1.69",,,592663,2,9,"Top",,,,,,,0.7949945646870439,-127.8961365880327,-5.1812091881728755,9.046948291827453,26.153379190735258,-25.93914221160154,"3.47","1.69",,,,"88.5",2503,"6.7",777971,666310,467793,669717,608070,672356,680757,682657,682177,"53.84",,,,,,,,64,2,"Slider",0,3,3,0,3,0,3,0,"Standard","Standard",64,"0","-0.05","73.2","8.3",,"0.05",,-3,3,0.039,0.961,27,24,27,25,1,3,4,2,2,1,"2.46","-0.84","-0.84","52.2",17.35762781012251,-32.37457887922635,27.383972306609472,34.94125649048925,49.690263583201066
"SL","2025-05-11","89.1","-0.69","5.91","Clase, Emmanuel",679032,661403,,"blocked_ball",,,,,14,"Ball In Dirt","R","R","R","CLE","PHI","B",,,0,0,2025,"1.03","0.32","0.83","0.51",,,592663,2,9,"Top",,,,,,,1.5700749434205756,-129.6583270083709,-7.996037655159301,11.36104760444584,26.539417937952013,-27.093183684755886,"3.47","1.74",,,,"89.9",2477,"6.8",777971,666310,467793,669717,608070,672356,680757,682657,682177,"53.75",,,,,,,,64,1,"Slider",0,3,3,0,3,0,3,0,"Standard","Standard",84,"0","0.035",,,,"-0.035",,-3,3,0.039,0.961,27,24,27,25,1,3,4,2,2,1,"2.54","-1.03","-1.03","57.2",,,,,
"SL","2025-05-11","88.1","-0.68","5.98","Clase, Emmanuel",664761,661403,"strikeout","swinging_strike",,,,,14,"Alec Bohm strikes out swinging.","R","R","R","CLE","PHI","S",2,,1,2,2025,"0.93","0.13","0.03","0.71",,,592663,1,9,"Top",,,,,,,-0.2130019197450727,-128.29186750413984,-7.033345889415624,10.268308868320561,26.454662972211402,-29.465959404118795,"3.66","1.69",,,,"89",2515,"6.8",777971,666310,467793,669717,608070,672356,680757,682657,682177,"53.72",,0,"0",1,0,0,,63,4,"Slider",0,3,3,0,3,0,3,0,"Strategic","Strategic",64,"0.004","-0.178","69.6","8.1",,"0.178",,-3,3,0.035,0.965,27,28,27,29,1,3,4,2,2,1,"2.8","-0.93","-0.93","57.4",10.098240278689302,-9.688114010702858,43.15673064702058,37.42133459789116,31.381949352870897
"FC","2025-05-11","98.1","-0.69","6.07","Clase, Emmanuel",664761,661403,,"ball",,,,,11,"Ball","R","R","R","CLE","PHI","B",,,0,2,2025,"0.67","0.96","-1.11","3.38",,,592663,1,9,"Top",,,,,,,-2.7003293055370943,-142.74541227644843,-4.000226219288082,9.78957178032654,34.376758934014155,-18.358241652583658,"3.66","1.65",,,,"98.5",2668,"6.6",777971,666310,467793,669717,608070,672356,680757,682657,682177,"53.86",,,,,,,,63,3,"Cutter",0,3,3,0,3,0,3,0,"Strategic","Strategic",181,"-0.001","0.01",,,,"-0.01",,-3,3,0.036,0.964,27,28,27,29,1,3,4,2,2,1,"1.42","-0.67","-0.67","55.8",,,,,
"SL","2025-05-11","88.8","-0.68","5.91","Clase, Emmanuel",664761,661403,,"swinging_strike",,,,,9,"Swinging Strike","R","R","R","CLE","PHI","S",,,0,1,2025,"0.88","0.44","0.58","1.84",,,592663,1,9,"Top",,,,,,,1.253289224836216,-129.2892740016084,-4.882582264989056,9.640954222541566,26.31315537328327,-26.473964297336003,"3.66","1.69",,,,"89.6",2502,"6.7",777971,666310,467793,669717,608070,672356,680757,682657,682177,"53.83",,,,,,,,63,2,"Slider",0,3,3,0,3,0,3,0,"Strategic","Strategic",72,"0.001","-0.047","71.6","8.1",,"0.047",,-3,3,0.035,0.965,27,28,27,29,1,3,4,2,2,1,"2.44","-0.88","-0.88","59.2",14.913176983536966,-15.206767978603072,30.207963199145343,44.230573003603375,38.11186035996171
"FC","2025-05-11","99.2","-0.6","6.08","Clase, Emmanuel",664761,661403,,"foul",,,,,9,"Foul","R","R","R","CLE","PHI","S",,,0,0,2025,"0.76","1.19","0.43","1.87",,,592663,1,9,"Top",,,,,,,1.025611860817952,-144.1656232665273,-8.8622324094596,10.273584758950943,36.03585602033823,-13.719597940535817,"3.66","1.69",98,"84.1",6,"99.6",2650,"6.7",777971,666310,467793,669717,608070,672356,680757,682657,682177,"53.76",,,,,,,,63,1,"Cutter",0,3,3,0,3,0,3,0,"Strategic","Strategic",183,"0.001","-0.04","69.4","7.8",,"0.04","88.0",-3,3,0.034,0.966,27,28,27,29,1,3,4,2,2,1,"1.15","-0.76","-0.76","53.6",-1.1438457494791776,2.9528554281629837,37.42306401943397,43.447405444670046,18.8129559466266
"FC","2025-05-11","99.7","-0.67","5.94","Clase, Emmanuel",592663,661403,"walk","ball",,,,,14,"J.T. Realmuto walks.","R","R","R","CLE","PHI","B",,,3,2,2025,"0.75","1.03","1.08","1.91",,,,1,9,"Top",,,,,,,3.0837275159132465,-145.0043824966249,-8.174204320171805,9.769958637597092,34.67220020235581,-15.883806803181123,"3.67","1.75",,,,"100.5",2679,"6.8",777971,666310,467793,669717,608070,672356,680757,682657,682177,"53.68",,0.691497,"0.7",1,0,0,,62,6,"Cutter",0,3,3,0,3,0,3,0,"Standard","Strategic",178,"-0.003","0.339",,,,"-0.339",,-3,3,0.037,0.963,27,34,27,34,1,3,4,1,2,1,"1.27","-0.75","-0.75","59.3",,,,,
"FC","2025-05-11","97.7","-0.67","6.02","Clase, Emmanuel",592663,661403,,"swinging_strike",,,,,6,"Swinging Strike","R","R","R","CLE","PHI","S",,,3,1,2025,"0.92","0.99","0.57","3.05",,,,1,9,"Top",,,,,,,1.255321555923334,-142.3543147847033,-4.879850145119292,12.290327793961875,30.970768510400063,-17.739162570115703,"3.67","1.69",,,,"99",2616,"6.8",777971,666310,467793,669717,608070,672356,680757,682657,682177,"53.69",,,,,,,,62,5,"Cutter",0,3,3,0,3,0,3,0,"Standard","Strategic",164,"0.001","-0.087","73.2","6.2",,"0.087",,-3,3,0.036,0.964,27,34,27,34,1,3,4,1,2,1,"1.38","-0.92","-0.92","57.6",-0.7876561010308801,28.162212958924435,31.90901493720172,44.48213749133298,13.624846471708661
"FC","2025-05-11","98.5","-0.55","6.05","Clase, Emmanuel",592663,661403,,"called_strike",,,,,4,"Called Strike","R","R","R","CLE","PHI","S",,,3,0,2025,"0.83","0.99","-0.64","2.7",,,,1,9,"Top",,,,,,,-2.18954656962837,-143.4482236411656,-6.022940208081149,12.002197365651607,31.299767756501637,-17.334715952816058,"3.67","1.7",,,,"99.4",2626,"6.6",777971,666310,467793,669717,608070,672356,680757,682657,682177,"53.88",,,,,,,,62,4,"Cutter",0,3,3,0,3,0,3,0,"Standard","Strategic",172,"0","-0.088",,,,"0.088",,-3,3,0.036,0.964,27,34,27,34,1,3,4,1,2,1,"1.35","-0.83","-0.83","57.6",,,,,
"FC","2025-05-11","97.7","-0.95","6.03","Clase, Emmanuel",592663,661403,,"ball",,,,,13,"Ball","R","R","R","CLE","PHI","B",,,2,0,2025,"0.64","0.78","-0.87","1.14",,,,1,9,"Top",,,,,,,-1.2624182912547197,-142.11754223897293,-9.59792253900061,8.956606703634229,30.12331360934913,-19.70848239892213,"3.66","1.66",,,,"98.8",2730,"6.7",777971,666310,467793,669717,608070,672356,680757,682657,682177,"53.76",,,,,,,,62,3,"Cutter",0,3,3,0,3,0,3,0,"Standard","Strategic",173,"-0.001","0.143",,,,"-0.143",,-3,3,0.037,0.963,27,34,27,34,1,3,4,1,2,1,"1.6","-0.64","-0.64","57.7",,,,,
"SL","2025-05-11","86.6","-0.63","5.99","Clase, Emmanuel",592663,661403,,"ball",,,,,14,"Ball","R","R","R","CLE","PHI","B",,,1,0,2025,"0.97","0.21","1.51","1.59",,,,1,9,"Top",,,,,,,3.149084213436401,-126.0675963169815,-4.766743172778997,9.684012743251037,25.748214712053354,-29.204031492360475,"3.55","1.6",,,,"87.3",2466,"6.7",777971,666310,467793,669717,608070,672356,680757,682657,682177,"53.75",,,,,,,,62,2,"Slider",0,3,3,0,3,0,3,0,"Standard","Strategic",57,"-0.001","0.071",,,,"-0.071",,-3,3,0.038,0.962,27,34,27,34,1,3,4,1,2,1,"2.83","-0.97","-0.97","59.4",,,,,
"SL","2025-05-11","88.1","-0.58","5.93","Clase, Emmanuel",592663,661403,,"ball",,,,,14,"Ball","R","R","R","CLE","PHI","B",,,0,0,2025,"1.14","-0.25","0.78","0.63",,,,1,9,"Top",,,,,,,0.9503277894303832,-128.2283239189548,-6.272258070043238,12.299239277726121,28.434296787207277,-33.76825140192234,"3.76","1.77",,,,"88.7",2484,"6.8",777971,666310,467793,669717,608070,672356,680757,682657,682177,"53.66",,,,,,,,62,1,"Slider",0,3,3,0,3,0,3,0,"Standard","Standard",62,"0","0.039",,,,"-0.039",,-3,3,0.038,0.962,27,34,27,34,1,3,4,1,2,1,"3.2","-1.14","-1.14","58.4",,,,,
"SL","2025-05-11","87.2","-0.7","6.02","Clase, Emmanuel",596146,661403,"field_out","hit_into_play",,,,,5,"Max Kepler grounds out, third baseman José Ramírez to first baseman Carlos Santana.","R","L","R","CLE","PHI","X",5,"ground_ball",2,2,2025,"1.13","0.11","0.06","2.72",,,,0,9,"Top",110.54,158.81,,,,,-0.5022895504906437,-127.13441941512848,-2.0963015349683323,12.51275110226029,22.874731904222894,-30.78411273221686,"3.53","1.64",28,"70.6",-2,"88.3",2418,"6.6",777971,666310,467793,669717,608070,672356,680757,682657,682177,"53.92",0.066,0.064,"0",1,0,0,2,61,6,"Slider",0,3,3,0,3,0,3,0,"Infield shade","Strategic",65,"0.004","-0.232","56.1","6.5",0.066,"0.232","88.0",-3,3,0.034,0.966,27,32,27,32,1,3,4,1,2,1,"2.85","-1.13","1.13","61.6",-10.15742388732995,9.696297031188621,26.9759075272155,40.846445112299264,19.396794802077803
"FC","2025-05-11","99.4","-0.58","6.06","Clase, Emmanuel",596146,661403,,"foul",,,,,6,"Foul","R","L","R","CLE","PHI","S",,,2,2,2025,"0.65","1.17","0.28","2.82",,,,0,9,"Top",,,,,,,0.8168301343678455,-144.70156310294894,-6.27082204815972,8.978076380456088,33.99069233973238,-14.446228514128109,"3.53","1.64",179,"65.5",45,"100.2",2570,"6.7",777971,666310,467793,669717,608070,672356,680757,682657,682177,"53.78",,,,,,,,61,5,"Cutter",0,3,3,0,3,0,3,0,"Infield shade","Strategic",179,"0","0","71.5","6.5",,"0","88.0",-3,3,0.034,0.966,27,32,27,32,1,3,4,1,2,1,"1.13","-0.65","0.65","52.0",-9.73848447675418,14.076247281950067,30.97882187077669,37.27615270286515,21.68240529599844
"SL","2025-05-11","86.8","-0.75","5.92","Clase, Emmanuel",596146,661403,,"swinging_strike",,,,,14,"Swinging Strike","R","L","R","CLE","PHI","S",,,2,1,2025,"1.19","0.01","0.8","1.1",,,,0,9,"Top",,,,,,,1.287433359679288,-126.28908692020984,-5.33866062461667,12.345971438918667,27.90981558461895,-31.095845560424205,"3.53","1.64",,,,"87.2",2499,"6.7",777971,666310,467793,669717,608070,672356,680757,682657,682177,"53.78",,,,,,,,61,4,"Slider",0,3,3,0,3,0,3,0,"Infield shade","Standard",73,"0","-0.073","69.6","8.8",,"0.073",,-3,3,0.034,0.966,27,32,27,32,1,3,4,1,2,1,"3.04","-1.19","1.19","56.7",28.863956022713435,-34.96503931669885,38.729633514783295,31.14293320795682,52.23706166000089
"FC","2025-05-11","98.1","-0.61","6.04","Clase, Emmanuel",596146,661403,,"ball",,,,,14,"Ball","R","L","R","CLE","PHI","B",,,1,1,2025,"0.74","0.98","1.59","2.31",,,,0,9,"Top",,,,,,,4.270671770990205,-142.76156018401642,-6.9513806423660975,9.333086250307103,30.40748583133393,-17.434013321754737,"3.53","1.68",,,,"99.2",2582,"6.7",777971,666310,467793,669717,608070,672356,680757,682657,682177,"53.76",,,,,,,,61,3,"Cutter",0,3,3,0,3,0,3,0,"Infield shade","Standard",182,"0","0.055",,,,"-0.055",,-3,3,0.034,0.966,27,32,27,32,1,3,4,1,2,1,"1.38","-0.74","0.74","52.2",,,,,
"FC","2025-05-11","97.6","-0.78","6.07","Clase, Emmanuel",596146,661403,,"foul",,,,,3,"Foul","R","L","R","CLE","PHI","S",,,1,0,2025,"0.72","0.94","0.49","3.09",,,,0,9,"Top",,,,,,,1.8013947463737534,-142.20806116142137,-4.748993341286347,9.410206084403258,29.840610036080207,-18.5238652119791,"3.53","1.64",129,"72.5",71,"98.4",2534,"6.5",777971,666310,467793,669717,608070,672356,680757,682657,682177,"54.01",,,,,,,,61,2,"Cutter",0,3,3,0,3,0,3,0,"Infield shade","Standard",173,"0","-0.05","74.3","7.0",,"0.05","88.0",-3,3,0.034,0.966,27,32,27,32,1,3,4,1,2,1,"1.43","-0.72","0.72","54.6",4.731495045041036,2.9912798876472886,28.41702959000409,33.833228171830875,25.303565551530347
"FC","2025-05-11","99.1","-0.56","5.92","Clase, Emmanuel",596146,661403,,"ball",,,,,14,"Ball","R","L","R","CLE","PHI","B",,,0,0,2025,"0.62","1.01","0.76","0.73",,,,0,9,"Top",,,,,,,2.183839370940145,-144.0555286552741,-11.264495667660615,8.187215193584818,29.836325403225416,-15.783847735282016,"3.53","1.73",,,,"100.6",2519,"6.9",777971,666310,467793,669717,608070,672356,680757,682657,682177,"53.58",,,,,,,,61,1,"Cutter",0,3,3,0,3,0,3,0,"Infield shade","Standard",174,"0","0.041",,,,"-0.041",,-3,3,0.034,0.966,27,32,27,32,1,3,4,1,2,1,"1.29","-0.62","0.62","53.7",,,,,
"FC","2025-05-07","101","-0.75","6.2","Clase, Emmanuel",695578,661403,"field_out","hit_into_play",,,,,9,"James Wood lines out to left fielder Daniel Schneemann.","R","L","R","WSH","CLE","X",7,"line_drive",1,0,2025,"0.41","1.22","0.58","2.27",,682928,,2,9,"Bot",61.1,103.95,,,,,2.752573646428213,-147.0091400589424,-8.678090256513515,5.463748775374738,31.166184592515403,-12.681864031763642,"3.82","1.77",286,"98.1",17,"102.5",2585,"6.8",778022,666310,467793,672356,608070,677587,682177,682657,678877,"53.68",0.453,0.451,"0",1,0,0,4,92,2,"Cutter",6,8,6,8,8,6,6,8,"Strategic","Standard",184,"-0.055","-0.308","74.6","7.5",0.634,"0.308","98.1",-2,-2,0.055,0.055,27,22,27,23,1,5,3,1,4,2,"0.99","-0.41","0.41","57.7",-0.22022171991473993,12.57537317029669,48.18381407789797,32.111262812864766,23.40254332557585
"FC","2025-05-07","101.1","-0.61","6.16","Clase, Emmanuel",695578,661403,,"ball",,,,,14,"Ball","R","L","R","WSH","CLE","B",,,0,0,2025,"0.55","0.91","1.91","1.42",,682928,,2,9,"Bot",,,,,,,5.781330125085423,-146.93043644975384,-10.207110569896203,6.727448074523493,33.319568894056964,-16.757363043759675,"3.89","1.71",,,,"102.4",2530,"7",778022,666310,467793,672356,608070,677587,682177,682657,678877,"53.54",,,,,,,,92,1,"Cutter",6,8,6,8,8,6,6,8,"Strategic","Standard",183,"0.005","0.019",,,,"-0.019",,-2,-2,0.05,0.05,27,22,27,23,1,5,3,1,4,2,"1.31","-0.55","0.55","53.4",,,,,
"FC","2025-05-07","100.4","-0.59","6.15","Clase, Emmanuel",642708,661403,"strikeout","swinging_strike",,,,,8,"Amed Rosario strikes out swinging.","R","R","R","WSH","CLE","S",2,,1,2,2025,"0.5","0.94","0.07","1.78",,682928,,1,9,"Bot",,,,,,,0.6688284656842073,-146.10805052875224,-9.137438669183416,7.081557979707665,28.954789771715376,-16.9261445037284,"3.47","1.6",,,,"102",2586,"6.8",778022,666310,467793,672356,608070,677587,682177,682657,678877,"53.69",,0,"0",1,0,0,,91,4,"Cutter",6,8,6,8,8,6,6,8,"Standard","Strategic",176,"-0.055","-0.201","70.4","7.2",,"0.201",,-2,-2,0.105,0.105,27,29,27,30,1,5,3,3,4,2,"1.29","-0.5","-0.5","52.7",-3.051889168508498,15.566591498596205,30.58683260394379,38.32161136671639,17.224888629531513
"FC","2025-05-07","100.2","-0.9","6.15","Clase, Emmanuel",642708,661403,,"swinging_strike",,,,,4,"Swinging Strike","R","R","R","WSH","CLE","S",,,1,1,2025,"0.34","1.14","-0.38","2.27",,682928,,1,9,"Bot",,,,,,,0.6262939043860485,-145.92655378953663,-8.221159385450136,4.75961070229354,28.322633894252593,-14.200393721902586,"3.47","1.6",,,,"102",2636,"6.8",778022,666310,467793,672356,608070,677587,682177,682657,678877,"53.67",,,,,,,,91,3,"Cutter",6,8,6,8,8,6,6,8,"Standard","Strategic",180,"-0.015","-0.061","70.9","6.5",,"0.061",,-2,-2,0.12,0.12,27,29,27,30,1,5,3,3,4,2,"1.09","-0.34","-0.34","53.0",-14.955554680812964,24.166010536126546,39.81197615145531,32.60205430435534,7.947593062244
"SL","2025-05-07","90.6","-0.76","6.09","Clase, Emmanuel",642708,661403,,"ball",,,,,14,"Ball","R","R","R","WSH","CLE","B",,,0,1,2025,"0.42","0.2","0.77","1.42",,,682928,1,9,"Bot",,,,,,,2.968942972272064,-131.8899653191215,-6.258822551368085,4.249614010993514,27.042367031942767,-28.69456465758756,"3.47","1.56",,,,"91.6",2538,"6.8",778022,666310,467793,672356,608070,677587,682177,682657,678877,"53.69",,,,,,,,91,2,"Slider",6,8,6,8,8,6,6,8,"Standard","Strategic",67,"0.018","0.019",,,,"-0.019",,-2,-2,0.102,0.102,27,29,27,30,1,5,3,3,4,2,"2.56","-0.42","-0.42","53.5",,,,,
"FC","2025-05-07","99.9","-0.74","6.21","Clase, Emmanuel",642708,661403,,"swinging_strike",,,,,11,"Swinging Strike","R","R","R","WSH","CLE","S",,,0,0,2025,"0.29","1.29","-0.66","3.81",,,682928,1,9,"Bot",,,,,,,-0.44303142164555237,-145.63926468693475,-4.366090883966177,4.22841254765304,31.600578417406556,-12.957639743748594,"3.47","1.6",,,,"101.2",2525,"6.7",778022,666310,467793,672356,608070,677587,682177,682657,678877,"53.75",,,,,,,,91,1,"Cutter",6,8,6,8,8,6,6,8,"Strategic","Strategic",175,"-0.01","-0.04","69.2","6.3",,"0.04",,-2,-2,0.112,0.112,27,29,27,30,1,5,3,3,4,2,"0.97","-0.29","-0.29","52.9",6.272077065902021,18.169121221502426,22.975282167320408,27.983075596724035,20.0880213224342
"FC","2025-05-07","99.8","-0.58","6.19","Clase, Emmanuel",682928,661403,"single","hit_into_play",,,,,14,"CJ Abrams singles on a sharp line drive to right fielder Jhonkensy Noel.","R","L","R","WSH","CLE","X",9,"line_drive",0,2,2025,"0.34","1.14","0.85","2.1",,,,1,9,"Bot",188.76,101.51,,,,,3.1688762039976694,-145.29478111040928,-8.712999152104846,4.2649294385088385,28.147451503570622,-14.251479885624558,"3.43","1.55",197,"102.2",12,"101.4",2614,"6.8",778022,666310,467793,672356,608070,677587,682177,682657,678877,"53.74",0.965,0.968,"0.9",1,1,0,4,90,3,"Cutter",6,8,6,8,8,6,6,8,"Infield shade","Standard",187,"0.076","0.506","73.7","7.1",1.254,"-0.506","102.2",-2,-2,0.036,0.036,27,24,27,25,1,5,3,1,4,2,"1.11","-0.34","0.34","49.8",5.310424139574479,-3.2036319268789915,36.87372571411622,28.628666040563914,29.33228725505218
"FC","2025-05-07","99.6","-0.62","6.25","Clase, Emmanuel",682928,661403,,"foul",,,,,5,"Foul","R","L","R","WSH","CLE","S",,,0,1,2025,"0.26","1.27","0","2.34",,,,1,9,"Bot",,,,,,,1.1166275142389324,-144.90053934910947,-8.40010843046534,3.3649415259963726,32.54406422156689,-12.531973360682786,"3.43","1.55",99,"85.5",77,"100.6",2537,"6.7",778022,666310,467793,672356,608070,677587,682177,682657,678877,"53.76",,,,,,,,90,2,"Cutter",6,8,6,8,8,6,6,8,"Standard","Standard",172,"-0.006","-0.052","80.0","7.9",,"0.052","88.0",-2,-2,0.042,0.042,27,24,27,25,1,5,3,1,4,2,"1.02","-0.26","0.26","51.4",11.813290705040234,-4.8575678204198285,30.376885500226372,38.58844291976507,31.30669302349611
"FC","2025-05-07","99.9","-0.98","6.11","Clase, Emmanuel",682928,661403,,"foul",,,,,9,"Foul","R","L","R","WSH","CLE","S",,,0,0,2025,"0.14","1.04","0.53","1.92",,,,1,9,"Bot",,,,,,,3.8461099137201042,-145.32069502582743,-8.699906021039732,1.0960553270493207,34.29359747291162,-15.592220994874827,"3.43","1.55",,,,"100.7",2592,"6.8",778022,666310,467793,672356,608070,677587,682177,682657,678877,"53.72",,,,,,,,90,1,"Cutter",6,8,6,8,8,6,6,8,"Standard","Standard",183,"-0.005","-0.039","78.1","7.8",,"0.039",,-2,-2,0.047,0.047,27,24,27,25,1,5,3,1,4,2,"1.25","-0.14","0.14","50.2",10.029612030583976,-6.54340518181041,31.13070128032667,32.511123599965174,31.444149464161736
"FC","2025-05-07","100.4","-0.65","6.22","Clase, Emmanuel",696285,661403,"field_out","hit_into_play",,,,,5,"Jacob Young grounds out, second baseman Gabriel Arias to first baseman Carlos Santana.","R","R","R","WSH","CLE","X",4,"ground_ball",0,2,2025,"0.22","1.07","-0.22","2.46",,,,0,9,"Bot",144.14,155.34,,,,,0.6972990368590981,-146.21290857806068,-7.755942650636923,3.005829761565249,28.40015794283323,-15.293469621839963,"3.22","1.46",8,"105.4",-16,"102",2542,"6.7",778022,666310,467793,672356,608070,677587,682177,682657,678877,"53.8",0.192,0.223,"0",1,0,0,2,89,3,"Cutter",6,8,6,8,8,6,6,8,"Strategic","Strategic",185,"-0.031","-0.165",,,0.193,"0.165","105.4",-2,-2,0.078,0.078,27,25,27,26,1,4,3,1,4,2,"1.16","-0.22","-0.22","50.9",,,,,
"FC","2025-05-07","100","-1.05","6.14","Clase, Emmanuel",696285,661403,,"called_strike",,,,,7,"Called Strike","R","R","R","WSH","CLE","S",,,0,1,2025,"0.23","1.23","-0.62","1.74",,,,0,9,"Bot",,,,,,,0.648684829090137,-145.52569128171643,-9.830445863711121,3.2012856018015508,28.655462848529844,-12.715866874889116,"3.22","1.55",,,,"101.6",2660,"6.8",778022,666310,467793,672356,608070,677587,682177,682657,678877,"53.7",,,,,,,,89,2,"Cutter",6,8,6,8,8,6,6,8,"Standard","Strategic",187,"-0.01","-0.055",,,,"0.055",,-2,-2,0.088,0.088,27,25,27,26,1,4,3,1,4,2,"1.02","-0.23","-0.23","49.0",,,,,
"FC","2025-05-07","99","-0.76","6.25","Clase, Emmanuel",696285,661403,,"foul",,,,,5,"Foul","R","R","R","WSH","CLE","S",,,0,0,2025,"0.43","1.04","0.17","2.4",,,,0,9,"Bot",,,,,,,1.5308747583877518,-144.12336698627377,-7.663168075600538,5.818933976668041,28.759504543655204,-16.13139841706961,"3.22","1.46",217,"73",37,"100.4",2549,"6.7",778022,666310,467793,672356,608070,677587,682177,682657,678877,"53.79",,,,,,,,89,1,"Cutter",6,8,6,8,8,6,6,8,"Standard","Strategic",179,"-0.007","-0.039","70.3","6.4",,"0.039","88.0",-2,-2,0.095,0.095,27,25,27,26,1,4,3,1,4,2,"1.25","-0.43","-0.43","54.5",-4.899906430155877,23.561662545304415,29.925678539988414,45.35399980991154,15.664193571594803
"SL","2025-05-04","89.2","-0.58","5.98","Clase, Emmanuel",543807,661403,"strikeout","swinging_strike",,,,,14,"George Springer strikes out swinging.","R","R","R","TOR","CLE","S",2,,2,2,2025,"0.55","0.14","0.96","1.67",666182,,,2,9,"Bot",,,,,,,2.66309555756175,-129.9207809408373,-4.92746552099501,5.628433842576456,27.045913229147054,-29.75263047059273,"3.62","1.69",,,,"90",2539,"6.7",778056,666310,700932,672356,608070,677587,680757,682657,682177,"53.77",,0,"0",1,0,0,,82,7,"Slider",4,5,4,5,5,4,4,5,"Standard","Standard",64,"-0.169","-0.191","36.2","7.7",,"0.191",,-1,-1,0.169,0.169,27,35,27,36,1,4,1,1,3,2,"2.72","-0.55","-0.55","56.8",22.363702272010823,5.592161585982123,31.93769999647322,48.12164493640773,22.169168177734573
"FC","2025-05-04","99.5","-0.81","6.08","Clase, Emmanuel",543807,661403,,"foul",,,,,2,"Foul","R","R","R","TOR","CLE","S",,,2,2,2025,"0.45","1.22","-0.16","3.44",666182,,,2,9,"Bot",,,,,,,0.7313881884121883,-144.8900897097135,-4.740673678090058,6.191092680172846,35.31849984215003,-14.111223761939673,"3.62","1.69",219,"82.6",59,"100.3",2487,"6.8",778056,666310,700932,672356,608070,677587,680757,682657,682177,"53.72",,,,,,,,82,6,"Cutter",4,5,4,5,5,4,4,5,"Standard","Standard",178,"0","0","71.9","6.8",,"0","88.0",-1,-1,0.169,0.169,27,35,27,36,1,4,1,1,3,2,"1.09","-0.45","-0.45","54.1",16.898948569201085,-4.294027564232667,25.212965437838,34.80760134898683,22.704410507530852
"FC","2025-05-04","99.8","-0.76","6.09","Clase, Emmanuel",543807,661403,,"foul",,,,,5,"Foul","R","R","R","TOR","CLE","S",,,2,2,2025,"0.61","1.19","0.17","2.69",666182,,,2,9,"Bot",,,,,,,1.1319854960248015,-145.21154692432654,-6.817950589053656,8.284280142331927,34.737305452982866,-13.937664882995795,"3.62","1.69",173,"81.4",69,"100.5",2587,"6.7",778056,666310,700932,672356,608070,677587,680757,682657,682177,"53.78",,,,,,,,82,5,"Cutter",4,5,4,5,5,4,4,5,"Standard","Standard",178,"0","0","75.9","7.1",,"0","88.0",-1,-1,0.169,0.169,27,35,27,36,1,4,1,1,3,2,"1.1","-0.61","-0.61","54.9",8.974070947119158,-1.2134956203533638,30.219620634321146,39.348694282927696,23.71192970859168
"FC","2025-05-04","99.5","-0.76","6.13","Clase, Emmanuel",543807,661403,,"ball",,,,,13,"Ball","R","R","R","TOR","CLE","B",,,1,2,2025,"0.54","1.14","-0.68","1.6",666182,,,2,9,"Bot",,,,,,,-1.0636303965947942,-144.62058805814283,-9.732609092497356,7.78228286196724,34.621309822043365,-14.096800605354293,"3.58","1.75",,,,"100",2572,"6.7",778056,666310,700932,672356,608070,677587,680757,682657,682177,"53.79",,,,,,,,82,4,"Cutter",4,5,4,5,5,4,4,5,"Standard","Standard",187,"0.001","-0.001",,,,"0.001",,-1,-1,0.168,0.168,27,35,27,36,1,4,1,1,3,2,"1.17","-0.54","-0.54","53.3",,,,,
"FC","2025-05-04","99.2","-1.16","6.05","Clase, Emmanuel",543807,661403,,"swinging_strike",,,,,7,"Swinging Strike","R","R","R","TOR","CLE","S",,,1,1,2025,"0.5","0.91","-0.47","2.23",666182,,,2,9,"Bot",,,,,,,0.7108952693444195,-144.25387863291814,-7.203995341422811,6.833992229498325,35.57402264374137,-17.91261252983792,"3.62","1.69",,,,"99.8",2540,"6.8",778056,666310,700932,672356,608070,677587,680757,682657,682177,"53.7",,,,,,,,82,3,"Cutter",4,5,4,5,5,4,4,5,"Standard","Standard",186,"-0.001","-0.065","67.2","6.3",,"0.065",,-1,-1,0.169,0.169,27,35,27,36,1,4,1,1,3,2,"1.42","-0.5","-0.5","55.1",-1.7713272902062769,6.44437172662556,39.28145586381296,31.712488388861743,11.18498357689039
"FC","2025-05-04","99.5","-0.82","6.12","Clase, Emmanuel",543807,661403,,"ball",,,,,11,"Ball","R","R","R","TOR","CLE","B",,,0,1,2025,"0.55","1.09","-1.06","3.12",666182,,,2,9,"Bot",,,,,,,-1.945233527085967,-144.83804342148014,-5.404566706665805,8.141768205320712,35.13412574611867,-15.774981944018272,"3.65","1.61",,,,"100.3",2532,"6.8",778056,666310,700932,672356,608070,677587,680757,682657,682177,"53.73",,,,,,,,82,2,"Cutter",4,5,4,5,5,4,4,5,"Standard","Standard",181,"0.001","0.029",,,,"-0.029",,-1,-1,0.168,0.168,27,35,27,36,1,4,1,1,3,2,"1.22","-0.55","-0.55","54.4",,,,,
"FC","2025-05-04","99","-0.93","6.01","Clase, Emmanuel",543807,661403,,"called_strike",,,,,5,"Called Strike","R","R","R","TOR","CLE","S",,,0,0,2025,"0.41","1.14","-0.12","2.87",666182,,,2,9,"Bot",,,,,,,1.2691735756216371,-144.16753636931202,-5.873453076737644,5.454021971362641,33.34195710917634,-15.110814080945264,"3.67","1.66",,,,"100",2559,"6.8",778056,666310,700932,672356,608070,677587,680757,682657,682177,"53.69",,,,,,,,82,1,"Cutter",4,5,4,5,5,4,4,5,"Standard","Standard",183,"-0.001","-0.044",,,,"0.044",,-1,-1,0.169,0.169,27,35,27,36,1,4,1,1,3,2,"1.18","-0.41","-0.41","52.7",,,,,
"FC","2025-05-04","99.4","-0.86","5.94","Clase, Emmanuel",623993,661403,"field_out","hit_into_play",,,,,6,"Anthony Santander grounds out, second baseman Gabriel Arias to first baseman Kyle Manzardo. Bo Bichette to 3rd.","R","L","R","TOR","CLE","X",4,"ground_ball",3,2,2025,"0.45","1.06","0.61","2.5",,666182,,1,9,"Bot",153.8,158.9,,,,,2.991357327924316,-144.7186502287888,-6.560424368981241,5.619238581901518,33.989749625865656,-15.963107102481638,"3.32","1.57",10,"53.7",-12,"100.3",2564,"6.8",778056,666310,700932,672356,608070,677587,680757,682657,682177,"53.74",0.063,0.056,"0",1,0,0,1,81,6,"Cutter",4,5,4,5,5,4,4,5,"Standard","Standard",186,"-0.129","-0.279","71.2","6.3",0.063,"0.279","88.0",-1,-1,0.298,0.298,27,30,27,31,1,4,1,1,3,2,"1.25","-0.45","0.45","52.3",-3.158810747478003,2.88134389584377,23.739039338607814,28.35197005131132,28.66153472860154
"FC","2025-05-04","99.6","-0.77","5.95","Clase, Emmanuel",623993,661403,,"swinging_strike",,,,,14,"Swinging Strike","R","L","R","TOR","CLE","S",,,3,1,2025,"0.43","0.91","0.89","2.28",,,666182,1,9,"Bot",,,,,,,3.581633357359083,-144.8079794724831,-6.801128453675688,5.0647783189769875,36.11438714066287,-18.00863034766293,"3.32","1.57",,,,"100",2443,"6.7",778056,666310,700932,672356,608070,677587,680757,682657,682177,"53.78",,,,,,,,81,5,"Cutter",4,5,4,5,5,4,4,5,"Infield shade","Standard",189,"0.032","-0.085","73.7","6.7",,"0.085",,-1,-1,0.266,0.266,27,30,27,31,1,4,1,1,3,2,"1.41","-0.43","0.43","50.4",5.589975572493854,-5.681404101357959,27.015486046584673,25.310072319553154,27.16328799033097
"FC","2025-05-04","99.2","-0.63","5.94","Clase, Emmanuel",623993,661403,,"swinging_strike",,,,,6,"Swinging Strike","R","L","R","TOR","CLE","S",,,3,0,2025,"0.4","0.91","0.56","2.25",,,666182,1,9,"Bot",,,,,,,2.350162181875248,-144.32037227915316,-6.8433068145331255,4.964394230561548,34.68657652354946,-18.026751124961812,"3.32","1.57",,,,"99.7",2533,"6.7",778056,666310,700932,672356,608070,677587,680757,682657,682177,"53.83",,,,,,,,81,4,"Cutter",4,5,4,5,5,4,4,5,"Standard","Standard",183,"-0.025","-0.05","78.5","7.8",,"0.05",,-1,-1,0.291,0.291,27,30,27,31,1,4,1,1,3,2,"1.41","-0.4","0.4","55.1",12.427068624343816,-23.151471198329578,20.76206342351622,30.15165516007535,36.64565505150101
"FC","2025-05-04","99.6","-0.76","5.96","Clase, Emmanuel",623993,661403,,"ball",,,,,12,"Ball","R","L","R","TOR","CLE","B",,,2,0,2025,"0.21","0.85","0.1","3.86",,,666182,1,9,"Bot",,,,,,,1.8808896296748518,-145.1367147043351,-2.3921979610553548,2.509666087691847,34.71578700603532,-19.88239121698757,"3.32","1.52",,,,"100.7",2473,"6.9",778056,666310,700932,672356,608070,677587,680757,682657,682177,"53.64",,,,,,,,81,3,"Cutter",4,5,4,5,5,4,4,5,"Infield shade","Standard",183,"0.038","0.097",,,,"-0.097",,-1,-1,0.253,0.253,27,30,27,31,1,4,1,1,3,2,"1.45","-0.21","0.21","51.1",,,,,
"FC","2025-05-04","98.3","-0.92","6.02","Clase, Emmanuel",623993,661403,,"ball",,,,,13,"Ball","R","L","R","TOR","CLE","B",,,1,0,2025,"0.11","0.84","-1.32","2.36",,,666182,1,9,"Bot",,,,,,,-1.3457479750038024,-143.00622922478502,-6.409065796825816,1.8041812468129403,34.12503410169856,-19.31211049852404,"3.42","1.55",,,,"98.3",2475,"6.4",778056,666310,700932,672356,608070,677587,680757,682657,682177,"54.12",,,,,,,,81,2,"Cutter",4,5,4,5,5,4,4,5,"Infield shade","Strategic",184,"0.026","0.068",,,,"-0.068",,-1,-1,0.227,0.227,27,30,27,31,1,4,1,1,3,2,"1.52","-0.11","0.11","47.9",,,,,
"FC","2025-05-04","97.5","-0.99","6.01","Clase, Emmanuel",623993,661403,,"ball",,,,,12,"Ball","R","L","R","TOR","CLE","B",,,0,0,2025,"0.44","1.14","0.12","3.78",,,666182,1,9,"Bot",,,,,,,1.9927319475737952,-141.93915707229584,-3.11930261625215,5.473699532518713,33.6154916915394,-16.243173583075194,"3.53","1.76",,,,"97.9",2449,"6.6",778056,666310,700932,672356,608070,677587,680757,682657,682177,"53.93",,,,,,,,81,1,"Cutter",4,5,4,5,5,4,4,5,"Standard","Strategic",185,"0.013","0.035",,,,"-0.035",,-1,-1,0.214,0.214,27,30,27,31,1,4,1,1,3,2,"1.26","-0.44","0.44","51.2",,,,,
"FC","2025-05-04","98.8","-0.77","6.13","Clase, Emmanuel",665489,661403,"sac_fly","hit_into_play",,,,,2,"Vladimir Guerrero Jr. out on a sacrifice fly to right fielder Daniel Schneemann. Andrés Giménez scores.","R","R","R","TOR","CLE","X",9,"line_drive",0,2,2025,"0.29","1.19","0.12","3.73",665926,,666182,0,9,"Bot",196.82,100.41,,,,,1.77340249506246,-143.88838692857672,-3.8635760671279953,3.550552978147658,35.04946927761251,-15.035517564093201,"3.68","1.7",301,"98.7",18,"99.3",2419,"6.6",778056,666310,700932,672356,608070,677587,680757,682657,682177,"53.85",0.38,0.397,"0",1,0,0,4,80,3,"Cutter",3,5,3,5,5,4,4,5,"Standard","Strategic",181,"-0.096","-0.158","67.1","6.4",0.595,"0.158","98.7",-2,-2,0.31,0.31,27,26,27,26,1,4,1,1,3,2,"1.15","-0.29","-0.29","50.2",-3.0167067005226347,16.748880449281376,16.4958823366214,42.36679690639493,21.69830216841522
"SL","2025-05-04","91.5","-0.7","6.09","Clase, Emmanuel",665489,661403,,"swinging_strike",,,,,2,"Swinging Strike","R","R","R","TOR","CLE","S",,,0,1,2025,"0.18","0.82","-0.02","3.29",665926,,666182,0,9,"Bot",,,,,,,1.3149751304031005,-133.20672548371155,-2.927853511338344,1.8465744871509764,31.183438838912476,-22.05161014199004,"3.68","1.7",,,,"91.8",2479,"6.6",778056,666310,700932,672356,608070,677587,680757,682657,682177,"53.87",,,,,,,,80,2,"Slider",3,5,3,5,5,3,3,5,"Standard","Strategic",85,"-0.027","-0.049","77.1","6.9",,"0.049",,-2,-2,0.337,0.337,27,26,27,26,1,4,1,1,3,2,"1.92","-0.18","-0.18","58.3",-5.167800386209794,14.111956144238434,18.00608025266107,39.29194510291827,25.50661832841138
"FC","2025-05-04","100.4","-0.69","6.15","Clase, Emmanuel",665489,661403,,"called_strike",,,,,3,"Called Strike","R","R","R","TOR","CLE","S",,,0,0,2025,"0.36","1.05","0.36","3.36",665926,,666182,0,9,"Bot",,,,,,,2.0553623148855324,-146.17804402352616,-4.882258190811269,4.646722564988529,35.28222704129885,-16.166626268946306,"3.68","1.64",,,,"101.1",2479,"6.7",778056,666310,700932,672356,608070,677587,680757,682657,682177,"53.78",,,,,,,,80,1,"Cutter",3,5,3,5,5,3,3,5,"Standard","Strategic",179,"-0.02","-0.054",,,,"0.054",,-2,-2,0.357,0.357,27,26,27,26,1,4,1,1,3,2,"1.21","-0.36","-0.36","54.2",,,,,
"FC","2025-05-04","98.8","-0.71","6.07","Clase, Emmanuel",666182,661403,"single","hit_into_play",,,,,5,"Bo Bichette singles on a sharp line drive to right fielder Daniel Schneemann. Andrés Giménez to 3rd.","R","R","R","TOR","CLE","X",9,"line_drive",1,1,2025,"0.04","0.89","-0.19","2.84",,665926,,0,9,"Bot",180.32,121.99,,,,,1.3320893276423247,-143.90126115217305,-5.5095348106792175,0.21462051181720018,33.98396854637188,-18.67939512283525,"3.63","1.74",167,"105.1",7,"99.8",2478,"6.8",778056,666310,700932,672356,608070,677587,680757,682657,682177,"53.68",0.689,0.648,"0.9",1,1,0,4,79,3,"Cutter",3,5,3,5,5,3,3,5,"Standard","Strategic",181,"0.15","0.54",,,0.789,"-0.54","105.1",-2,-2,0.207,0.207,27,27,27,27,1,4,1,1,3,2,"1.44","-0.04","-0.04","52.5",,,,,
"FC","2025-05-04","98.4","-0.64","6.06","Clase, Emmanuel",666182,661403,,"foul",,,,,4,"Foul","R","R","R","TOR","CLE","S",,,1,0,2025,"0.49","1.1","-0.49","2.9",,665926,,0,9,"Bot",,,,,,,-0.7497827862540367,-143.1833087422513,-5.658020105227124,6.967961100140742,33.881955489058974,-16.00454072444574,"3.63","1.74",196,"77",59,"98.9",2567,"6.6",778056,666310,700932,672356,608070,677587,680757,682657,682177,"53.89",,,,,,,,79,2,"Cutter",3,5,3,5,5,3,3,5,"Standard","Strategic",179,"-0.016","-0.049","62.8","6.6",,"0.049","88.0",-2,-2,0.223,0.223,27,27,27,27,1,4,1,1,3,2,"1.26","-0.49","-0.49","55.8",-0.7219029085668214,-5.446307553500012,41.61792484847589,29.676847347164305,22.87222948039291
"FC","2025-05-04","98.9","-0.77","6.09","Clase, Emmanuel",666182,661403,,"ball",,,,,11,"Ball","R","R","R","TOR","CLE","B",,,0,0,2025,"0.43","1.16","-0.78","4.42",,665926,,0,9,"Bot",,,,,,,-1.0401472061725603,-143.94163551857903,-1.8256917162837776,6.218174628755755,35.88575867007386,-15.88181920417386,"3.73","1.75",,,,"99.3",2427,"6.7",778056,666310,700932,672356,608070,677587,680757,682657,682177,"53.85",,,,,,,,79,1,"Cutter",3,5,3,5,5,3,3,5,"Standard","Strategic",182,"0.012","0.032",,,,"-0.032",,-2,-2,0.211,0.211,27,27,27,27,1,4,1,1,3,2,"1.18","-0.43","-0.43","54.1",,,,,
"SL","2025-05-04","89.4","-0.73","5.99","Clase, Emmanuel",665926,661403,"field_error","hit_into_play",,,,,13,"Andrés Giménez reaches on a fielding error by pitcher Emmanuel Clase. Andrés Giménez to 2nd. Andrés Giménez advances to 2nd, on a throwing error by pitcher Emmanuel Clase.","R","L","R","TOR","CLE","X",1,"ground_ball",3,2,2025,"0.2","0.18","-0.07","1.4",,,,0,9,"Bot",136.26,181.25,,,,,1.203791097638689,-130.15635978574397,-5.766945849605954,2.080892205001718,25.700886550958,-29.13700940546657,"3.41","1.55",1,"57.8",-53,"90.1",2373,"6.5",778056,666310,700932,672356,608070,677587,680757,682657,682177,"53.95",0.284,0.289,"0.9",1,0,0,1,78,6,"Slider",3,5,3,5,5,3,3,5,"Standard","Strategic",99,"0.101","0.399","62.8","8.2",0.311,"-0.399","88.0",-2,-2,0.11,0.11,27,26,27,27,1,3,1,1,3,2,"2.65","-0.2","0.2","55.8",6.763146783757503,-45.0894061652505,45.77216860767748,39.93328698384582,45.73478468806157
"FC","2025-05-04","99.6","-0.99","6.04","Clase, Emmanuel",665926,661403,,"ball",,,,,8,"Ball","R","L","R","TOR","CLE","B",,,2,2,2025,"0.01","1.15","0.25","1.62",,,,0,9,"Bot",,,,,,,3.4050448706410057,-144.81952426310548,-9.459249903420623,-0.6845054531926521,32.87533248368145,-14.037135860101543,"3.42","1.52",,,,"100",2496,"6.5",778056,666310,700932,672356,608070,677587,680757,682657,682177,"54.02",,,,,,,,78,5,"Cutter",3,5,3,5,5,3,3,5,"Standard","Strategic",191,"0.02","0.112",,,,"-0.112",,-2,-2,0.09,0.09,27,26,27,27,1,3,1,1,3,2,"1.15","-0.01","0.01","49.3",,,,,
"FC","2025-05-04","99.3","-1.02","6.06","Clase, Emmanuel",665926,661403,,"foul",,,,,5,"Foul","R","L","R","TOR","CLE","S",,,2,1,2025,"0.23","1.23","0.23","2.75",,,,0,9,"Bot",,,,,,,2.891572626101493,-144.50614278198347,-6.5353667336555,2.51562543829889,34.20294783906617,-13.585100896732873,"3.41","1.55",238,"74.9",31,"99.6",2617,"6.5",778056,666310,700932,672356,608070,677587,680757,682657,682177,"54",,,,,,,,78,4,"Cutter",3,5,3,5,5,3,3,5,"Standard","Standard",190,"-0.015","-0.073","71.9","7.0",,"0.073","88.0",-2,-2,0.105,0.105,27,26,27,27,1,3,1,1,3,2,"1.08","-0.23","0.23","49.6",8.486597181534613,7.5299653478866295,31.30132142389174,37.65581900024475,26.86543397360016
"FC","2025-05-04","99","-0.95","5.99","Clase, Emmanuel",665926,661403,,"ball",,,,,14,"Ball","R","L","R","TOR","CLE","B",,,1,1,2025,"0.22","1.01","1.47","1.41",,,,0,9,"Bot",,,,,,,6.166323244724721,-143.79648662500566,-9.471331806466697,1.5077803976382405,34.926934960519944,-16.04704755129926,"3.46","1.59",,,,"99.6",2516,"6.8",778056,666310,700932,672356,608070,677587,680757,682657,682177,"53.68",,,,,,,,78,3,"Cutter",3,5,3,5,5,3,3,5,"Standard","Standard",190,"0.012","0.055",,,,"-0.055",,-2,-2,0.093,0.093,27,26,27,27,1,3,1,1,3,2,"1.33","-0.22","0.22","48.3",,,,,
"FC","2025-05-04","98.6","-0.97","6.04","Clase, Emmanuel",665926,661403,,"called_strike",,,,,9,"Called Strike","R","L","R","TOR","CLE","S",,,1,0,2025,"0.37","1.1","0.53","1.85",,,,0,9,"Bot",,,,,,,3.231510626324066,-143.4393842589236,-8.551425264757583,4.348746067290773,33.72696557952679,-15.212788341689903,"3.48","1.58",,,,"99.1",2561,"6.6",778056,666310,700932,672356,608070,677587,680757,682657,682177,"53.88",,,,,,,,78,2,"Cutter",3,5,3,5,5,3,3,5,"Standard","Standard",190,"-0.012","-0.05",,,,"0.05",,-2,-2,0.105,0.105,27,26,27,27,1,3,1,1,3,2,"1.25","-0.37","0.37","50.1",,,,,
"FC","2025-05-04","98.8","-1","6.07","Clase, Emmanuel",665926,661403,,"ball",,,,,14,"Ball","R","L","R","TOR","CLE","B",,,0,0,2025,"0.18","0.96","1.56","2.17",,,,0,9,"Bot",,,,,,,6.601055983533478,-143.5853233387741,-7.470132789652627,0.9594210902611591,33.93741673188446,-17.266343714365433,"3.5","1.57",,,,"99.6",2475,"6.9",778056,666310,700932,672356,608070,677587,680757,682657,682177,"53.63",,,,,,,,78,1,"Cutter",3,5,3,5,5,3,3,5,"Standard","Standard",188,"0.01","0.041",,,,"-0.041",,-2,-2,0.095,0.095,27,26,27,27,1,3,1,1,3,2,"1.38","-0.18","0.18","51.3",,,,,
"SL","2025-05-03","91.5","-0.64","6.04","Clase, Emmanuel",623993,661403,"field_out","hit_into_play",,,,,8,"Anthony Santander pops out to third baseman Gabriel Arias.","R","L","R","TOR","CLE","X",5,"popup",2,2,2025,"0.4","0.16","0.25","2.01",,,,2,9,"Bot",106.9,164.96,,,,,1.3931776215358789,-133.26106933554473,-4.664420078049136,4.501244413218403,29.13362559926892,-29.490040947039958,"3.32","1.56",114,"78.5",70,"92",2495,"6.6",778064,595978,700932,682177,672356,677587,680757,682657,666134,"53.91",0.001,0,"0",1,0,0,3,73,8,"Slider",3,5,3,5,5,3,3,5,"Strategic","Standard",115,"-0.015","-0.224","72.3","7.2",0.001,"0.224","88.0",-2,-2,0.015,0.015,27,30,27,31,1,4,3,1,1,1,"2.56","-0.4","0.4","55.5",4.149589020619813,-5.777127993597846,27.125149109877825,33.96667572032837,32.76523527711681
"FC","2025-05-03","98.8","-1.32","6.07","Clase, Emmanuel",623993,661403,,"ball",,,,,11,"Ball","R","L","R","TOR","CLE","B",,,1,2,2025,"0.22","0.88","-1.31","2.78",,,,2,9,"Bot",,,,,,,-0.48457403947523786,-143.80209376903562,-5.592237222124055,3.190165794839925,33.13047218666455,-18.918559372672863,"3.32","1.55",,,,"99.3",2601,"6.6",778064,595978,700932,682177,672356,677587,680757,682657,666134,"53.95",,,,,,,,73,7,"Cutter",3,5,3,5,5,3,3,5,"Strategic","Standard",174,"0","0.042",,,,"-0.042",,-2,-2,0.015,0.015,27,30,27,31,1,4,3,1,1,1,"1.46","-0.22","0.22","48.7",,,,,
"FC","2025-05-03","99.4","-0.67","6.2","Clase, Emmanuel",623993,661403,,"foul",,,,,12,"Foul","R","L","R","TOR","CLE","S",,,1,2,2025,"0.29","1.37","1.16","2.55",,,,2,9,"Bot",,,,,,,4.376240598599803,-144.66151009305264,-7.874975502457337,3.1024473911481154,32.63210832357302,-11.359862677932012,"3.32","1.56",158,"74.7",68,"100.2",2607,"6.6",778064,595978,700932,682177,672356,677587,680757,682657,666134,"53.86",,,,,,,,73,6,"Cutter",3,5,3,5,5,3,3,5,"Strategic","Standard",191,"0","0","85.5","7.4",,"0","88.0",-2,-2,0.015,0.015,27,30,27,31,1,4,3,1,1,1,"0.93","-0.29","0.29","52.4",60.87154172275531,33.24564715739648,20.247423382710053,23.381824229525705,36.9491707720981
"SL","2025-05-03","92.5","-0.66","6.02","Clase, Emmanuel",623993,661403,,"foul",,,,,5,"Foul","R","L","R","TOR","CLE","S",,,1,2,2025,"-0.06","0.81","0.2","2.22",,,,2,9,"Bot",,,,,,,2.3510691996747513,-134.52297818185926,-5.629974376031647,-1.325722059746268,32.56729083798013,-21.305738682217495,"3.32","1.56",111,"79.5",81,"92.8",2506,"6.8",778064,595978,700932,682177,672356,677587,680757,682657,666134,"53.74",,,,,,,,73,5,"Slider",3,5,3,5,5,3,3,5,"Strategic","Standard",69,"0","0","71.8","7.2",,"0","88.0",-2,-2,0.015,0.015,27,30,27,31,1,4,3,1,1,1,"1.88","0.06","-0.06","55.7",8.322777786666867,-10.921301487247012,26.722575124819684,34.514067961861194,34.822153094787495
"FC","2025-05-03","99.2","-0.79","6.05","Clase, Emmanuel",623993,661403,,"foul",,,,,6,"Foul","R","L","R","TOR","CLE","S",,,1,2,2025,"0.35","1.24","0.61","2.55",,,,2,9,"Bot",,,,,,,3.0234436961869067,-144.29932333022472,-7.055514076538875,4.1709230486817885,34.8577615382417,-13.439371725397343,"3.32","1.56",,,,"99.4",2512,"6.5",778064,595978,700932,682177,672356,677587,680757,682657,666134,"53.98",,,,,,,,73,4,"Cutter",3,5,3,5,5,3,3,5,"Strategic","Standard",192,"0","0","63.2","6.5",,"0",,-2,-2,0.015,0.015,27,30,27,31,1,4,3,1,1,1,"1.09","-0.35","0.35","50.2",6.295228740386285,0.45620361482095384,19.421789588572146,30.798422343265578,30.69933036150018
"SL","2025-05-03","92","-1.24","5.97","Clase, Emmanuel",623993,661403,,"foul",,,,,8,"Foul","R","L","R","TOR","CLE","S",,,1,1,2025,"0.63","0.1","0.11","1.87",,,,2,9,"Bot",,,,,,,2.0925049136591025,-134.0190874882447,-4.8166442853123765,7.099522583604614,29.53276452215975,-30.13463124028153,"3.32","1.56",3,"84.1",-39,"92.8",2563,"6.8",778064,595978,700932,682177,672356,677587,680757,682657,666134,"53.74",,,,,,,,73,3,"Slider",3,5,3,5,5,3,3,5,"Strategic","Strategic",74,"0","-0.062","68.7","8.2",,"0.062","88.0",-2,-2,0.015,0.015,27,30,27,31,1,4,3,1,1,1,"2.59","-0.63","0.63","50.6",20.712535728187678,-21.87425071677438,23.370741407470405,37.64726199153485,39.73081998657696
"FC","2025-05-03","98.8","-0.81","5.96","Clase, Emmanuel",623993,661403,,"called_strike",,,,,8,"Called Strike","R","L","R","TOR","CLE","S",,,1,0,2025,"0.36","0.96","0.27","2.07",,,,2,9,"Bot",,,,,,,2.112822362370161,-143.774473981632,-7.4803994041788515,4.587000760781201,32.10305445602694,-17.294465918402675,"3.26","1.7",,,,"100",2637,"6.8",778064,595978,700932,682177,672356,677587,680757,682657,666134,"53.65",,,,,,,,73,2,"Cutter",3,5,3,5,5,3,3,5,"Strategic","Strategic",181,"-0.003","-0.054",,,,"0.054",,-2,-2,0.018,0.018,27,30,27,31,1,4,3,1,1,1,"1.36","-0.36","0.36","46.8",,,,,
"FC","2025-05-03","99.3","-0.83","6.02","Clase, Emmanuel",623993,661403,,"ball",,,,,14,"Ball","R","L","R","TOR","CLE","B",,,0,0,2025,"0.47","0.98","1.07","2.05",,,,2,9,"Bot",,,,,,,4.154427666638894,-144.42126219025138,-7.791451682712577,5.57644307973189,32.87020649929938,-16.877232486622926,"3.39","1.8",,,,"100",2674,"6.7",778064,595978,700932,682177,672356,677587,680757,682657,666134,"53.85",,,,,,,,73,1,"Cutter",3,5,3,5,5,3,3,5,"Strategic","Strategic",185,"0.003","0.037",,,,"-0.037",,-2,-2,0.015,0.015,27,30,27,31,1,4,3,1,1,1,"1.33","-0.47","0.47","53.0",,,,,
"SL","2025-05-03","91.9","-1.94","5.95","Clase, Emmanuel",665489,661403,"field_out","hit_into_play",,,,,5,"Vladimir Guerrero Jr. grounds out, pitcher Emmanuel Clase to first baseman Kyle Manzardo.","R","R","R","TOR","CLE","X",1,"ground_ball",0,0,2025,"0.27","0.69","0.01","2.57",,,,1,9,"Bot",128.68,183.11,,,,,4.375156365980135,-133.75702269760055,-4.232824600941471,2.2987014935777355,28.473251741944612,-23.231206267518893,"3.67","1.67",2,"71",-53,"92.5",2542,"6.6",778064,595978,700932,682177,672356,677587,680757,682657,666134,"53.91",0.243,0.218,"0",1,0,0,2,72,1,"Slider",3,5,3,5,5,3,3,5,"Standard","Strategic",87,"-0.032","-0.254","81.1","7.9",0.252,"0.254","88.0",-2,-2,0.047,0.047,27,26,27,26,1,4,3,1,1,1,"2.01","-0.27","-0.27","51.8",8.220491579659631,-17.091733838906226,19.215573785142162,38.51716843859086,44.36149476944247
"SL","2025-05-03","93.1","-1.79","6.13","Clase, Emmanuel",666182,661403,"field_out","hit_into_play",,,,,14,"Bo Bichette grounds out, second baseman Daniel Schneemann to first baseman Kyle Manzardo.","R","R","R","TOR","CLE","X",4,"ground_ball",0,2,2025,"0.37","0.64","0.97","1.68",,,,0,9,"Bot",137.15,159.51,,,,,6.335019892950051,-135.3374270520646,-7.059323951045926,3.023878411050678,32.08628971480306,-22.877218680911938,"3.63","1.74",58,"72.8",4,"93.6",2643,"6.8",778064,595978,700932,682177,672356,677587,680757,682657,666134,"53.68",0.177,0.155,"0",1,0,0,2,71,3,"Slider",3,5,3,5,5,3,3,5,"Strategic","Strategic",91,"-0.031","-0.165","68.5","8.0",0.189,"0.165","88.0",-2,-2,0.078,0.078,27,27,27,27,1,4,3,1,1,1,"2.01","-0.37","-0.37","56.1",6.3983708561815575,-3.3905899218775435,35.24032930850008,45.69524376566185,23.46226306786572
"SL","2025-05-03","92.1","-0.9","6.01","Clase, Emmanuel",666182,661403,,"swinging_strike",,,,,14,"Swinging Strike","R","R","R","TOR","CLE","S",,,0,1,2025,"0.63","0.29","1.39","1.68",,,,0,9,"Bot",,,,,,,4.4946045671845525,-133.9464593118958,-5.81023297211307,6.549844205110247,30.028100012599534,-27.567975430575583,"3.63","1.74",,,,"92.6",2662,"6.7",778064,595978,700932,682177,672356,677587,680757,682657,666134,"53.77",,,,,,,,71,2,"Slider",3,5,3,5,5,3,3,5,"Strategic","Strategic",72,"-0.01","-0.055","36.7","6.6",,"0.055",,-2,-2,0.088,0.088,27,27,27,27,1,4,3,1,1,1,"2.41","-0.63","-0.63","52.3",-6.8968555975298305,21.167797197197043,30.130417787411883,52.5989293187184,10.196694502245656
"FC","2025-05-03","99","-0.91","6.06","Clase, Emmanuel",666182,661403,,"foul_tip",,,,,5,"Foul Tip","R","R","R","TOR","CLE","S",,,0,0,2025,"0.37","1.06","-0.08","2.76",,,,0,9,"Bot",,,,,,,1.400751017696113,-144.0600513362187,-6.097509938316093,4.849249395767934,33.53499525189052,-16.163394593876788,"3.63","1.74",,,,"99.6",2606,"6.6",778064,595978,700932,682177,672356,677587,680757,682657,666134,"53.87",,,,,,,,71,1,"Cutter",3,5,3,5,5,3,3,5,"Strategic","Strategic",188,"-0.007","-0.039","68.7","6.3",,"0.039",,-2,-2,0.095,0.095,27,27,27,27,1,4,3,1,1,1,"1.26","-0.37","-0.37","50.9",-7.06132869488571,16.09349023419459,41.8966263033745,34.43253066689812,14.785650822959063
"FC","2025-04-30","100.3","-0.84","5.97","Clase, Emmanuel",665019,661403,"strikeout","swinging_strike",,,,,9,"Kody Clemens strikes out swinging.","R","L","R","CLE","MIN","S",2,,2,2,2025,"0.31","1.19","0.74","1.58",680777,,,2,9,"Top",,,,,,,3.6398746962488238,-145.91018478572047,-9.724156813636117,3.6693320289247855,31.985498051456748,-13.115721847781549,"3.45","1.66",,,,"101.4",2609,"6.8",778116,666310,467793,672356,608070,677587,680757,682657,678877,"53.73",,0,"0",1,0,0,,64,5,"Cutter",4,2,2,4,2,4,2,4,"Infield shade","Standard",180,"0.036","-0.191","71.1","6.9",,"0.191",,2,-2,0.964,0.03600000000000003,27,29,27,29,1,3,1,2,3,1,"1.06","-0.31","0.31","51.8",-1.8617837637468169,7.20244714606025,40.97576282646587,25.889398429788173,21.134374180912875
"SL","2025-04-30","90.8","-0.69","5.86","Clase, Emmanuel",665019,661403,,"ball",,,,,14,"Ball","R","L","R","CLE","MIN","B",,,1,2,2025,"0.64","0.37","0.4","-0.64",663616,680777,,2,9,"Top",,,,,,,1.3678066037271597,-131.84398473530146,-11.19223996248671,7.212213642958943,27.21139130500158,-25.720773686811377,"3.45","1.68",,,,"91.5",2469,"6.7",778116,666310,467793,672356,608070,677587,680757,682657,678877,"53.76",,,,,,,,64,4,"Slider",4,1,1,4,2,4,2,4,"Infield shade","Strategic",85,"-0.006","0.023",,,,"-0.023",,3,-3,0.97,0.030000000000000027,27,29,27,29,1,3,1,2,3,1,"2.4","-0.64","0.64","51.0",,,,,
"FC","2025-04-30","98.7","-0.89","6.03","Clase, Emmanuel",665019,661403,,"called_strike",,,,,2,"Called Strike","R","L","R","CLE","MIN","S",,,1,1,2025,"0.35","1.21","-0.02","2.95",663616,680777,,2,9,"Top",,,,,,,1.5689905897938516,-143.77789926079075,-5.804287425033344,4.51744578922048,31.84029346693983,-14.26103825640731,"3.45","1.75",,,,"99.5",2497,"6.6",778116,666310,467793,672356,608070,677587,680757,682657,678877,"53.94",,,,,,,,64,3,"Cutter",4,1,1,4,1,4,1,4,"Infield shade","Strategic",176,"0.008","-0.064",,,,"0.064",,3,-3,0.962,0.038000000000000034,27,29,27,29,1,3,1,2,3,1,"1.12","-0.35","0.35","53.8",,,,,
"FC","2025-04-30","98.4","-0.83","5.97","Clase, Emmanuel",665019,661403,,"ball",,,,,2,"Ball","R","L","R","CLE","MIN","B",,,0,1,2025,"0.39","1.11","-0.12","3.44",663616,,680777,2,9,"Top",,,,,,,1.0039137334576687,-143.31410664713346,-4.0066491332188505,5.168513821347066,31.944848387393424,-16.152508192728952,"3.34","1.77",,,,"99.1",2483,"6.6",778116,666310,467793,672356,608070,677587,680757,682657,678877,"53.93",,,,,,,,64,2,"Cutter",4,1,1,4,1,4,1,4,"Infield shade","Strategic",179,"-0.007","0.007",,,,"-0.007",,3,-3,0.969,0.031000000000000028,27,29,27,29,1,3,1,2,3,1,"1.23","-0.39","0.39","55.4",,,,,
"FC","2025-04-30","98.8","-0.74","6.01","Clase, Emmanuel",665019,661403,,"foul",,,,,12,"Foul","R","L","R","CLE","MIN","S",,,0,0,2025,"0.43","0.99","0.83","2.86",663616,,680777,2,9,"Top",,,,,,,3.285917291042402,-143.99383375927633,-5.538770414951088,5.355943726582398,30.165993091979566,-17.301290897083856,"3.45","1.66",3,"79.5",-44,"99.9",2518,"6.6",778116,666310,467793,672356,608070,677587,680757,682657,678877,"53.88",,,,,,,,64,1,"Cutter",4,1,1,4,1,4,1,4,"Infield shade","Strategic",179,"0.006","-0.035",,,,"0.035","88.0",3,-3,0.963,0.03700000000000003,27,29,27,29,1,3,1,2,3,1,"1.32","-0.43","0.43","55.6",,,,,
"FC","2025-04-30","100","-0.87","5.93","Clase, Emmanuel",680777,661403,"single","hit_into_play",,,,,7,"Ryan Jeffers singles on a line drive to center fielder Angel Martínez. Trevor Larnach to 3rd.","R","R","R","CLE","MIN","X",8,"line_drive",0,0,2025,"0.2","1.02","-0.34","1.53",,,663616,2,9,"Top",111.66,87.86,,,,,0.9962255068971474,-145.50358715327428,-9.235095526594032,2.7012271748889205,31.889158785896445,-15.829371400981712,"3.34","1.59",280,"90.2",17,"101",2571,"6.7",778116,666310,467793,672356,608070,677587,680757,682657,678877,"53.82",0.77,0.726,"0.9",1,1,0,4,63,1,"Cutter",4,1,1,4,1,4,1,4,"Standard","Strategic",178,"-0.025","0.346","68.9","7.3",0.884,"-0.346","90.2",3,-3,0.988,0.01200000000000001,27,28,27,28,1,3,1,2,3,1,"1.25","-0.2","-0.2","51.6",11.276499760661698,1.851959385009057,39.56357187351383,35.73212040869387,27.57143930904948
"FC","2025-04-30","98.3","-0.84","6.01","Clase, Emmanuel",664034,661403,"strikeout","swinging_strike",,,,,14,"Ty France strikes out swinging.","R","R","R","CLE","MIN","S",2,,2,2,2025,"0.46","1.07","1.47","1.84",,,663616,1,9,"Top",,,,,,,5.224014466284664,-142.90164342348598,-8.335943653323742,5.055349390105091,33.40654068894957,-15.787948303189518,"3.17","1.44",,,,"99",2601,"6.7",778116,666310,467793,672356,608070,677587,680757,682657,678877,"53.75",,0,"0",1,0,0,,62,6,"Cutter",4,1,1,4,1,4,1,4,"Strategic","Strategic",175,"0.022","-0.222","42.8","6.0",,"0.222",,3,-3,0.966,0.03400000000000003,27,30,27,31,1,3,1,1,3,1,"1.3","-0.46","-0.46","53.1",-10.40580775871289,46.97506476523715,32.28327422814008,54.93763638486622,-5.681285815092258
"FC","2025-04-30","99.8","-0.7","6.08","Clase, Emmanuel",664034,661403,,"foul",,,,,5,"Foul","R","R","R","CLE","MIN","S",,,2,2,2025,"0.4","1.19","0.03","1.99",,,663616,1,9,"Top",,,,,,,1.0731254384510305,-145.23707318656218,-8.721130456113082,5.458253624431037,33.396876284453924,-13.5372414383217,"3.17","1.44",302,"87.1",31,"100.5",2611,"6.6",778116,666310,467793,672356,608070,677587,680757,682657,678877,"53.85",,,,,,,,62,5,"Cutter",4,1,1,4,1,4,1,4,"Standard","Strategic",170,"0","0","70.5","7.2",,"0","88.0",3,-3,0.966,0.03400000000000003,27,30,27,31,1,3,1,1,3,1,"1.1","-0.4","-0.4","54.4",1.0884531094314749,19.6620807331893,39.110453110051075,36.361218433124534,18.4488024361299
"SL","2025-04-30","90.4","-0.83","5.96","Clase, Emmanuel",664034,661403,,"ball",,,,,14,"Ball","R","R","R","CLE","MIN","B",,,1,2,2025,"0.78","0.51","1.57","1.88",,,663616,1,9,"Top",,,,,,,4.351704550125965,-131.49697173368236,-5.317545894522888,8.131754829091411,28.11647609763164,-25.358918368923334,"3.17","1.4",,,,"90.9",2562,"6.7",778116,666310,467793,672356,608070,677587,680757,682657,678877,"53.84",,,,,,,,62,4,"Slider",4,1,1,4,1,4,1,4,"Standard","Strategic",61,"-0.003","0.044",,,,"-0.044",,3,-3,0.969,0.031000000000000028,27,30,27,31,1,3,1,1,3,1,"2.29","-0.78","-0.78","53.9",,,,,
"SL","2025-04-30","90.7","-0.62","5.99","Clase, Emmanuel",664034,661403,,"blocked_ball",,,,,14,"Ball In Dirt","R","R","R","CLE","MIN","B",,,0,2,2025,"0.51","0.29","1.06","0.94",,,663616,1,9,"Top",,,,,,,3.1211437422193944,-131.99265981265387,-7.350086836569214,5.240840081967753,29.226385462941632,-27.430747600532488,"3.12","1.35",,,,"91.3",2521,"6.7",778116,666310,467793,672356,608070,677587,680757,682657,678877,"53.76",,,,,,,,62,3,"Slider",4,1,1,4,1,4,1,4,"Standard","Strategic",60,"-0.003","0.01",,,,"-0.01",,3,-3,0.972,0.028000000000000025,27,30,27,31,1,3,1,1,3,1,"2.49","-0.51","-0.51","54.9",,,,,
"SL","2025-04-30","89.3","-0.93","5.93","Clase, Emmanuel",664034,661403,,"swinging_strike_blocked",,,,,14,"Swinging Strike (Blocked)","R","R","R","CLE","MIN","S",,,0,1,2025,"0.64","0.09","0.34","0.09",,,663616,1,9,"Top",,,,,,,1.7811692790394646,-129.8089883276805,-8.536875939847285,6.73282442098989,30.11416739508155,-29.365867223531726,"3.17","1.44",,,,"89.5",2606,"6.7",778116,666310,467793,672356,608070,677587,680757,682657,678877,"53.8",,,,,,,,62,2,"Slider",4,1,1,4,1,4,1,4,"Standard","Strategic",74,"0.005","-0.047","72.1","8.6",,"0.047",,3,-3,0.967,0.03300000000000003,27,30,27,31,1,3,1,1,3,1,"2.8","-0.64","-0.64","55.3",21.08831243416496,-10.490631459321323,43.47949209184968,40.249666102873306,38.69421381506516
"SL","2025-04-30","88.6","-0.77","5.89","Clase, Emmanuel",664034,661403,,"swinging_strike",,,,,14,"Swinging Strike","R","R","R","CLE","MIN","S",,,0,0,2025,"0.88","0.62","0.57","0.97",,,663616,1,9,"Top",,,,,,,1.454133865963518,-128.84686306225328,-7.209591631387489,9.285606076876512,31.4281315850842,-23.808004840108186,"3.17","1.44",,,,"88.7",2487,"6.8",778116,666310,467793,672356,608070,677587,680757,682657,678877,"53.75",,,,,,,,62,1,"Slider",4,1,1,4,1,4,1,4,"Standard","Strategic",63,"0.004","-0.04","72.6","8.8",,"0.04",,3,-3,0.963,0.03700000000000003,27,30,27,31,1,3,1,1,3,1,"2.33","-0.88","-0.88","54.0",27.584182178827312,-11.845839809126565,39.666778922370945,44.41227235243724,40.24999740963661
"FC","2025-04-30","99.3","-0.86","5.93","Clase, Emmanuel",663616,661403,"single","hit_into_play",,,,,9,"Trevor Larnach singles on a line drive to center fielder Angel Martínez.","R","L","R","CLE","MIN","X",8,"line_drive",1,0,2025,"0.29","1","0.59","2.19",,,,1,9,"Top",142.23,97.85,,,,,3.280677370189968,-144.44143355358588,-7.171841710856201,3.294704321921019,35.668224918534676,-16.657042146103592,"3.82","1.77",169,"85.3",8,"99.3",2660,"6.4",778116,666310,467793,672356,608070,677587,680757,682657,678877,"54.06",0.423,0.381,"0.9",1,1,0,4,61,2,"Cutter",4,1,1,4,1,4,1,4,"Infield shade","Strategic",173,"-0.02","0.375","72.7","7.4",0.45,"-0.375","88.0",3,-3,0.983,0.017000000000000015,27,28,27,28,1,3,1,1,3,1,"1.32","-0.29","0.29","50.1",-2.7144513229009095,-3.084110208293824,43.302595193185006,31.52178845596158,24.194286844947914
"FC","2025-04-30","100","-0.65","6","Clase, Emmanuel",663616,661403,,"ball",,,,,14,"Ball","R","L","R","CLE","MIN","B",,,0,0,2025,"0.4","1.13","1.24","1.57",,,,1,9,"Top",,,,,,,4.301024586820898,-145.23591042757948,-9.463409520363072,4.489598582926149,37.1264322568396,-14.02964798483457,"3.95","1.85",,,,"100",2719,"6.6",778116,666310,467793,672356,608070,677587,680757,682657,678877,"53.91",,,,,,,,61,1,"Cutter",4,1,1,4,1,4,1,4,"Infield shade","Strategic",171,"-0.002","0.039",,,,"-0.039",,3,-3,0.985,0.015000000000000013,27,28,27,28,1,3,1,1,3,1,"1.17","-0.4","0.4","48.9",,,,,
"SL","2025-04-30","87.5","-0.62","6.01","Clase, Emmanuel",621043,661403,"strikeout","foul_tip",,,,,6,"Carlos Correa strikes out on a foul tip.","R","R","R","CLE","MIN","S",2,,1,2,2025,"1.09","0.13","0.5","2.65",,,,0,9,"Top",,,,,,,0.46362541368839855,-127.4249465087542,-2.183162177098648,11.66887425520708,28.826560616498643,-30.494075123591806,"3.63","1.73",,,,"87.7",2577,"6.6",778116,666310,467793,672356,608070,677587,680757,682657,678877,"53.88",,0,"0",1,0,0,,60,5,"Slider",4,1,1,4,1,4,1,4,"Strategic","Strategic",54,"0.014","-0.189","76.9","7.5",,"0.189",,3,-3,0.971,0.029000000000000026,27,30,27,31,1,3,1,1,3,1,"2.87","-1.09","-1.09","58.2",11.21861015956117,-3.2692206557039576,29.899570239357338,44.23484532351797,28.680876345183556
"FC","2025-04-30","99.1","-0.6","6.06","Clase, Emmanuel",621043,661403,,"foul",,,,,4,"Foul","R","R","R","CLE","MIN","S",,,1,2,2025,"0.55","1.01","-0.56","2.47",,,,0,9,"Top",,,,,,,-1.1771094643546416,-144.33902421644845,-6.850729407101919,7.962668863078904,30.48728095759731,-16.644171168659543,"3.63","1.73",235,"83.3",45,"100.1",2599,"6.6",778116,666310,467793,672356,608070,677587,680757,682657,678877,"53.89",,,,,,,,60,4,"Cutter",4,1,1,4,1,4,1,4,"Strategic","Strategic",165,"0","0","71.4","6.2",,"0","88.0",3,-3,0.971,0.029000000000000026,27,30,27,31,1,3,1,1,3,1,"1.29","-0.55","-0.55","54.9",-2.833886502548697,12.338993112663248,35.188289657271454,32.221480756549354,22.46334183800036
"SL","2025-04-30","90","-0.63","5.99","Clase, Emmanuel",621043,661403,,"ball",,,,,14,"Ball","R","R","R","CLE","MIN","B",,,0,2,2025,"1.07","0.63","1.88","1.05",,,,0,9,"Top",,,,,,,3.9777369878652262,-130.93749832765488,-7.655200784279716,11.515301167028113,27.73895977181339,-23.500146050771548,"3.63","1.71",,,,"90.6",2529,"6.6",778116,666310,467793,672356,608070,677587,680757,682657,678877,"53.86",,,,,,,,60,3,"Slider",4,1,1,4,1,4,1,4,"Strategic","Strategic",55,"-0.002","0.024",,,,"-0.024",,3,-3,0.973,0.027000000000000024,27,30,27,31,1,3,1,1,3,1,"2.19","-1.07","-1.07","55.5",,,,,
"SL","2025-04-30","90.2","-0.77","5.92","Clase, Emmanuel",621043,661403,,"foul_tip",,,,,5,"Foul Tip","R","R","R","CLE","MIN","S",,,0,1,2025,"0.69","0.82","-0.18","2.97",,,,0,9,"Top",,,,,,,0.02363354036122639,-131.3528267886423,-3.1828793080637294,7.950102834408166,27.150257210096875,-22.17003557140709,"3.63","1.73",,,,"90.7",2601,"6.5",778116,666310,467793,672356,608070,677587,680757,682657,678877,"54",,,,,,,,60,2,"Slider",4,1,1,4,1,4,1,4,"Strategic","Standard",62,"0.004","-0.055","78.9","7.1",,"0.055",,3,-3,0.969,0.031000000000000028,27,30,27,31,1,3,1,1,3,1,"1.97","-0.69","-0.69","52.1",11.60944448583784,1.4941732530146905,30.007872505136724,37.398670678419904,23.91783668287424
"FC","2025-04-30","98.1","-1.14","5.99","Clase, Emmanuel",621043,661403,,"called_strike",,,,,13,"Called Strike","R","R","R","CLE","MIN","S",,,0,0,2025,"0.48","1.01","-0.98","2.26",,,,0,9,"Top",,,,,,,-0.6684693806006934,-142.8263284928272,-7.043235792462361,6.743869571179205,29.59348838897786,-16.97643001542261,"3.66","1.71",,,,"99.2",2586,"6.7",778116,666310,467793,672356,608070,677587,680757,682657,678877,"53.83",,,,,,,,60,1,"Cutter",4,1,1,4,1,4,1,4,"Strategic","Standard",168,"0.003","-0.039",,,,"0.039",,3,-3,0.966,0.03400000000000003,27,30,27,31,1,3,1,1,3,1,"1.34","-0.48","-0.48","48.9",,,,,
"FC","2025-04-29","99.2","-1.1","6.13","Clase, Emmanuel",681146,661403,"field_out","hit_into_play",,,,,1,"Jonah Bride pops out to catcher Bo Naylor in foul territory.","R","R","R","CLE","MIN","X",2,"popup",2,2,2025,"0.61","0.96","-0.74","3.21",,,,2,9,"Top",137.78,219.35,,,,,-0.46234081165802554,-144.60064077023105,-4.944893216503856,8.79716122568208,28.291939912464397,-17.76026774583902,"3.18","1.43",62,"82.8",76,"100.6",2618,"6.6",778129,666310,467793,682177,608070,672356,680757,682657,678877,"53.89",0.005,0.005,"0",1,0,0,3,63,6,"Cutter",1,1,1,1,1,1,1,1,"Strategic","Strategic",174,"0.031","-0.224",,,0.005,"0.224","88.0",0,0,0.608,0.392,27,29,27,30,1,3,3,1,1,2,"1.32","-0.61","-0.61","53.9",,,,,
"FC","2025-04-29","98.6","-0.89","6.01","Clase, Emmanuel",681146,661403,,"foul",,,,,2,"Foul","R","R","R","CLE","MIN","S",,,2,2,2025,"0.43","1.12","-0.1","2.9",,,,2,9,"Top",,,,,,,1.1562651962087878,-143.61321820608208,-5.738029481692054,5.716275910169724,29.80124623544162,-15.55459949412636,"3.18","1.43",279,"81.1",38,"100",2623,"6.8",778129,666310,467793,682177,608070,672356,680757,682657,678877,"53.73",,,,,,,,63,5,"Cutter",1,1,1,1,1,1,1,1,"Strategic","Strategic",184,"0","0","61.2","6.2",,"0","88.0",0,0,0.608,0.392,27,29,27,30,1,3,3,1,1,2,"1.2","-0.43","-0.43","51.5",2.70927415994167,17.403394163923252,29.103338725761873,40.29800528761061,22.850263181317985
"FC","2025-04-29","99.5","-0.83","6.04","Clase, Emmanuel",681146,661403,,"swinging_strike",,,,,9,"Swinging Strike","R","R","R","CLE","MIN","S",,,2,1,2025,"0.47","0.6","0.37","1.41",,,,2,9,"Top",,,,,,,2.2087133856776826,-144.95572973122188,-8.885535627623602,6.3195706958983875,27.440073310508673,-22.08861730192759,"3.18","1.43",,,,"101.3",2757,"6.8",778129,666310,467793,682177,608070,672356,680757,682657,678877,"53.72",,,,,,,,63,4,"Cutter",1,1,1,1,1,1,1,1,"Strategic","Standard",169,"0.006","-0.073","65.9","7.5",,"0.073",,0,0,0.602,0.398,27,29,27,30,1,3,3,1,1,2,"1.66","-0.47","-0.47","54.1",11.464903583249576,15.750211791446032,33.279308352811405,45.032191862835674,24.687431151975368
"SL","2025-04-29","89.5","-1.04","6","Clase, Emmanuel",681146,661403,,"ball",,,,,14,"Ball","R","R","R","CLE","MIN","B",,,1,1,2025,"0.81","0.17","0.62","0.64",,,,2,9,"Top",,,,,,,2.4041346437990874,-130.25552618736504,-7.601229308247191,8.671879897527212,28.278818928243645,-28.830454021305485,"3.1","1.44",,,,"90",2626,"6.7",778129,666310,467793,682177,608070,672356,680757,682657,678877,"53.85",,,,,,,,63,3,"Slider",1,1,1,1,1,1,1,1,"Strategic","Standard",53,"-0.005","0.053",,,,"-0.053",,0,0,0.607,0.393,27,29,27,30,1,3,3,1,1,2,"2.68","-0.81","-0.81","55.4",,,,,
"FC","2025-04-29","100.7","-0.74","6.06","Clase, Emmanuel",681146,661403,,"ball",,,,,9,"Ball","R","R","R","CLE","MIN","B",,,0,1,2025,"0.13","0.89","0.62","1.42",,,,2,9,"Top",,,,,,,3.5025793839571437,-146.42251503602418,-9.735294178980975,1.0672007321935009,34.3736562458999,-17.206946426028846,"3.26","1.52",,,,"101.5",2676,"6.8",778129,666310,467793,682177,608070,672356,680757,682657,678877,"53.75",,,,,,,,63,2,"Cutter",1,1,1,1,1,1,1,1,"Strategic","Standard",182,"-0.003","0.027",,,,"-0.027",,0,0,0.61,0.39,27,29,27,30,1,3,3,1,1,2,"1.36","-0.13","-0.13","52.9",,,,,
"FC","2025-04-29","98.9","-1.06","5.99","Clase, Emmanuel",681146,661403,,"called_strike",,,,,2,"Called Strike","R","R","R","CLE","MIN","S",,,0,0,2025,"0.23","0.87","0.24","2.79",,,680577,1,9,"Top",,,,,,,3.0222596085353803,-144.13159116860865,-5.4208926732522,2.6132372384776854,29.869256718209694,-19.030821494821115,"3.18","1.52",,,,"100.2",2688,"6.7",778129,666310,467793,682177,608070,672356,680757,682657,678877,"53.8",,,,,,,,63,1,"Cutter",1,1,1,1,1,1,1,1,"Standard","Standard",179,"0.11","-0.04",,,,"0.04",,0,0,0.5,0.5,27,29,27,30,1,3,3,1,1,2,"1.43","-0.23","-0.23","55.5",,,,,
"FC","2025-04-29","100.2","-0.85","6.04","Clase, Emmanuel",664034,661403,"single","hit_into_play",,,,,8,"Ty France singles on a sharp line drive to center fielder Angel Martínez.","R","R","R","CLE","MIN","X",8,"line_drive",1,1,2025,"0.49","1.11","-0.07","1.63",,,,1,9,"Top",147.69,88.04,,,,,0.9815981250638451,-145.6993824969266,-9.491845672120714,6.783647770039505,33.39415179885431,-14.417704937971633,"3.17","1.44",282,"105.7",12,"100.9",2655,"6.7",778129,666310,467793,682177,608070,672356,680757,682657,678877,"53.82",0.914,0.928,"0.9",1,1,0,4,62,3,"Cutter",1,1,1,1,1,1,1,1,"Strategic","Strategic",177,"-0.06","0.425","70.9","7.8",1.218,"-0.425","105.7",0,0,0.56,0.43999999999999995,27,30,27,31,1,3,3,1,1,1,"1.16","-0.49","-0.49","52.5",3.3965036626248173,5.868035971131359,43.996976885449634,35.87759683391234,27.015106787162555
"SL","2025-04-29","91.5","-1.15","5.98","Clase, Emmanuel",664034,661403,,"ball",,,,,14,"Ball","R","R","R","CLE","MIN","B",,,0,1,2025,"0.79","-0.01","1.43","0.88",,,,1,9,"Top",,,,,,,4.8398546666442614,-133.06722690292003,-6.974901058038405,8.298147680048258,30.235001218961724,-30.878640784589795,"3.18","1.42",,,,"92.1",2537,"6.8",778129,666310,467793,682177,608070,672356,680757,682657,678877,"53.71",,,,,,,,62,2,"Slider",1,1,1,1,1,1,1,1,"Strategic","Strategic",53,"-0.005","0.029",,,,"-0.029",,0,0,0.565,0.43500000000000005,27,30,27,31,1,3,3,1,1,1,"2.75","-0.79","-0.79","50.9",,,,,
"FC","2025-04-29","100.5","-0.65","6.13","Clase, Emmanuel",664034,661403,,"foul",,,,,4,"Foul","R","R","R","CLE","MIN","S",,,0,0,2025,"0.49","0.95","-0.39","2.6",,,,1,9,"Top",,,,,,,-0.4448835486096938,-146.34830025230136,-6.736838627357632,7.114859983798827,34.76153860306608,-17.130746955847908,"3.17","1.44",265,"81.6",33,"101.2",2611,"6.7",778129,666310,467793,682177,608070,672356,680757,682657,678877,"53.83",,,,,,,,62,1,"Cutter",1,1,1,1,1,1,1,1,"Strategic","Strategic",181,"0.007","-0.039","68.3","6.7",,"0.039","88.0",0,0,0.558,0.44199999999999995,27,30,27,31,1,3,3,1,1,1,"1.3","-0.49","-0.49","57.4",-11.764115501607831,18.88333359682586,42.40575085752229,32.8235604381135,14.115412056468307
"FC","2025-04-29","99.5","-1.01","6.08","Clase, Emmanuel",663616,661403,"field_out","hit_into_play",,,,,5,"Trevor Larnach lines out to left fielder Steven Kwan.","R","L","R","CLE","MIN","X",7,"line_drive",2,1,2025,"0.15","0.88","-0.16","2.91",,,,0,9,"Top",76.75,91.44,,,,,2.0144513579784666,-144.9580235768586,-5.447016593820367,1.6402354010511009,30.36506617427762,-18.733910499240928,"3.85","1.77",295,"92.9",19,"100.4",2651,"6.5",778129,666310,467793,682177,608070,672356,680757,682657,678877,"54.02",0.359,0.372,"0",1,0,0,4,61,4,"Cutter",1,1,1,1,1,1,1,1,"Strategic","Strategic",181,"0.066","-0.305","67.8","6.9",0.517,"0.305","92.9",0,0,0.492,0.508,27,28,27,28,1,3,3,1,1,1,"1.4","-0.15","0.15","51.2",-3.2049226155171042,9.999720311093034,27.385389376998702,40.662046418891464,22.6433473519028
"FC","2025-04-29","100.5","-0.88","6.09","Clase, Emmanuel",663616,661403,,"ball",,,,,14,"Ball","R","L","R","CLE","MIN","B",,,1,1,2025,"0.17","1.15","1.53","1.48",,,,0,9,"Top",,,,,,,6.318569570130966,-146.1248059773408,-10.29689701885078,1.3117919704511016,28.23087451754196,-13.669906499141632,"3.85","1.71",,,,"102",2653,"6.7",778129,666310,467793,682177,608070,672356,680757,682657,678877,"53.78",,,,,,,,61,3,"Cutter",1,1,1,1,1,1,1,1,"Infield shade","Strategic",183,"-0.011","0.055",,,,"-0.055",,0,0,0.503,0.497,27,28,27,28,1,3,3,1,1,1,"1.08","-0.17","0.17","52.7",,,,,
"FC","2025-04-29","99.7","-1.3","6.02","Clase, Emmanuel",663616,661403,,"foul",,,,,9,"Foul","R","L","R","CLE","MIN","S",,,1,0,2025,"0.43","0.93","0.29","2.01",,,,0,9,"Top",,,,,,,3.395396365105714,-145.14131152051252,-7.945546551516685,5.406987260661823,30.236071097366114,-17.4092233037146,"3.85","1.77",,,,"101.1",2638,"6.8",778129,666310,467793,682177,608070,672356,680757,682657,678877,"53.73",,,,,,,,61,2,"Cutter",1,1,1,1,1,1,1,1,"Infield shade","Strategic",182,"0.011","-0.05","72.1","6.7",,"0.05",,0,0,0.492,0.508,27,28,27,28,1,3,3,1,1,1,"1.34","-0.43","0.43","48.8",-15.123105067118606,12.789548684537086,42.1543592816826,35.05121402063834,16.40614854132556
"SL","2025-04-29","91.6","-1.38","5.86","Clase, Emmanuel",663616,661403,,"ball",,,,,14,"Ball","R","L","R","CLE","MIN","B",,,0,0,2025,"0.71","0.33","0.27","-0.18",,,,0,9,"Top",,,,,,,2.6561283040450725,-133.12523127629674,-10.191730695667323,8.01237379556236,26.15253766456427,-26.370044836661716,"3.84","1.76",,,,"92.6",2537,"6.8",778129,666310,467793,682177,608070,672356,680757,682657,678877,"53.73",,,,,,,,61,1,"Slider",1,1,1,1,1,1,1,1,"Infield shade","Strategic",87,"-0.008","0.041",,,,"-0.041",,0,0,0.5,0.5,27,28,27,28,1,3,3,1,1,1,"2.37","-0.71","0.71","54.7",,,,,
"FC","2025-04-26","98","-0.62","5.98","Clase, Emmanuel",666165,661403,"field_out","hit_into_play",,,,,12,"Blake Sabol grounds out, second baseman Will Wilson to first baseman Carlos Santana.","R","L","R","CLE","BOS","X",4,"ground_ball",0,1,2025,"0.56","0.8","1.26","3.06",,,,2,8,"Top",147.98,165.56,,,,,3.8116798987833462,-142.5825882295035,-4.258517834011174,6.60478134532659,35.47803649987141,-20.502058029958082,"3.52","1.72",31,"60.7",-1,"98.4",2565,"6.7",778179,595978,467793,669717,608070,672356,680757,682657,666134,"53.77",0.073,0.064,"0",1,0,0,2,68,2,"Cutter",5,4,4,5,4,5,4,5,"Standard","Standard",171,"0.023","-0.217","74.5","6.9",0.08,"0.217","88.0",1,-1,0.844,0.15600000000000003,27,27,27,27,1,3,6,3,3,,"1.59","-0.56","0.56","49.1",25.107404674326123,22.5166472573412,36.24123714302444,24.44215922896974,32.85994405294518
"FC","2025-04-26","99.7","-0.8","5.86","Clase, Emmanuel",666165,661403,,"swinging_strike",,,,,14,"Swinging Strike","R","L","R","CLE","BOS","S",,,0,0,2025,"0.4","0.96","1.27","2.13",,,,2,8,"Top",,,,,,,4.7799123094973375,-145.07134310176392,-7.217875337581871,4.627042197670675,32.32424900149875,-17.20709610532924,"3.52","1.72",,,,"100.9",2590,"6.8",778179,595978,467793,669717,608070,672356,680757,682657,666134,"53.67",,,,,,,,68,1,"Cutter",5,4,4,5,4,5,4,5,"Standard","Standard",185,"0.004","-0.043","71.5","7.8",,"0.043",,1,-1,0.84,0.16000000000000003,27,27,27,27,1,3,6,3,3,,"1.33","-0.4","0.4","48.4",7.9699483658161725,4.713548001184959,38.32362735947125,23.184268149146895,29.52333536441508
"FC","2025-04-26","98.8","-1.05","6.01","Clase, Emmanuel",671213,661403,"strikeout","called_strike",,,,,8,"Triston Casas called out on strikes.","R","L","R","CLE","BOS","S",2,,2,2,2025,"0.32","0.92","0.08","2.05",,,,1,8,"Top",,,,,,,2.3368873670085315,-143.8321939824984,-7.5193849026160935,3.961930335595449,31.780038291287976,-17.939111707111607,"3.77","1.88",,,,"99.4",2624,"6.5",778179,595978,467793,669717,608070,672356,680757,682657,666134,"54.04",,0,"0",1,0,0,,67,5,"Cutter",5,4,4,5,4,5,4,5,"Infield shade","Standard",183,"0.037","-0.228",,,,"0.228",,1,-1,0.803,0.19699999999999995,27,25,27,25,1,3,6,2,3,3,"1.41","-0.32","0.32","50.2",,,,,
"FC","2025-04-26","98.4","-0.85","5.95","Clase, Emmanuel",671213,661403,,"ball",,,,,14,"Ball","R","L","R","CLE","BOS","B",,,1,2,2025,"0.28","0.84","1.24","1.69",,,,1,8,"Top",,,,,,,5.031207943511346,-143.10533165204293,-8.098555429033514,2.685556403571962,32.967271483544934,-18.95693734022931,"3.74","1.79",,,,"99",2557,"6.6",778179,595978,467793,669717,608070,672356,680757,682657,666134,"53.86",,,,,,,,67,4,"Cutter",5,4,4,5,4,5,4,5,"Infield shade","Standard",175,"-0.006","0.048",,,,"-0.048",,1,-1,0.809,0.19099999999999995,27,25,27,25,1,3,6,2,3,3,"1.52","-0.28","0.28","48.0",,,,,
"SL","2025-04-26","90.3","-0.92","5.9","Clase, Emmanuel",671213,661403,,"foul",,,,,9,"Foul","R","L","R","CLE","BOS","S",,,1,1,2025,"0.58","-0.06","0.54","1.82",,,,1,8,"Top",,,,,,,2.412835085121782,-131.55838110847105,-4.097996505706849,6.199649186135608,28.071244924765853,-32.250565714302084,"3.72","1.73",5,"97.3",-19,"90.7",2521,"6.5",778179,595978,467793,669717,608070,672356,680757,682657,666134,"54.05",,,,,,,,67,3,"Slider",5,4,4,5,4,5,4,5,"Strategic","Standard",74,"0.008","-0.064","77.7","8.7",,"0.064","97.3",1,-1,0.801,0.19899999999999995,27,25,27,25,1,3,6,2,3,3,"2.85","-0.58","0.58","51.0",16.99661630808376,-5.650209946573334,41.16644831251405,32.93283522034769,36.300138763501984
"FC","2025-04-26","99.1","-0.52","6.16","Clase, Emmanuel",671213,661403,,"foul",,,,,6,"Foul","R","L","R","CLE","BOS","S",,,1,0,2025,"0.67","0.98","0.75","2.94",,,,1,8,"Top",,,,,,,1.8855459655218731,-144.28034344364175,-5.69595171561328,8.963907518298866,33.73590977243815,-17.37084800914188,"3.72","1.73",183,"74.6",20,"99.5",2569,"6.5",778179,595978,467793,669717,608070,672356,680757,682657,666134,"54.02",,,,,,,,67,2,"Cutter",5,4,4,5,4,5,4,5,"Standard","Standard",171,"0.008","-0.049","76.1","7.6",,"0.049","88.0",1,-1,0.793,0.20699999999999996,27,25,27,25,1,3,6,2,3,3,"1.34","-0.67","0.67","54.8",6.115215002950896,5.003730880629234,37.07203891812674,29.90012091432401,25.284287638976117
"FC","2025-04-26","99.1","-0.68","6.02","Clase, Emmanuel",671213,661403,,"ball",,,,,14,"Ball","R","L","R","CLE","BOS","B",,,0,0,2025,"0.29","1","1.13","2.8",,,,1,8,"Top",,,,,,,4.288717085797717,-144.2204923673346,-5.759832241350468,3.049288377953394,33.2096151246667,-17.136355201067463,"3.75","1.9",,,,"99.9",2699,"6.7",778179,595978,467793,669717,608070,672356,680757,682657,666134,"53.8",,,,,,,,67,1,"Cutter",5,4,4,5,4,5,4,5,"Standard","Standard",175,"-0.006","0.039",,,,"-0.039",,1,-1,0.799,0.20099999999999996,27,25,27,25,1,3,6,2,3,3,"1.32","-0.29","0.29","50.1",,,,,
"FC","2025-04-26","99.5","-0.49","6.09","Clase, Emmanuel",692225,661403,"strikeout","swinging_strike",,,,,6,"Kristian Campbell strikes out swinging.","R","R","R","CLE","BOS","S",2,,3,2,2025,"0.62","1.08","0.56","2.83",,,,0,8,"Top",,,,,,,1.4374710294544473,-144.79734156876788,-6.140729664776126,8.367395134274462,33.76039398479169,-15.720892659640734,"3.63","1.75",,,,"100.5",2622,"6.8",778179,595978,467793,669717,608070,672356,680757,682657,666134,"53.66",,0,"0",1,0,0,,66,7,"Cutter",5,4,4,5,4,5,4,5,"Strategic","Strategic",173,"0.067","-0.345","74.2","6.0",,"0.345",,1,-1,0.732,0.268,27,23,27,23,1,3,6,2,3,0,"1.22","-0.62","-0.62","58.1",3.152523797256092,30.646056756218716,34.986247879337014,46.256406167787894,10.322701919525121
"FC","2025-04-26","99.7","-0.67","6.08","Clase, Emmanuel",692225,661403,,"ball",,,,,1,"Ball","R","R","R","CLE","BOS","B",,,2,2,2025,"0.48","1.04","-0.82","3.62",,,,0,8,"Top",,,,,,,-1.5536324092380007,-145.08014476329308,-3.792529027335904,7.13355720400723,37.686781634810224,-16.877838669651144,"3.62","1.78",,,,"99.9",2624,"6.6",778179,595978,467793,669717,608070,672356,680757,682657,666134,"53.87",,,,,,,,66,6,"Cutter",5,4,4,5,4,5,4,5,"Strategic","Strategic",179,"-0.018","0.112",,,,"-0.112",,1,-1,0.75,0.25,27,23,27,23,1,3,6,2,3,0,"1.28","-0.48","-0.48","54.5",,,,,
"FC","2025-04-26","98.8","-0.83","6.15","Clase, Emmanuel",692225,661403,,"ball",,,,,11,"Ball","R","R","R","CLE","BOS","B",,,1,2,2025,"0.55","0.87","-1.73","4.04",,,,0,8,"Top",,,,,,,-3.7391872417233913,-144.0454743355407,-2.4204431808732125,8.482706373683998,30.119277832232385,-19.59156846333022,"3.64","1.68",,,,"99.7",2693,"6.5",778179,595978,467793,669717,608070,672356,680757,682657,666134,"54.02",,,,,,,,66,5,"Cutter",5,4,4,5,4,5,4,5,"Strategic","Strategic",167,"-0.008","0.043",,,,"-0.043",,1,-1,0.758,0.242,27,23,27,23,1,3,6,2,3,0,"1.43","-0.55","-0.55","51.7",,,,,
"SL","2025-04-26","90.2","-1.05","6","Clase, Emmanuel",692225,661403,,"foul",,,,,5,"Foul","R","R","R","CLE","BOS","S",,,1,2,2025,"0.65","0.59","-0.06","2.61",,,,0,8,"Top",,,,,,,1.0636856686886156,-131.3751564520836,-3.7066536241518766,7.2863052301596545,30.236871844002483,-24.758670182363858,"3.63","1.75",228,"84.6",50,"90.5",2550,"6.6",778179,595978,467793,669717,608070,672356,680757,682657,666134,"53.85",,,,,,,,66,4,"Slider",5,4,4,5,4,5,4,5,"Standard","Strategic",78,"0","0","71.9","6.4",,"0","88.0",1,-1,0.758,0.242,27,23,27,23,1,3,6,2,3,0,"2.23","-0.65","-0.65","51.6",9.98786808205905,8.675109866530986,38.146311437995095,37.8718808279886,25.9115166832058
"FC","2025-04-26","98","-1.14","6.09","Clase, Emmanuel",692225,661403,,"ball",,,,,11,"Ball","R","R","R","CLE","BOS","B",,,0,2,2025,"0.26","1.22","-0.75","3.82",,,,0,8,"Top",,,,,,,0.4587231750949314,-142.5300169465043,-3.3639086593305683,3.3758966797767926,39.40345078353433,-15.111663687072438,"3.6","1.7",,,,"97.5",2578,"6.5",778179,595978,467793,669717,608070,672356,680757,682657,666134,"53.99",,,,,,,,66,3,"Cutter",5,4,4,5,4,5,4,5,"Strategic","Strategic",169,"-0.006","0.024",,,,"-0.024",,1,-1,0.764,0.236,27,23,27,23,1,3,6,2,3,0,"1.2","-0.26","-0.26","51.2",,,,,
"FC","2025-04-26","97.5","-1.11","6.07","Clase, Emmanuel",692225,661403,,"swinging_strike",,,,,8,"Swinging Strike","R","R","R","CLE","BOS","S",,,0,1,2025,"0.39","1.16","-0.04","2.03",,,,0,8,"Top",,,,,,,1.9810100185412982,-141.7700107158047,-7.995122743421517,4.781357570304814,35.52267460292238,-14.830091538450008,"3.63","1.75",,,,"97.4",2638,"6.5",778179,595978,467793,669717,608070,672356,680757,682657,666134,"53.99",,,,,,,,66,2,"Cutter",5,4,4,5,4,5,4,5,"Strategic","Standard",169,"0.011","-0.055","75.0","6.3",,"0.055",,1,-1,0.753,0.247,27,23,27,23,1,3,6,2,3,0,"1.26","-0.39","-0.39","49.2",4.748466318831764,19.52133698704146,38.95768066270533,40.846626660534184,20.547501220491267
"SL","2025-04-26","88","-1.26","5.97","Clase, Emmanuel",692225,661403,,"foul",,,,,7,"Foul","R","R","R","CLE","BOS","S",,,0,0,2025,"0.75","-0.06","-0.53","2.25",,,,0,8,"Top",,,,,,,0.2095633882584742,-128.07648315864247,-2.719751152795955,8.140617319218604,29.981104811937758,-32.46527036655828,"3.63","1.75",234,"77",27,"88",2500,"6.6",778179,595978,467793,669717,608070,672356,680757,682657,666134,"53.92",,,,,,,,66,1,"Slider",5,4,4,5,4,5,4,5,"Strategic","Standard",77,"0.008","-0.039","71.7","6.6",,"0.039","88.0",1,-1,0.745,0.255,27,23,27,23,1,3,6,2,3,0,"3.04","-0.75","-0.75","56.7",2.8103582400731746,21.634756646396628,38.9943117652514,35.08645258379695,22.574965378123938
"SL","2025-04-20","89.7","-0.9","5.91","Clase, Emmanuel",457705,661403,"grounded_into_double_play","hit_into_play",,,,,9,"Andrew McCutchen grounds into a double play, shortstop Brayan Rocchio to second baseman Gabriel Arias to first baseman Kyle Manzardo. Bryan Reynolds out at 2nd. Andrew McCutchen out at 1st.","R","R","R","PIT","CLE","X",6,"ground_ball",0,0,2025,"0.67","0.17","0.3","1.91",,663647,668804,1,9,"Bot",115.84,159.28,,,,,1.5727013503684932,-130.6741848414638,-4.255925990663495,7.294164514703525,28.7768316793967,-29.56618706220375,"3.46","1.65",10,"97.2",-10,"90.1",2497,"6.6",778242,595978,700932,672356,608070,677587,680757,682657,678877,"53.92",0.238,0.233,"0",1,0,0,2,77,1,"Slider",4,4,4,4,4,4,4,4,"Standard","Standard",70,"-0.21","-0.314","74.9","7.4",0.268,"0.314","97.2",0,0,0.71,0.71,27,38,27,39,1,4,1,2,6,2,"2.67","-0.67","-0.67","54.5",9.647320546259392,4.595578916636514,36.042378589579556,40.0539419517473,23.656408758317376
"FC","2025-04-20","98.9","-0.75","6.03","Clase, Emmanuel",668804,661403,"single","hit_into_play",,,,,3,"Bryan Reynolds singles on a ground ball to pitcher Emmanuel Clase. Ke'Bryan Hayes to 2nd.","R","L","R","PIT","CLE","X",1,"ground_ball",0,0,2025,"0.3","1.11","0.43","2.78",,,663647,1,9,"Bot",137.28,180.8,,,,,2.5416818010322557,-144.00992135731883,-6.067639120976425,3.6101512011271986,33.476122656796306,-15.521329455829227,"3.12","1.47",20,"80.4",-6,"99.6",2525,"6.6",778242,595978,700932,672356,608070,677587,680757,682657,678877,"53.86",0.106,0.102,"0.9",1,1,0,2,76,1,"Cutter",4,4,4,4,4,4,4,4,"Standard","Strategic",186,"0.075","0.406","73.0","6.0",0.116,"-0.406","88.0",0,0,0.635,0.635,27,30,27,30,1,4,1,1,6,2,"1.22","-0.3","0.3","49.8",-0.8093566595357898,20.839075287263633,38.41794730532242,31.78648587305164,20.631785525193404
"FC","2025-04-20","98.7","-0.79","6.01","Clase, Emmanuel",663647,661403,"single","hit_into_play",,,,,9,"Ke'Bryan Hayes singles on a ground ball to right fielder Jhonkensy Noel. Adam Frazier scores.","R","R","R","PIT","CLE","X",9,"ground_ball",2,1,2025,"0.15","0.93","0.66","1.49",624428,,,1,9,"Bot",154.86,145.09,,,,,3.6193375939052226,-143.50394214890517,-9.099266575993013,1.3248738292535664,31.08924491644979,-17.42397712296891,"3.18","1.47",29,"79.1",-1,"99.5",2566,"6.7",778242,595978,700932,672356,608070,677587,680757,682657,678877,"53.84",0.129,0.114,"0.9",1,1,0,2,75,4,"Cutter",3,4,3,4,4,4,4,4,"Strategic","Strategic",184,"0.207","0.453","67.7","6.9",0.145,"-0.453","88.0",-1,-1,0.428,0.428,27,28,27,28,1,4,1,1,6,2,"1.4","-0.15","-0.15","54.3",-2.6323278547704083,16.03648517515824,29.366310019282636,42.96025369734895,27.643687366467283
"FC","2025-04-20","98.8","-0.72","5.93","Clase, Emmanuel",663647,661403,,"foul",,,,,8,"Foul","R","R","R","PIT","CLE","S",,,2,0,2025,"0.34","1.16","0.27","1.83",624428,,,1,9,"Bot",,,,,,,1.9185334081747465,-143.79412595768437,-8.516084172139887,4.27055509180805,30.949798097689325,-14.335988566465765,"3.18","1.47",201,"77.9",20,"99.7",2571,"6.6",778242,595978,700932,672356,608070,677587,680757,682657,678877,"53.89",,,,,,,,75,3,"Cutter",3,4,3,4,4,3,3,4,"Strategic","Strategic",183,"-0.008","-0.055","71.3","6.4",,"0.055","88.0",-1,-1,0.436,0.436,27,28,27,28,1,4,1,1,6,2,"1.16","-0.34","-0.34","52.5",-13.529352828054105,20.07256648496496,32.52214378362272,38.92158168052954,20.56884581331039
"FC","2025-04-20","99.7","-0.91","5.97","Clase, Emmanuel",663647,661403,,"ball",,,,,14,"Ball","R","R","R","PIT","CLE","B",,,1,0,2025,"0.49","1.08","1.26","2.15",624428,,,1,9,"Bot",,,,,,,4.841194878147324,-145.04983550992003,-7.748810210504896,5.940574587068821,31.177853923525486,-15.324240638482117,"3.22","1.63",,,,"100.8",2539,"6.7",778242,595978,700932,672356,608070,677587,680757,682657,678877,"53.76",,,,,,,,75,2,"Cutter",3,4,3,4,4,3,3,4,"Strategic","Strategic",179,"0.008","0.037",,,,"-0.037",,-1,-1,0.428,0.428,27,28,27,28,1,4,1,1,6,2,"1.2","-0.49","-0.49","52.8",,,,,
"FC","2025-04-20","99.1","-1.02","6","Clase, Emmanuel",663647,661403,,"ball",,,,,11,"Ball","R","R","R","PIT","CLE","B",,,0,0,2025,"0.22","1.16","-1.5","4.15",,624428,,1,9,"Bot",,,,,,,-1.836320304231699,-144.47952017880795,-2.404384382422021,3.505304798441794,31.635340679315306,-15.532775734484582,"3.18","1.56",,,,"99.9",2507,"6.5",778242,595978,700932,672356,608070,677587,680757,682657,678877,"54.02",,,,,,,,75,1,"Cutter",3,4,3,4,4,3,3,4,"Standard","Strategic",172,"0.138","0.028",,,,"-0.028",,-1,-1,0.29,0.29,27,28,27,28,1,4,1,1,6,2,"1.14","-0.22","-0.22","48.0",,,,,
"SL","2025-04-20","87.2","-0.8","5.93","Clase, Emmanuel",643396,661403,"field_out","hit_into_play",,,,,2,"Isiah Kiner-Falefa lines out to left fielder Steven Kwan.","R","R","R","PIT","CLE","X",7,"line_drive",1,2,2025,"0.67","-0.06","-0.01","3.12",,624428,,0,9,"Bot",85.13,70.47,,,,,0.5318706488767607,-127.12346256687654,-0.5363601190800451,7.146307155507412,24.609642822837294,-32.917168396742554,"3.24","1.45",334,"91.5",25,"88.1",2430,"6.6",778242,595978,700932,672356,608070,677587,680757,682657,678877,"53.9",0.091,0.1,"0",1,0,0,3,74,7,"Slider",3,4,3,4,4,3,3,4,"Standard","Standard",56,"-0.119","-0.192","65.5","6.7",0.17,"0.192","91.5",-1,-1,0.409,0.409,27,30,27,30,1,3,1,2,6,2,"3.03","-0.67","-0.67","59.3",12.305837014789429,-5.419697962339104,23.16542333794484,33.94162952622641,33.609048438974284
"FC","2025-04-20","99.2","-0.96","5.92","Clase, Emmanuel",643396,661403,,"foul",,,,,3,"Foul","R","R","R","PIT","CLE","S",,,1,2,2025,"0.44","1.06","0.33","2.74",,624428,,0,9,"Bot",,,,,,,2.526606422564821,-144.49212324007544,-5.808700990327062,5.558646313206593,33.11426981073232,-16.15432273840536,"3.24","1.45",257,"88.1",22,"99.8",2595,"6.5",778242,595978,700932,672356,608070,677587,680757,682657,678877,"53.95",,,,,,,,74,6,"Cutter",3,4,3,4,4,3,3,4,"Standard","Standard",182,"0","0","56.3","5.4",,"0","88.1",-1,-1,0.409,0.409,27,30,27,30,1,3,1,2,6,2,"1.25","-0.44","-0.44","47.6",-19.28766209996059,36.478770163583384,37.07006422216912,38.178550746161754,6.914435918072858
"SL","2025-04-20","89","-0.83","5.96","Clase, Emmanuel",643396,661403,,"foul",,,,,14,"Foul","R","R","R","PIT","CLE","S",,,1,2,2025,"0.77","-0.08","0.72","1.12",,624428,,0,9,"Bot",,,,,,,2.2337283194243054,-129.65353744793316,-5.764843900295346,8.250685953270258,25.082265004973113,-32.11799087262763,"3.24","1.45",,,,"89.9",2492,"6.6",778242,595978,700932,672356,608070,677587,680757,682657,678877,"53.91",,,,,,,,74,5,"Slider",3,4,3,4,4,3,3,4,"Standard","Standard",47,"0","0","64.3","7.5",,"0",,-1,-1,0.409,0.409,27,30,27,30,1,3,1,2,6,2,"2.93","-0.77","-0.77","54.2",8.19478441663482,2.4179587255994424,33.069923216726785,43.66825318384127,29.48161897242614
"SL","2025-04-20","86.8","-0.71","6.01","Clase, Emmanuel",643396,661403,,"foul",,,,,1,"Foul","R","R","R","PIT","CLE","S",,,1,2,2025,"1.06","0.02","-0.44","3.14",,624428,,0,9,"Bot",,,,,,,-1.5364724087877768,-126.50647864147219,-0.7808187048883846,11.728199202569552,24.0999129809023,-32.01652498803079,"3.24","1.45",152,"72.5",63,"87.7",2525,"6.6",778242,595978,700932,672356,608070,677587,680757,682657,678877,"53.88",,,,,,,,74,4,"Slider",3,4,3,4,4,3,3,4,"Standard","Standard",59,"0","0","61.1","6.0",,"0","88.0",-1,-1,0.409,0.409,27,30,27,30,1,3,1,2,6,2,"2.98","-1.06","-1.06","56.4",5.22299614380105,4.595861760895078,29.338646353811484,28.846854524723966,27.096892341244224
"FC","2025-04-20","99","-0.81","6.09","Clase, Emmanuel",643396,661403,,"called_strike",,,,,1,"Called Strike","R","R","R","PIT","CLE","S",,,1,1,2025,"0.51","0.91","-0.67","3.22",,624428,,0,9,"Bot",,,,,,,-0.8006446420673355,-144.14369756523416,-4.566145818744099,7.239707742367617,33.337523603457655,-18.652033459112882,"3.26","1.41",,,,"99.7",2676,"6.6",778242,595978,700932,672356,608070,677587,680757,682657,678877,"53.88",,,,,,,,74,3,"Cutter",3,4,3,4,4,3,3,4,"Strategic","Strategic",179,"-0.031","-0.08",,,,"0.08",,-1,-1,0.44,0.44,27,30,27,30,1,3,1,2,6,2,"1.41","-0.51","-0.51","52.9",,,,,
"SL","2025-04-20","87.9","-1.09","5.93","Clase, Emmanuel",643396,661403,,"missed_bunt",,,,,14,"Missed Bunt","R","R","R","PIT","CLE","S",,,1,0,2025,"0.69","-0.29","0.45","1.24",,624428,,0,9,"Bot",,,,,,,2.30321232704552,-127.9238300105532,-4.599549763689911,6.972866830605044,29.301107774058675,-34.47755212856265,"3.24","1.45",,,,"87.9",2405,"6.6",778242,595978,700932,672356,608070,677587,680757,682657,678877,"53.95",,,,,,,,74,2,"Slider",3,4,3,4,4,3,3,4,"Strategic","Strategic",59,"-0.015","-0.049","11.4","2.0",,"0.049",,-1,-1,0.455,0.455,27,30,27,30,1,3,1,2,6,2,"3.26","-0.69","-0.69","52.5",-35.58383041995041,-35.30330492784636,48.952270201609096,47.090312897138816,24.771059706074936
"SL","2025-04-20","87.7","-0.9","5.93","Clase, Emmanuel",643396,661403,,"ball",,,,,12,"Ball","R","R","R","PIT","CLE","B",,,0,0,2025,"0.91","0.01","0.62","3.73",,624428,,0,9,"Bot",,,,,,,1.8280712660907807,-127.64317598349258,0.848451077180493,9.435893022314621,28.564182122577026,-32.48571589589774,"3.29","1.35",,,,"88.1",2490,"6.7",778242,595978,700932,672356,608070,677587,680757,682657,678877,"53.79",,,,,,,,74,1,"Slider",3,4,3,4,4,3,3,4,"Strategic","Standard",61,"0.007","0.032",,,,"-0.032",,-1,-1,0.448,0.448,27,30,27,30,1,3,1,2,6,2,"2.97","-0.91","-0.91","54.5",,,,,
"FC","2025-04-20","98.6","-0.88","5.98","Clase, Emmanuel",624428,661403,"double","hit_into_play",,,,,8,"Adam Frazier doubles (3) on a ground ball to left fielder Steven Kwan. Enmanuel Valdez scores. Tommy Pham scores.","R","L","R","PIT","CLE","X",7,"ground_ball",1,2,2025,"0.45","0.95","-0.03","1.86",665839,502054,,0,9,"Bot",84.19,162.99,,,,,1.2651131175896748,-143.44794990065185,-7.972978773369633,5.905129600751146,32.518678896519376,-17.405601006618827,"3.13","1.43",52,"76.1",2,"98.8",2556,"6.4",778242,595978,700932,672356,608070,677587,680757,682657,678877,"54.14",0.162,0.142,"1.25",1,1,1,2,73,4,"Cutter",1,4,1,4,4,3,3,4,"Infield shade","Strategic",185,"0.248","0.795","58.2","6.5",0.164,"-0.795","88.0",-3,-3,0.2,0.2,27,33,27,34,1,3,1,1,6,2,"1.39","-0.45","0.45","51.9",-14.700351896520989,24.28082671409997,46.99789758438136,31.114236375347602,9.323989331980984
"FC","2025-04-20","99.3","-0.73","6","Clase, Emmanuel",624428,661403,,"foul",,,,,3,"Foul","R","L","R","PIT","CLE","S",,,1,1,2025,"0.34","1.43","0.72","2.91",665839,502054,,0,9,"Bot",,,,,,,3.2061618813114805,-144.44302833322388,-6.446438053796275,3.9809716380008155,35.89931416217843,-10.932210896908195,"3.13","1.43",209,"69.1",32,"100.3",2577,"7",778242,595978,700932,672356,608070,677587,680757,682657,678877,"53.47",,,,,,,,73,3,"Cutter",1,4,1,4,4,1,1,4,"Infield shade","Strategic",179,"-0.017","-0.066","68.0","6.5",,"0.066","88.0",-3,-3,0.217,0.217,27,33,27,34,1,3,1,1,6,2,"0.9","-0.34","0.34","54.4",9.257178934196869,6.428509952594349,40.043182348042855,22.66516705117443,22.298183681444492
"FC","2025-04-20","98.8","-0.79","5.91","Clase, Emmanuel",624428,661403,,"ball",,,,,12,"Ball","R","L","R","PIT","CLE","B",,,0,1,2025,"0.2","1.18","1.45","2.47",665839,502054,,0,9,"Bot",,,,,,,5.666973017485818,-143.68691109908517,-6.712590950833213,1.4614615739159111,33.774556760195985,-14.479764065740467,"3.18","1.39",,,,"99.3",2687,"6.6",778242,595978,700932,672356,608070,677587,680757,682657,678877,"53.87",,,,,,,,73,2,"Cutter",1,4,1,4,4,1,1,4,"Infield shade","Strategic",176,"0.009","0.027",,,,"-0.027",,-3,-3,0.208,0.208,27,33,27,34,1,3,1,1,6,2,"1.16","-0.2","0.2","51.8",,,,,
"FC","2025-04-20","99.5","-0.93","6.03","Clase, Emmanuel",624428,661403,,"swinging_strike",,,,,2,"Swinging Strike","R","L","R","PIT","CLE","S",,,0,0,2025,"0.38","1.06","0.23","3.11",665839,502054,,0,9,"Bot",,,,,,,2.3199790293698554,-144.93287477203114,-5.141028215874872,4.7966740381417985,34.026211362598566,-16.283552803552098,"3.13","1.43",,,,"100.1",2542,"6.6",778242,595978,700932,672356,608070,677587,680757,682657,678877,"53.94",,,,,,,,73,1,"Cutter",1,4,1,4,4,1,1,4,"Infield shade","Strategic",178,"-0.013","-0.064","64.2","5.7",,"0.064",,-3,-3,0.221,0.221,27,33,27,34,1,3,1,1,6,2,"1.24","-0.38","0.38","56.3",-7.266669089958704,27.70942621823523,37.04834557815363,28.67817983352856,10.660536164769374
"FC","2025-04-20","97.9","-1.11","5.94","Clase, Emmanuel",502054,661403,"double","hit_into_play",,,,,8,"Tommy Pham doubles (3) on a sharp fly ball to center fielder Angel Martínez. Enmanuel Valdez to 3rd.","R","R","R","PIT","CLE","X",8,"fly_ball",2,2,2025,"0.18","0.89","-0.01","2.1",,,665839,0,9,"Bot",132.19,43.86,,,,,2.5718046423293317,-142.4654331554261,-7.026085062724826,1.898196395843232,31.07074034383301,-18.621196661594077,"3.52","1.63",384,"103.9",23,"98.8",2560,"6.7",778242,595978,700932,672356,608070,677587,680757,682657,678877,"53.81",0.6137317073170732,1.1049512195121953,"1.25",1,1,1,6,72,6,"Cutter",1,4,1,4,4,1,1,4,"Standard","Strategic",181,"0.134","0.773","72.8","6.9",2.0953658536585364,"-0.773","103.9",-3,-3,0.087,0.087,27,37,27,37,1,3,1,1,6,2,"1.47","-0.18","-0.18","50.2",0.9049080004219443,-1.2589428565301939,31.3436742654469,37.02476874420317,30.557885227252182
"SL","2025-04-20","90.3","-0.67","5.98","Clase, Emmanuel",502054,661403,,"ball",,,,,14,"Ball","R","R","R","PIT","CLE","B",,,1,2,2025,"0.56","-0.22","1.25","1.34",,,665839,0,9,"Bot",,,,,,,3.6254261337791913,-131.40006534870324,-5.165112938148375,5.71759920347883,27.73693270129125,-33.84899590146223,"3.38","1.54",,,,"91",2501,"6.7",778242,595978,700932,672356,608070,677587,680757,682657,678877,"53.81",,,,,,,,72,5,"Slider",1,4,1,4,4,1,1,4,"Standard","Strategic",57,"0.006","0.036",,,,"-0.036",,-3,-3,0.081,0.081,27,37,27,37,1,3,1,1,6,2,"3.02","-0.56","-0.56","56.4",,,,,
"FC","2025-04-20","98.8","-0.68","6.04","Clase, Emmanuel",502054,661403,,"foul",,,,,14,"Foul","R","R","R","PIT","CLE","S",,,1,2,2025,"0.47","1.11","1.03","2.47",,,665839,0,9,"Bot",,,,,,,3.5770319918486195,-143.8780258242102,-6.978968002493525,5.826497749309725,31.852673090520863,-15.320952211825464,"3.52","1.63",188,"81",17,"99.8",2619,"6.7",778242,595978,700932,672356,608070,677587,680757,682657,678877,"53.78",,,,,,,,72,4,"Cutter",1,4,1,4,4,1,1,4,"Standard","Strategic",179,"0","0","70.2","6.8",,"0","88.0",-3,-3,0.081,0.081,27,37,27,37,1,3,1,1,6,2,"1.21","-0.47","-0.47","54.3",2.187735969322728,9.764398847230481,27.134093592784442,49.27059092221458,23.631761903003383
"SL","2025-04-20","86.9","-0.69","5.91","Clase, Emmanuel",502054,661403,,"swinging_strike",,,,,9,"Swinging Strike","R","R","R","PIT","CLE","S",,,1,1,2025,"1.06","0.57","0.38","1.89",,,665839,0,9,"Bot",,,,,,,0.3860083188797179,-126.48949322642463,-4.637430230002826,11.295065227554428,26.677351300395312,-25.32546444222768,"3.52","1.63",,,,"87.3",2410,"6.6",778242,595978,700932,672356,608070,677587,680757,682657,678877,"53.91",,,,,,,,72,3,"Slider",1,4,1,4,4,1,1,4,"Standard","Strategic",50,"-0.009","-0.07","73.6","8.3",,"0.07",,-3,-3,0.09,0.09,27,37,27,37,1,3,1,1,6,2,"2.46","-1.06","-1.06","53.6",22.687017842778186,-28.656732806550192,32.461081074464346,39.72117327834329,51.54537616868468
"FC","2025-04-20","98.5","-0.81","6","Clase, Emmanuel",502054,661403,,"called_strike",,,,,14,"Called Strike","R","R","R","PIT","CLE","S",,,1,0,2025,"0.52","0.9","1.02","2.37",,,665839,0,9,"Bot",,,,,,,3.776814322738918,-143.52460005214434,-6.616333601528431,6.5727461196979595,27.984341051031386,-18.450876455106794,"3.48","1.68",,,,"99.8",2680,"6.6",778242,595978,700932,672356,608070,677587,680757,682657,678877,"53.91",,,,,,,,72,2,"Cutter",1,4,1,4,4,1,1,4,"Standard","Strategic",172,"-0.012","-0.048",,,,"0.048",,-3,-3,0.102,0.102,27,37,27,37,1,3,1,1,6,2,"1.41","-0.52","-0.52","51.8",,,,,
"SL","2025-04-20","87.4","-0.95","6.04","Clase, Emmanuel",502054,661403,,"ball",,,,,14,"Ball","R","R","R","PIT","CLE","B",,,0,0,2025,"0.65","0.06","0.1","1.53",,,665839,0,9,"Bot",,,,,,,1.1805977744968303,-127.28450561517893,-4.903225712389442,6.924498325591319,24.184238341643375,-30.834109882479904,"3.51","1.71",,,,"88.1",2491,"6.5",778242,595978,700932,672356,608070,677587,680757,682657,678877,"54",,,,,,,,72,1,"Slider",1,4,1,4,4,1,1,4,"Standard","Strategic",59,"0.01","0.04",,,,"-0.04",,-3,-3,0.092,0.092,27,37,27,37,1,3,1,1,6,2,"2.91","-0.65","-0.65","55.2",,,,,
"SL","2025-04-20","87","-0.73","5.96","Clase, Emmanuel",665839,661403,"walk","ball",,,,,14,"Enmanuel Valdez walks.","R","L","R","PIT","CLE","B",,,3,2,2025,"0.89","0.41","1.23","1.59",,,,0,9,"Bot",,,,,,,2.886337654363449,-126.67281933579537,-5.170253353710787,8.939111948650494,26.239895252466432,-26.878690623459175,"3.24","1.59",,,,"87.3",2425,"6.5",778242,595978,700932,672356,608070,677587,680757,682657,678877,"54",,0.691497,"0.7",1,0,0,,71,7,"Slider",1,4,1,4,4,1,1,4,"Infield shade","Standard",43,"0.042","0.356",,,,"-0.356",,-3,-3,0.05,0.05,27,26,27,27,1,1,1,1,6,2,"2.6","-0.89","0.89","57.5",,,,,
"FC","2025-04-20","98.4","-0.74","6","Clase, Emmanuel",665839,661403,,"foul",,,,,12,"Foul","R","L","R","PIT","CLE","S",,,3,2,2025,"0.43","1.16","0.73","3.54",,,,0,9,"Bot",,,,,,,3.0269005606782753,-143.3100266926327,-3.9394619761861946,5.162465081181025,33.00561758062209,-15.428797295519505,"3.27","1.6",215,"78.7",21,"99",2542,"6.6",778242,595978,700932,672356,608070,677587,680757,682657,678877,"53.94",,,,,,,,71,6,"Cutter",1,4,1,4,4,1,1,4,"Infield shade","Standard",180,"0","0","71.8","7.0",,"0","88.0",-3,-3,0.05,0.05,27,26,27,27,1,1,1,1,6,2,"1.19","-0.43","0.43","52.7",11.979555844932706,-6.718581345274452,19.613014996825477,25.301105946598128,23.61021891125967
"FC","2025-04-20","98.5","-0.78","6.04","Clase, Emmanuel",665839,661403,,"ball",,,,,14,"Ball","R","L","R","PIT","CLE","B",,,2,2,2025,"0.36","0.97","1.5","1.13",,,,0,9,"Bot",,,,,,,5.387137919544362,-143.1987509466574,-10.226301663280376,3.7387725868906476,31.257796531946934,-16.702388068151038,"3.16","1.58",,,,"99.4",2529,"6.7",778242,595978,700932,672356,608070,677587,680757,682657,678877,"53.81",,,,,,,,71,5,"Cutter",1,4,1,4,4,1,1,4,"Infield shade","Standard",185,"0.009","0.112",,,,"-0.112",,-3,-3,0.041,0.041,27,26,27,27,1,1,1,1,6,2,"1.37","-0.36","0.36","52.7",,,,,
"FC","2025-04-20","97.5","-0.98","5.96","Clase, Emmanuel",665839,661403,,"called_strike",,,,,14,"Called Strike","R","L","R","PIT","CLE","S",,,2,1,2025,"0.13","1.04","0.95","2.34",,,,0,9,"Bot",,,,,,,4.9238306887028,-141.8192882666794,-6.638031178293567,0.5951698993838375,31.576468693515302,-16.809629226553874,"3.15","1.56",,,,"97.8",2651,"6.4",778242,595978,700932,672356,608070,677587,680757,682657,678877,"54.07",,,,,,,,71,4,"Cutter",1,4,1,4,4,1,1,4,"Infield shade","Strategic",184,"-0.007","-0.073",,,,"0.073",,-3,-3,0.048,0.048,27,26,27,27,1,1,1,1,6,2,"1.35","-0.13","0.13","53.0",,,,,
"FC","2025-04-20","97.5","-0.87","5.88","Clase, Emmanuel",665839,661403,,"called_strike",,,,,4,"Called Strike","R","L","R","PIT","CLE","S",,,2,0,2025,"0.23","1.18","-0.29","2.28",,,,0,9,"Bot",,,,,,,1.0092364642445557,-141.98980819028654,-6.942052349612791,2.92169155119474,30.369631572731056,-14.864000560634926,"3.24","1.63",,,,"98.3",2550,"6.6",778242,595978,700932,672356,608070,677587,680757,682657,678877,"53.95",,,,,,,,71,3,"Cutter",1,4,1,4,4,1,1,4,"Infield shade","Strategic",184,"-0.01","-0.072",,,,"0.072",,-3,-3,0.058,0.058,27,26,27,27,1,1,1,1,6,2,"1.2","-0.23","0.23","53.3",,,,,
"SL","2025-04-20","87.6","-0.94","5.94","Clase, Emmanuel",665839,661403,,"ball",,,,,14,"Ball","R","L","R","PIT","CLE","B",,,1,0,2025,"0.59","0.03","0.52","0.47",,,,0,9,"Bot",,,,,,,2.3062787874448367,-127.53306578844384,-7.198666012946077,5.97734993842031,25.830654976651694,-30.58669656632595,"3.23","1.58",,,,"88",2420,"6.5",778242,595978,700932,672356,608070,677587,680757,682657,678877,"54.05",,,,,,,,71,2,"Slider",1,4,1,4,4,1,1,4,"Infield shade","Strategic",63,"0.01","0.077",,,,"-0.077",,-3,-3,0.048,0.048,27,26,27,27,1,1,1,1,6,2,"2.93","-0.59","0.59","55.9",,,,,
"FC","2025-04-20","97.3","-0.82","6.1","Clase, Emmanuel",665839,661403,,"ball",,,,,12,"Ball","R","L","R","PIT","CLE","B",,,0,0,2025,"0.43","0.99","0.67","3.88",,,,0,9,"Bot",,,,,,,3.0122312085259826,-141.81275800183934,-2.737099545009418,5.162703307092963,31.21293755252915,-18.34847152682654,"3.31","1.54",,,,"97.9",2539,"6.4",778242,595978,700932,672356,608070,677587,680757,682657,678877,"54.07",,,,,,,,71,1,"Cutter",1,4,1,4,4,1,1,4,"Infield shade","Strategic",181,"0.005","0.041",,,,"-0.041",,-3,-3,0.043,0.043,27,26,27,27,1,1,1,1,6,2,"1.4","-0.43","0.43","48.3",,,,,
"FC","2025-04-19","100.7","-0.84","5.99","Clase, Emmanuel",624428,661403,"field_out","hit_into_play",,,,,3,"Adam Frazier grounds out, shortstop Brayan Rocchio to first baseman Carlos Santana.","R","L","R","PIT","CLE","X",6,"ground_ball",0,0,2025,"0.19","1.19","0.34","2.84",,,,2,9,"Bot",136.88,148.17,,,,,2.833986809749764,-146.52164159434014,-6.2285082553578,2.1364393497981555,34.28135187033469,-13.8321759625947,"3.13","1.43",111,"55.9",18,"100.9",2781,"6.4",778254,666310,467793,672356,608070,677587,680757,657041,682657,"54.11",0.192,0.173,"0",1,0,0,1,69,1,"Cutter",0,3,0,3,3,0,0,3,"Standard","Strategic",193,"-0.005","-0.26","63.4","6.4",0.192,"0.26","88.0",-3,-3,0.005,0.005,27,33,27,34,1,3,1,1,1,1,"1.06","-0.19","0.19","50.5",-1.3622485439921228,11.830680334342556,37.77921716372864,27.16651411005648,17.850256868173346
"SL","2025-04-19","88.7","-0.73","5.95","Clase, Emmanuel",502054,661403,"field_out","hit_into_play",,,,,5,"Tommy Pham flies out to center fielder Lane Thomas.","R","R","R","PIT","CLE","X",8,"fly_ball",1,0,2025,"0.93","0.15","0.07","2.43",,,,1,9,"Bot",152.06,77.32,,,,,0.03001353259352224,-129.3418440474124,-2.9478412101996376,10.474241894412666,25.059307701337055,-30.06524981323557,"3.52","1.64",314,"90.2",38,"89.3",2544,"6.4",778254,666310,467793,672356,608070,677587,680757,657041,682657,"54.12",0.02,0.026,"0",1,0,0,3,68,2,"Slider",0,3,0,3,3,0,0,3,"Standard","Standard",61,"-0.016","-0.293","68.4","6.8",0.044,"0.293","90.2",-3,-3,0.021,0.021,27,37,27,37,1,3,1,2,1,1,"2.71","-0.93","-0.93","54.0",4.836440294786727,8.12324317065901,25.54896176081525,37.86384715821107,30.082054730223078
"FC","2025-04-19","100.9","-0.98","6.04","Clase, Emmanuel",502054,661403,,"ball",,,,,1,"Ball","R","R","R","PIT","CLE","B",,,0,0,2025,"0.39","0.91","-0.71","3.5",,,,1,9,"Bot",,,,,,,-0.1881845940683627,-147.00903200326584,-3.985028895322258,5.687048920624026,32.54704812061604,-18.166507264624713,"3.54","1.66",,,,"101.8",2666,"6.5",778254,666310,467793,672356,608070,677587,680757,657041,682657,"53.96",,,,,,,,68,1,"Cutter",0,3,0,3,3,0,0,3,"Standard","Standard",181,"0.003","0.039",,,,"-0.039",,-3,-3,0.018,0.018,27,37,27,37,1,3,1,2,1,1,"1.31","-0.39","-0.39","51.3",,,,,
"FC","2025-04-19","99.7","-0.8","5.89","Clase, Emmanuel",665839,661403,"triple","hit_into_play",,,,,7,"Pirates challenged (tag play), call on the field was upheld: Enmanuel Valdez triples (2) on a line drive to center fielder Lane Thomas. Enmanuel Valdez out at home on the throw, center fielder Lane Thomas to shortstop Brayan Rocchio to third baseman José Ramírez.","R","L","R","PIT","CLE","X",8,"line_drive",1,1,2025,"0.39","1.04","-0.32","1.98",,,,0,9,"Bot",103.48,48.48,,,,,0.399817938896321,-145.14860397124156,-7.852348997809049,5.366075062295965,33.15162498435258,-15.919298281070555,"3.26","1.6",248,"101.7",10,"100.3",2585,"6.5",778254,666310,467793,672356,608070,677587,680757,657041,682657,"53.98",0.871,0.867,"1.6",1,1,2,4,67,3,"Cutter",0,3,0,3,3,0,0,3,"Infield shade","Strategic",193,"-0.024","0.932",,,1.085,"-0.932","101.7",-3,-3,0.042,0.042,27,26,27,27,1,3,1,1,1,1,"1.25","-0.39","0.39","47.6",,,,,
"FC","2025-04-19","99.6","-0.8","5.9","Clase, Emmanuel",665839,661403,,"foul",,,,,12,"Foul","R","L","R","PIT","CLE","S",,,1,0,2025,"0.41","0.79","1.34","2.47",,,,0,9,"Bot",,,,,,,4.969458081682041,-145.14603262928856,-6.052213962934838,4.9760535429334665,27.28042992634232,-19.853989613447553,"3.26","1.6",26,"63",-2,"101.2",2567,"6.6",778254,666310,467793,672356,608070,677587,680757,657041,682657,"53.86",,,,,,,,67,2,"Cutter",0,3,0,3,3,0,0,3,"Infield shade","Strategic",178,"-0.006","-0.05","72.2","7.7",,"0.05","88.0",-3,-3,0.048,0.048,27,26,27,27,1,3,1,1,1,1,"1.46","-0.41","0.41","48.3",11.569444673640332,-19.885772358568417,31.505276019498314,18.597256168093377,27.94941339221896
"FC","2025-04-19","98.9","-0.76","5.93","Clase, Emmanuel",665839,661403,,"ball",,,,,12,"Ball","R","L","R","PIT","CLE","B",,,0,0,2025,"0.4","0.8","1.16","3.42",,,,0,9,"Bot",,,,,,,4.330976935378965,-144.12580176105084,-3.364155454780437,4.745159727537254,30.43750001272847,-20.407649896998013,"3.25","1.41",,,,"99.9",2551,"6.6",778254,666310,467793,672356,608070,677587,680757,657041,682657,"53.95",,,,,,,,67,1,"Cutter",0,3,0,3,3,0,0,3,"Infield shade","Strategic",187,"0.005","0.041",,,,"-0.041",,-3,-3,0.043,0.043,27,26,27,27,1,3,1,1,1,1,"1.51","-0.4","0.4","49.0",,,,,
"SL","2025-04-18","90","-0.72","6.03","Clase, Emmanuel",669261,661403,"strikeout","swinging_strike",,,,,1,"Jack Suwinski strikes out swinging.","R","L","R","PIT","CLE","S",2,,2,2,2025,"0.35","0.76","-0.7","3.26",,665839,663698,2,9,"Bot",,,,,,,-0.7029633915539869,-131.1479046416723,-2.5954476947470027,4.196925742876527,25.664649518229222,-22.997243935595836,"3.5","1.64",,,,"90.9",2520,"6.6",778271,666310,467793,672356,608070,677587,680757,657041,678877,"53.92",,0,"0",1,0,0,,86,5,"Slider",7,10,7,10,10,7,7,10,"Infield shade","Strategic",78,"-0.045","-0.203","71.8","7.4",,"0.203",,-3,-3,0.045,0.045,27,26,27,27,1,4,3,3,1,1,"2.03","-0.35","0.35","59.8",7.417563291426558,21.393901233453857,22.929256421400503,42.26836035951861,14.109816075356985
"FC","2025-04-18","99.1","-0.85","6","Clase, Emmanuel",669261,661403,,"swinging_strike",,,,,14,"Swinging Strike","R","L","R","PIT","CLE","S",,,2,1,2025,"0.5","0.78","1.01","1.46",,665839,663698,2,9,"Bot",,,,,,,3.975018420192562,-144.10559190987087,-8.906678501504649,6.1207239849578015,31.112608664135195,-19.563928878987188,"3.5","1.64",,,,"100.2",2651,"6.8",778271,666310,467793,672356,608070,677587,680757,657041,678877,"53.72",,,,,,,,86,4,"Cutter",7,10,7,10,10,7,7,10,"Infield shade","Strategic",182,"-0.006","-0.08","43.5","5.7",,"0.08",,-3,-3,0.051,0.051,27,26,27,27,1,4,3,3,1,1,"1.53","-0.5","0.5","53.5",-33.86933674517517,51.673354826424465,49.932475788892624,21.451934502088285,-4.41584818379679
"FC","2025-04-18","97.8","-0.69","6.09","Clase, Emmanuel",669261,661403,,"ball",,,,,11,"Ball","R","L","R","PIT","CLE","B",,,1,1,2025,"0.61","0.94","-0.35","4.19",,665839,663698,2,9,"Bot",,,,,,,-0.4606044536695002,-142.59047104898187,-1.8634925019980735,8.417023451687637,30.277781823373868,-19.08565448791589,"3.42","1.56",,,,"99",2594,"6.7",778271,666310,467793,672356,608070,677587,680757,657041,678877,"53.84",,,,,,,,86,3,"Cutter",7,10,7,10,10,7,7,10,"Infield shade","Strategic",180,"0.006","0.03",,,,"-0.03",,-3,-3,0.045,0.045,27,26,27,27,1,4,3,3,1,1,"1.42","-0.61","0.61","55.2",,,,,
"FC","2025-04-18","98.6","-0.71","6.04","Clase, Emmanuel",669261,661403,,"ball",,,,,3,"Ball","R","L","R","PIT","CLE","B",,,0,1,2025,"0.64","0.91","0.62","3.48",,665839,663698,2,9,"Bot",,,,,,,2.1499473271292255,-143.65335653697406,-3.7376607925519694,8.542717112295668,29.686884754019545,-18.85705760250054,"3.39","1.58",,,,"99.8",2557,"6.6",778271,666310,467793,672356,608070,677587,680757,657041,678877,"53.87",,,,,,,,86,2,"Cutter",7,10,7,10,10,7,7,10,"Standard","Strategic",180,"0.001","0.018",,,,"-0.018",,-3,-3,0.044,0.044,27,26,27,27,1,4,3,3,1,1,"1.41","-0.64","0.64","55.0",,,,,
"FC","2025-04-18","99.3","-0.81","6.17","Clase, Emmanuel",669261,661403,,"called_strike",,,,,3,"Called Strike","R","L","R","PIT","CLE","S",,,0,0,2025,"0.56","0.86","0.47","3.52",,665839,663698,2,9,"Bot",,,,,,,2.2018408092798727,-144.67170120573246,-3.9419123968148417,7.450226269523529,30.549790851074544,-19.351957817864704,"3.51","1.66",,,,"100.3",2610,"6.6",778271,666310,467793,672356,608070,677587,680757,657041,678877,"53.95",,,,,,,,86,1,"Cutter",7,10,7,10,10,7,7,10,"Infield shade","Strategic",176,"-0.002","-0.047",,,,"0.047",,-3,-3,0.046,0.046,27,26,27,27,1,4,3,3,1,1,"1.43","-0.56","0.56","55.2",,,,,
"FC","2025-04-18","99.2","-0.72","6.03","Clase, Emmanuel",663698,661403,"walk","ball",,,,,14,"Joey Bart walks.","R","R","R","PIT","CLE","B",,,3,0,2025,"0.53","0.73","0.93","2.06",,665839,,2,9,"Bot",,,,,,,3.292992510783427,-144.44815718768706,-7.25584285863121,6.78790076260131,31.540518801031002,-20.521287849244576,"3.3","1.53",,,,"100.5",2726,"6.8",778271,666310,467793,672356,608070,677587,680757,657041,678877,"53.66",,0.691497,"0.7",1,0,0,,85,4,"Cutter",7,10,7,10,10,7,7,10,"Standard","Standard",174,"0.012","0.034",,,,"-0.034",,-3,-3,0.034,0.034,27,28,27,29,1,4,3,1,1,2,"1.57","-0.53","-0.53","55.0",,,,,
"FC","2025-04-18","100","-0.77","6.04","Clase, Emmanuel",663698,661403,,"ball",,,,,13,"Ball","R","R","R","PIT","CLE","B",,,2,0,2025,"0.52","0.97","-1.12","1.47",,665839,,2,9,"Bot",,,,,,,-2.1924178471753217,-145.48122341315283,-9.570584684945697,7.861223696090644,33.725957226076545,-16.320627292897207,"3.27","1.5",,,,"100.7",2646,"6.6",778271,666310,467793,672356,608070,677587,680757,657041,678877,"53.86",,,,,,,,85,3,"Cutter",7,10,7,10,10,7,7,10,"Standard","Standard",177,"0.009","0.041",,,,"-0.041",,-3,-3,0.025,0.025,27,28,27,29,1,4,3,1,1,2,"1.3","-0.52","-0.52","54.7",,,,,
"FC","2025-04-18","98.8","-0.85","6.19","Clase, Emmanuel",663698,661403,,"ball",,,,,11,"Ball","R","R","R","PIT","CLE","B",,,1,0,2025,"0.68","0.99","-1.23","3.66",,665839,,2,9,"Bot",,,,,,,-2.6339008793153313,-143.8788578377695,-3.8126253456666026,10.128070745804163,31.28003672945122,-17.75237271968001,"3.19","1.5",,,,"99.6",2583,"6.6",778271,666310,467793,672356,608070,677587,680757,657041,678877,"53.95",,,,,,,,85,2,"Cutter",7,10,7,10,10,7,7,10,"Standard","Standard",186,"0.006","0.028",,,,"-0.028",,-3,-3,0.019,0.019,27,28,27,29,1,4,3,1,1,2,"1.33","-0.68","-0.68","58.4",,,,,
"FC","2025-04-18","99.6","-0.91","6.21","Clase, Emmanuel",663698,661403,,"ball",,,,,11,"Ball","R","R","R","PIT","CLE","B",,,0,0,2025,"0.59","1.04","-0.03","3.95",,665839,,2,9,"Bot",,,,,,,1.0201278930014466,-145.17649381186507,-3.337122415964799,8.168940714932521,32.326826673887595,-16.83684517630418,"3.25","1.56",,,,"100.3",2538,"6.5",778271,666310,467793,672356,608070,677587,680757,657041,678877,"54",,,,,,,,85,1,"Cutter",7,10,7,10,10,7,7,10,"Standard","Standard",176,"0.003","0.019",,,,"-0.019",,-3,-3,0.016,0.016,27,28,27,29,1,4,3,1,1,2,"1.24","-0.59","-0.59","61.4",,,,,
"FC","2025-04-15","99.9","-0.66","6.19","Clase, Emmanuel",668939,661403,"field_out","hit_into_play",,,,,2,"Adley Rutschman lines out to left fielder Steven Kwan.","R","L","R","BAL","CLE","X",7,"line_drive",1,2,2025,"0.26","1.12","-0.26","2.83",,,656811,2,9,"Bot",51.02,84.59,,,,,0.4888751830745132,-145.52454391476846,-6.580537038110934,3.552231905208747,32.096851017988776,-14.871893796563866,"3.35","1.64",338,"100",24,"100.6",2472,"6.5",778317,666310,467793,672356,608070,677587,680757,657041,682657,"54",0.4110416666666667,0.7037083333333335,"0",1,0,0,6,78,4,"Cutter",3,6,3,6,6,3,3,6,"Strategic","Standard",180,"-0.015","-0.182","70.5","6.2",1.3212083333333333,"0.182","100.0",-3,-3,0.015,0.015,27,27,27,27,1,4,3,2,3,1,"1.14","-0.26","0.26","52.1",-4.427141011183771,14.288733773060452,32.13507339669413,38.11287190538246,17.42707054702275
"FC","2025-04-15","98.5","-0.58","6.06","Clase, Emmanuel",668939,661403,,"blocked_ball",,,,,14,"Ball In Dirt","R","L","R","BAL","CLE","B",,,0,2,2025,"0.27","1.1","1.22","0.78",,,656811,2,9,"Bot",,,,,,,4.272382677113211,-143.2189203906411,-11.568581207000378,2.9627380972943382,28.546355498200295,-14.665277711784514,"3.36","1.61",,,,"99.6",2530,"6.6",778317,666310,467793,672356,608070,677587,680757,657041,682657,"53.86",,,,,,,,78,3,"Cutter",3,6,3,6,6,3,3,6,"Infield shade","Standard",189,"0","0.009",,,,"-0.009",,-3,-3,0.015,0.015,27,27,27,27,1,4,3,2,3,1,"1.22","-0.27","0.27","52.2",,,,,
"FC","2025-04-15","98.7","-0.78","6.14","Clase, Emmanuel",668939,661403,,"foul",,,,,12,"Foul","R","L","R","BAL","CLE","S",,,0,1,2025,"0.02","0.99","0.34","3.76",,,656811,2,9,"Bot",,,,,,,3.0162024447358613,-143.75725454297208,-3.3216159083857697,-0.4990438799419744,33.93365025315158,-17.919725771197218,"3.35","1.64",173,"80.5",66,"99.1",2478,"6.5",778317,666310,467793,672356,608070,677587,680757,657041,682657,"54.01",,,,,,,,78,2,"Cutter",3,6,3,6,6,3,3,6,"Strategic","Standard",176,"0","-0.055","57.4","5.6",,"0.055","88.0",-3,-3,0.015,0.015,27,27,27,27,1,4,3,2,3,1,"1.35","-0.02","0.02","47.9",6.014812593285277,6.744231258785136,22.42831793425247,31.13583114037014,18.681885323603566
"FC","2025-04-15","99.3","-0.55","6.1","Clase, Emmanuel",668939,661403,,"called_strike",,,,,2,"Called Strike","R","L","R","BAL","CLE","S",,,0,0,2025,"0.33","0.96","0.22","2.98",,,656811,2,9,"Bot",,,,,,,1.3311227444750067,-144.62980048825435,-5.444765529242927,4.433542153908514,31.563448179023794,-17.651988046195434,"3.24","1.55",,,,"100",2451,"6.5",778317,666310,467793,672356,608070,677587,680757,657041,682657,"54.02",,,,,,,,78,1,"Cutter",3,6,3,6,6,3,3,6,"Standard","Standard",171,"0","-0.042",,,,"0.042",,-3,-3,0.015,0.015,27,27,27,27,1,4,3,2,3,1,"1.34","-0.33","0.33","50.1",,,,,
"FC","2025-04-15","98.6","-0.6","6.18","Clase, Emmanuel",676059,661403,"field_out","hit_into_play",,,,,5,"Jordan Westburg pops out to second baseman Gabriel Arias.","R","R","R","BAL","CLE","X",4,"popup",0,2,2025,"0.15","1.07","0.06","2.82",,,656811,1,9,"Bot",153.84,151.68,,,,,1.4593615581341273,-143.55485220708678,-6.251101532084195,1.8370703833832127,31.01467399627998,-16.137847096249114,"3.52","1.65",157,"91",64,"99.3",2489,"6.5",778317,666310,467793,672356,608070,677587,680757,657041,682657,"54.02",0.01,0.009,"0",1,0,0,3,77,3,"Cutter",3,6,3,6,6,3,3,6,"Standard","Strategic",187,"-0.02","-0.169","70.1","6.9",0.012,"0.169","91.0",-3,-3,0.035,0.035,27,26,27,26,1,4,3,2,3,2,"1.26","-0.15","-0.15","53.9",10.742343307566037,-6.436232554896561,30.01012093811672,41.52180807742404,32.4092360384014
"FC","2025-04-15","98.6","-0.67","6.18","Clase, Emmanuel",676059,661403,,"swinging_strike",,,,,1,"Swinging Strike","R","R","R","BAL","CLE","S",,,0,1,2025,"0.39","0.94","-0.67","3.09",,,656811,1,9,"Bot",,,,,,,-0.9172671491689779,-143.5924560729144,-5.17370787312263,5.658109416837175,32.45541537886603,-18.15140469089983,"3.52","1.65",,,,"99",2530,"6.4",778317,666310,467793,672356,608070,677587,680757,657041,682657,"54.1",,,,,,,,77,2,"Cutter",3,6,3,6,6,3,3,6,"Standard","Standard",175,"-0.006","-0.047","64.5","5.2",,"0.047",,-3,-3,0.041,0.041,27,26,27,26,1,4,3,2,3,2,"1.39","-0.39","-0.39","51.8",-8.317386191080663,29.30614154612228,33.45095245587049,34.31485373848116,9.952128064426036
"FC","2025-04-15","98.1","-0.93","6.02","Clase, Emmanuel",676059,661403,,"called_strike",,,,,11,"Called Strike","R","R","R","BAL","CLE","S",,,0,0,2025,"0.49","0.81","-0.9","3.17",,,656811,1,9,"Bot",,,,,,,-1.061214136498938,-142.92551625875979,-4.18051443997443,6.982666281251781,31.468503260295616,-20.320354027936965,"3.41","1.65",,,,"98.9",2558,"6.5",778317,666310,467793,672356,608070,677587,680757,657041,682657,"53.96",,,,,,,,77,1,"Cutter",3,6,3,6,6,3,3,6,"Standard","Standard",170,"-0.005","-0.04",,,,"0.04",,-3,-3,0.046,0.046,27,26,27,26,1,4,3,2,3,2,"1.54","-0.49","-0.49","54.4",,,,,
"FC","2025-04-15","99","-0.47","6.16","Clase, Emmanuel",656811,661403,"single","hit_into_play",,,,,3,"Ryan O'Hearn singles on a line drive to right fielder Angel Martínez.","R","L","R","BAL","CLE","X",9,"line_drive",0,0,2025,"0.35","1.13","0.68","3.15",,,,1,9,"Bot",181.45,111.13,,,,,2.3081962954698048,-144.10756432748164,-5.448325304977621,4.353282639984831,35.1241254126896,-15.3368352933869,"3.41","1.62",258,"95.2",20,"99.3",2518,"6.5",778317,666310,467793,672356,608070,677587,680757,657041,682657,"53.95",0.256,0.275,"0.9",1,1,0,4,76,1,"Cutter",3,6,3,6,6,3,3,6,"Standard","Strategic",179,"0.028","0.414","79.3","6.8",0.422,"-0.414","95.2",-3,-3,0.018,0.018,27,31,27,32,1,0,3,2,3,1,"1.2","-0.35","0.35","51.8",7.890889896922395,-4.41115297240922,26.22818660760969,31.373122835320885,27.527947763566896
"FC","2025-04-15","98.2","-0.55","6.15","Clase, Emmanuel",677008,661403,"strikeout","swinging_strike",,,,,2,"Heston Kjerstad strikes out swinging.","R","L","R","BAL","CLE","S",2,,3,2,2025,"0.22","1.21","-0.16","3.5",,,,0,9,"Bot",,,,,,,0.5457320706464628,-142.89974401928882,-4.468949344874695,2.928216925059448,34.992497836277245,-14.829841393653833,"3.84","1.79",,,,"98.3",2542,"6.5",778317,666310,467793,672356,608070,677587,680757,657041,682657,"54.03",,0,"0",1,0,0,,75,6,"Cutter",3,6,3,6,6,3,3,6,"Strategic","Standard",175,"-0.032","-0.345","68.4","5.4",,"0.345",,-3,-3,0.05,0.05,27,26,27,26,1,0,3,2,3,1,"1.17","-0.22","0.22","52.3",-3.0637149476860337,35.283422917537976,31.70491227477401,38.971508845718475,10.173638304514192
"FC","2025-04-15","97.8","-0.84","6.18","Clase, Emmanuel",677008,661403,,"ball",,,,,14,"Ball","R","L","R","BAL","CLE","B",,,2,2,2025,"0.28","1.18","1.31","1.43",,,,0,9,"Bot",,,,,,,5.176252106339337,-142.07894840546564,-10.025926734466907,2.540624137408073,33.19888708262829,-14.024200856915268,"3.93","1.84",,,,"97.9",2600,"6.5",778317,666310,467793,672356,608070,677587,680757,657041,682657,"54.04",,,,,,,,75,5,"Cutter",3,6,3,6,6,3,3,6,"Strategic","Standard",178,"0.009","0.112",,,,"-0.112",,-3,-3,0.041,0.041,27,26,27,26,1,0,3,2,3,1,"1.21","-0.28","0.28","51.2",,,,,
"FC","2025-04-15","98.6","-0.6","6.21","Clase, Emmanuel",677008,661403,,"ball",,,,,14,"Ball","R","L","R","BAL","CLE","B",,,1,2,2025,"0.45","0.95","2.06","2.74",,,,0,9,"Bot",,,,,,,6.193737524558949,-143.4358642678615,-6.212264244245894,4.824089869406492,32.91829914878402,-17.753723628042305,"3.78","1.87",,,,"98.9",2504,"6.5",778317,666310,467793,672356,608070,677587,680757,657041,682657,"54.05",,,,,,,,75,4,"Cutter",3,6,3,6,6,3,3,6,"Strategic","Standard",174,"0.004","0.043",,,,"-0.043",,-3,-3,0.037,0.037,27,26,27,26,1,0,3,2,3,1,"1.39","-0.45","0.45","53.3",,,,,
"FC","2025-04-15","97.8","-0.65","6.2","Clase, Emmanuel",677008,661403,,"swinging_strike",,,,,3,"Swinging Strike","R","L","R","BAL","CLE","S",,,1,1,2025,"0.17","0.98","0.37","3.64",,,,0,9,"Bot",,,,,,,2.3890199388341404,-142.48182181393668,-3.6849005942080586,1.7387811490582696,33.635462811048995,-18.180804588463143,"3.84","1.79",,,,"98",2671,"6.4",778317,666310,467793,672356,608070,677587,680757,657041,682657,"54.1",,,,,,,,75,3,"Cutter",3,6,3,6,6,3,3,6,"Standard","Standard",166,"-0.005","-0.061","68.8","5.7",,"0.061",,-3,-3,0.042,0.042,27,26,27,26,1,0,3,2,3,1,"1.4","-0.17","0.17","52.2",3.986467504914584,23.06740717024237,35.47649409745618,33.60536670068968,17.99571226113835
"FC","2025-04-15","98.2","-0.77","6.11","Clase, Emmanuel",677008,661403,,"foul",,,,,6,"Foul","R","L","R","BAL","CLE","S",,,1,0,2025,"0.36","0.96","0.49","3.05",,,,0,9,"Bot",,,,,,,2.5769294806521645,-143.0420920096545,-5.0996042932854415,4.393507926680555,30.85388759233624,-18.053190787923434,"3.84","1.79",126,"64.6",18,"98.8",2634,"6.4",778317,666310,467793,672356,608070,677587,680757,657041,682657,"54.06",,,,,,,,75,2,"Cutter",3,6,3,6,6,3,3,6,"Standard","Standard",174,"-0.006","-0.05","64.7","5.3",,"0.05","88.0",-3,-3,0.048,0.048,27,26,27,26,1,0,3,2,3,1,"1.39","-0.36","0.36","49.8",-15.097967939234628,34.964037426795365,39.79550357126871,31.474181082535587,12.332128501637454
"FC","2025-04-15","97.3","-0.34","6.17","Clase, Emmanuel",677008,661403,,"ball",,,,,14,"Ball","R","L","R","BAL","CLE","B",,,0,0,2025,"0.48","1.02","1.82","1.83",,,,0,9,"Bot",,,,,,,4.694687258688471,-141.31844455387534,-8.425746587548677,5.267563300751295,35.23643897450552,-16.663451888694986,"3.78","1.82",,,,"97.2",2536,"6.6",778317,666310,467793,672356,608070,677587,680757,657041,682657,"53.92",,,,,,,,75,1,"Cutter",3,6,3,6,6,3,3,6,"Standard","Standard",165,"0.005","0.041",,,,"-0.041",,-3,-3,0.043,0.043,27,26,27,26,1,0,3,2,3,1,"1.41","-0.48","0.48","53.6",,,,,
"FC","2025-04-12","97.9","-0.83","6.11","Clase, Emmanuel",669004,661403,"field_out","hit_into_play",,,,,9,"MJ Melendez grounds out, second baseman Gabriel Arias to first baseman Carlos Santana.","R","L","R","CLE","KC","X",4,"ground_ball",1,2,2025,"0.3","0.92","0.42","1.74",,521692,686681,2,9,"Top",143.84,158.81,,,,,2.6850499003658017,-142.53239257830592,-8.507558326974216,3.5764574501615747,29.30609997699472,-18.021070675885152,"3.33","1.68",3,"100.1",-25,"98.8",2561,"6.5",778359,666310,467793,672356,608070,677587,680757,682657,678877,"53.98",0.099,0.095,"0",1,0,0,2,72,4,"Cutter",6,3,3,6,3,6,3,6,"Infield shade","Standard",182,"0.027","-0.19",,,0.108,"0.19","100.1",3,-3,0.973,0.027000000000000024,27,26,27,27,1,3,3,2,3,1,"1.44","-0.3","0.3","53.7",,,,,
"SL","2025-04-12","90.5","-0.72","6.09","Clase, Emmanuel",669004,661403,,"foul",,,,,6,"Foul","R","L","R","CLE","KC","S",,,1,1,2025,"0.62","0.47","0.5","2.38",,521692,686681,2,9,"Top",,,,,,,1.7313579942215012,-131.69602667202102,-4.309612623374546,6.781002792192968,29.754317710340608,-25.956552428750978,"3.33","1.68",8,"17.2",17,"90.7",2512,"6.6",778359,666310,467793,672356,608070,677587,680757,682657,678877,"53.95",,,,,,,,72,3,"Slider",6,3,3,6,3,6,3,6,"Infield shade","Strategic",67,"0.007","-0.063","61.1","8.1",,"0.063","88.0",3,-3,0.966,0.03400000000000003,27,26,27,27,1,3,3,2,3,1,"2.33","-0.62","0.62","56.6",9.327886051248763,-6.012171863392821,26.966098318536055,34.782941252246715,30.682424946221744
"FC","2025-04-12","98.8","-0.58","6.08","Clase, Emmanuel",669004,661403,,"called_strike",,,,,14,"Called Strike","R","L","R","CLE","KC","S",,,1,0,2025,"0.46","0.89","1.08","1.8",,521692,686681,2,9,"Top",,,,,,,3.4811087238750296,-143.69216510411695,-8.339678584116992,5.517744830994817,33.379199718774046,-18.105842648101895,"3.28","1.57",,,,"99.3",2651,"6.6",778359,666310,467793,672356,608070,677587,680757,682657,678877,"53.89",,,,,,,,72,2,"Cutter",6,3,3,6,3,6,3,6,"Infield shade","Strategic",179,"0.006","-0.052",,,,"0.052",,3,-3,0.96,0.040000000000000036,27,26,27,27,1,3,3,2,3,1,"1.45","-0.46","0.46","55.2",,,,,
"FC","2025-04-12","97.3","-0.77","6.09","Clase, Emmanuel",669004,661403,,"ball",,,,,11,"Ball","R","L","R","CLE","KC","B",,,0,0,2025,"0.45","0.83","-0.09","3.83",,521692,686681,2,9,"Top",,,,,,,0.8037811337211931,-141.73435581975647,-2.497459025848541,5.845164939312396,31.72722746835344,-20.564671970418395,"3.32","1.63",,,,"98.1",2517,"6.6",778359,666310,467793,672356,608070,677587,680757,682657,678877,"53.87",,,,,,,,72,1,"Cutter",6,3,3,6,3,6,3,6,"Infield shade","Strategic",180,"-0.004","0.024",,,,"-0.024",,3,-3,0.964,0.03600000000000003,27,26,27,27,1,3,3,2,3,1,"1.56","-0.45","0.45","51.8",,,,,
"SL","2025-04-12","90.7","-0.67","6.02","Clase, Emmanuel",672580,661403,"sac_fly","hit_into_play",,,,,8,"Maikel Garcia out on a sacrifice fly to right fielder Jhonkensy Noel. Vinnie Pasquantino scores.","R","R","R","CLE","KC","X",9,"fly_ball",1,1,2025,"0.71","0.02","0","2.3",686469,521692,686681,1,9,"Top",183.7,105.41,,,,,0.1812354658197827,-132.11686559412138,-3.4554075990214823,8.24394162021611,27.465934407581628,-31.460927547978027,"3.65","1.79",273,"89.5",42,"91.4",2570,"6.6",778359,666310,467793,672356,608070,677587,680757,682657,678877,"53.89",0.005,0.006,"0",1,0,0,3,71,3,"Slider",6,2,2,6,3,6,3,6,"Standard","Strategic",69,"0.054","-0.146","70.9","7.3",0.009,"0.146","89.5",4,-4,0.91,0.08999999999999997,27,25,27,25,1,3,3,2,3,1,"2.74","-0.71","-0.71","57.7",1.049165949618469,-14.753375699971942,31.76861306542458,36.447050557411984,32.81842778885388
"SL","2025-04-12","91.4","-0.38","6.09","Clase, Emmanuel",672580,661403,,"blocked_ball",,,,,14,"Ball In Dirt","R","R","R","CLE","KC","B",,,0,1,2025,"0.52","0.13","0.61","-0.2",686469,521692,686681,1,9,"Top",,,,,,,1.364115855462701,-132.78204731836388,-10.233180688891352,5.894947971650451,29.020390436401602,-28.584433533975005,"3.64","1.76",,,,"91.6",2424,"6.6",778359,666310,467793,672356,608070,677587,680757,682657,678877,"53.94",,,,,,,,71,2,"Slider",6,2,2,6,2,6,2,6,"Standard","Strategic",64,"-0.005","0.034",,,,"-0.034",,4,-4,0.915,0.08499999999999996,27,25,27,25,1,3,3,2,3,1,"2.61","-0.52","-0.52","57.6",,,,,
"SL","2025-04-12","90.8","-0.59","6.03","Clase, Emmanuel",672580,661403,,"foul",,,,,9,"Foul","R","R","R","CLE","KC","S",,,0,0,2025,"0.86","0.29","0.61","2.27",686469,521692,686681,1,9,"Top",,,,,,,1.1581954136695458,-132.34894790267458,-4.207973741934805,9.986392555723496,26.333057109592307,-28.054849494925854,"3.65","1.79",146,"65.5",62,"91.8",2526,"6.6",778359,666310,467793,672356,608070,677587,680757,682657,678877,"53.86",,,,,,,,71,1,"Slider",6,2,2,6,2,6,2,6,"Standard","Strategic",66,"0.008","-0.05","66.1","7.8",,"0.05","88.0",4,-4,0.907,0.09299999999999997,27,25,27,25,1,3,3,2,3,1,"2.45","-0.86","-0.86","58.1",9.012720638052341,5.728393374372167,20.647242935133818,43.48452785791195,31.807637520881634
"FC","2025-04-12","98.9","-0.64","5.96","Clase, Emmanuel",624415,661403,"strikeout","swinging_strike",,,,,14,"Cavan Biggio strikes out swinging.","R","L","R","CLE","KC","S",2,,0,2,2025,"0.21","1.11","0.84","1.61",686469,521692,686681,0,9,"Top",,,,,,,3.553888264501801,-143.78284182122394,-9.082349582483694,2.1676799009438077,31.81147455535709,-14.890622840525602,"3.39","1.59",,,,"99.7",2583,"6.7",778359,666310,467793,672356,608070,677587,680757,682657,678877,"53.84",,0,"0",1,0,0,,70,3,"Cutter",6,2,2,6,2,6,2,6,"Infield shade","Standard",179,"0.042","-0.204","67.7","7.7",,"0.204",,4,-4,0.865,0.135,27,30,27,30,1,3,3,2,3,2,"1.21","-0.21","0.21","50.2",16.68373393043292,-18.118666045677113,43.76650292952045,23.51356879062821,30.00323320027605
"FC","2025-04-12","99.1","-0.87","6.08","Clase, Emmanuel",624415,661403,,"swinging_strike",,,,,9,"Swinging Strike","R","L","R","CLE","KC","S",,,0,1,2025,"0.24","1.23","0.82","1.59",686469,521692,686681,0,9,"Top",,,,,,,4.066362671212076,-144.15156640898147,-9.832177435907253,2.553467033523959,29.340202463510725,-12.969076017896846,"3.39","1.59",,,,"100.3",2643,"6.7",778359,666310,467793,672356,608070,677587,680757,682657,678877,"53.83",,,,,,,,70,2,"Cutter",6,2,2,6,2,6,2,6,"Infield shade","Standard",181,"0.012","-0.061","40.2","5.9",,"0.061",,4,-4,0.853,0.14700000000000002,27,30,27,30,1,3,3,2,3,2,"1.06","-0.24","0.24","54.5",-6.274641919829912,19.086461949804672,45.07724756822558,23.637657706431728,12.76053400491998
"FC","2025-04-12","99.9","-0.72","6.09","Clase, Emmanuel",624415,661403,,"foul",,,,,5,"Foul","R","L","R","CLE","KC","S",,,0,0,2025,"0.28","1.1","-0.1","2.79",686469,521692,686681,0,9,"Top",,,,,,,1.0272333523952575,-145.56710618491002,-6.422690836843386,3.8129323876204846,31.304455275536885,-15.255475527596648,"3.39","1.59",,,,"101",2608,"6.6",778359,666310,467793,672356,608070,677587,680757,682657,678877,"53.86",,,,,,,,70,1,"Cutter",6,2,2,6,2,6,2,6,"Infield shade","Standard",181,"0.01","-0.045","77.7","5.9",,"0.045",,4,-4,0.843,0.15700000000000003,27,30,27,30,1,3,3,2,3,2,"1.16","-0.28","0.28","52.7",-6.126446854436474,19.45284629299589,32.64655551191775,34.92050822134104,15.839404625775884
"SL","2025-04-12","90.6","-0.59","6.11","Clase, Emmanuel",686681,661403,"single","hit_into_play",,,,,5,"Michael Massey singles on a line drive to right fielder Jhonkensy Noel. Vinnie Pasquantino to 3rd. Salvador Perez to 2nd.","R","L","R","CLE","KC","X",9,"line_drive",0,2,2025,"0.76","0.16","-0.07","2.31",,686469,521692,0,9,"Top",174.87,111.5,,,,,-0.3248267208402275,-131.9992042598132,-3.9878767519209446,9.034119545379774,26.570842003533134,-29.66618912970361,"3.45","1.66",179,"79.7",15,"91.3",2489,"6.5",778359,666310,467793,672356,608070,677587,680757,682657,678877,"53.95",0.871,0.81,"0.9",1,1,0,4,69,3,"Slider",6,2,2,6,2,6,2,6,"Infield shade","Standard",63,"-0.095","0.593","62.8","7.5",0.969,"-0.593","88.0",4,-4,0.938,0.062000000000000055,27,27,27,27,1,3,3,1,3,1,"2.6","-0.76","0.76","57.4",9.359324973301437,-7.694450991448876,23.70449835003426,39.95846486140508,28.465017839736856
"SL","2025-04-12","90.5","-0.63","6.02","Clase, Emmanuel",686681,661403,,"foul",,,,,6,"Foul","R","L","R","CLE","KC","S",,,0,1,2025,"0.76","0.76","0.28","2.38",,686469,521692,0,9,"Top",,,,,,,0.6678361863535986,-131.9144382979144,-4.843972586010083,8.730189313127656,26.369231794154345,-22.53473521236939,"3.45","1.66",5,"88",-26,"91.3",2479,"6.5",778359,666310,467793,672356,608070,677587,680757,682657,678877,"53.95",,,,,,,,69,2,"Slider",6,2,2,6,2,6,2,6,"Infield shade","Standard",75,"0.008","-0.053","70.3","7.8",,"0.053","88.0",4,-4,0.93,0.06999999999999995,27,27,27,27,1,3,3,1,3,1,"2","-0.76","0.76","57.4",18.035289085079388,-20.05687283162409,26.601073192658134,35.4542113595088,36.94199494902746
"FC","2025-04-12","100.1","-0.79","6.12","Clase, Emmanuel",686681,661403,,"foul",,,,,3,"Foul","R","L","R","CLE","KC","S",,,0,0,2025,"0.3","1.16","0.79","2.92",,686469,521692,0,9,"Top",,,,,,,3.6825726411683215,-145.78642510592528,-6.286844258521271,3.4875557190527346,31.80056015250058,-14.399555630760677,"3.45","1.66",6,"84.7",-26,"101",2681,"6.6",778359,666310,467793,672356,608070,677587,680757,682657,678877,"53.93",,,,,,,,69,1,"Cutter",6,2,2,6,2,6,2,6,"Infield shade","Standard",177,"0.006","-0.053","72.1","7.1",,"0.053","88.0",4,-4,0.924,0.07599999999999996,27,27,27,27,1,3,3,1,3,1,"1.1","-0.3","0.3","56.2",16.96124205798968,-18.145475137850465,23.359906932171853,29.184048626143607,32.863863455263626
"SI","2025-04-12","98.2","-0.55","6.09","Clase, Emmanuel",521692,661403,"single","hit_into_play",,,,,5,"Salvador Perez singles on a sharp line drive to center fielder Angel Martínez. Bobby Witt Jr. scores. Vinnie Pasquantino to 2nd.","R","R","R","CLE","KC","X",8,"line_drive",0,2,2025,"-0.38","0.99","0.22","2.95",,677951,686469,0,9,"Top",103.9,85.02,,,,,2.9780107854982165,-142.9685976736041,-5.383942808505344,-5.956728328976837,32.4062398194743,-17.524587660650322,"3.66","1.77",250,"104.8",11,"98.9",2393,"6.6",778359,666310,467793,672356,608070,677587,680757,682657,678877,"53.88",0.942,0.941,"0.9",1,1,0,4,68,3,"Sinker",6,1,1,6,2,6,2,6,"Standard","Standard",172,"-0.049","0.593","70.8","7.3",1.208,"-0.593","104.8",5,-5,0.973,0.027000000000000024,27,35,27,35,1,3,3,1,3,1,"1.37","0.38","0.38","57.0",6.525525039856556,-2.470923535233985,29.764643781964,37.961117139821084,25.146822843671046
"FC","2025-04-12","98.1","-0.73","5.96","Clase, Emmanuel",521692,661403,,"foul",,,,,9,"Foul","R","R","R","CLE","KC","S",,,0,1,2025,"0.33","0.83","0.75","1.68",,677951,686469,0,9,"Top",,,,,,,3.2764494190720717,-142.7040710181686,-8.104286008607797,3.820579371393199,30.334013161621904,-19.217677475629802,"3.66","1.77",8,"73.2",-10,"98.9",2557,"6.6",778359,666310,467793,672356,608070,677587,680757,682657,678877,"53.9",,,,,,,,68,2,"Cutter",6,1,1,6,1,6,1,6,"Standard","Standard",180,"0.004","-0.053","70.5","7.6",,"0.053","88.0",5,-5,0.969,0.031000000000000028,27,35,27,35,1,3,3,1,3,1,"1.52","-0.33","-0.33","50.2",2.3892489800285306,12.37894822646733,38.14659470022208,47.81237894070573,16.610719781674053
"SL","2025-04-12","88.6","-0.52","6.09","Clase, Emmanuel",521692,661403,,"called_strike",,,,,5,"Called Strike","R","R","R","CLE","KC","S",,,0,0,2025,"0.8","-0.16","0.2","3.01",,677951,686469,0,9,"Top",,,,,,,0.10333082441332936,-129.1907059971443,-1.1729135849549188,8.987188708410459,25.221497280271954,-33.94368268383621,"3.63","1.74",,,,"89.5",2422,"6.6",778359,666310,467793,672356,608070,677587,680757,682657,678877,"53.94",,,,,,,,68,1,"Slider",6,1,1,6,1,6,1,6,"Standard","Standard",58,"0.003","-0.053",,,,"0.053",,5,-5,0.966,0.03400000000000003,27,35,27,35,1,3,3,1,3,1,"3.04","-0.8","-0.8","62.8",,,,,
"FC","2025-04-12","98.8","-0.67","6.11","Clase, Emmanuel",686469,661403,"single","hit_into_play",,,,,5,"Vinnie Pasquantino singles on a line drive to left fielder Steven Kwan. Bobby Witt Jr. to 2nd.","R","L","R","CLE","KC","X",7,"line_drive",1,2,2025,"0.32","1.13","-0.27","2.62",,,677951,0,9,"Top",96.06,101.23,,,,,0.33132294415088676,-143.81887780397918,-6.780230419517433,4.4159804712246835,31.017694063236863,-15.116097751806894,"3.43","1.65",257,"96.6",12,"99.4",2554,"6.4",778359,666310,467793,672356,608070,677587,680757,682657,678877,"54.07",0.949,0.918,"0.9",1,1,0,4,67,4,"Cutter",6,1,1,6,1,6,1,6,"Infield shade","Strategic",185,"-0.021","0.547","75.2","6.7",1.136,"-0.547","96.6",5,-5,0.987,0.013000000000000012,27,27,27,28,1,3,3,1,3,1,"1.19","-0.32","0.32","51.5",-3.0663846906298895,9.01630475275959,26.427370209036788,42.0563800335569,22.847170529292054
"FC","2025-04-12","96.6","-0.73","5.99","Clase, Emmanuel",686469,661403,,"swinging_strike",,,,,9,"Swinging Strike","R","L","R","CLE","KC","S",,,1,1,2025,"0.41","0.83","0.36","1.58",,,677951,0,9,"Top",,,,,,,1.983013644682349,-140.6074003824187,-8.151260364191158,5.086490956612116,28.871801947213452,-19.614740805452577,"3.43","1.65",,,,"97.4",2539,"6.5",778359,666310,467793,672356,608070,677587,680757,682657,678877,"54",,,,,,,,67,3,"Cutter",6,1,1,6,1,6,1,6,"Infield shade","Standard",160,"0.002","-0.07","76.6","8.1",,"0.07",,5,-5,0.985,0.015000000000000013,27,27,27,28,1,3,3,1,3,1,"1.59","-0.41","0.41","52.6",9.208401267317342,-12.159632330385026,29.72097761743066,33.91438659448811,29.755627629622794
"FC","2025-04-12","99.1","-0.85","6.04","Clase, Emmanuel",686469,661403,,"ball",,,,,13,"Ball","R","L","R","CLE","KC","B",,,0,1,2025,"0.16","0.9","-1.13","1.62",,,677951,0,9,"Top",,,,,,,-1.1337587637128475,-144.27511648162243,-8.851329249537605,2.4933494127806273,29.751826456042096,-17.825687202096443,"3.38","1.45",,,,"99.9",2578,"6.4",778359,666310,467793,672356,608070,677587,680757,682657,678877,"54.07",,,,,,,,67,2,"Cutter",6,1,1,6,1,6,1,6,"Infield shade","Strategic",179,"-0.001","0.034",,,,"-0.034",,5,-5,0.986,0.014000000000000012,27,27,27,28,1,3,3,1,3,1,"1.39","-0.16","0.16","49.0",,,,,
"FC","2025-04-12","99.3","-0.9","6.03","Clase, Emmanuel",686469,661403,,"called_strike",,,,,7,"Called Strike","R","L","R","CLE","KC","S",,,0,0,2025,"0.39","0.97","-0.36","1.98",,,677951,0,9,"Top",,,,,,,0.5838465473757586,-144.5389433724674,-8.28635839151022,5.414446158993774,29.645088566100203,-17.002191286621997,"3.45","1.55",,,,"103.5",2657,"8.3",778359,666310,467793,672356,608070,677587,680757,682657,678877,"52.24",,,,,,,,67,1,"Cutter",6,1,1,6,1,6,1,6,"Infield shade","Strategic",177,"0.001","-0.043",,,,"0.043",,5,-5,0.985,0.015000000000000013,27,27,27,28,1,3,3,1,3,1,"1.32","-0.39","0.39","54.2",,,,,
"FC","2025-04-12","97.3","-0.46","6.1","Clase, Emmanuel",677951,661403,"single","hit_into_play",,,,,6,"Bobby Witt Jr. singles on a ground ball to second baseman Gabriel Arias, deflected by pitcher Emmanuel Clase.","R","R","R","CLE","KC","X",1,"ground_ball",2,1,2025,"0.59","0.85","0.75","2.52",,,,0,9,"Top",141.78,162.38,,,,,1.900524612244807,-141.6424042687143,-6.09833218686751,7.643106551007188,30.041421015956505,-19.60218265508619,"3.54","1.7",14,"83.1",-9,"98.2",2580,"6.6",778359,666310,467793,672356,608070,677587,680757,682657,678877,"53.91",0.124,0.14,"0.9",1,1,0,2,66,4,"Cutter",6,1,1,6,1,6,1,6,"Standard","Strategic",175,"-0.008","0.392","67.0","6.7",0.151,"-0.392","88.0",5,-5,0.993,0.007000000000000006,27,25,27,25,1,3,3,1,3,1,"1.54","-0.59","-0.59","55.3",-5.204065472317739,9.967488287907663,26.74137369132164,42.14826024709546,18.82018815962458
"SL","2025-04-12","90.3","-0.52","5.99","Clase, Emmanuel",677951,661403,,"ball",,,,,14,"Ball","R","R","R","CLE","KC","B",,,1,1,2025,"0.8","0.72","1.88","0.92",,,,0,9,"Top",,,,,,,4.284331766646293,-131.33206648199626,-8.237218344291236,8.407128700427805,27.582341938389032,-22.3241382750784,"3.5","1.65",,,,"90.9",2503,"6.7",778359,666310,467793,672356,608070,677587,680757,682657,678877,"53.83",,,,,,,,66,3,"Slider",6,1,1,6,1,6,1,6,"Standard","Strategic",62,"-0.001","0.055",,,,"-0.055",,5,-5,0.994,0.006000000000000005,27,25,27,25,1,3,3,1,3,1,"2.08","-0.8","-0.8","56.5",,,,,
"FC","2025-04-12","98.4","-0.67","6.06","Clase, Emmanuel",677951,661403,,"foul",,,,,6,"Foul","R","R","R","CLE","KC","S",,,1,0,2025,"0.52","1.06","0.71","2.4",,,,0,9,"Top",,,,,,,2.5537764464444774,-143.32654666355114,-7.025616509607814,6.740527793443577,29.005123147824893,-16.253973251600346,"3.54","1.7",195,"71.6",52,"99.6",2592,"6.6",778359,666310,467793,672356,608070,677587,680757,682657,678877,"53.85",,,,,,,,66,2,"Cutter",6,1,1,6,1,6,1,6,"Standard","Strategic",179,"0.001","-0.05","67.3","7.0",,"0.05","88.0",5,-5,0.993,0.007000000000000006,27,25,27,25,1,3,3,1,3,1,"1.27","-0.52","-0.52","53.9",-7.432180465542991,6.084629843229857,28.766900800211037,42.638335289476785,18.612999288418
"SL","2025-04-12","89.4","-0.55","5.87","Clase, Emmanuel",677951,661403,,"ball",,,,,14,"Ball","R","R","R","CLE","KC","B",,,0,0,2025,"0.67","0.26","0.95","-2.54",,,,0,9,"Top",,,,,,,2.2872474903831073,-129.44473009380744,-15.220664747341228,6.9634125286527295,29.016663472969302,-26.099959839560892,"3.49","1.75",,,,"89.4",2480,"6.8",778359,666310,467793,672356,608070,677587,680757,682657,678877,"53.74",,,,,,,,66,1,"Slider",6,1,1,6,1,6,1,6,"Standard","Standard",54,"-0.001","0.041",,,,"-0.041",,5,-5,0.994,0.006000000000000005,27,25,27,25,1,3,3,1,3,1,"2.64","-0.67","-0.67","56.6",,,,,
"FC","2025-04-09","100.2","-0.57","6.13","Clase, Emmanuel",678246,661403,"single","hit_into_play",,,,,4,"Miguel Vargas singles on a ground ball to left fielder Steven Kwan. Jacob Amaya scores. Mike Tauchman out at home on the throw, left fielder Steven Kwan to catcher Austin Hedges. Andrew Vaughn to 2nd.","R","R","R","CLE","CWS","X",7,"ground_ball",0,0,2025,"0.1","0.94","-0.35","2.28",676070,643565,683734,2,9,"Top",75.03,115.34,,,,,0.3854769907543307,-145.8543438557312,-7.623874152182567,1.3783618766039447,32.485858552700236,-17.14708200304583,"3.34","1.58",11,"101.3",-11,"101.4",2489,"6.8",778391,595978,467793,672356,608070,677587,680757,682177,678877,"53.69",0.271,0.262,"0.9",1,1,0,2,74,1,"Cutter",3,1,1,3,2,3,2,3,"Standard","Standard",176,"0.148","0.531","71.5","7.6",0.284,"-0.531","101.3",2,-2,0.852,0.14800000000000002,27,25,27,26,1,4,1,1,3,1,"1.31","-0.1","-0.1","59.1",8.171403220512746,-1.537685125265553,35.800843189436385,34.07290627306151,31.696623367517844
"FC","2025-04-09","99.9","-0.3","6.27","Clase, Emmanuel",596103,661403,"strikeout","foul_tip",,,,,12,"Austin Slater strikes out on a foul tip.","R","R","R","CLE","CWS","S",2,,1,2,2025,"0.21","1.18","0.12","3.7",676070,643565,683734,1,9,"Top",,,,,,,0.6434955359171406,-145.53445648426398,-4.551465256620831,2.9218223864744743,32.17585306963568,-14.475972221593786,"3.43","1.67",,,,"100.9",2485,"6.6",778391,595978,467793,672356,608070,677587,680757,682177,678877,"53.88",,0,"0",1,0,0,,73,5,"Cutter",3,1,1,3,1,3,1,3,"Standard","Strategic",178,"0.104","-0.223","55.9","4.8",,"0.223",,2,-2,0.748,0.252,27,32,27,33,1,4,1,5,3,1,"1.08","-0.21","-0.21","56.4",-10.157802668817958,38.307111448284935,28.813290988941937,36.615475908990675,3.5336975920032385
"FC","2025-04-09","99.8","-0.44","6.18","Clase, Emmanuel",596103,661403,,"foul",,,,,8,"Foul","R","R","R","CLE","CWS","S",,,1,2,2025,"0.26","1.37","0.14","2.06",676070,643565,683734,1,9,"Top",,,,,,,0.9701985198688996,-145.09954004642825,-9.219733755717272,3.4664668962886194,34.61928909163773,-10.913300305623414,"3.43","1.67",233,"77.9",27,"100.4",2547,"6.7",778391,595978,467793,672356,608070,677587,680757,682177,678877,"53.77",,,,,,,,73,4,"Cutter",3,1,1,3,1,3,1,3,"Standard","Strategic",180,"0","0","67.9","6.7",,"0","88.0",2,-2,0.748,0.252,27,32,27,33,1,4,1,5,3,1,"0.93","-0.26","-0.26","55.7",-3.8666566244182636,15.665448505032032,43.31844347906944,37.51452447965827,19.305127693511682
"FC","2025-04-09","99.8","-0.22","6.19","Clase, Emmanuel",596103,661403,,"ball",,,,,14,"Ball","R","R","R","CLE","CWS","B",,,0,2,2025,"0.27","1.12","0.92","2.3",676070,643565,683734,1,9,"Top",,,,,,,2.5451734556741337,-145.0756886879974,-7.980075738664131,3.088950498226616,36.207180049506256,-14.604638271170415,"3.65","1.76",,,,"100.2",2574,"6.7",778391,595978,467793,672356,608070,677587,680757,682177,678877,"53.79",,,,,,,,73,3,"Cutter",3,1,1,3,1,3,1,3,"Standard","Strategic",173,"-0.014","0.026",,,,"-0.026",,2,-2,0.762,0.238,27,32,27,33,1,4,1,5,3,1,"1.18","-0.27","-0.27","58.1",,,,,
"FC","2025-04-09","99","-0.41","6.16","Clase, Emmanuel",596103,661403,,"called_strike",,,,,14,"Called Strike","R","R","R","CLE","CWS","S",,,0,1,2025,"0.58","1.19","0.87","2.09",676070,643565,683734,1,9,"Top",,,,,,,2.1588637414874543,-144.03511320262402,-8.47665420198984,7.555810839152316,34.45225513626674,-13.87864904126001,"3.56","1.77",,,,"99.6",2608,"6.7",778391,595978,467793,672356,608070,677587,680757,682177,678877,"53.8",,,,,,,,73,2,"Cutter",3,1,1,3,1,3,1,3,"Standard","Strategic",181,"0.028","-0.064",,,,"0.064",,2,-2,0.734,0.266,27,32,27,33,1,4,1,5,3,1,"1.15","-0.58","-0.58","55.0",,,,,
"FC","2025-04-09","99.6","-0.46","6.11","Clase, Emmanuel",596103,661403,,"called_strike",,,,,9,"Called Strike","R","R","R","CLE","CWS","S",,,0,0,2025,"0.15","0.93","0.36","1.65",676070,643565,683734,1,9,"Top",,,,,,,1.9196247369842343,-144.76056842072018,-9.053503543702213,1.6904214376198363,34.782403347873895,-17.20669798110816,"3.69","1.75",,,,"100.3",2585,"6.8",778391,595978,467793,672356,608070,677587,680757,682177,678877,"53.72",,,,,,,,73,1,"Cutter",3,1,1,3,1,3,1,3,"Standard","Strategic",177,"0.021","-0.05",,,,"0.05",,2,-2,0.713,0.28700000000000003,27,32,27,33,1,4,1,5,3,1,"1.38","-0.15","-0.15","55.5",,,,,
"FC","2025-04-09","99.4","-0.44","6.08","Clase, Emmanuel",683734,661403,"walk","ball",,,,,14,"Andrew Vaughn walks. Jacob Amaya to 3rd. Mike Tauchman to 2nd.","R","R","R","CLE","CWS","B",,,3,1,2025,"0.14","0.83","1.51","2.18",,676070,643565,1,9,"Top",,,,,,,5.050222312367736,-144.61354673441932,-7.266795008976142,0.7947595960907923,33.47829764304609,-19.081916305294058,"3.26","1.5",,,,"100.1",2561,"6.6",778391,595978,467793,672356,608070,677587,680757,682177,678877,"53.85",,0.691497,"0.7",1,0,0,,72,5,"Cutter",3,1,1,3,1,3,1,3,"Standard","Standard",179,"-0.068","0.212",,,,"-0.212",,2,-2,0.781,0.21899999999999997,27,27,27,27,1,4,1,1,3,1,"1.48","-0.14","-0.14","55.4",,,,,
"FC","2025-04-09","99","-0.43","6.14","Clase, Emmanuel",683734,661403,,"ball",,,,,14,"Ball","R","R","R","CLE","CWS","B",,,2,1,2025,"0.53","0.82","1.06","1.75",,676070,643565,1,9,"Top",,,,,,,2.8345436792049847,-143.9698525140226,-8.519238540796568,6.791035426328819,32.86330843271372,-19.002977098976018,"3.26","1.53",,,,"99.7",2666,"6.7",778391,595978,467793,672356,608070,677587,680757,682177,678877,"53.83",,,,,,,,72,4,"Cutter",3,1,1,3,1,3,1,3,"Standard","Standard",178,"-0.034","0.108",,,,"-0.108",,2,-2,0.815,0.18500000000000005,27,27,27,27,1,4,1,1,3,1,"1.5","-0.53","-0.53","56.7",,,,,
"SL","2025-04-09","89.6","-0.35","6.09","Clase, Emmanuel",683734,661403,,"swinging_strike",,,,,9,"Swinging Strike","R","R","R","CLE","CWS","S",,,2,0,2025,"0.55","-0.1","0.39","1.47",,676070,643565,1,9,"Top",,,,,,,0.6642598485898975,-130.40702621330226,-5.21194122601168,6.111387532554526,28.11664840283365,-32.46306718461043,"3.26","1.51",,,,"90",2402,"6.6",778391,595978,467793,672356,608070,677587,680757,682177,678877,"53.95",,,,,,,,72,3,"Slider",3,1,1,3,1,3,1,3,"Standard","Standard",63,"0.023","-0.068","74.7","8.1",,"0.068",,2,-2,0.792,0.20799999999999996,27,27,27,27,1,4,1,1,3,1,"2.95","-0.55","-0.55","59.7",16.88376711660989,-20.917478264217653,28.709928188223003,43.88394514039602,41.555496446723204
"SL","2025-04-09","90.8","-0.4","6.09","Clase, Emmanuel",683734,661403,,"ball",,,,,12,"Ball","R","R","R","CLE","CWS","B",,,1,0,2025,"0.41","0.4","0.37","4.04",,676070,643565,1,9,"Top",,,,,,,1.0420524734630547,-132.370643091205,-0.09604044934941569,4.6357173487568994,27.514753554597505,-27.704520639396648,"3.26","1.47",,,,"91.5",2446,"6.5",778391,595978,467793,672356,608070,677587,680757,682177,678877,"53.96",,,,,,,,72,2,"Slider",3,1,1,3,1,3,1,3,"Standard","Standard",74,"-0.023","0.071",,,,"-0.071",,2,-2,0.815,0.18500000000000005,27,27,27,27,1,4,1,1,3,1,"2.35","-0.41","-0.41","59.0",,,,,
"FC","2025-04-09","99","-0.32","6.11","Clase, Emmanuel",683734,661403,,"blocked_ball",,,,,14,"Ball In Dirt","R","R","R","CLE","CWS","B",,,0,0,2025,"0.25","0.78","1.48","0.55",,676070,643565,1,9,"Top",,,,,,,4.350303627328086,-143.7427094031924,-11.658376484407396,2.54738181693555,32.560251954063666,-18.81893477358438,"3.35","1.55",,,,"99.9",2558,"6.8",778391,595978,467793,672356,608070,677587,680757,682177,678877,"53.67",,,,,,,,72,1,"Cutter",3,1,1,3,1,3,1,3,"Standard","Strategic",174,"-0.011","0.031",,,,"-0.031",,2,-2,0.826,0.17400000000000004,27,27,27,27,1,4,1,1,3,1,"1.55","-0.25","-0.25","56.1",,,,,
"FC","2025-04-09","99.2","-0.16","6.24","Clase, Emmanuel",673357,661403,"strikeout","swinging_strike",,,,,14,"Luis Robert Jr. strikes out swinging.","R","R","R","CLE","CWS","S",2,,0,2,2025,"0.18","1.24","1.32","1.66",,676070,643565,0,9,"Top",,,,,,,3.6385960766494887,-144.1705137626605,-10.065159985786888,1.6751757251256134,33.35158176314031,-12.794386180742423,"3.77","1.71",,,,"99.9",2492,"6.8",778391,595978,467793,672356,608070,677587,680757,682177,678877,"53.75",,0,"0",1,0,0,,71,3,"Cutter",3,1,1,3,1,3,1,3,"Standard","Standard",185,"0.068","-0.178","53.9","7.4",,"0.178",,2,-2,0.758,0.242,27,27,27,28,1,4,1,1,3,2,"1.08","-0.18","-0.18","52.6",-6.466539098141833,18.857772040599684,41.879603701900656,49.760664915596266,11.739305208368524
"FC","2025-04-09","100.1","-0.4","6.13","Clase, Emmanuel",673357,661403,,"foul_tip",,,,,14,"Foul Tip","R","R","R","CLE","CWS","S",,,0,1,2025,"0.19","1.02","1.33","2.18",,676070,643565,0,9,"Top",,,,,,,4.353508167348419,-145.6973230140118,-8.036633172333085,1.7397677577055237,31.9677054319966,-15.987073782201351,"3.77","1.71",,,,"101",2539,"6.6",778391,595978,467793,672356,608070,677587,680757,682177,678877,"53.86",,,,,,,,71,2,"Cutter",3,1,1,3,1,3,1,3,"Standard","Strategic",183,"0.02","-0.053","75.1","7.5",,"0.053",,2,-2,0.738,0.262,27,27,27,28,1,4,1,1,3,2,"1.24","-0.19","-0.19","52.4",0.42267245153743793,12.338351620048222,35.69805723168395,50.37153997570695,17.582604099095317
"FC","2025-04-09","99.8","-0.48","6.06","Clase, Emmanuel",673357,661403,,"swinging_strike",,,,,14,"Swinging Strike","R","R","R","CLE","CWS","S",,,0,0,2025,"-0.2","1.17","1.04","1.69",,676070,643565,0,9,"Top",,,,,,,4.69011961922376,-145.0356978631636,-9.460148954492688,-3.992089502626834,34.358160552925405,-13.647154081858162,"3.77","1.71",,,,"100.5",2377,"6.8",778391,595978,467793,672356,608070,677587,680757,682177,678877,"53.71",,,,,,,,71,1,"Cutter",3,1,1,3,1,3,1,3,"Standard","Standard",174,"0.016","-0.053","79.3","8.4",,"0.053",,2,-2,0.722,0.278,27,27,27,28,1,4,1,1,3,2,"1.13","0.2","0.2","57.3",10.087561837533887,-1.4592806278920294,38.08919172157382,44.85376678990353,25.053917582445692
"SL","2025-04-09","90.5","-0.75","5.99","Clase, Emmanuel",643565,661403,"single","hit_into_play",,,,,9,"Mike Tauchman singles on a line drive to right fielder Jhonkensy Noel. Jacob Amaya to 2nd.","R","L","R","CLE","CWS","X",9,"line_drive",2,2,2025,"0.52","-0.21","0.41","1.53",,,676070,0,9,"Top",178.27,112.17,,,,,1.7854160970658002,-131.73456007271653,-4.752261788679079,5.624555389303358,28.449556491840855,-33.81873833265452,"3.58","1.6",222,"75.8",19,"90.9",2394,"6.5",778391,595978,467793,672356,608070,677587,680757,682177,678877,"53.95",0.98,0.909,"0.9",1,1,0,4,70,7,"Slider",3,1,1,3,1,3,1,3,"Standard","Standard",80,"-0.129","0.511","68.3","7.6",1.065,"-0.511","88.0",2,-2,0.851,0.14900000000000002,27,34,27,35,1,3,1,1,3,44,"3","-0.52","0.52","55.3",14.720163548506784,-18.37732175542326,38.31125808905976,33.834038498204016,42.73559979353865
"FC","2025-04-09","98.2","-0.8","5.93","Clase, Emmanuel",643565,661403,,"foul",,,,,7,"Foul","R","L","R","CLE","CWS","S",,,2,2,2025,"0.33","1.03","-0.32","1.68",,,676070,0,9,"Top",,,,,,,0.5286092164225378,-142.8354854124428,-8.463057040933213,4.368962635264388,32.54324524270805,-16.275901699726187,"3.58","1.6",218,"78",27,"98.5",2542,"6.5",778391,595978,467793,672356,608070,677587,680757,682177,678877,"54.02",,,,,,,,70,6,"Cutter",3,1,1,3,1,3,1,3,"Standard","Standard",190,"0","0","62.1","7.0",,"0","88.0",2,-2,0.851,0.14900000000000002,27,34,27,35,1,3,1,1,3,44,"1.33","-0.33","0.33","44.8",0.5000380089039198,27.814355798022213,33.8938435510753,43.41185949379786,15.47578048521859
"FC","2025-04-09","99.5","-0.6","5.99","Clase, Emmanuel",643565,661403,,"foul",,,,,4,"Foul","R","L","R","CLE","CWS","S",,,2,2,2025,"0.32","0.99","-0.43","2.61",,,676070,0,9,"Top",,,,,,,-0.2807167784938114,-144.91817497149873,-6.318327413797617,4.577849123022743,30.320152367398165,-16.914984809882455,"3.58","1.6",120,"84",18,"100.7",2523,"6.7",778391,595978,467793,672356,608070,677587,680757,682177,678877,"53.85",,,,,,,,70,5,"Cutter",3,1,1,3,1,3,1,3,"Standard","Standard",181,"0","0","64.5","6.5",,"0","88.0",2,-2,0.851,0.14900000000000002,27,34,27,35,1,3,1,1,3,44,"1.28","-0.32","0.32","50.9",-6.983068083456289,31.719133901737663,29.09702610056131,45.052155763580316,10.485898859568438
"SI","2025-04-09","98.8","-0.65","5.98","Clase, Emmanuel",643565,661403,,"blocked_ball",,,,,13,"Ball In Dirt","R","L","R","CLE","CWS","B",,,1,2,2025,"-0.95","0.92","-1.17","1.03",,,676070,0,9,"Top",,,,,,,0.7937960775718071,-143.6174815705492,-10.293503171167885,-13.420580388535651,30.802513505660276,-17.291046511040715,"3.58","1.72",,,,"99.8",2378,"6.7",778391,595978,467793,672356,608070,677587,680757,682177,678877,"53.77",,,,,,,,70,4,"Sinker",3,1,1,3,1,3,1,3,"Standard","Standard",184,"-0.01","0.036",,,,"-0.036",,2,-2,0.861,0.139,27,34,27,35,1,3,1,1,3,44,"1.4","0.95","-0.95","53.3",,,,,
"FC","2025-04-09","98.4","-0.73","5.98","Clase, Emmanuel",643565,661403,,"foul",,,,,12,"Foul","R","L","R","CLE","CWS","S",,,1,1,2025,"0.24","0.87","1.26","2.63",,,676070,0,9,"Top",,,,,,,4.858827493433255,-143.32018372856083,-5.779806030169548,2.386926224493278,27.36204056937572,-19.106504044578784,"3.58","1.6",9,"79.5",-16,"99.6",2553,"6.5",778391,595978,467793,672356,608070,677587,680757,682177,678877,"53.96",,,,,,,,70,3,"Cutter",3,1,1,3,1,3,1,3,"Standard","Strategic",180,"0.014","-0.07","68.1","6.9",,"0.07","88.0",2,-2,0.847,0.15300000000000002,27,34,27,35,1,3,1,1,3,44,"1.45","-0.24","0.24","48.1",8.545073161955935,-10.316956573730543,32.94508015554309,26.866145656328264,33.712658381382944
"FC","2025-04-09","98.1","-0.55","6.09","Clase, Emmanuel",643565,661403,,"foul",,,,,6,"Foul","R","L","R","CLE","CWS","S",,,1,0,2025,"0.05","1.14","0.47","2.68",,,676070,0,9,"Top",,,,,,,2.6606940834877397,-142.92555149090657,-6.481461712391119,0.14037839036234612,29.3953544838369,-15.310880470885952,"3.58","1.6",167,"71.1",65,"98.9",2510,"6.4",778391,595978,467793,672356,608070,677587,680757,682177,678877,"54.06",,,,,,,,70,2,"Cutter",3,1,1,3,1,3,1,3,"Standard","Strategic",181,"0.015","-0.048","68.3","7.2",,"0.048","88.0",2,-2,0.832,0.16800000000000004,27,34,27,35,1,3,1,1,3,44,"1.2","-0.05","0.05","50.3",4.0221334914260956,2.54124445154629,32.03147793321123,35.77760776966368,24.881203233235095
"FC","2025-04-09","99.1","-0.55","6.07","Clase, Emmanuel",643565,661403,,"ball",,,,,14,"Ball","R","L","R","CLE","CWS","B",,,0,0,2025,"0.19","1.38","1.62","1.97",,,676070,0,9,"Top",,,,,,,5.53945057837417,-144.1943200684773,-9.122669404350699,1.5370508003466192,28.934659741366055,-11.006108558353144,"3.58","1.69",,,,"100.2",2529,"6.6",778391,595978,467793,672356,608070,677587,680757,682177,678877,"53.89",,,,,,,,70,1,"Cutter",3,1,1,3,1,3,1,3,"Standard","Standard",193,"-0.012","0.04",,,,"-0.04",,2,-2,0.844,0.15600000000000003,27,34,27,35,1,3,1,1,3,44,"0.91","-0.19","0.19","49.3",,,,,
"SL","2025-04-09","88.1","-0.56","6.05","Clase, Emmanuel",676070,661403,"single","hit_into_play",,,,,4,"Jacob Amaya singles on a ground ball to left fielder Steven Kwan.","R","R","R","CLE","CWS","X",7,"ground_ball",0,1,2025,"0.78","0.62","-0.72","2.46",,,,0,9,"Top",86.53,88.71,,,,,-2.0309166373001717,-128.35929392334288,-4.042600485153514,9.096156916966772,22.576933590558564,-24.668208315176454,"3.12","1.48",81,"95.5",4,"89.2",2435,"6.6",778391,595978,467793,672356,608070,677587,680757,682177,678877,"53.92",0.466,0.425,"0.9",1,1,0,4,69,2,"Slider",3,1,1,3,1,3,1,3,"Standard","Strategic",71,"-0.086","0.477",,,0.524,"-0.477","95.5",2,-2,0.93,0.06999999999999995,27,26,27,27,1,3,1,1,3,1,"2.27","-0.78","-0.78","55.3",,,,,
"FC","2025-04-09","98.5","-0.53","6.13","Clase, Emmanuel",676070,661403,,"called_strike",,,,,4,"Called Strike","R","R","R","CLE","CWS","S",,,0,0,2025,"0.53","0.84","-0.67","2.52",,,,0,9,"Top",,,,,,,-1.6137976775530711,-143.4900687469407,-6.431785699094269,7.6713855912020446,28.65797834355238,-19.39174664680337,"3.12","1.46",,,,"99.8",2606,"6.6",778391,595978,467793,672356,608070,677587,680757,682177,678877,"53.87",,,,,,,,69,1,"Cutter",3,1,1,3,1,3,1,3,"Standard","Strategic",177,"0.006","-0.039",,,,"0.039",,2,-2,0.924,0.07599999999999996,27,26,27,27,1,3,1,1,3,1,"1.48","-0.53","-0.53","54.7",,,,,
"FC","2025-04-08","99.6","-0.7","6.1","Clase, Emmanuel",642136,661403,"strikeout","swinging_strike",,,,,3,"Matt Thaiss strikes out swinging.","R","L","R","CLE","CWS","S",2,,0,2,2025,"-0.13","1.36","0.29","2.81",673357,,,2,9,"Top",,,,,,,3.045354289177603,-144.98268068141306,-6.951389673211864,-2.512441029386348,31.585534278131195,-11.630933253273268,"3.32","1.49",,,,"101",2576,"6.9",778402,666310,467793,672356,608070,677587,680757,666134,678877,"53.6",,0,"0",1,0,0,,61,3,"Cutter",0,0,0,0,0,0,0,0,"Standard","Standard",189,"0.081","-0.165","67.9","6.5",,"0.165",,0,0,0.558,0.44199999999999995,27,30,27,30,1,3,4,2,1,1,"0.93","0.13","-0.13","54.0",-1.1555415968675213,21.524058315149787,27.518183214756135,33.45532837208291,22.337509075249365
"FC","2025-04-08","97.4","-0.6","6.13","Clase, Emmanuel",642136,661403,,"swinging_strike",,,,,14,"Swinging Strike","R","L","R","CLE","CWS","S",,,0,1,2025,"0.16","0.91","0.06","1.31",,673357,,2,9,"Top",,,,,,,1.4060272159047795,-141.62626955822347,-9.49587831964323,1.7854161973211473,32.34355495897165,-18.03514729634628,"3.32","1.49",,,,"97.5",2531,"6.4",778402,666310,467793,672356,608070,677587,680757,666134,678877,"54.13",,,,,,,,61,2,"Cutter",0,0,0,0,0,0,0,0,"Standard","Standard",173,"0.009","-0.056","78.4","7.8",,"0.056",,0,0,0.549,0.45099999999999996,27,30,27,30,1,3,4,2,1,1,"1.5","-0.16","0.16","49.1",-2.4927791487992588,5.278902183913424,31.377785434291447,36.73068681848956,17.37677767803363
"FC","2025-04-08","98.1","-0.77","6.08","Clase, Emmanuel",642136,661403,,"called_strike",,,,,2,"Called Strike","R","L","R","CLE","CWS","S",,,0,0,2025,"0.42","0.86","0.17","3.31",,673357,,2,9,"Top",,,,,,,1.6033446613142304,-142.96745893733558,-4.097275669193687,5.378066148957357,30.833638602888577,-19.56781420960978,"3.39","1.44",,,,"98.9",2479,"6.5",778402,666310,467793,672356,608070,677587,680757,666134,678877,"53.99",,,,,,,,61,1,"Cutter",0,0,0,0,0,0,0,0,"Standard","Standard",176,"0.016","-0.04",,,,"0.04",,0,0,0.533,0.46699999999999997,27,30,27,30,1,3,4,2,1,1,"1.48","-0.42","0.42","50.4",,,,,
"SL","2025-04-08","88.5","-0.57","6.09","Clase, Emmanuel",683734,661403,"strikeout","swinging_strike",,,,,14,"Andrew Vaughn strikes out swinging.","R","R","R","CLE","CWS","S",2,,1,2,2025,"1.01","0.34","0.04","1.38",,673357,,1,9,"Top",,,,,,,-0.6335759168259041,-128.89325245379155,-6.191521773329144,11.364340293178035,26.353806433518812,-27.291196797069436,"3.26","1.51",,,,"89.2",2427,"6.6",778402,666310,467793,672356,608070,677587,680757,666134,678877,"53.88",,0,"0",1,0,0,,60,4,"Slider",0,0,0,0,0,0,0,0,"Standard","Strategic",70,"0.071","-0.201","65.4","8.3",,"0.201",,0,0,0.462,0.538,27,27,27,27,1,3,4,2,1,1,"2.56","-1.01","-1.01","57.7",21.656195681474404,-33.0623207760398,29.160689437844756,42.10927005978125,49.165107586289594
"FC","2025-04-08","96.3","-0.55","6.21","Clase, Emmanuel",683734,661403,,"swinging_strike",,,,,11,"Swinging Strike","R","R","R","CLE","CWS","S",,,1,1,2025,"0.54","1.13","-0.44","3.56",,,673357,1,9,"Top",,,,,,,-0.9388523139196576,-140.26282153652662,-4.055817309867209,7.3456554868728805,31.20973891867854,-16.516838977199633,"3.26","1.51",,,,"96.7",2597,"6.4",778402,666310,467793,672356,608070,677587,680757,666134,678877,"54.06",,,,,,,,60,3,"Cutter",0,0,0,0,0,0,0,0,"Standard","Strategic",165,"-0.042","-0.056","68.0","6.3",,"0.056",,0,0,0.504,0.496,27,27,27,27,1,3,4,2,1,1,"1.32","-0.54","-0.54","55.1",2.797305816955284,22.35588910449478,18.588371228590667,38.61457748214466,22.046061205013974
"SL","2025-04-08","87","-0.51","6.19","Clase, Emmanuel",683734,661403,,"swinging_strike",,,,,5,"Swinging Strike","R","R","R","CLE","CWS","S",,,1,0,2025,"1.22","0.23","0.04","2.23",,,673357,1,9,"Top",,,,,,,-1.179898750269217,-126.80544028595621,-3.8384107971983554,13.4439245326507,25.17832294268763,-29.16303255367306,"3.26","1.51",,,,"87.1",2468,"6.2",778402,666310,467793,672356,608070,677587,680757,666134,678877,"54.28",,,,,,,,60,2,"Slider",0,0,0,0,0,0,0,0,"Standard","Strategic",62,"0.012","-0.056","69.7","7.9",,"0.056",,0,0,0.492,0.508,27,27,27,27,1,3,4,2,1,1,"2.77","-1.22","-1.22","65.2",17.727158553797516,-22.848807699389447,22.485296075997194,42.075326852660865,44.11444270290569
"SL","2025-04-08","87.5","-0.79","6.03","Clase, Emmanuel",683734,661403,,"ball",,,,,11,"Ball","R","R","R","CLE","CWS","B",,,0,0,2025,"0.78","0.15","-0.16","3.69",,,673357,1,9,"Top",,,,,,,-0.10277703947902034,-127.48696254260621,0.15832970308560623,8.57243383182214,26.47291112718686,-30.75272657379009,"3.34","1.44",,,,"87.5",2389,"6.3",778402,666310,467793,672356,608070,677587,680757,666134,678877,"54.23",,,,,,,,60,1,"Slider",0,0,0,0,0,0,0,0,"Standard","Strategic",60,"-0.008","0.035",,,,"-0.035",,0,0,0.5,0.5,27,27,27,27,1,3,4,2,1,1,"2.82","-0.78","-0.78","50.8",,,,,
"FC","2025-04-08","98.3","-0.56","6.18","Clase, Emmanuel",665155,661403,"field_out","hit_into_play",,,,,1,"Nick Maton pops out to shortstop Brayan Rocchio.","R","L","R","CLE","CWS","X",6,"popup",0,0,2025,"0.55","1.51","-0.29","3.51",,,673357,0,9,"Top",105.89,132.28,,,,,-0.5245673018413332,-143.1746011752173,-5.3149513842084835,7.680051236875032,31.689714983287626,-10.326613859917465,"3.41","1.57",169,"91.8",63,"98.5",2537,"6.2",778402,666310,467793,672356,608070,677587,680757,666134,678877,"54.27",0.008,0.007,"0",1,0,0,3,59,1,"Cutter",0,0,0,0,0,0,0,0,"Standard","Standard",183,"0.081","-0.242",,,0.008,"0.242","91.8",0,0,0.419,0.581,27,28,27,28,1,3,4,2,1,1,"0.83","-0.55","0.55","53.2",,,,,
"FC","2025-04-08","97.9","-0.62","6.33","Clase, Emmanuel",673357,661403,"field_error","hit_into_play",,,,,9,"Luis Robert Jr. reaches on a throwing error by shortstop Brayan Rocchio.","R","R","R","CLE","CWS","X",6,"ground_ball",0,0,2025,"0.55","1.25","0.45","1.88",,,,0,9,"Top",108.31,154.07,,,,,1.6138196175571022,-142.27960616615033,-9.402394253220475,7.076163047537341,33.682313609418486,-13.241706585465398,"3.73","1.71",91,"104.4",2,"98",2597,"6.5",778402,666310,467793,672356,608070,677587,680757,666134,678877,"53.99",0.57,0.556,"0.9",1,0,0,4,58,1,"Cutter",0,0,0,0,0,0,0,0,"Standard","Standard",179,"-0.081","0.485","74.5","8.0",0.672,"-0.485","104.4",0,0,0.5,0.5,27,27,27,28,1,3,4,2,1,1,"1.14","-0.55","-0.55","56.6",7.367970552292552,-5.655502151846594,37.25007932480752,37.889328770901116,28.564761968546694
"FC","2025-04-04","99","-0.57","6.05","Clase, Emmanuel",518595,661403,"field_out","hit_into_play",,,,,7,"Travis d'Arnaud grounds out, third baseman José Ramírez to first baseman Carlos Santana.","R","R","R","LAA","CLE","X",5,"ground_ball",0,1,2025,"0.05","1.04","-0.35","1.49",,666176,,2,9,"Bot",106.4,161.72,,,,,0.500306452257173,-144.04525077585626,-9.59475986569944,0.5632994265264164,30.862296068080113,-15.697363339154391,"3.46","1.56",5,"99.6",-16,"100.4",2421,"6.9",778447,666310,467793,672356,608070,677587,680757,657041,666134,"53.59",0.162,0.143,"0",1,0,0,2,87,2,"Cutter",6,8,6,8,8,6,6,8,"Strategic","Standard",187,"-0.05","-0.248",,,0.162,"0.248","99.6",-2,-2,0.05,0.05,27,36,27,36,1,0,2,3,4,4,"1.27","-0.05","-0.05","53.5",,,,,
"FC","2025-04-04","99.4","-0.58","6.08","Clase, Emmanuel",518595,661403,,"swinging_strike",,,,,14,"Swinging Strike","R","R","R","LAA","CLE","S",,,0,0,2025,"0.59","0.89","1.18","1.12",,666176,,2,9,"Bot",,,,,,,3.4653252421816187,-144.49324265747785,-10.415711141632192,7.477105360506256,31.836829240734296,-17.489848789225142,"3.46","1.56",,,,"100.7",2600,"6.9",778447,666310,467793,672356,608070,677587,680757,657041,666134,"53.55",,,,,,,,87,1,"Cutter",6,8,6,8,8,6,6,8,"Strategic","Standard",186,"0","-0.04","70.7","8.3",,"0.04",,-2,-2,0.05,0.05,27,36,27,36,1,0,2,3,4,4,"1.41","-0.59","-0.59","51.1",12.375174568373122,-2.4012946302212694,35.394658983620715,50.986760010739765,30.87669029626665
"SL","2025-04-04","89.8","-0.47","6.04","Clase, Emmanuel",666176,661403,"double","hit_into_play",,,,,14,"Jo Adell doubles (1) on a sharp ground ball to left fielder Steven Kwan. Kyren Paris scores.","R","R","R","LAA","CLE","X",7,"ground_ball",1,2,2025,"0.7","-0.37","0.44","1.24",,677347,,2,9,"Bot",94.9,53.91,,,,,0.7712749760504877,-130.8624843941058,-5.172619771795811,7.958573715581358,25.94337237837539,-35.67575348132283,"3.56","1.68",208,"111.4",6,"90.3",2543,"6.4",778447,666310,467793,672356,608070,677587,680757,657041,666134,"54.14",0.686,0.663,"1.25",1,1,1,4,86,4,"Slider",5,8,5,8,8,6,6,8,"Standard","Standard",77,"0.034","0.986","75.3","8.0",0.831,"-0.986","111.4",-3,-3,0.016,0.016,27,26,27,26,1,4,2,2,4,1,"3.18","-0.7","-0.7","55.4",-3.130337043222275,-2.1093798081849817,39.06733454708929,40.461496236058565,20.46237826548712
"SL","2025-04-04","88.6","-0.46","6.06","Clase, Emmanuel",666176,661403,,"ball",,,,,14,"Ball","R","R","R","LAA","CLE","B",,,0,2,2025,"0.78","-0.1","1.02","1.27",,,677347,2,9,"Bot",,,,,,,2.0091142443036762,-129.06674162406628,-5.53037006095766,8.406826794741205,24.449518832462662,-32.44147429899247,"3.56","1.72",,,,"89.8",2487,"6.7",778447,666310,467793,672356,608070,677587,680757,657041,666134,"53.75",,,,,,,,86,3,"Slider",5,8,5,8,8,5,5,8,"Standard","Standard",61,"0.001","0.009",,,,"-0.009",,-3,-3,0.015,0.015,27,26,27,26,1,4,2,2,4,1,"2.98","-0.78","-0.78","51.1",,,,,
"FC","2025-04-04","98.3","-0.48","6.13","Clase, Emmanuel",666176,661403,,"foul",,,,,9,"Foul","R","R","R","LAA","CLE","S",,,0,1,2025,"0.18","0.9","0.28","1.9",,,677347,2,9,"Bot",,,,,,,1.6582146645217484,-143.05069633327963,-8.18050752757683,2.127892953532413,30.078798542298347,-18.201948840582045,"3.56","1.68",258,"82.5",39,"99.2",2523,"6.6",778447,666310,467793,672356,608070,677587,680757,657041,666134,"53.91",,,,,,,,86,2,"Cutter",5,8,5,8,8,5,5,8,"Standard","Standard",178,"0","-0.055","75.7","7.4",,"0.055","88.0",-3,-3,0.015,0.015,27,26,27,26,1,4,2,2,4,1,"1.44","-0.18","-0.18","49.4",-8.794646381944574,13.108326102285455,40.90439787150976,38.689541519942935,10.539047531830358
"SL","2025-04-04","90.2","-0.35","6.01","Clase, Emmanuel",666176,661403,,"foul",,,,,14,"Foul","R","R","R","LAA","CLE","S",,,0,0,2025,"0.49","0.56","0.83","1.66",,,677347,2,9,"Bot",,,,,,,1.9137078783876802,-131.33692495311027,-6.149097729702068,5.346396183038622,26.698074196216822,-24.580055469603774,"3.56","1.68",0,"31",-76,"91.4",2427,"6.9",778447,666310,467793,672356,608070,677587,680757,657041,666134,"53.63",,,,,,,,86,1,"Slider",5,8,5,8,8,5,5,8,"Standard","Standard",69,"0","-0.042","64.9","8.8",,"0.042","88.0",-3,-3,0.015,0.015,27,26,27,26,1,4,2,2,4,1,"2.22","-0.49","-0.49","51.4",22.098004853503305,-17.95747370908527,32.00777972388921,44.76166203837816,33.2158197132372
"FC","2025-04-04","99.2","-0.5","6.17","Clase, Emmanuel",677347,661403,"single","hit_into_play",,,,,14,"Kyren Paris singles on a fly ball to right fielder Nolan Jones.","R","R","R","LAA","CLE","X",9,"fly_ball",2,2,2025,"0.55","0.95","0.88","1.94",,,,2,9,"Bot",194.79,125.83,,,,,2.5242138821361464,-144.4178488409087,-8.4770545433381,7.2028852663420615,31.856920358438522,-17.208101284346426,"3.56","1.72",230,"73.7",33,"100.4",2464,"6.8",778447,666310,467793,672356,608070,677587,680757,657041,666134,"53.7",0.316,0.297,"0.9",1,1,0,3,85,5,"Cutter",5,8,5,8,8,5,5,8,"Standard","Strategic",186,"0.01","0.362","73.4","7.3",0.38,"-0.362","88.0",-3,-3,0.005,0.005,27,23,27,24,1,2,2,3,4,1,"1.36","-0.55","-0.55","49.8",5.5381148971285405,6.743663814587297,40.80503954278314,43.26551473371439,17.410428373582533
"FC","2025-04-04","99.1","-0.57","6.14","Clase, Emmanuel",677347,661403,,"foul_tip",,,,,5,"Foul Tip","R","R","R","LAA","CLE","S",,,2,1,2025,"0.6","0.86","-0.01","2.65",,,,2,9,"Bot",,,,,,,0.15834359345189208,-144.31768043023067,-6.211738023718092,8.313583504651088,32.194218360695096,-18.98007210985459,"3.56","1.72",,,,"100.4",2503,"6.9",778447,666310,467793,672356,608070,677587,680757,657041,666134,"53.65",,,,,,,,85,4,"Cutter",5,8,5,8,8,5,5,8,"Standard","Strategic",177,"-0.001","-0.073","68.2","5.9",,"0.073",,-3,-3,0.006,0.006,27,23,27,24,1,2,2,3,4,1,"1.45","-0.6","-0.6","51.5",-14.778787426993299,30.921533650544177,36.36973834168872,34.50541651410599,4.427779889302622
"FC","2025-04-04","98.2","-0.53","6.25","Clase, Emmanuel",677347,661403,,"ball",,,,,13,"Ball","R","R","R","LAA","CLE","B",,,1,1,2025,"0.15","0.85","-0.96","2.62",,,,2,9,"Bot",,,,,,,-1.5172787195864026,-142.94667794159872,-6.387220092641111,2.443383888612871,31.24626598924834,-19.254567871885552,"3.68","1.8",,,,"98.9",2405,"6.6",778447,666310,467793,672356,608070,677587,680757,657041,666134,"53.94",,,,,,,,85,3,"Cutter",5,8,5,8,8,5,5,8,"Standard","Strategic",178,"0.001","0.053",,,,"-0.053",,-3,-3,0.005,0.005,27,23,27,24,1,2,2,3,4,1,"1.5","-0.15","-0.15","61.2",,,,,
"FC","2025-04-04","99.9","-0.43","6.2","Clase, Emmanuel",677347,661403,,"ball",,,,,14,"Ball","R","R","R","LAA","CLE","B",,,0,1,2025,"0.43","0.72","1.34","2.02",,,,2,9,"Bot",,,,,,,3.8917421770473157,-145.42353471746912,-7.897875054267643,5.250698926555307,31.809517135003553,-20.334503457886026,"3.64","1.82",,,,"100.8",2607,"6.6",778447,666310,467793,672356,608070,677587,680757,657041,666134,"53.87",,,,,,,,85,2,"Cutter",5,8,5,8,8,5,5,8,"Standard","Strategic",179,"0","0.027",,,,"-0.027",,-3,-3,0.005,0.005,27,23,27,24,1,2,2,3,4,1,"1.55","-0.43","-0.43","53.3",,,,,
"FC","2025-04-04","99.7","-0.48","6.15","Clase, Emmanuel",677347,661403,,"swinging_strike",,,,,14,"Swinging Strike","R","R","R","LAA","CLE","S",,,0,0,2025,"0.31","1.06","0.88","2.11",,,,2,9,"Bot",,,,,,,3.0324523272519395,-145.07297766267445,-8.33093604896461,3.7489439794052353,31.885771800700724,-15.561071351686255,"3.56","1.72",,,,"101.1",2619,"6.9",778447,666310,467793,672356,608070,677587,680757,657041,666134,"53.6",,,,,,,,85,1,"Cutter",5,8,5,8,8,5,5,8,"Standard","Standard",182,"0","-0.043",,,,"0.043",,-3,-3,0.005,0.005,27,23,27,24,1,2,2,3,4,1,"1.23","-0.31","-0.31","51.1",,,,,
"FC","2025-04-04","99.3","-0.65","6.1","Clase, Emmanuel",694384,661403,"field_out","hit_into_play",,,,,9,"Nolan Schanuel grounds out to first baseman Carlos Santana.","R","L","R","LAA","CLE","X",3,"ground_ball",1,1,2025,"0.13","0.73","0.76","2.23",,,,1,9,"Bot",161.52,164.14,,,,,3.5942548026256453,-144.52516562519617,-6.956420630062366,1.0197367350758622,32.92848310465331,-20.56864937794669,"3.63","1.72",5,"92.8",-25,"100.2",2579,"6.7",778447,666310,467793,672356,608070,677587,680757,657041,666134,"53.77",0.058,0.047,"0",1,0,0,2,84,3,"Cutter",5,8,5,8,8,5,5,8,"Standard","Standard",184,"-0.012","-0.244",,,0.059,"0.244","92.8",-3,-3,0.017,0.017,27,23,27,23,1,4,2,2,4,1,"1.58","-0.13","0.13","50.2",,,,,
"FC","2025-04-04","97.9","-0.35","6.08","Clase, Emmanuel",694384,661403,,"foul",,,,,9,"Foul","R","L","R","LAA","CLE","S",,,1,0,2025,"0.6","0.92","0.65","2.16",,,,1,9,"Bot",,,,,,,1.3004109073307561,-142.4546862720406,-7.259557224053428,7.962197550180055,31.11557903938793,-18.25105436867827,"3.63","1.72",10,"89.3",-12,"98.5",2494,"6.5",778447,666310,467793,672356,608070,677587,680757,657041,666134,"53.99",,,,,,,,84,2,"Cutter",5,8,5,8,8,5,5,8,"Standard","Standard",185,"-0.004","-0.049","70.3","6.9",,"0.049","89.3",-3,-3,0.021,0.021,27,23,27,23,1,4,2,2,4,1,"1.45","-0.6","0.6","49.1",6.826321152972316,-4.109990664251561,40.28257321779536,28.182848329171087,26.215774926431216
"FC","2025-04-04","100.3","-0.6","6.1","Clase, Emmanuel",694384,661403,,"ball",,,,,14,"Ball","R","L","R","LAA","CLE","B",,,0,0,2025,"0.26","0.97","1.08","2.23",,,,1,9,"Bot",,,,,,,4.04848585052807,-145.98341375366044,-7.710020240552682,2.8798306845388617,32.78230469053339,-16.677047659577124,"3.7","1.76",,,,"101.1",2605,"6.6",778447,666310,467793,672356,608070,677587,680757,657041,666134,"53.91",,,,,,,,84,1,"Cutter",5,8,5,8,8,5,5,8,"Standard","Standard",188,"0.003","0.039",,,,"-0.039",,-3,-3,0.018,0.018,27,23,27,23,1,4,2,2,4,1,"1.28","-0.26","0.26","50.2",,,,,
"FC","2025-04-04","99.1","-0.46","6.22","Clase, Emmanuel",681351,661403,"home_run","hit_into_play",,,,,2,"Logan O'Hoppe homers (3) on a fly ball to center field.","R","R","R","LAA","CLE","X",,"fly_ball",1,2,2025,"0.07","0.94","0.08","2.95",,,,1,9,"Bot",152.75,42.82,,,,,1.311109705106282,-144.4029034445248,-5.81487377761695,0.7246854272848418,31.757818269620046,-17.856119679222143,"3.26","1.56",392,"103.6",26,"100.6",2559,"6.9",778447,666310,467793,672356,608070,677587,680757,657041,666134,"53.59",0.6912698412698414,1.3361111111111108,"2",1,0,3,6,83,11,"Cutter",4,8,4,8,8,5,5,8,"Strategic","Standard",176,"0.012","1.657","68.9","6.7",2.5938730158730157,"-1.657","103.6",-4,-4,0.006,0.006,27,25,27,25,1,4,2,2,4,1,"1.36","-0.07","-0.07","51.2",11.349830447716725,14.320215335810799,26.32695420694628,39.23868263974684,25.33317194317229
"FC","2025-04-04","99","-0.55","6.08","Clase, Emmanuel",681351,661403,,"foul",,,,,12,"Foul","R","R","R","LAA","CLE","S",,,1,2,2025,"0.37","1.01","1.09","2.43",,,,1,9,"Bot",,,,,,,3.6598562888000474,-144.14265066325777,-7.030970311738783,4.423666011157818,30.332990093517328,-16.673960295653867,"3.26","1.56",213,"79.9",25,"100.7",2566,"7",778447,666310,467793,672356,608070,677587,680757,657041,666134,"53.53",,,,,,,,83,10,"Cutter",4,8,4,8,8,4,4,8,"Strategic","Standard",175,"0","0","68.3","6.8",,"0","88.0",-4,-4,0.006,0.006,27,25,27,25,1,4,2,2,4,1,"1.29","-0.37","-0.37","48.4",-0.07922608196292244,23.808145932294323,26.50377698138216,51.71873879060523,13.503385850668348
"SL","2025-04-04","89.6","-0.35","6.11","Clase, Emmanuel",681351,661403,,"foul",,,,,2,"Foul","R","R","R","LAA","CLE","S",,,1,2,2025,"0.63","-0.19","0.01","3.04",,,,1,9,"Bot",,,,,,,-0.4451064451190336,-130.53347252372836,-1.193452700336475,7.258356492792524,27.69682424290002,-34.33654288193028,"3.26","1.56",,,,"90.6",2528,"6.9",778447,666310,467793,672356,608070,677587,680757,657041,666134,"53.63",,,,,,,,83,9,"Slider",4,8,4,8,8,4,4,8,"Strategic","Standard",59,"0","0","65.8","6.4",,"0",,-4,-4,0.006,0.006,27,25,27,25,1,4,2,2,4,1,"3.03","-0.63","-0.63","54.0",6.2703897044794745,24.095188688363635,21.627228613632646,37.93565784048161,21.562781944439052
"SI","2025-04-04","99.3","-0.43","6.22","Clase, Emmanuel",681351,661403,,"foul",,,,,2,"Foul","R","R","R","LAA","CLE","S",,,1,2,2025,"-0.38","1.29","0.05","2.93",,,,1,9,"Bot",,,,,,,2.2016039989797735,-144.5368346585794,-6.659413958261412,-5.81608155711828,34.31603674376038,-12.720642964361177,"3.26","1.56",,,,"100.1",2396,"6.7",778447,666310,467793,672356,608070,677587,680757,657041,666134,"53.76",,,,,,,,83,8,"Sinker",4,8,4,8,8,4,4,8,"Strategic","Standard",185,"0","0","71.2","6.7",,"0",,-4,-4,0.006,0.006,27,25,27,25,1,4,2,2,4,1,"1.02","0.38","0.38","54.5",4.286438261565482,17.078461989761948,26.292016506289716,38.626532046627176,19.08095181324622
"FC","2025-04-04","99.2","-0.43","6.25","Clase, Emmanuel",681351,661403,,"foul",,,,,2,"Foul","R","R","R","LAA","CLE","S",,,1,2,2025,"0.42","0.94","-0.13","3.09",,,,1,9,"Bot",,,,,,,-0.17129680311113238,-144.44388962735397,-5.431698502756344,5.947388047918289,33.54383549935512,-17.954454415542656,"3.26","1.56",241,"83.6",52,"99.5",2494,"6.4",778447,666310,467793,672356,608070,677587,680757,657041,666134,"54.06",,,,,,,,83,7,"Cutter",4,8,4,8,8,4,4,8,"Strategic","Standard",179,"0","0","59.2","6.2",,"0","88.0",-4,-4,0.006,0.006,27,25,27,25,1,4,2,2,4,1,"1.37","-0.42","-0.42","53.5",0.0906407390576806,14.788471220010075,26.909911097853723,36.44225360808691,19.99349558636758
"FC","2025-04-04","99.4","-0.49","6.25","Clase, Emmanuel",681351,661403,,"foul",,,,,5,"Foul","R","R","R","LAA","CLE","S",,,1,2,2025,"0.68","0.85","0.2","2.28",,,,1,9,"Bot",,,,,,,0.2988189732464769,-144.6787006968239,-7.5466154010901985,9.503448589878705,32.97366416438839,-18.658808346913393,"3.26","1.56",253,"104.1",11,"100.3",2513,"6.7",778447,666310,467793,672356,608070,677587,680757,657041,666134,"53.76",,,,,,,,83,6,"Cutter",4,8,4,8,8,4,4,8,"Strategic","Standard",176,"0","0","58.9","6.2",,"0","104.1",-4,-4,0.006,0.006,27,25,27,25,1,4,2,2,4,1,"1.45","-0.68","-0.68","55.0",-4.145160252720808,30.718305503597733,33.160980947447705,41.150328413306795,13.56404750594702
"SL","2025-04-04","87.8","-0.45","6.12","Clase, Emmanuel",681351,661403,,"foul",,,,,1,"Foul","R","R","R","LAA","CLE","S",,,1,2,2025,"0.74","0.09","-0.53","2.85",,,,1,9,"Bot",,,,,,,-1.7277057199258476,-127.83994465983056,-1.9803729792524984,8.448262766914098,26.83881833519744,-31.038130244628604,"3.26","1.56",104,"72.1",72,"88.5",2506,"6.7",778447,666310,467793,672356,608070,677587,680757,657041,666134,"53.78",,,,,,,,83,5,"Slider",4,8,4,8,8,4,4,8,"Strategic","Standard",59,"0","0","65.9","6.6",,"0","88.0",-4,-4,0.006,0.006,27,25,27,25,1,4,2,2,4,1,"2.87","-0.74","-0.74","55.0",5.505043907824904,3.539757685556724,29.182823915392703,32.12804948283147,28.03901053022222
"SL","2025-04-04","89.7","-0.49","6.16","Clase, Emmanuel",681351,661403,,"foul",,,,,12,"Foul","R","R","R","LAA","CLE","S",,,1,2,2025,"0.85","0.57","1.31","2.74",,,,1,9,"Bot",,,,,,,2.651386637027047,-130.55895289356906,-3.6682117972998487,9.194038648139749,28.0469197167382,-25.044563829055146,"3.26","1.56",,,,"89.9",2493,"6.4",778447,666310,467793,672356,608070,677587,680757,657041,666134,"54.05",,,,,,,,83,4,"Slider",4,8,4,8,8,4,4,8,"Strategic","Standard",63,"0","0","68.1","7.6",,"0",,-4,-4,0.006,0.006,27,25,27,25,1,4,2,2,4,1,"2.26","-0.85","-0.85","54.7",14.107401732337287,-0.15366325550040824,28.11943457700645,53.461299123046494,32.27644020507561
"FC","2025-04-04","99","-0.66","6.13","Clase, Emmanuel",681351,661403,,"foul_tip",,,,,3,"Foul Tip","R","R","R","LAA","CLE","S",,,1,1,2025,"0.47","0.94","0.41","2.87",,,,1,9,"Bot",,,,,,,1.8274344348718214,-144.19165575069292,-5.744534962270077,6.169314847700211,33.05060606414989,-17.934942926309006,"3.26","1.56",,,,"99.9",2650,"6.7",778447,666310,467793,672356,608070,677587,680757,657041,666134,"53.78",,,,,,,,83,3,"Cutter",4,8,4,8,8,4,4,8,"Strategic","Standard",186,"-0.001","-0.064","69.2","6.4",,"0.064",,-4,-4,0.007,0.007,27,25,27,25,1,4,2,2,4,1,"1.38","-0.47","-0.47","51.9",1.8564594480523173,23.891552816594054,28.342180262653432,44.169326612571425,15.731566179773218
"SL","2025-04-04","91","-0.46","6.16","Clase, Emmanuel",681351,661403,,"ball",,,,,14,"Ball","R","R","R","LAA","CLE","B",,,0,1,2025,"0.57","0.65","0.25","0.75",,,,1,9,"Bot",,,,,,,0.5539885118788618,-132.23207645227777,-9.059269845334988,6.606236278785871,28.931663734043035,-22.81607363736543,"3.26","1.58",,,,"91.2",2528,"6.6",778447,666310,467793,672356,608070,677587,680757,657041,666134,"53.94",,,,,,,,83,2,"Slider",4,8,4,8,8,4,4,8,"Strategic","Standard",82,"0.001","0.029",,,,"-0.029",,-4,-4,0.006,0.006,27,25,27,25,1,4,2,2,4,1,"2.12","-0.57","-0.57","52.5",,,,,
"SL","2025-04-04","90.6","-0.37","6.11","Clase, Emmanuel",681351,661403,,"swinging_strike",,,,,14,"Swinging Strike","R","R","R","LAA","CLE","S",,,0,0,2025,"0.64","-0.16","1.13","1.2",,,,1,9,"Bot",,,,,,,2.400901366526563,-131.79632951738753,-5.977808647932115,6.935930015249887,29.210655595167033,-32.92014943367911,"3.26","1.56",,,,"90.8",2521,"6.5",778447,666310,467793,672356,608070,677587,680757,657041,666134,"53.97",,,,,,,,83,1,"Slider",4,8,4,8,8,4,4,8,"Strategic","Standard",64,"-0.001","-0.039","70.7","8.6",,"0.039",,-4,-4,0.007,0.007,27,25,27,25,1,4,2,2,4,1,"2.95","-0.64","-0.64","59.0",20.836381449232213,-22.50824508695937,32.737549050008255,51.52417209959702,47.94906521304853
"FC","2025-04-04","98.1","-0.7","6.21","Clase, Emmanuel",641313,661403,"field_out","hit_into_play",,,,,5,"Tim Anderson grounds out, second baseman Gabriel Arias to first baseman Carlos Santana.","R","R","R","LAA","CLE","X",4,"ground_ball",0,1,2025,"0.35","1.14","0.16","2.74",,,,0,9,"Bot",142.14,155.06,,,,,1.5546227529898493,-142.90180338690564,-6.673705739105629,4.490190356968574,30.725088505911295,-15.195110110383046,"3.53","1.58",7,"77.3",-20,"99.5",2589,"6.8",778447,666310,467793,672356,608070,677587,680757,657041,666134,"53.66",0.061,0.058,"0",1,0,0,2,82,2,"Cutter",4,8,4,8,8,4,4,8,"Standard","Strategic",180,"-0.01","-0.22","65.3","6.2",0.074,"0.22","88.0",-4,-4,0.017,0.017,27,32,27,32,1,0,2,3,4,1,"1.21","-0.35","-0.35","50.7",3.7537233092424334,18.34419253569309,33.089241699336725,38.799623156014604,19.40897988798033
"FC","2025-04-04","98.3","-0.63","6.11","Clase, Emmanuel",641313,661403,,"called_strike",,,,,8,"Called Strike","R","R","R","LAA","CLE","S",,,0,0,2025,"0.57","1.01","0.06","1.96",,,,0,9,"Bot",,,,,,,0.5702657862930423,-143.1062957227379,-8.162578231984764,7.69476418150814,31.441056472224876,-16.702296426025857,"3.53","1.68",,,,"99",2447,"6.6",778447,666310,467793,672356,608070,677587,680757,657041,666134,"53.94",,,,,,,,82,1,"Cutter",4,8,4,8,8,4,4,8,"Standard","Strategic",183,"-0.002","-0.039",,,,"0.039",,-4,-4,0.019,0.019,27,32,27,32,1,0,2,3,4,1,"1.34","-0.57","-0.57","50.1",,,,,
"FC","2025-04-02","98","-0.84","6.04","Clase, Emmanuel",455117,661403,"force_out","hit_into_play",,,,,6,"Martín Maldonado grounds into a force out, third baseman José Ramírez to second baseman Gabriel Arias. Jose Iglesias out at 2nd.","R","R","R","SD","CLE","X",5,"ground_ball",0,1,2025,"-0.17","1.22","0.64","2.65",,,578428,2,8,"Bot",108.67,158.68,,,,,4.390351678253804,-142.57156332734823,-6.503120553002418,-3.3090917274415514,33.79291906176818,-14.197229045315822,"3.27","1.56",6,"77",-25,"98.1",2420,"6.4",778476,595978,700932,672356,608070,677587,680757,657041,666134,"54.07",0.033,0.027,"0",1,0,0,2,68,2,"Cutter",5,2,5,2,2,5,5,2,"Standard","Standard",184,"-0.003","-0.229","67.8","7.8",0.033,"0.229","88.0",3,3,0.969,0.969,27,38,27,39,1,3,3,4,2,2,"1.16","0.17","0.17","46.5",16.111143510662604,-2.801933492033936,26.12234650715337,48.66713433100168,31.6546683702801
"FC","2025-04-02","98.8","-0.67","6.07","Clase, Emmanuel",455117,661403,,"swinging_strike",,,,,11,"Swinging Strike","R","R","R","SD","CLE","S",,,0,0,2025,"0.17","1.33","-0.94","3.1",,,578428,2,8,"Bot",,,,,,,-1.1343279752593671,-143.86127650074354,-5.790450770465504,2.6868195729580955,32.16158152354883,-12.503326926095573,"3.27","1.56",,,,"99.2",2486,"6.4",778476,595978,700932,672356,608070,677587,680757,657041,666134,"54.13",,,,,,,,68,1,"Cutter",5,2,5,2,2,5,5,2,"Standard","Standard",185,"0","-0.042","70.1","6.9",,"0.042",,3,3,0.969,0.969,27,38,27,39,1,3,3,4,2,2,"0.99","-0.17","-0.17","46.7",14.079701884219858,-7.28469797877666,27.693620788415632,29.490688737372142,31.389516523313837
"SL","2025-04-02","89.4","-0.63","6.01","Clase, Emmanuel",578428,661403,"single","hit_into_play",,,,,14,"Jose Iglesias singles on a ground ball to third baseman José Ramírez.","R","R","R","SD","CLE","X",5,"ground_ball",2,1,2025,"0.45","0.15","0.86","1.58",,,,2,8,"Bot",97.01,168.82,,,,,2.746173192991017,-130.18455320500203,-5.270299358967465,4.510702137553829,27.628173113585923,-29.52285574242689,"3.19","1.44",4,"76.5",-25,"89.9",2338,"6.6",778476,595978,700932,672356,608070,677587,680757,657041,666134,"53.9",0.035,0.044,"0.9",1,1,0,2,67,4,"Slider",5,2,5,2,2,5,5,2,"Strategic","Standard",78,"0.002","0.289","61.4","7.4",0.035,"-0.289","88.0",3,3,0.967,0.967,27,35,27,35,1,3,3,1,2,6,"2.7","-0.45","-0.45","52.1",6.76373486996192,-8.877642607199508,29.824255663946154,44.61688567978547,32.19545959255404
"FC","2025-04-02","99.6","-0.64","6.04","Clase, Emmanuel",578428,661403,,"called_strike",,,,,1,"Called Strike","R","R","R","SD","CLE","S",,,2,0,2025,"0.34","1.04","-0.73","2.9",,,,2,8,"Bot",,,,,,,-1.0559757871251982,-144.95719706059415,-5.694106549298168,5.060538857469639,34.18086368977435,-16.36620048197872,"3.15","1.34",,,,"100",2554,"6.5",778476,595978,700932,672356,608070,677587,680757,657041,666134,"53.97",,,,,,,,67,3,"Cutter",5,2,5,2,2,5,5,2,"Strategic","Standard",179,"-0.001","-0.066",,,,"0.066",,3,3,0.968,0.968,27,35,27,35,1,3,3,1,2,6,"1.26","-0.34","-0.34","48.0",,,,,
"FC","2025-04-02","99.2","-0.76","6.12","Clase, Emmanuel",578428,661403,,"ball",,,,,11,"Ball","R","R","R","SD","CLE","B",,,1,0,2025,"0.4","1.07","-0.79","3.38",,,,2,8,"Bot",,,,,,,-1.0315948798262375,-144.37379582994046,-4.578854768388936,5.83369479870292,34.89999226597353,-16.42407230237046,"3.14","1.39",,,,"99.4",2608,"6.5",778476,595978,700932,672356,608070,677587,680757,657041,666134,"54.04",,,,,,,,67,2,"Cutter",5,2,5,2,2,5,5,2,"Strategic","Standard",176,"0.001","0.065",,,,"-0.065",,3,3,0.967,0.967,27,35,27,35,1,3,3,1,2,6,"1.26","-0.4","-0.4","48.9",,,,,
"SL","2025-04-02","91.4","-0.62","6.01","Clase, Emmanuel",578428,661403,,"ball",,,,,14,"Ball","R","R","R","SD","CLE","B",,,0,0,2025,"0.74","0.36","1.19","1.67",,,,2,8,"Bot",,,,,,,2.9808958138032757,-132.97434459474925,-5.786982735528399,7.997514470877148,32.78574613321386,-26.818676564011557,"3.04","1.34",,,,"91.5",2544,"6.7",778476,595978,700932,672356,608070,677587,680757,657041,666134,"53.82",,,,,,,,67,1,"Slider",5,2,5,2,2,5,5,2,"Standard","Standard",80,"0","0.037",,,,"-0.037",,3,3,0.967,0.967,27,35,27,35,1,3,3,1,2,6,"2.41","-0.74","-0.74","50.9",,,,,
"FC","2025-04-02","99","-0.61","6.15","Clase, Emmanuel",657757,661403,"field_out","hit_into_play",,,,,12,"Gavin Sheets grounds out, second baseman Gabriel Arias to first baseman Kyle Manzardo.","R","L","R","SD","CLE","X",4,"ground_ball",0,0,2025,"0.27","1.03","0.86","3.12",,,,1,8,"Bot",143.27,153.29,,,,,3.393975726478286,-144.08937075789495,-5.257466897769052,2.9183006140169487,33.867848183628716,-16.80194499232225,"3.33","1.67",4,"66.3",-40,"99.5",2546,"6.6",778476,595978,700932,672356,608070,677587,680757,657041,666134,"53.95",0.134,0.117,"0",1,0,0,2,66,1,"Cutter",5,2,5,2,2,5,5,2,"Strategic","Standard",185,"-0.003","-0.254","69.2","6.4",0.143,"0.254","88.0",3,3,0.97,0.97,27,29,27,29,1,3,3,2,2,2,"1.3","-0.27","0.27","50.7",-1.2214816384152778,15.201414954961779,22.750930748043235,30.504714485022006,22.000347323683027
"FC","2025-04-02","98.7","-0.74","6.05","Clase, Emmanuel",593428,661403,"field_out","hit_into_play",,,,,3,"Xander Bogaerts lines out to left fielder Steven Kwan.","R","R","R","SD","CLE","X",7,"line_drive",0,1,2025,"0.34","1.19","0.56","3.16",,,,0,8,"Bot",87.42,95.19,,,,,2.7606064768732503,-143.65034237884458,-5.19993830092837,4.0737241055727305,33.85037327571661,-14.7061272428255,"3.49","1.65",275,"79.9",25,"99.1",2503,"6.5",778476,595978,700932,672356,608070,677587,680757,657041,666134,"53.98",0.43,0.411,"0",1,0,0,3,65,2,"Cutter",5,2,5,2,2,5,5,2,"Strategic","Standard",183,"-0.002","-0.22","73.9","7.4",0.531,"0.22","88.0",3,3,0.972,0.972,27,32,27,33,1,3,3,1,2,2,"1.15","-0.34","-0.34","47.9",11.76095494229143,-7.404242116603031,22.620782556518023,42.75609309806025,36.21304833373774
"SL","2025-04-02","88.3","-0.67","6.03","Clase, Emmanuel",593428,661403,,"called_strike",,,,,7,"Called Strike","R","R","R","SD","CLE","S",,,0,0,2025,"0.53","0.43","-0.52","1.93",,,,0,8,"Bot",,,,,,,-0.7309148961168856,-128.61861660972147,-4.847440862324674,6.018024412229878,26.64853494182873,-26.57273880871774,"3.65","1.66",,,,"88.7",2341,"6.5",778476,595978,700932,672356,608070,677587,680757,657041,666134,"54.05",,,,,,,,65,1,"Slider",5,2,5,2,2,5,5,2,"Strategic","Standard",89,"0","-0.039",,,,"0.039",,3,3,0.972,0.972,27,32,27,33,1,3,3,1,2,2,"2.48","-0.53","-0.53","49.7",,,,,
"FC","2025-03-30","99","-0.56","6.23","Clase, Emmanuel",677951,661403,"strikeout","swinging_strike",,,,,12,"Bobby Witt Jr. strikes out swinging.","R","R","R","KC","CLE","S",2,,2,2,2025,"0.61","0.87","0.9","3.71",,669004,,2,9,"Bot",,,,,,,2.569793208114202,-144.35918615721368,-3.6339548185782653,8.245546097739973,26.373664433033202,-19.313046821289777,"3.46","1.6",,,,"100.6",2498,"6.6",778510,666310,467793,682177,672356,677587,680757,657041,666134,"53.91",,0,"0",1,0,0,,80,5,"Cutter",2,6,2,6,6,2,2,6,"Standard","Strategic",174,"-0.005","-0.22","71.7","6.2",,"0.22",,-4,-4,0.005,0.005,27,25,27,25,1,4,3,1,3,1,"1.41","-0.61","-0.61","53.0",-0.5431075910528146,26.156680628899814,14.07960074329161,43.179274516451784,8.65605461728631
"SL","2025-03-30","90.3","-0.52","6.02","Clase, Emmanuel",677951,661403,,"blocked_ball",,,,,14,"Ball In Dirt","R","R","R","KC","CLE","B",,,1,2,2025,"0.84","0.3","1.43","0.17",,669004,,2,9,"Bot",,,,,,,3.0857183553991883,-131.219973577765,-9.290294557311901,9.000987149969488,29.015357214925455,-26.827449034578557,"3.38","1.61",,,,"90.8",2553,"6.8",778510,666310,467793,682177,672356,677587,680757,657041,666134,"53.75",,,,,,,,80,4,"Slider",2,6,2,6,6,2,2,6,"Standard","Strategic",66,"0","0.012",,,,"-0.012",,-4,-4,0.005,0.005,27,25,27,25,1,4,3,1,3,1,"2.51","-0.84","-0.84","53.1",,,,,
"FC","2025-03-30","99.8","-0.64","6.15","Clase, Emmanuel",677951,661403,,"swinging_strike",,,,,9,"Swinging Strike","R","R","R","KC","CLE","S",,,1,1,2025,"0.01","1.31","0.5","1.98",,669004,,2,9,"Bot",,,,,,,3.148513865840652,-145.19677397371743,-9.244853551804468,-0.5412064184718204,32.31644549665757,-11.737571516968229,"3.46","1.6",,,,"100.5",2609,"6.6",778510,666310,467793,682177,672356,677587,680757,657041,666134,"53.91",,,,,,,,80,3,"Cutter",2,6,2,6,6,2,2,6,"Standard","Standard",187,"0","-0.056","72.2","7.4",,"0.056",,-4,-4,0.005,0.005,27,25,27,25,1,4,3,1,3,1,"0.97","-0.01","-0.01","52.5",2.038274373614548,8.277099254138955,36.53657430818507,39.726003972377136,20.016540832414133
"SL","2025-03-30","90.1","-0.59","5.94","Clase, Emmanuel",677951,661403,,"ball",,,,,14,"Ball","R","R","R","KC","CLE","B",,,0,1,2025,"0.69","0.24","1.36","0.85",,,669004,2,9,"Bot",,,,,,,3.4051729231323624,-131.08054631463878,-7.225764598417587,7.187598922904295,29.419069115759207,-28.05594884056742,"3.34","1.67",,,,"90.8",2564,"6.9",778510,666310,467793,682177,672356,677587,680757,657041,666134,"53.64",,,,,,,,80,2,"Slider",2,6,2,6,6,2,2,6,"Standard","Standard",75,"0","0.027",,,,"-0.027",,-4,-4,0.005,0.005,27,25,27,25,1,4,3,1,3,1,"2.59","-0.69","-0.69","51.8",,,,,
"SL","2025-03-30","89.1","-0.56","6.08","Clase, Emmanuel",677951,661403,,"called_strike",,,,,2,"Called Strike","R","R","R","KC","CLE","S",,,0,0,2025,"0.81","0.19","-0.14","3.18",,,669004,2,9,"Bot",,,,,,,-0.659282775486197,-129.8527792399642,-1.5140254736611616,9.246595380104193,27.607749139629966,-29.92771467113555,"3.41","1.67",,,,"89.6",2513,"6.5",778510,666310,467793,682177,672356,677587,680757,657041,666134,"53.98",,,,,,,,80,1,"Slider",2,6,2,6,6,2,2,6,"Standard","Standard",88,"0","-0.042",,,,"0.042",,-4,-4,0.005,0.005,27,25,27,25,1,4,3,1,3,1,"2.68","-0.81","-0.81","52.1",,,,,
"FC","2025-03-30","98.9","-0.59","6.29","Clase, Emmanuel",663697,661403,"hit_by_pitch","hit_by_pitch",,,,,11,"Jonathan India hit by pitch.","R","R","R","KC","CLE","B",,,1,1,2025,"0.42","0.94","-2.38","4.64",,,,2,9,"Bot",,,,,,,-5.869358758775794,-144.04415866037834,-1.3459449800870846,7.133068526098186,29.474961993346284,-18.8819987281405,"3.26","1.51",,,,"99.8",2492,"6.4",778510,666310,467793,682177,672356,677587,680757,657041,666134,"54.05",,0.722289,"0.7",1,0,0,,79,3,"Cutter",2,6,2,6,6,2,2,6,"Standard","Standard",178,"0.004","0.343",,,,"-0.343",,-4,-4,0.001,0.001,27,28,27,29,1,4,3,1,3,1,"1.36","-0.42","-0.42","51.6",,,,,
"SI","2025-03-30","97.1","-0.85","6.05","Clase, Emmanuel",663697,661403,,"ball",,,,,11,"Ball","R","R","R","KC","CLE","B",,,0,1,2025,"-0.52","1.23","-1.46","4.07",,,,2,9,"Bot",,,,,,,-0.4383001936890164,-141.4855312485986,-2.606422108203543,-6.859294158984564,32.860697940609015,-15.270895017044737,"3.35","1.56",,,,"97.9",2371,"6.7",778510,666310,467793,682177,672356,677587,680757,657041,666134,"53.82",,,,,,,,79,2,"Sinker",2,6,2,6,6,2,2,6,"Standard","Standard",174,"0","0.027",,,,"-0.027",,-4,-4,0.001,0.001,27,28,27,29,1,4,3,1,3,1,"1.18","0.52","0.52","50.6",,,,,
"SL","2025-03-30","90.1","-0.68","6.07","Clase, Emmanuel",663697,661403,,"called_strike",,,,,3,"Called Strike","R","R","R","KC","CLE","S",,,0,0,2025,"0.58","-0.08","0.47","3.15",,,,2,9,"Bot",,,,,,,1.6380232435657893,-131.42463320001823,-1.2095647928979618,6.473340623665626,24.354715310948453,-33.09581456554945,"3.24","1.65",,,,"91",2474,"6.4",778510,666310,467793,682177,672356,677587,680757,657041,666134,"54.06",,,,,,,,79,1,"Slider",2,6,2,6,6,2,2,6,"Standard","Standard",93,"0","-0.043",,,,"0.043",,-4,-4,0.001,0.001,27,28,27,29,1,4,3,1,3,1,"2.85","-0.58","-0.58","54.1",,,,,
"FC","2025-03-30","98.3","-0.69","6.16","Clase, Emmanuel",624415,661403,"field_out","hit_into_play",,,,,6,"Cavan Biggio flies out to center fielder Lane Thomas.","R","L","R","KC","CLE","X",8,"fly_ball",0,1,2025,"0.24","0.81","0.28","2.59",,,,1,9,"Bot",117.18,72.53,,,,,2.0754421064118436,-143.14705491174635,-6.092237080324935,2.8365900995439897,33.38407683224528,-19.84749823622535,"3.4","1.59",315,"95.7",42,"98.8",2497,"6.5",778510,666310,467793,682177,672356,677587,680757,657041,666134,"53.97",0.025,0.034,"0",1,0,0,3,78,2,"Cutter",2,6,2,6,6,2,2,6,"Infield shade","Standard",182,"-0.005","-0.215","65.8","6.9",0.065,"0.215","95.7",-4,-4,0.006,0.006,27,30,27,30,1,0,3,1,3,1,"1.55","-0.24","0.24","47.1",12.370880677492735,-3.510034281027245,38.810098943392646,31.857090965031688,29.889050792083907
"FC","2025-03-30","99.1","-0.77","6.13","Clase, Emmanuel",624415,661403,,"called_strike",,,,,1,"Called Strike","R","L","R","KC","CLE","S",,,0,0,2025,"0.37","1","-0.69","3.01",,,,1,9,"Bot",,,,,,,-0.64190004006319,-144.39345378495582,-5.536718244796067,5.353094240273571,30.084539979796276,-17.127727841384644,"3.28","1.64",,,,"99.9",2606,"6.4",778510,666310,467793,682177,672356,677587,680757,657041,666134,"54.09",,,,,,,,78,1,"Cutter",2,6,2,6,6,2,2,6,"Infield shade","Standard",180,"-0.001","-0.039",,,,"0.039",,-4,-4,0.007,0.007,27,30,27,30,1,0,3,1,3,1,"1.3","-0.37","0.37","48.3",,,,,
"FC","2025-03-30","98.1","-0.51","6.15","Clase, Emmanuel",666023,661403,"field_out","hit_into_play",,,,,4,"Freddy Fermin grounds out, second baseman Daniel Schneemann to first baseman Carlos Santana.","R","R","R","KC","CLE","X",4,"ground_ball",2,1,2025,"0.21","1.1","-0.79","2.55",,,,0,9,"Bot",152.83,151.18,,,,,-1.247690646965576,-142.88932901287913,-6.9131845205148075,3.1209445294193157,29.026607669635286,-15.766738836353193,"3.15","1.51",85,"83.2",5,"99.3",2518,"6.7",778510,666310,467793,682177,672356,677587,680757,657041,666134,"53.85",0.304,0.27,"0",1,0,0,2,77,4,"Cutter",2,6,2,6,6,2,2,6,"Strategic","Standard",181,"-0.014","-0.305","63.7","6.1",0.315,"0.305","88.0",-4,-4,0.021,0.021,27,30,27,30,1,3,3,1,3,1,"1.24","-0.21","-0.21","50.4",-9.639089689900645,5.69622857295046,44.447299045792036,27.90505187211597,20.822629375213825
"FC","2025-03-30","98.6","-0.62","6.13","Clase, Emmanuel",666023,661403,,"called_strike",,,,,11,"Called Strike","R","R","R","KC","CLE","S",,,2,0,2025,"0.32","1.17","-0.91","2.73",,,,0,9,"Bot",,,,,,,-1.527187415825744,-143.5309061644023,-6.5597393816112195,4.815355354349838,30.287981779964742,-14.743599517729502,"2.9","1.54",,,,"99.4",2570,"6.5",778510,666310,467793,682177,672356,677587,680757,657041,666134,"53.99",,,,,,,,77,3,"Cutter",2,6,2,6,6,2,2,6,"Strategic","Standard",184,"-0.005","-0.072",,,,"0.072",,-4,-4,0.026,0.026,27,30,27,30,1,3,3,1,3,1,"1.16","-0.32","-0.32","50.9",,,,,
"SL","2025-03-30","90","-0.74","5.98","Clase, Emmanuel",666023,661403,,"ball",,,,,14,"Ball","R","R","R","KC","CLE","B",,,1,0,2025,"0.56","-0.06","0.65","0.41",,,,0,9,"Bot",,,,,,,2.2523185215858,-130.86329443669692,-7.697152275988368,5.93374839163899,29.621050404775676,-31.363274141397763,"2.9","1.64",,,,"90.1",2498,"6.5",778510,666310,467793,682177,672356,677587,680757,657041,666134,"53.97",,,,,,,,77,2,"Slider",2,6,2,6,6,2,2,6,"Strategic","Standard",89,"0.005","0.077",,,,"-0.077",,-4,-4,0.021,0.021,27,30,27,30,1,3,3,1,3,1,"2.9","-0.56","-0.56","55.0",,,,,
"SL","2025-03-30","89.9","-0.74","6.12","Clase, Emmanuel",666023,661403,,"ball",,,,,11,"Ball","R","R","R","KC","CLE","B",,,0,0,2025,"0.52","0.43","-0.7","3.3",,,,0,9,"Bot",,,,,,,-1.0025096783151186,-130.9818014476817,-1.9657250160431294,6.179117222821787,26.147091890073916,-27.000443893780126,"2.95","1.55",,,,"90.5",2479,"6.4",778510,666310,467793,682177,672356,677587,680757,657041,666134,"54.07",,,,,,,,77,1,"Slider",2,6,2,6,6,2,2,6,"Strategic","Standard",71,"0.002","0.041",,,,"-0.041",,-4,-4,0.019,0.019,27,30,27,30,1,3,3,1,3,1,"2.37","-0.52","-0.52","52.4",,,,,
"FC","2025-03-27","100.1","-0.42","6.09","Clase, Emmanuel",592192,661403,"strikeout","swinging_strike",,,,,6,"Mark Canha strikes out swinging.","R","R","R","KC","CLE","S",2,,3,2,2025,"0.11","1.15","0.48","2.57",,521692,672580,2,9,"Bot",,,,,,,2.2121875019127755,-145.826190837278,-7.139804192671975,1.1786330733240553,30.86759342717149,-14.379042474695972,"3.31","1.51",,,,"101.2",2594,"6.6",778558,666310,467793,672356,608070,677587,680757,657041,678877,"53.89",,0,"0",1,0,0,,71,7,"Cutter",4,4,4,4,4,4,4,4,"Strategic","Strategic",173,"-0.122","-0.282","73.3","7.3",,"0.282",,0,0,0.622,0.622,27,36,27,36,1,0,,,3,4,"1.11","-0.11","-0.11","53.0",5.867464954364563,11.89543940714004,28.309032909564277,39.26076130830627,27.440678715951762
"FC","2025-03-27","97.4","-0.52","6.07","Clase, Emmanuel",592192,661403,,"foul",,,,,6,"Foul","R","R","R","KC","CLE","S",,,3,2,2025,"0.42","1.13","0.32","2.13",,521692,672580,2,9,"Bot",,,,,,,1.2918831500249353,-141.90713142269854,-7.799526278211969,5.485361615130272,28.057871095776054,-15.386013799163312,"3.31","1.51",107,"81.8",7,"98.5",2565,"6.6",778558,666310,467793,672356,608070,677587,680757,657041,678877,"53.94",,,,,,,,71,6,"Cutter",4,4,4,4,4,4,4,4,"Strategic","Strategic",182,"0","0","68.1","7.3",,"0","88.0",0,0,0.622,0.622,27,36,27,36,1,0,,,3,4,"1.24","-0.42","-0.42","52.5",-0.579322637571598,11.147494492637566,35.84777631838784,37.92585941814767,24.16313512635697
"FC","2025-03-27","98.9","-0.36","6.19","Clase, Emmanuel",592192,661403,,"ball",,,,,11,"Ball","R","R","R","KC","CLE","B",,,2,2,2025,"0.19","1.36","-0.63","4.59",,521692,672580,2,9,"Bot",,,,,,,-1.1730487300229802,-144.08155393820223,-2.135252993666731,2.8865094420313926,32.21131750668505,-12.909962325572735,"3.25","1.36",,,,"99.9",2512,"6.7",778558,666310,467793,672356,608070,677587,680757,657041,678877,"53.8",,,,,,,,71,5,"Cutter",4,4,4,4,4,4,4,4,"Strategic","Strategic",184,"0.019","0.079",,,,"-0.079",,0,0,0.603,0.603,27,36,27,36,1,0,,,3,4,"0.96","-0.19","-0.19","53.6",,,,,
"SL","2025-03-27","91.3","-0.53","6.04","Clase, Emmanuel",592192,661403,,"blocked_ball",,,,,14,"Ball In Dirt","R","R","R","KC","CLE","B",,,1,2,2025,"0.21","0.39","0.05","0.67",,521692,672580,2,9,"Bot",,,,,,,1.004991195034349,-132.6877268215354,-8.470606128586603,2.1964667331508037,30.320669331675493,-25.835367586059085,"3.28","1.51",,,,"91.5",2566,"6.6",778558,666310,467793,672356,608070,677587,680757,657041,678877,"53.86",,,,,,,,71,4,"Slider",4,4,4,4,4,4,4,4,"Strategic","Strategic",116,"0.017","0.012",,,,"-0.012",,0,0,0.586,0.586,27,36,27,36,1,0,,,3,4,"2.36","-0.21","-0.21","59.4",,,,,
"SL","2025-03-27","90.8","-0.38","6.08","Clase, Emmanuel",592192,661403,,"swinging_strike",,,,,14,"Swinging Strike","R","R","R","KC","CLE","S",,,1,1,2025,"0.32","-0.2","1.43","0.95",,521692,672580,2,9,"Bot",,,,,,,3.879043780606127,-132.10872807195966,-6.49156515389474,2.8661351641044717,29.76553468827913,-33.29067146980558,"3.31","1.51",,,,"91.2",2617,"6.7",778558,666310,467793,672356,608070,677587,680757,657041,678877,"53.82",,,,,,,,71,3,"Slider",4,4,4,4,4,4,4,4,"Strategic","Strategic",79,"-0.022","-0.063","33.4","7.5",,"0.063",,0,0,0.608,0.608,27,36,27,36,1,0,,,3,4,"2.98","-0.32","-0.32","52.6",10.386780382203854,20.97305307808577,29.913046933973437,52.24413075152269,17.803567453077072
"SL","2025-03-27","90.4","-0.44","6.04","Clase, Emmanuel",592192,661403,,"swinging_strike",,,,,8,"Swinging Strike","R","R","R","KC","CLE","S",,,1,0,2025,"0.03","0.67","0.09","2.01",,521692,672580,2,9,"Bot",,,,,,,1.2540726919479277,-131.57076127862467,-5.54534406559643,0.13385706298768874,28.430142855868016,-23.41466168997113,"3.31","1.51",,,,"90.9",2491,"6.6",778558,666310,467793,672356,608070,677587,680757,657041,678877,"53.9",,,,,,,,71,2,"Slider",4,4,4,4,4,4,4,4,"Strategic","Strategic",96,"-0.011","-0.052","66.9","8.7",,"0.052",,0,0,0.619,0.619,27,36,27,36,1,0,,,3,4,"2.12","-0.03","-0.03","53.9",17.518474834243943,-43.613282888988856,26.129819037931956,34.85054672635576,53.3724456967087
"FC","2025-03-27","99.7","-0.43","6.15","Clase, Emmanuel",592192,661403,,"ball",,,,,11,"Ball","R","R","R","KC","CLE","B",,,0,0,2025,"-0.1","1.34","-0.9","3.04",,521692,672580,2,9,"Bot",,,,,,,-1.0531348897166852,-145.07026310864924,-6.321200126712315,-1.210407800813422,35.06085964956935,-12.038110001302107,"3.33","1.51",,,,"100.1",2589,"6.6",778558,666310,467793,672356,608070,677587,680757,657041,678877,"53.9",,,,,,,,71,1,"Cutter",4,4,4,4,4,4,4,4,"Strategic","Strategic",182,"0.005","0.024",,,,"-0.024",,0,0,0.614,0.614,27,36,27,36,1,0,,,3,4,"0.96","0.1","0.1","54.3",,,,,
"SL","2025-03-27","91.1","-0.27","6.06","Clase, Emmanuel",672580,661403,"single","hit_into_play",,,,,9,"Maikel Garcia singles on a ground ball to third baseman José Ramírez. Salvador Perez to 2nd.","R","R","R","KC","CLE","X",5,"ground_ball",1,2,2025,"0.66","0.24","0.61","1.66",,,521692,2,9,"Bot",110.77,168.4,,,,,0.8023614821828774,-132.61769994809606,-5.701912492303349,7.664686784362297,28.281236345984343,-28.377203281188287,"3.6","1.69",3,"77.8",-33,"91.8",2549,"6.7",778558,666310,467793,672356,608070,677587,680757,657041,678877,"53.82",0.035,0.044,"0.9",1,1,0,2,70,4,"Slider",4,4,4,4,4,4,4,4,"Standard","Strategic",83,"0.067","0.434","65.8","7.8",0.035,"-0.434","88.0",0,0,0.547,0.547,27,25,27,25,1,1,,,3,2,"2.51","-0.66","-0.66","56.2",0.5529370880277075,6.008741060441852,28.203033315196155,44.99223697899146,29.830120553697164
"FC","2025-03-27","99.8","-0.35","6.1","Clase, Emmanuel",672580,661403,,"foul",,,,,5,"Foul","R","R","R","KC","CLE","S",,,1,1,2025,"0.22","1.23","0.13","2.88",,,521692,2,9,"Bot",,,,,,,0.7868393288877946,-145.31169959113998,-6.405544816861582,2.9847653798517206,34.002834938301724,-13.49229941439601,"3.6","1.69",326,"93.7",30,"100.5",2513,"6.6",778558,666310,467793,672356,608070,677587,680757,657041,678877,"53.87",,,,,,,,70,3,"Cutter",4,4,4,4,4,4,4,4,"Standard","Strategic",175,"-0.013","-0.073","69.4","6.5",,"0.073","93.7",0,0,0.56,0.56,27,25,27,25,1,1,,,3,2,"1.06","-0.22","-0.22","54.0",-1.9678522737676694,26.189047584201344,25.807490177519743,39.15037716496382,17.50801326126355
"SL","2025-03-27","92","-0.18","6.01","Clase, Emmanuel",672580,661403,,"blocked_ball",,,,,14,"Ball In Dirt","R","R","R","KC","CLE","B",,,0,1,2025,"0.29","0.18","1.96","0.24",,,521692,2,9,"Bot",,,,,,,4.85569331934167,-133.62100737234337,-9.22654732472778,2.388256255082781,29.163344239139903,-28.1768456321217,"3.57","1.66",,,,"92.6",2499,"6.8",778558,666310,467793,672356,608070,677587,680757,657041,678877,"53.7",,,,,,,,70,2,"Slider",4,4,4,4,4,4,4,4,"Standard","Strategic",88,"0.006","0.027",,,,"-0.027",,0,0,0.554,0.554,27,25,27,25,1,1,,,3,2,"2.52","-0.29","-0.29","57.1",,,,,
"FC","2025-03-27","99.2","-0.5","6.16","Clase, Emmanuel",672580,661403,,"swinging_strike",,,,,11,"Swinging Strike","R","R","R","KC","CLE","S",,,0,0,2025,"0.26","1.04","-0.6","3.72",,,521692,2,9,"Bot",,,,,,,-0.8793639847148556,-144.46856283685102,-3.6629812676114866,3.8862871543782407,35.34223398986659,-17.028328244355492,"3.6","1.69",,,,"99.4",2568,"6.5",778558,666310,467793,672356,608070,677587,680757,657041,678877,"54.02",,,,,,,,70,1,"Cutter",4,4,4,4,4,4,4,4,"Standard","Strategic",181,"-0.009","-0.042","70.5","6.0",,"0.042",,0,0,0.563,0.563,27,25,27,25,1,1,,,3,2,"1.28","-0.26","-0.26","51.6",5.268049395161937,21.979840257494043,21.38613023276739,30.863329256188873,20.58486801164502
"SL","2025-03-27","90.8","-0.4","6.03","Clase, Emmanuel",592669,661403,"field_out","hit_into_play",,,,,9,"Hunter Renfroe flies out to center fielder Lane Thomas.","R","R","R","KC","CLE","X",8,"fly_ball",0,1,2025,"0.3","0.08","0.54","2.17",,,521692,1,9,"Bot",124,52.86,,,,,1.71765430410639,-132.2677180407232,-3.948439017684983,3.0833411992314406,29.376126140259057,-30.524263695596034,"3.4","1.62",361,"92.4",27,"91.2",2490,"6.6",778558,666310,467793,672356,608070,677587,680757,657041,678877,"53.92",0.099,0.128,"0",1,0,0,3,69,2,"Slider",4,4,4,4,4,4,4,4,"Standard","Standard",84,"-0.061","-0.216","74.7","7.9",0.214,"0.216","92.4",0,0,0.624,0.624,27,33,27,33,1,3,,,3,3,"2.68","-0.3","-0.3","53.1",5.651054000123685,-0.9497603041081686,22.630826366623705,43.454318902629225,33.45737606436877
"SL","2025-03-27","90.6","-0.33","6.02","Clase, Emmanuel",592669,661403,,"swinging_strike",,,,,14,"Swinging Strike","R","R","R","KC","CLE","S",,,0,0,2025,"0.47","0.24","1.56","1.85",,,521692,1,9,"Bot",,,,,,,3.7535641419670354,-131.76277773222458,-4.983019753651828,4.591386445624339,29.912282650279607,-28.469585422080566,"3.4","1.62",,,,"90.9",2501,"6.6",778558,666310,467793,672356,608070,677587,680757,657041,678877,"53.86",,,,,,,,69,1,"Slider",4,4,4,4,4,4,4,4,"Standard","Standard",76,"-0.011","-0.04","69.9","8.4",,"0.04",,0,0,0.635,0.635,27,33,27,33,1,3,,,3,3,"2.55","-0.47","-0.47","53.7",11.985524694524258,-20.54598275471356,19.489443036131277,54.34374659276364,46.568748081565346
"FC","2025-03-27","99.7","-0.39","6.05","Clase, Emmanuel",686681,661403,"sac_fly","hit_into_play",,,,,6,"Michael Massey out on a sacrifice fly to right fielder Jhonkensy Noel. Freddy Fermin scores.","R","L","R","KC","CLE","X",9,"fly_ball",0,0,2025,"0.31","0.98","0.79","2.22",666023,,521692,0,9,"Bot",211.68,82.89,,,,,2.5440094166812695,-145.19631076804316,-7.541694639991398,3.797040606098798,31.63613901623882,-16.79662111462477,"3.35","1.57",354,"99.3",42,"100.7",2618,"6.6",778558,666310,467793,672356,608070,677587,680757,657041,678877,"53.86",0.078,0.145,"0",1,0,0,3,68,1,"Cutter",3,4,3,4,4,4,4,4,"Strategic","Standard",179,"-0.012","-0.26","75.6","7.5",0.273,"0.26","99.3",-1,-1,0.647,0.647,27,27,27,27,1,3,,,3,2,"1.3","-0.31","0.31","50.5",18.26441645831762,-19.456719428721804,35.46168788418596,31.486271484191242,36.653982341623895
"FC","2025-03-27","99.6","-0.31","6.12","Clase, Emmanuel",521692,661403,"single","hit_into_play",,,,,9,"Salvador Perez singles on a line drive to center fielder Lane Thomas. Freddy Fermin to 3rd.","R","R","R","KC","CLE","X",8,"line_drive",0,1,2025,"0.45","0.88","0.76","1.81",,666023,,0,9,"Bot",135.22,91.66,,,,,1.8801584703918344,-144.96134511045383,-8.573772993958624,5.979315355637228,33.13091202193382,-17.96113891831649,"3.63","1.68",240,"85.7",16,"100.4",2570,"6.6",778558,666310,467793,672356,608070,677587,680757,657041,678877,"53.85",0.959,0.891,"0.9",1,1,0,4,67,2,"Cutter",3,4,3,4,4,3,3,4,"Strategic","Strategic",188,"0.223","0.566","62.1","8.0",1.063,"-0.566","88.0",-1,-1,0.424,0.424,27,35,27,35,1,3,,,3,2,"1.41","-0.45","-0.45","51.3",19.14973297792783,7.7129412937360184,36.43174914149723,44.2144385188614,26.393592704472013
"FC","2025-03-27","99.2","-0.41","6.12","Clase, Emmanuel",521692,661403,,"foul",,,,,6,"Foul","R","R","R","KC","CLE","S",,,0,0,2025,"0.29","1.04","0.3","2.4",,666023,,0,9,"Bot",,,,,,,1.2797777164360822,-144.4558263555068,-7.3357043252170575,3.860583631703517,29.170472164162554,-16.158815944266692,"3.63","1.68",209,"87.3",60,"100.6",2510,"6.7",778558,666310,467793,672356,608070,677587,680757,657041,678877,"53.8",,,,,,,,67,1,"Cutter",3,4,3,4,4,3,3,4,"Strategic","Strategic",183,"-0.024","-0.043","77.4","8.0",,"0.043","88.0",-1,-1,0.448,0.448,27,35,27,35,1,3,,,3,2,"1.25","-0.29","-0.29","52.9",10.71182660162672,-2.379151857226342,35.48577615403744,38.075791960697494,28.01476390341866
"FC","2025-03-27","99.9","-0.21","6.07","Clase, Emmanuel",686469,661403,"double","hit_into_play",,,,,14,"Vinnie Pasquantino doubles (1) on a line drive to right fielder Jhonkensy Noel.","R","L","R","KC","CLE","X",9,"line_drive",0,1,2025,"0.14","1.21","1.08","1.95",,,,0,9,"Bot",212.5,112.03,,,,,3.241340617132785,-145.29038499118778,-8.898477560173237,1.3509491913622556,31.091024367986048,-13.237318130315824,"3.43","1.65",301,"93.9",21,"101",2533,"6.7",778558,666310,467793,672356,608070,677587,680757,657041,678877,"53.8",0.19,0.203,"1.25",1,1,1,3,66,2,"Cutter",3,4,3,4,4,3,3,4,"Infield shade","Strategic",184,"0.257","0.756","79.1","7.9",0.323,"-0.756","93.9",-1,-1,0.191,0.191,27,27,27,28,1,3,,,3,2,"1.06","-0.14","0.14","53.1",9.29070562245844,-16.491714457807422,35.77127926162847,31.43784328506779,31.16855711930768
"FC","2025-03-27","98.8","-0.29","6.06","Clase, Emmanuel",686469,661403,,"foul",,,,,6,"Foul","R","L","R","KC","CLE","S",,,0,0,2025,"0.21","0.96","0.8","2.84",,,,0,9,"Bot",,,,,,,2.507113121628271,-143.7800968289417,-5.619587522862814,2.2707771016386373,34.18708813187175,-17.761764860162337,"3.43","1.65",21,"107",-7,"99.5",2461,"6.7",778558,666310,467793,672356,608070,677587,680757,657041,678877,"53.76",,,,,,,,66,1,"Cutter",3,4,3,4,4,3,3,4,"Infield shade","Strategic",182,"-0.013","-0.039","76.6","7.3",,"0.039","107.0",-1,-1,0.204,0.204,27,27,27,28,1,3,,,3,2,"1.38","-0.21","0.21","52.8",12.592797157900307,-17.49922342058459,24.582667751726543,34.021063279687105,35.69103419695625
"FC","2025-03-24","99","-0.4","6.2","Clase, Emmanuel",641658,661403,"strikeout","foul_tip",,,,,3,"Garrett Hampson strikes out on a foul tip.","S","R","R","AZ","CLE","S",2,,0,2,2025,"0.13","1.2","0.68","3.22",,,702258,2,8,"Bot",,,,,,,2.6500630304312223,-144.09406071446182,-5.528689805730652,1.193432065998016,33.292935124235704,-14.412577286166899,"3.43","1.63",,,,"99.3",2561,"6.5",787930,595978,692216,682177,669717,695612,806210,809945,666134,"54.05",,,"0",,0,0,,63,3,"Cutter",0,4,0,4,4,0,0,4,"Standard","Standard",179,"-0.007","-0.174","63.3","6.2",,"0.174",,-4,-4,0.022,0.022,27,30,27,31,1,0,,,,,"1.13","-0.13","-0.13",,3.1421197106190775,19.334019357530046,24.552514220793103,45.987217498437765,18.365884352992815
"SL","2025-03-24","90.6","-0.56","6.03","Clase, Emmanuel",641658,661403,,"called_strike",,,,,9,"Called Strike","S","R","R","AZ","CLE","S",,,0,1,2025,"0.99","0.02","0.7","1.98",,,702258,2,8,"Bot",,,,,,,1.0430821649922557,-131.8953923440802,-4.1899648779294,11.128922402477624,32.32461486579517,-31.15153008835689,"3.17","1.53",,,,"90.7",2485,"6.7",787930,595978,692216,682177,669717,695612,806210,809945,666134,"53.82",,,,,,,,63,2,"Slider",0,4,0,4,4,0,0,4,"Standard","Standard",73,"-0.002","-0.055",,,,"0.055",,-4,-4,0.024,0.024,27,30,27,31,1,0,,,,,"2.79","-0.99","-0.99",,,,,,
"FC","2025-03-24","99.5","-0.43","6.21","Clase, Emmanuel",641658,661403,,"called_strike",,,,,9,"Called Strike","S","R","R","AZ","CLE","S",,,0,0,2025,"0.26","1.15","0.75","1.73",,,702258,2,8,"Bot",,,,,,,2.6424111686798835,-144.6715513363486,-9.587210364963315,3.0533215121898474,34.69557272791717,-13.928357737695672,"3.24","1.56",,,,"99.8",2511,"6.5",787930,595978,692216,682177,669717,695612,806210,809945,666134,"53.95",,,,,,,,63,1,"Cutter",0,4,0,4,4,0,0,4,"Standard","Standard",190,"-0.002","-0.042",,,,"0.042",,-4,-4,0.026,0.026,27,30,27,31,1,0,,,,,"1.16","-0.26","-0.26",,,,,,
"FC","2025-03-24","98","-0.67","6.07","Clase, Emmanuel",605244,661403,"field_out","hit_into_play",,,,,6,"Aramis Garcia flies out to center fielder Jonah Advincula.","S","R","R","AZ","CLE","X",8,"fly_ball",1,0,2025,"0.49","0.99","0.44","2.33",,,702258,1,8,"Bot",134.72,95.28,,,,,1.862412888688701,-142.54399417007522,-6.904234581269246,6.240086702987403,35.11632785603199,-17.258464788079973,"3.49","1.57",260,"75.3",30,"98.4",2557,"6.7",787930,595978,692216,682177,669717,695612,806210,809945,666134,"53.81",0.387,,"0",,0,0,3,62,2,"Cutter",0,4,0,4,4,0,0,4,"Standard","Standard",171,"-0.023","-0.29","72.1","7.8",0.445,"0.29","88.0",-4,-4,0.049,0.049,27,32,27,32,1,0,,,,,"1.4","-0.49","-0.49",,14.54993922938104,-6.564598611489335,32.44992345097898,43.20011779681998,33.00333579380612
"SL","2025-03-24","89.6","-0.66","6.1","Clase, Emmanuel",605244,661403,,"ball",,,,,11,"Ball","S","R","R","AZ","CLE","B",,,0,0,2025,"0.39","0.35","-0.92","4.43",,,702258,1,8,"Bot",,,,,,,-1.4832158696868645,-130.43116438228006,1.1849076727257222,4.8117218659670495,29.530680058130173,-28.749263324822717,"3.33","1.54",,,,"89.5",2510,"6.4",787930,595978,692216,682177,669717,695612,806210,809945,666134,"54.11",,,,,,,,62,1,"Slider",0,4,0,4,4,0,0,4,"Standard","Standard",81,"0.004","0.035",,,,"-0.035",,-4,-4,0.045,0.045,27,32,27,32,1,0,,,,,"2.51","-0.39","-0.39",,,,,,
"FC","2025-03-24","99.6","-0.53","6.22","Clase, Emmanuel",702258,661403,"single","hit_into_play",,,,,4,"Druw Jones singles on a ground ball to right fielder Nolan Jones.","S","R","R","AZ","CLE","X",9,"ground_ball",0,0,2025,"0.53","1.01","-0.75","2.77",,,,1,8,"Bot",204.55,118.56,,,,,-1.8465863748745277,-144.9707998179449,-6.497342576933454,7.9053358853822004,32.06417457725395,-16.66096497346913,"3.55","1.63",29,"102",-4,"100.2",2520,"6.5",787930,595978,692216,682177,669717,695612,806210,809945,666134,"54",0.357,,"0.9",,1,0,2,61,1,"Cutter",0,4,0,4,4,0,0,4,"Standard","Standard",178,"0.017","0.414","65.5","5.7",0.376,"-0.414","102.0",-4,-4,0.028,0.028,27,21,27,22,1,0,,,,,"1.28","-0.53","-0.53",,-14.109496436784074,31.268034773173856,37.29984386711054,30.66846517451795,12.363854129768228
"FC","2025-03-24","99.6","-0.47","6.18","Clase, Emmanuel",545341,661403,"strikeout","swinging_strike",,,,,7,"Randal Grichuk strikes out swinging.","S","R","R","AZ","CLE","S",2,,2,2,2025,"-0.17","1.47","-0.74","1.5",,,,0,8,"Bot",,,,,,,-0.3312298214779438,-144.7301316073435,-10.910410791849344,-2.336445717927418,35.59970183300329,-9.149495466544382,"3.23","1.46",,,,"99.8",2447,"6.6",787930,595978,692216,682177,669717,695612,806210,809945,666134,"53.92",,,"0",,0,0,,60,8,"Cutter",0,4,0,4,4,0,0,4,"Standard","Standard",185,"-0.014","-0.232","44.2","7.1",,"0.232",,-4,-4,0.042,0.042,27,33,27,34,1,2,,,,,"0.85","0.17","0.17",,-8.143472483788491,4.281739724159762,38.773472769027606,29.15270391638455,16.239018914978956
"FC","2025-03-24","99.3","-0.55","6.15","Clase, Emmanuel",545341,661403,,"foul",,,,,6,"Foul","S","R","R","AZ","CLE","S",,,2,2,2025,"0.22","1.03","0.56","2.25",,,,0,8,"Bot",,,,,,,2.543794351955806,-144.4992190762806,-7.7572876854282935,2.572283130596561,31.32976371559597,-16.19479024159342,"3.23","1.46",234,"75.5",30,"100.1",2595,"6.6",787930,595978,692216,682177,669717,695612,806210,809945,666134,"53.95",,,,,,,,60,7,"Cutter",0,4,0,4,4,0,0,4,"Standard","Standard",189,"0","0","70.7","8.0",,"0","88.0",-4,-4,0.042,0.042,27,33,27,34,1,2,,,,,"1.27","-0.22","-0.22",,5.389183758544294,-7.221223273143306,30.63489846686487,46.54542029982124,27.616402535234357
"SL","2025-03-24","90","-0.63","6.14","Clase, Emmanuel",545341,661403,,"foul",,,,,8,"Foul","S","R","R","AZ","CLE","S",,,2,2,2025,"0.51","-0.22","0.02","1.57",,,,0,8,"Bot",,,,,,,0.5208806270345285,-131.07128178115124,-4.977159083219893,5.833748611298108,26.48538051827337,-33.91163506549198,"3.23","1.46",1,"63.2",-43,"90.7",2483,"6.6",787930,595978,692216,682177,669717,695612,806210,809945,666134,"53.91",,,,,,,,60,6,"Slider",0,4,0,4,4,0,0,4,"Standard","Standard",81,"0","0","64.9","8.7",,"0","88.0",-4,-4,0.042,0.042,27,33,27,34,1,2,,,,,"3.02","-0.51","-0.51",,15.82735205861285,-20.093632052100975,28.628100483027733,39.982467344547146,39.64546863124151
"SL","2025-03-24","92","-0.49","6.05","Clase, Emmanuel",545341,661403,,"ball",,,,,14,"Ball","S","R","R","AZ","CLE","B",,,1,2,2025,"0.48","0.61","0.51","0.83",,,,0,8,"Bot",,,,,,,1.4813285027133112,-133.81465226513373,-8.787143594832584,5.478512897484369,28.111325240419287,-23.22029308127518,"3.16","1.43",,,,"92.8",2502,"6.7",787930,595978,692216,682177,669717,695612,806210,809945,666134,"53.78",,,,,,,,60,5,"Slider",0,4,0,4,4,0,0,4,"Standard","Standard",87,"0.002","0.043",,,,"-0.043",,-4,-4,0.04,0.04,27,33,27,34,1,2,,,,,"2.08","-0.48","-0.48",,,,,,
"FC","2025-03-24","98.3","-0.68","6.04","Clase, Emmanuel",545341,661403,,"foul",,,,,6,"Foul","S","R","R","AZ","CLE","S",,,1,2,2025,"0.13","0.77","0.5","2.57",,,,0,8,"Bot",,,,,,,2.9105736793435293,-143.2049787780306,-5.812301208726868,1.1529998899849432,30.075181852462773,-20.464854099634078,"3.23","1.46",283,"83.3",33,"99.4",2478,"6.6",787930,595978,692216,682177,669717,695612,806210,809945,666134,"53.87",,,,,,,,60,4,"Cutter",0,4,0,4,4,0,0,4,"Standard","Standard",172,"0","0","66.2","6.9",,"0","88.0",-4,-4,0.04,0.04,27,33,27,34,1,2,,,,,"1.57","-0.13","-0.13",,-11.143308521930512,34.8330389432717,25.028274231506284,47.175692064830656,3.1859446370975117
"FC","2025-03-24","98.9","-0.66","6.12","Clase, Emmanuel",545341,661403,,"foul",,,,,7,"Foul","S","R","R","AZ","CLE","S",,,1,1,2025,"0.43","0.99","-0.53","1.71",,,,0,8,"Bot",,,,,,,-0.6659213665251213,-143.884040991753,-8.993446511286205,6.132791031779684,31.9799970949277,-16.515097465488275,"3.23","1.46",222,"71.9",31,"99.6",2520,"6.6",787930,595978,692216,682177,669717,695612,806210,809945,666134,"53.89",,,,,,,,60,3,"Cutter",0,4,0,4,4,0,0,4,"Standard","Standard",183,"-0.003","-0.061","69.4","8.0",,"0.061","88.0",-4,-4,0.043,0.043,27,33,27,34,1,2,,,,,"1.33","-0.43","-0.43",,2.925391497866328,-15.641689408133104,37.90677638174432,34.07413245584276,31.743171261301576
"SL","2025-03-24","89.8","-0.65","6.1","Clase, Emmanuel",545341,661403,,"foul",,,,,8,"Foul","S","R","R","AZ","CLE","S",,,1,0,2025,"0.36","0.24","-0.08","1.53",,,,0,8,"Bot",,,,,,,0.6325753825733217,-130.7397183584043,-5.9246829419732,4.052837055833943,26.01486476079209,-28.37637722184065,"3.23","1.46",2,"80.7",-39,"90.6",2396,"6.6",787930,595978,692216,682177,669717,695612,806210,809945,666134,"53.88",,,,,,,,60,2,"Slider",0,4,0,4,4,0,0,4,"Standard","Standard",84,"-0.004","-0.05","64.3","8.4",,"0.05","88.0",-4,-4,0.047,0.047,27,33,27,34,1,2,,,,,"2.57","-0.36","-0.36",,17.16820461148521,-19.887587252312347,31.29274350583924,38.889882159210785,42.1418033212706
"FC","2025-03-24","98.5","-0.78","6.1","Clase, Emmanuel",545341,661403,,"ball",,,,,11,"Ball","S","R","R","AZ","CLE","B",,,0,0,2025,"0.32","1.17","-1.11","3.06",,,,0,8,"Bot",,,,,,,-1.674520764732451,-143.36751088993597,-5.576861477656647,4.857208609965871,32.165595256928405,-15.005830657945314,"3.1","1.46",,,,"99.4",2452,"6.7",787930,595978,692216,682177,669717,695612,806210,809945,666134,"53.79",,,,,,,,60,1,"Cutter",0,4,0,4,4,0,0,4,"Standard","Standard",182,"0.003","0.041",,,,"-0.041",,-4,-4,0.044,0.044,27,33,27,34,1,2,,,,,"1.18","-0.32","-0.32",,,,,,
"FC","2025-03-19","98.7","-0.66","6.21","Clase, Emmanuel",683494,661403,"field_out","hit_into_play",,,,,2,"Euribiel Angeles flies out to right fielder Will Brennan.","S","R","R","CLE","ATH","X",9,"fly_ball",0,0,2025,"0.15","0.85","-0.13","2.76",,,640902,2,9,"Top",164.06,92.1,,,,,1.1044365897225483,-143.6633756946765,-5.981010502449958,1.8337401878815418,32.073758092550804,-19.28530102944524,"3.17","1.6",283,"83",30,"99.4",2596,"6.6",778813,680971,800507,827628,691405,821657,680757,657041,686823,"53.92",0.068,,"0",,0,0,3,74,1,"Cutter",3,8,8,3,8,3,8,3,"Standard","Standard",177,"0.001","-0.271",,,0.132,"0.271","88.0",-5,5,0.007,0.993,27,23,27,23,1,1,,,,,"1.48","-0.15","-0.15",,,,,,
"SL","2025-03-19","90.2","-0.6","6.2","Clase, Emmanuel",672013,661403,"sac_fly","hit_into_play",,,,,5,"T.J. Schofield-Sam out on a sacrifice fly to center fielder Lane Thomas. Drew Avans scores.","S","L","R","CLE","ATH","X",8,"fly_ball",0,2,2025,"0.42","0.56","0.27","2.29",682183,,640902,1,9,"Top",108.93,80.53,,,,,1.276458508317808,-131.4721127960858,-5.060266066973016,4.703859500546356,25.104660331932358,-24.828683135710573,"3.25","1.64",,"103.5",42,,2451,"6.5",778813,680971,800507,827628,691405,821657,680757,657041,686823,"54.01",0.20550000000000002,,"0",,0,0,5,73,3,"Slider",3,7,7,3,8,3,8,3,"Standard","Strategic",96,"-0.005","-0.024",,,0.7975,"0.024","103.5",-4,4,0.012,0.988,27,24,27,24,1,0,,,,,"2.21","-0.42","0.42",,,,,,
"FC","2025-03-19","97.7","-0.63","6.19","Clase, Emmanuel",672013,661403,,"called_strike",,,,,4,"Called Strike","S","L","R","CLE","ATH","S",,,0,1,2025,"0.35","1.03","-0.3","2.39",682183,,640902,1,9,"Top",,,,,,,0.06979333106944548,-142.32540595337898,-7.244067577575692,4.810040519362659,26.879345370234077,-16.768795355049743,"3.25","1.64",,,,"99",2431,"6.6",778813,680971,800507,827628,691405,821657,680757,657041,686823,"53.93",,,,,,,,73,2,"Cutter",3,7,7,3,7,3,7,3,"Standard","Strategic",191,"0.001","-0.073",,,,"0.073",,-4,4,0.011,0.989,27,24,27,24,1,0,,,,,"1.32","-0.35","0.35",,,,,,
"FC","2025-03-19","98.3","-0.36","6.21","Clase, Emmanuel",672013,661403,,"foul",,,,,12,"Foul","S","L","R","CLE","ATH","S",,,0,0,2025,"0.14","1.12","0.86","2.47",682183,,640902,1,9,"Top",,,,,,,2.9928328476268744,-143.03664998485763,-7.352741705195829,1.357717537163483,30.399186120379515,-15.292858968215846,"3.25","1.64",9,"99.5",-15,"99.3",2527,"6.7",778813,680971,800507,827628,691405,821657,680757,657041,686823,"53.84",,,,,,,,73,1,"Cutter",3,7,7,3,7,3,7,3,"Standard","Standard",178,"0.001","-0.041",,,,"0.041","99.5",-4,4,0.01,0.99,27,24,27,24,1,0,,,,,"1.22","-0.14","0.14",,,,,,
"FC","2025-03-19","98.1","-0.62","6.26","Clase, Emmanuel",640902,661403,"hit_by_pitch","hit_by_pitch",,,,,11,"Jhonny Pereda hit by pitch.","S","R","R","CLE","ATH","B",,,0,1,2025,"0.04","1.3","-2.23","3.96",682183,,,1,9,"Top",,,,,,,-4.46416275977389,-142.83848460633524,-3.8134798276672184,1.5640527016679036,30.958368059332475,-13.595942390792048,"3.26","1.64",,,,"98.8",2424,"6.5",778813,680971,800507,827628,691405,821657,680757,657041,686823,"54",,,"0.7",,0,0,,72,2,"Cutter",3,7,7,3,7,3,7,3,"Strategic","Standard",186,"-0.002","0.239",,,,"-0.239",,-4,4,0.012,0.988,27,29,27,29,1,1,,,,,"1.05","-0.04","-0.04",,,,,,
"FC","2025-03-19","97.9","-0.6","6.18","Clase, Emmanuel",640902,661403,,"swinging_strike",,,,,1,"Swinging Strike","S","R","R","CLE","ATH","S",,,0,0,2025,"-0.03","1.19","-0.83","3.06",682183,,,1,9,"Top",,,,,,,-0.5603388020471478,-142.6586202943402,-5.778729254713755,-0.2651510623735415,29.250974469268847,-14.735806867483117,"3.26","1.64",,,,"98.9",2458,"6.5",778813,680971,800507,827628,691405,821657,680757,657041,686823,"53.98",,,,,,,,72,1,"Cutter",3,7,7,3,7,3,7,3,"Strategic","Standard",190,"0.001","-0.045",,,,"0.045",,-4,4,0.011,0.989,27,29,27,29,1,1,,,,,"1.16","0.03","0.03",,,,,,
"FC","2025-03-19","97.7","-0.55","6.28","Clase, Emmanuel",802504,661403,"strikeout","swinging_strike",,,,,8,"Myles Naylor strikes out swinging. Drew Avans to 3rd. Drew Avans steals (3) 2nd base. Drew Avans to 3rd. Throwing error by catcher Jake Anchia.","S","R","R","CLE","ATH","S",2,,1,2,2025,"0.19","1.25","-0.15","2.12",,,682183,0,9,"Top",,,,,,,0.6532582284877245,-142.19974567377656,-8.662161889962107,2.471170318602234,30.166813975246434,-13.427325482142397,"3.3","1.67",,,,"98.4",2560,"6.5",778813,680971,800507,827628,691405,821657,680757,657041,686823,"54",,,"0",,0,0,,71,4,"Cutter",3,7,7,3,7,3,7,3,"Standard","Standard",186,"-0.002","-0.165",,,,"0.165",,-4,4,0.013,0.987,27,20,27,20,1,1,,,,,"1.12","-0.19","-0.19",,,,,,
"FC","2025-03-19","98.3","-0.69","6.31","Clase, Emmanuel",802504,661403,,"ball",,,,,11,"Ball","S","R","R","CLE","ATH","B",,,0,2,2025,"0.16","1.12","-1.06","3.24",,,682183,0,9,"Top",,,,,,,-1.3791020294212908,-143.21015613590438,-5.500848598465686,2.45924729500235,32.469668414053984,-15.691010508200446,"3.3","1.67",,,,"99",2500,"6.6",778813,680971,800507,827628,691405,821657,680757,657041,686823,"53.94",,,,,,,,71,3,"Cutter",3,7,7,3,7,3,7,3,"Standard","Standard",184,"-0.001","0.017",,,,"-0.017",,-4,4,0.014,0.986,27,20,27,20,1,1,,,,,"1.23","-0.16","-0.16",,,,,,
"FC","2025-03-19","98.4","-0.71","6.07","Clase, Emmanuel",802504,661403,,"swinging_strike",,,,,1,"Swinging Strike","S","R","R","CLE","ATH","S",,,0,1,2025,"0.25","1.17","-0.51","3.16",,,682183,0,9,"Top",,,,,,,-0.022248277983974926,-143.3113155547034,-5.22848100373696,3.4374919213715835,30.96626343842121,-15.078540441867725,"3.3","1.67",,,,"99.4",2563,"6.7",778813,680971,800507,827628,691405,821657,680757,657041,686823,"53.84",,,,,,,,71,2,"Cutter",3,7,7,3,7,3,7,3,"Standard","Standard",194,"0.001","-0.053",,,,"0.053",,-4,4,0.013,0.987,27,20,27,20,1,1,,,,,"1.17","-0.25","-0.25",,,,,,
"FC","2025-03-19","97.6","-0.63","6.17","Clase, Emmanuel",802504,661403,,"called_strike",,,,,1,"Called Strike","S","R","R","CLE","ATH","S",,,0,0,2025,"0.45","1.08","-0.35","2.93",,,682183,0,9,"Top",,,,,,,-0.2782786221474377,-142.22651166180168,-5.790831656875727,6.202909763192596,29.821324310247217,-16.42895346548832,"3.3","1.67",,,,"98.7",2604,"6.6",778813,680971,800507,827628,691405,821657,680757,657041,686823,"53.88",,,,,,,,71,1,"Cutter",3,7,7,3,7,3,7,3,"Standard","Standard",179,"0","-0.043",,,,"0.043",,-4,4,0.013,0.987,27,20,27,20,1,1,,,,,"1.29","-0.45","-0.45",,,,,,
"SL","2025-03-19","88.9","-0.66","6.15","Clase, Emmanuel",682183,661403,"single","hit_into_play",,,,,5,"Drew Avans singles on a line drive to left fielder Steven Kwan.","S","L","R","CLE","ATH","X",7,"line_drive",0,2,2025,"0.75","-0.14","0.17","2.54",,,,0,9,"Top",52.99,122.87,,,,,0.48114391582960936,-129.59840563835286,-2.5744841930725113,8.356061667344699,25.010542519798538,-33.46630737839848,"3.12","1.58",224,"91",15,"89.8",2504,"6.6",778813,680971,800507,827628,691405,821657,680757,657041,686823,"53.91",0.952,,"0.9",,1,0,4,70,5,"Slider",3,7,7,3,7,3,7,3,"Standard","Standard",66,"-0.003","0.532",,,1.108,"-0.532","91.0",-4,4,0.016,0.984,27,29,27,29,1,1,,,,,"3","-0.75","0.75",,,,,,
"FC","2025-03-19","97.5","-0.43","6.29","Clase, Emmanuel",682183,661403,,"foul",,,,,2,"Foul","S","L","R","CLE","ATH","S",,,0,2,2025,"0.2","1.15","-0.07","2.77",,,,0,9,"Top",,,,,,,0.5137250556409418,-141.91184277200728,-6.6307520822985015,2.5879278681700595,30.570530175116232,-15.393840609913976,"3.12","1.58",219,"77.7",23,"98.3",2586,"6.6",778813,680971,800507,827628,691405,821657,680757,657041,686823,"53.91",,,,,,,,70,4,"Cutter",3,7,7,3,7,3,7,3,"Standard","Standard",190,"0","0",,,,"0","88.0",-4,4,0.016,0.984,27,29,27,29,1,1,,,,,"1.24","-0.2","0.2",,,,,,
"SL","2025-03-19","86.4","-0.63","6.1","Clase, Emmanuel",682183,661403,,"foul",,,,,9,"Foul","S","L","R","CLE","ATH","S",,,0,2,2025,"0.99","0.2","0.55","1.78",,,,0,9,"Top",,,,,,,0.7959807636954934,-125.8622349336901,-4.563373897339546,10.46188242349762,23.617105097650228,-29.398191724148333,"3.12","1.58",43,"89",0,"87.3",2387,"6.6",778813,680971,800507,827628,691405,821657,680757,657041,686823,"53.9",,,,,,,,70,3,"Slider",3,7,7,3,7,3,7,3,"Standard","Standard",81,"0","0",,,,"0","89.0",-4,4,0.016,0.984,27,29,27,29,1,1,,,,,"2.83","-0.99","0.99",,,,,,
"FC","2025-03-19","97.5","-0.67","6.21","Clase, Emmanuel",682183,661403,,"foul",,,,,5,"Foul","S","L","R","CLE","ATH","S",,,0,1,2025,"0.36","0.84","0.12","2.53",,,,0,9,"Top",,,,,,,1.3062676626606127,-142.1950812488554,-6.484491105433352,4.732042328756327,25.354730117865188,-19.600507067821002,"3.12","1.58",242,"75.8",53,"99.2",2475,"6.6",778813,680971,800507,827628,691405,821657,680757,657041,686823,"53.9",,,,,,,,70,2,"Cutter",3,7,7,3,7,3,7,3,"Standard","Standard",174,"0.001","-0.055",,,,"0.055","88.0",-4,4,0.015,0.985,27,29,27,29,1,1,,,,,"1.5","-0.36","0.36",,,,,,
"FC","2025-03-19","98.2","-0.64","6.2","Clase, Emmanuel",682183,661403,,"foul",,,,,6,"Foul","S","L","R","CLE","ATH","S",,,0,0,2025,"0.37","1.02","0.7","2.56",,,,0,9,"Top",,,,,,,2.784012509090993,-142.97980616058004,-6.823477181416541,4.564343817578163,29.835666763494213,-16.831828797848804,"3.12","1.58",222,"69.1",49,"99.2",2472,"6.6",778813,680971,800507,827628,691405,821657,680757,657041,686823,"53.91",,,,,,,,70,1,"Cutter",3,7,7,3,7,3,7,3,"Standard","Standard",182,"0","-0.039",,,,"0.039","88.0",-4,4,0.015,0.985,27,29,27,29,1,1,,,,,"1.32","-0.37","0.37",,,,,,
"FC","2025-03-15","97.4","-0.85","6.02","Clase, Emmanuel",801442,661403,"grounded_into_double_play","hit_into_play",,,,,14,"Jack Pineda grounds into a double play, second baseman Gabriel Arias to shortstop Brayan Rocchio to first baseman Carlos Santana. Drew Waters out at 2nd. Jack Pineda out at 1st.","S","L","R","KC","CLE","X",4,"ground_ball",1,0,2025,"0.45","0.96","1.14","1.92",,669004,671221,1,6,"Bot",145.34,158.47,,,,,4.350979367853657,-141.77070327530168,-7.830601773065799,5.225416522365925,29.035847895877485,-17.65259910252202,"3.02","1.52",80,"81.4",5,"98.6",2516,"6.7",778920,595978,467793,672356,608070,677587,680757,696135,671289,"53.81",0.327,,"0",,0,0,2,51,2,"Cutter",4,2,4,2,2,4,4,2,"Standard","Standard",191,"-0.054","-0.345",,,0.386,"0.345","88.0",2,2,0.869,0.869,27,25,27,26,1,0,,,,,"1.42","-0.45","0.45",,,,,,
"FC","2025-03-15","98","-0.79","6.02","Clase, Emmanuel",801442,661403,,"ball",,,,,12,"Ball","S","L","R","KC","CLE","B",,,0,0,2025,"0.56","1.06","1.87","2.35",,669004,671221,1,6,"Bot",,,,,,,5.951991475249816,-142.6039803873919,-6.9744488431454,6.422274588596754,30.225027539050934,-16.299303341678076,"3.02","1.52",,,,"99.2",2440,"6.8",778920,595978,467793,672356,608070,677587,680757,696135,671289,"53.73",,,,,,,,51,1,"Cutter",4,2,4,2,2,4,4,2,"Standard","Standard",188,"0.003","0.031",,,,"-0.031",,2,2,0.866,0.866,27,25,27,26,1,0,,,,,"1.3","-0.56","0.56",,,,,,
"FC","2025-03-15","98.1","-0.62","6.04","Clase, Emmanuel",671221,661403,"walk","ball",,,,,14,"Drew Waters walks.","S","L","R","KC","CLE","B",,,3,2,2025,"0.35","0.92","1.34","1.56",,669004,,1,6,"Bot",,,,,,,4.535880818368622,-142.86819533680722,-8.9751243403252,4.013241781621869,25.93220446790346,-17.82419286573005,"3.26","1.65",,,,"99.8",2466,"6.7",778920,595978,467793,672356,608070,677587,680757,696135,671289,"53.77",,,"0.7",,0,0,,50,6,"Cutter",4,2,4,2,2,4,4,2,"Standard","Standard",192,"0.007","0.212",,,,"-0.212",,2,2,0.859,0.859,27,26,27,27,1,2,,,,,"1.4","-0.35","0.35",,,,,,
"FC","2025-03-15","97.6","-0.64","5.97","Clase, Emmanuel",671221,661403,,"swinging_strike",,,,,14,"Swinging Strike","S","L","R","KC","CLE","S",,,3,1,2025,"0.41","1.14","0.87","1.7",,669004,,1,6,"Bot",,,,,,,3.13308189219154,-142.03451601815158,-8.708951030779778,4.889323652408941,30.336693453448266,-14.966315408556536,"3.26","1.65",,,,"98.6",2466,"6.7",778920,595978,467793,672356,608070,677587,680757,696135,671289,"53.81",,,,,,,,50,5,"Cutter",4,2,4,2,2,4,4,2,"Standard","Standard",193,"-0.002","-0.068",,,,"0.068",,2,2,0.861,0.861,27,26,27,27,1,2,,,,,"1.24","-0.41","0.41",,,,,,
"SL","2025-03-15","86.4","-0.68","5.98","Clase, Emmanuel",671221,661403,,"ball",,,,,14,"Ball","S","L","R","KC","CLE","B",,,2,1,2025,"0.67","-0.16","0.55","1.06",,669004,,1,6,"Bot",,,,,,,1.599230568938384,-125.8808179510361,-5.345511972473774,6.925548048435277,21.26922534066643,-33.18989190709041,"3.26","1.65",,,,"87.8",2373,"6.8",778920,595978,467793,672356,608070,677587,680757,696135,671289,"53.74",,,,,,,,50,4,"Slider",4,2,4,2,2,4,4,2,"Infield shade","Standard",80,"0.002","0.071",,,,"-0.071",,2,2,0.859,0.859,27,26,27,27,1,2,,,,,"3.17","-0.67","0.67",,,,,,
"FC","2025-03-15","96.7","-0.81","5.9","Clase, Emmanuel",671221,661403,,"ball",,,,,14,"Ball","S","L","R","KC","CLE","B",,,1,1,2025,"0.11","0.93","0.8","1.48",,669004,,1,6,"Bot",,,,,,,4.074087131202693,-140.6717043656375,-8.449404803513584,0.6081344147766076,28.9143120072597,-18.15916979593209,"3.26","1.65",,,,"97.7",2381,"6.7",778920,595978,467793,672356,608070,677587,680757,696135,671289,"53.84",,,,,,,,50,3,"Cutter",4,2,4,2,2,4,4,2,"Infield shade","Standard",194,"0.002","0.03",,,,"-0.03",,2,2,0.857,0.857,27,26,27,27,1,2,,,,,"1.49","-0.11","0.11",,,,,,
"FC","2025-03-15","97.2","-0.77","5.92","Clase, Emmanuel",671221,661403,,"swinging_strike",,,,,9,"Swinging Strike","S","L","R","KC","CLE","S",,,1,0,2025,"0.28","0.86","0.29","1.85",,669004,,1,6,"Bot",,,,,,,2.209385865896608,-141.61273241846024,-7.492788145613983,3.3553554911077796,28.55681946095872,-19.143402085986626,"3.26","1.65",,,,"98.5",2529,"6.7",778920,595978,467793,672356,608070,677587,680757,696135,671289,"53.82",,,,,,,,50,2,"Cutter",4,2,4,2,2,4,4,2,"Infield shade","Standard",189,"-0.002","-0.042",,,,"0.042",,2,2,0.859,0.859,27,26,27,27,1,2,,,,,"1.52","-0.28","0.28",,,,,,
"SL","2025-03-15","89.3","-1.19","5.93","Clase, Emmanuel",671221,661403,,"ball",,,,,11,"Ball","S","L","R","KC","CLE","B",,,0,0,2025,"0.75","0.17","-1.57","3.45",,669004,,1,6,"Bot",,,,,,,-2.548402985471187,-130.14794827832836,-0.5311935662773011,9.115261722178525,24.120567790064452,-30.26436563489865,"3.26","1.65",,,,"90.3",2330,"6.6",778920,595978,467793,672356,608070,677587,680757,696135,671289,"53.93",,,,,,,,50,1,"Slider",4,2,4,2,2,4,4,2,"Standard","Standard",100,"0.001","0.028",,,,"-0.028",,2,2,0.858,0.858,27,26,27,27,1,2,,,,,"2.65","-0.75","0.75",,,,,,
"SL","2025-03-15","88.7","-0.94","5.85","Clase, Emmanuel",668472,661403,"strikeout","swinging_strike",,,,,14,"Nick Pratto strikes out swinging.","S","L","R","KC","CLE","S",2,,1,2,2025,"0.81","-0.22","1.19","1.18",,669004,,0,6,"Bot",,,,,,,3.547404354970816,-129.19025979416693,-5.0307077162190375,8.503518445395041,23.49269576931438,-33.90300620932968,"3.26","1.65",,,,"89.9",2361,"6.7",778920,595978,467793,672356,608070,677587,680757,696135,671289,"53.82",,,"0",,0,0,,49,6,"Slider",4,2,4,2,2,4,4,2,"Infield shade","Strategic",93,"-0.017","-0.241",,,,"0.241",,2,2,0.875,0.875,27,26,27,27,1,2,,,,,"3.08","-0.81","0.81",,,,,,
"SL","2025-03-15","88.4","-0.81","5.93","Clase, Emmanuel",668472,661403,,"foul",,,,,6,"Foul","S","L","R","KC","CLE","S",,,1,2,2025,"0.34","0.3","0.82","2.53",,669004,,0,6,"Bot",,,,,,,3.3067640568073524,-128.81985768853954,-2.930602888858129,3.1824097460290184,23.642977814644674,-28.438545675957517,"3.26","1.65",15,"95.9",-9,"89.5",2365,"6.6",778920,595978,467793,672356,608070,677587,680757,696135,671289,"53.86",,,,,,,,49,5,"Slider",4,2,4,2,2,4,4,2,"Infield shade","Strategic",86,"0","0",,,,"0","95.9",2,2,0.875,0.875,27,26,27,27,1,2,,,,,"2.58","-0.34","0.34",,,,,,
"FC","2025-03-15","97","-0.94","5.93","Clase, Emmanuel",668472,661403,,"foul",,,,,5,"Foul","S","L","R","KC","CLE","S",,,1,2,2025,"0.34","1.16","0.15","2.46",,669004,,0,6,"Bot",,,,,,,2.1694601159959985,-141.35363618182706,-6.546834692550031,4.169132199097949,26.73992975553351,-15.314974353153277,"3.26","1.65",,,,"98.4",2473,"6.6",778920,595978,467793,672356,608070,677587,680757,696135,671289,"53.88",,,,,,,,49,4,"Cutter",4,2,4,2,2,4,4,2,"Standard","Strategic",187,"0","0",,,,"0",,2,2,0.875,0.875,27,26,27,27,1,2,,,,,"1.22","-0.34","0.34",,,,,,
"FC","2025-03-15","97.7","-0.81","6.02","Clase, Emmanuel",668472,661403,,"swinging_strike",,,,,14,"Swinging Strike","S","L","R","KC","CLE","S",,,1,1,2025,"0.45","0.97","1.49","2.45",,669004,,0,6,"Bot",,,,,,,5.196843821343652,-142.32499321061306,-6.4855124093313785,5.112354644714765,28.447368902703456,-17.67602134696394,"3.26","1.65",,,,"98.9",2497,"6.6",778920,595978,467793,672356,608070,677587,680757,696135,671289,"53.88",,,,,,,,49,3,"Cutter",4,2,4,2,2,4,4,2,"Standard","Strategic",186,"-0.005","-0.08",,,,"0.08",,2,2,0.88,0.88,27,26,27,27,1,2,,,,,"1.38","-0.45","0.45",,,,,,
"FC","2025-03-15","96","-1.12","5.85","Clase, Emmanuel",668472,661403,,"foul",,,,,9,"Foul","S","L","R","KC","CLE","S",,,1,0,2025,"0.21","0.85","0.39","1.7",,,669004,0,6,"Bot",,,,,,,3.5358241383545685,-139.83661399414612,-7.40963915423302,2.0938728571674035,28.07603340238022,-19.63791840359789,"3.26","1.65",,,,"97",2426,"6.5",778920,595978,467793,672356,608070,677587,680757,696135,671289,"53.96",,,,,,,,49,2,"Cutter",4,2,4,2,2,4,4,2,"Standard","Strategic",186,"-0.004","-0.048",,,,"0.048",,2,2,0.868,0.868,27,26,27,27,1,2,,,,,"1.6","-0.21","0.21",,,,,,
"FC","2025-03-15","98.1","-0.8","5.93","Clase, Emmanuel",668472,661403,,"ball",,,,,14,"Ball","S","L","R","KC","CLE","B",,,0,0,2025,"0.22","1.17","1.26","0.67",,,669004,0,6,"Bot",,,,,,,5.110519647537872,-142.5480689557408,-11.560116315878885,1.9289355598648472,29.102024127931738,-13.850045928040696,"3.26","1.65",,,,"99.2",2528,"6.7",778920,595978,467793,672356,608070,677587,680757,696135,671289,"53.79",,,,,,,,49,1,"Cutter",4,2,4,2,2,4,4,2,"Standard","Strategic",189,"0.003","0.04",,,,"-0.04",,2,2,0.865,0.865,27,26,27,27,1,2,,,,,"1.18","-0.22","0.22",,,,,,
"FC","2025-03-15","96.8","-0.69","6.04","Clase, Emmanuel",669004,661403,"single","hit_into_play",,,,,6,"MJ Melendez singles on a line drive to right fielder Tyler Freeman.","S","L","R","KC","CLE","X",9,"line_drive",0,0,2025,"0.19","0.96","0.56","2.4",,,,0,6,"Bot",189.89,109.36,,,,,2.9136983821743603,-140.98114617872375,-6.439014533403417,2.0032425275522776,29.609695047832663,-18.163398504205944,"3.24","1.64",95,"106.9",5,"97.9",2482,"6.7",778920,595978,467793,672356,608070,677587,680757,696135,671289,"53.83",0.587,,"0.9",,1,0,4,48,1,"Cutter",4,2,4,2,2,4,4,2,"Strategic","Standard",193,"0.02","0.438",,,0.616,"-0.438","106.9",2,2,0.845,0.845,27,26,27,27,1,2,,,,,"1.46","-0.19","0.19",,,,,,
"SI","2025-03-12","98.6","-0.68","6.11","Clase, Emmanuel",689172,661403,"single","hit_into_play",,,,,13,"Brett Wisely singles on a ground ball to left fielder Steven Kwan. Casey Schmitt scores.","S","L","R","CLE","SF","X",7,"ground_ball",3,2,2025,"-0.98","1.13","-0.61","1.43",,669477,,2,5,"Top",79.35,139.01,,,,,2.4716655777423053,-143.2517139342579,-9.93516607532596,-14.012331519211353,33.843906640095895,-14.515786632968897,"3.1","1.56",77,"68.3",7,"99.1",2406,"6.7",778823,687627,467793,682877,608070,677587,680757,657041,678877,"53.77",0.258,,"0.9",,1,0,2,42,8,"Sinker",2,6,6,2,7,2,7,2,"Standard","Standard",193,"-0.039","0.685",,,0.317,"-0.685","88.0",-4,4,0.109,0.891,27,26,27,26,1,2,,,,,"1.23","0.98","-0.98",,,,,,
"FC","2025-03-12","98.3","-0.39","6.18","Clase, Emmanuel",689172,661403,,"foul",,,,,9,"Foul","S","L","R","CLE","SF","S",,,3,2,2025,"0.17","1.29","0.57","1.65",,669477,,2,5,"Top",,,,,,,2.204761230960891,-142.8802932356417,-9.846547945841348,1.858153109026011,31.105186950509054,-12.44982597068367,"3.1","1.56",2,"76.7",-38,"98.9",2487,"6.5",778823,687627,467793,682877,608070,677587,680757,657041,678877,"53.96",,,,,,,,42,7,"Cutter",2,6,6,2,6,2,6,2,"Standard","Standard",191,"0","0",,,,"0","88.0",-4,4,0.109,0.891,27,26,27,26,1,2,,,,,"1.06","-0.17","0.17",,,,,,
"FC","2025-03-12","98.1","-0.74","6.2","Clase, Emmanuel",689172,661403,,"ball",,,,,14,"Ball","S","L","R","CLE","SF","B",,,2,2,2025,"0.24","1.1","1.98","1.05",,669477,,2,5,"Top",,,,,,,6.847240563357748,-142.4949897633156,-11.13174567727435,1.9075922156296703,28.609194109017263,-14.941851050643695,"3.1","1.56",,,,"99.3",2625,"6.8",778823,687627,467793,682877,608070,677587,680757,657041,678877,"53.74",,,,,,,,42,6,"Cutter",2,6,6,2,6,2,6,2,"Standard","Standard",183,"-0.001","0.057",,,,"-0.057",,-4,4,0.11,0.89,27,26,27,26,1,2,,,,,"1.25","-0.24","0.24",,,,,,
"FC","2025-03-12","98.8","-0.59","6.18","Clase, Emmanuel",689172,661403,,"foul",,,,,12,"Foul","S","L","R","CLE","SF","S",,,2,2,2025,"0.2","1.07","1.04","2.44",,669477,,2,5,"Top",,,,,,,4.018286425444348,-143.82355369745747,-7.298219181917286,1.8565819271945434,32.30444650473426,-15.881843988718659,"3.1","1.56",1,"37.6",-59,"99.5",2420,"6.6",778823,687627,467793,682877,608070,677587,680757,657041,678877,"53.91",,,,,,,,42,5,"Cutter",2,6,6,2,6,2,6,2,"Standard","Standard",194,"0","0",,,,"0","88.0",-4,4,0.11,0.89,27,26,27,26,1,2,,,,,"1.26","-0.2","0.2",,,,,,
"FC","2025-03-12","98.1","-0.89","6.11","Clase, Emmanuel",689172,661403,,"called_strike",,,,,2,"Called Strike","S","L","R","CLE","SF","S",,,2,1,2025,"0.25","1.1","-0.22","3.18",,669477,,2,5,"Top",,,,,,,1.2408572595523297,-142.83290753348757,-5.059870864031852,3.1031198846372012,31.26692668649216,-16.1673171264534,"3.1","1.56",,,,"99.2",2484,"6.7",778823,687627,467793,682877,608070,677587,680757,657041,678877,"53.76",,,,,,,,42,4,"Cutter",2,6,6,2,6,2,6,2,"Standard","Standard",189,"0.001","-0.064",,,,"0.064",,-4,4,0.109,0.891,27,26,27,26,1,2,,,,,"1.26","-0.25","0.25",,,,,,
"FC","2025-03-12","98.4","-0.79","6.12","Clase, Emmanuel",689172,661403,,"foul",,,,,2,"Foul","S","L","R","CLE","SF","S",,,2,0,2025,"0.08","1.13","0.02","2.99",,669477,,2,5,"Top",,,,,,,2.0382101017382634,-143.26030019402697,-5.7297914936041705,0.6717622595336501,30.91410621154848,-15.434998137241736,"3.1","1.56",238,"80",24,"99.4",2523,"6.7",778823,687627,467793,682877,608070,677587,680757,657041,678877,"53.81",,,,,,,,42,3,"Cutter",2,6,6,2,6,2,6,2,"Standard","Standard",194,"0.001","-0.051",,,,"0.051","88.0",-4,4,0.108,0.892,27,26,27,26,1,2,,,,,"1.2","-0.08","0.08",,,,,,
"FC","2025-03-12","97.7","-0.49","6.14","Clase, Emmanuel",689172,661403,,"ball",,,,,14,"Ball","S","L","R","CLE","SF","B",,,1,0,2025,"0.29","1.04","0.41","1.1",,,669477,2,5,"Top",,,,,,,1.7476120070460899,-142.0719805646595,-10.50849726683811,3.560115459000276,31.61501688928269,-15.899001890751306,"3.1","1.56",,,,"97.9",2602,"6.4",778823,687627,467793,682877,608070,677587,680757,657041,678877,"54.13",,,,,,,,42,2,"Cutter",2,6,6,2,6,2,6,2,"Standard","Standard",193,"-0.005","0.048",,,,"-0.048",,-4,4,0.113,0.887,27,26,27,26,1,2,,,,,"1.34","-0.29","0.29",,,,,,
"FC","2025-03-12","97.9","-0.63","6.13","Clase, Emmanuel",689172,661403,,"ball",,,,,14,"Ball","S","L","R","CLE","SF","B",,,0,0,2025,"0.14","0.96","1.37","1.03",,,669477,2,5,"Top",,,,,,,5.0943339030029735,-142.2699643713241,-10.51887563009,0.6781537723231746,32.46563237187045,-16.92652261846525,"3.1","1.56",,,,"98.3",2581,"6.6",778823,687627,467793,682877,608070,677587,680757,657041,678877,"53.91",,,,,,,,42,1,"Cutter",2,6,6,2,6,2,6,2,"Standard","Standard",191,"-0.001","0.035",,,,"-0.035",,-4,4,0.114,0.886,27,26,27,26,1,2,,,,,"1.42","-0.14","0.14",,,,,,
"FC","2025-03-12","97.5","-0.45","6.22","Clase, Emmanuel",669477,661403,"single","hit_into_play",,,,,2,"Casey Schmitt singles on a ground ball to center fielder Lane Thomas. Luis Matos scores.","S","R","R","CLE","SF","X",8,"ground_ball",2,0,2025,"0.32","0.87","-0.01","2.72",682641,,,2,5,"Top",123.44,103.04,,,,,0.4666064934226541,-141.95676895375598,-5.937094652439294,4.211144646111946,31.405094149771916,-19.335642732661437,"3.21","1.62",103,"107.9",5,"98.1",2535,"6.5",778823,687627,467793,682877,608070,677587,680757,657041,678877,"54.01",0.628,,"0.9",,1,0,4,41,3,"Cutter",2,5,5,2,6,2,6,2,"Standard","Standard",181,"-0.054","0.677",,,0.718,"-0.677","107.9",-3,3,0.168,0.832,27,26,27,26,1,2,,,,,"1.52","-0.32","-0.32",,,,,,
"FC","2025-03-12","97.9","-0.41","6.27","Clase, Emmanuel",669477,661403,,"ball",,,,,13,"Ball","S","R","R","CLE","SF","B",,,1,0,2025,"0.19","0.89","-1.29","2.22",682641,,,2,5,"Top",,,,,,,-2.829973695991109,-142.4905763936315,-7.524978790985129,3.2626325330061112,32.31903127993609,-18.57253506680681,"3.21","1.62",,,,"98.4",2513,"6.5",778823,687627,467793,682877,608070,677587,680757,657041,678877,"53.99",,,,,,,,41,2,"Cutter",2,5,5,2,5,2,5,2,"Standard","Standard",181,"-0.001","0.024",,,,"-0.024",,-3,3,0.169,0.831,27,26,27,26,1,2,,,,,"1.49","-0.19","-0.19",,,,,,
"FC","2025-03-12","99.3","-0.45","6.29","Clase, Emmanuel",669477,661403,,"ball",,,,,11,"Ball","S","R","R","CLE","SF","B",,,0,0,2025,"0.21","1.02","-0.96","3.56",682641,,,2,5,"Top",,,,,,,-1.9091281935876485,-144.5820275361784,-4.509694671840253,3.4041642602935656,32.2041589731843,-17.06527680116126,"3.21","1.62",,,,"100.1",2589,"6.6",778823,687627,467793,682877,608070,677587,680757,657041,678877,"53.88",,,,,,,,41,1,"Cutter",2,5,5,2,5,2,5,2,"Standard","Standard",182,"0","0.028",,,,"-0.028",,-3,3,0.169,0.831,27,26,27,26,1,2,,,,,"1.28","-0.21","-0.21",,,,,,
"FC","2025-03-12","97.9","-0.38","6.21","Clase, Emmanuel",669087,661403,"field_out","hit_into_play",,,,,14,"Sam Huff grounds out, shortstop Brayan Rocchio to first baseman Carlos Santana. Luis Matos to 3rd.","S","R","R","CLE","SF","X",6,"ground_ball",2,1,2025,"0.32","1.01","0.39","1.57",,682641,,1,5,"Top",110.26,156.24,,,,,1.35933985472356,-142.38295290769426,-9.435519202662618,4.069938091410524,29.88628557914808,-16.581646103719443,"3.4","1.72",8,"82.6",-11,"98.9",2521,"6.7",778823,687627,467793,682877,608070,677587,680757,657041,678877,"53.83",0.114,,"0",,0,0,2,40,4,"Cutter",2,5,5,2,5,2,5,2,"Standard","Standard",184,"0.018","-0.275",,,0.128,"0.275","88.0",-3,3,0.151,0.849,27,27,27,27,1,2,,,,,"1.36","-0.32","-0.32",,,,,,
"FC","2025-03-12","99","-0.76","6.2","Clase, Emmanuel",669087,661403,,"ball",,,,,13,"Ball","S","R","R","CLE","SF","B",,,1,1,2025,"0.34","0.97","-0.91","2.2",,682641,,1,5,"Top",,,,,,,-1.2229776073890752,-144.07595851256443,-7.815548836540172,5.0421926294125,31.462699702721604,-17.12208166636573,"3.4","1.72",,,,"99.7",2610,"6.6",778823,687627,467793,682877,608070,677587,680757,657041,678877,"53.95",,,,,,,,40,3,"Cutter",2,5,5,2,5,2,5,2,"Standard","Standard",201,"-0.002","0.03",,,,"-0.03",,-3,3,0.153,0.847,27,27,27,27,1,2,,,,,"1.35","-0.34","-0.34",,,,,,
"FC","2025-03-12","98.6","-0.59","6.2","Clase, Emmanuel",669087,661403,,"blocked_ball",,,,,13,"Ball In Dirt","S","R","R","CLE","SF","B",,,0,1,2025,"0.31","1.16","-0.52","0.55",,682641,,1,5,"Top",,,,,,,-0.5370147077708963,-143.24270092595475,-12.633909286307906,4.4493787612725475,31.743501189384993,-13.552198431760253,"3.4","1.72",,,,"99",2520,"6.5",778823,687627,467793,682877,608070,677587,680757,657041,678877,"53.97",,,,,,,,40,2,"Cutter",2,5,5,2,5,2,5,2,"Standard","Standard",193,"-0.002","0.025",,,,"-0.025",,-3,3,0.155,0.845,27,27,27,27,1,2,,,,,"1.18","-0.31","-0.31",,,,,,
"FC","2025-03-12","98.7","-0.6","6.21","Clase, Emmanuel",669087,661403,,"swinging_strike",,,,,14,"Swinging Strike","S","R","R","CLE","SF","S",,,0,0,2025,"0.12","0.98","0.23","0.76",,682641,,1,5,"Top",,,,,,,1.9903388504654478,-143.40034738919425,-11.705127096621213,1.1583787291784329,33.09592831965165,-16.09603106250238,"3.4","1.72",,,,"99.1",2609,"6.6",778823,687627,467793,682877,608070,677587,680757,657041,678877,"53.92",,,,,,,,40,1,"Cutter",2,5,5,2,5,2,5,2,"Standard","Standard",194,"0.003","-0.038",,,,"0.038",,-3,3,0.152,0.848,27,27,27,27,1,2,,,,,"1.36","-0.12","-0.12",,,,,,
"FC","2025-03-12","98.5","-0.66","6.2","Clase, Emmanuel",666464,661403,"strikeout","swinging_strike",,,,,7,"Jerar Encarnacion strikes out swinging. Luis Matos steals (2) 2nd base.","S","R","R","CLE","SF","S",2,,2,2,2025,"0.26","1.27","-0.55","1.87",,,682641,0,5,"Top",,,,,,,-0.30693149256129343,-143.30136626527124,-9.333053018406632,3.6999966184364173,31.62940144732062,-12.768622009931722,"3.41","1.72",,,,"99.2",2556,"6.6",778823,687627,467793,682877,608070,677587,680757,657041,678877,"53.93",,,"0",,0,0,,39,6,"Cutter",2,5,5,2,5,2,5,2,"Standard","Standard",188,"0.005","-0.201",,,,"0.201",,-3,3,0.147,0.853,27,27,27,28,1,2,,,,,"1.07","-0.26","-0.26",,,,,,
"FC","2025-03-12","99.5","-0.63","6.15","Clase, Emmanuel",666464,661403,,"ball",,,,,13,"Ball","S","R","R","CLE","SF","B",,,1,2,2025,"0.12","1.14","-0.87","1.61",,,682641,0,5,"Top",,,,,,,-0.9501469065500839,-144.78375943728332,-9.829533568504838,1.8544249804315533,31.29044541894715,-14.139001066630918,"3.41","1.72",,,,"100.3",2566,"6.6",778823,687627,467793,682877,608070,677587,680757,657041,678877,"53.94",,,,,,,,39,5,"Cutter",2,5,5,2,5,2,5,2,"Standard","Standard",195,"-0.002","0.036",,,,"-0.036",,-3,3,0.149,0.851,27,27,27,28,1,2,,,,,"1.15","-0.12","-0.12",,,,,,
"FC","2025-03-12","98.8","-0.59","6.23","Clase, Emmanuel",666464,661403,,"foul",,,,,6,"Foul","S","R","R","CLE","SF","S",,,1,2,2025,"0.49","1.14","0.5","2.47",,,682641,0,5,"Top",,,,,,,1.8328979893048722,-143.79300158890234,-7.4990275490886456,6.421377582474273,31.50942926312922,-14.824904414180004,"3.41","1.72",132,"79.7",11,"99.4",2594,"6.5",778823,687627,467793,682877,608070,677587,680757,657041,678877,"54.01",,,,,,,,39,4,"Cutter",2,5,5,2,5,2,5,2,"Standard","Standard",187,"0","0",,,,"0","88.0",-3,3,0.149,0.851,27,27,27,28,1,2,,,,,"1.18","-0.49","-0.49",,,,,,
"FC","2025-03-12","98.1","-0.48","6.2","Clase, Emmanuel",666464,661403,,"ball",,,,,14,"Ball","S","R","R","CLE","SF","B",,,0,2,2025,"0.21","1.21","1","1.19",,,682641,0,5,"Top",,,,,,,3.520000210141712,-142.56581626177478,-10.95603960214295,2.2009105641325624,29.01264050285776,-13.436454551702797,"3.41","1.72",,,,"98.8",2518,"6.5",778823,687627,467793,682877,608070,677587,680757,657041,678877,"53.99",,,,,,,,39,3,"Cutter",2,5,5,2,5,2,5,2,"Standard","Standard",192,"-0.002","0.017",,,,"-0.017",,-3,3,0.151,0.849,27,27,27,28,1,2,,,,,"1.14","-0.21","-0.21",,,,,,
"FC","2025-03-12","99.2","-0.72","6.23","Clase, Emmanuel",666464,661403,,"called_strike",,,,,5,"Called Strike","S","R","R","CLE","SF","S",,,0,1,2025,"0.31","0.85","-0.26","2.27",,,682641,0,5,"Top",,,,,,,0.5504178320873772,-144.4695310949091,-7.469057300724354,4.25041005171629,30.66037478601375,-18.805363688044174,"3.41","1.72",,,,"99.8",2533,"6.4",778823,687627,467793,682877,608070,677587,680757,657041,678877,"54.12",,,,,,,,39,2,"Cutter",2,5,5,2,5,2,5,2,"Standard","Standard",179,"0.003","-0.053",,,,"0.053",,-3,3,0.148,0.852,27,27,27,28,1,2,,,,,"1.45","-0.31","-0.31",,,,,,
"FC","2025-03-12","99.8","-0.6","6.3","Clase, Emmanuel",666464,661403,,"called_strike",,,,,4,"Called Strike","S","R","R","CLE","SF","S",,,0,0,2025,"0.26","0.93","-0.77","2.87",,,682641,0,5,"Top",,,,,,,-1.07264961636544,-145.37180775833326,-6.318184013328363,3.876091295915624,30.20048520767147,-17.72668577436762,"3.41","1.72",,,,"100.7",2538,"6.5",778823,687627,467793,682877,608070,677587,680757,657041,678877,"54.01",,,,,,,,39,1,"Cutter",2,5,5,2,5,2,5,2,"Standard","Standard",186,"0.003","-0.043",,,,"0.043",,-3,3,0.145,0.855,27,27,27,28,1,2,,,,,"1.33","-0.26","-0.26",,,,,,
"SL","2025-03-12","91.1","-0.72","6.17","Clase, Emmanuel",682641,661403,"single","hit_into_play",,,,,7,"Luis Matos singles on a line drive to left fielder Steven Kwan. Tyler Fitzgerald scores.","S","R","R","CLE","SF","X",7,"line_drive",0,1,2025,"0.47","0.17","-0.28","2.07",666149,,,0,5,"Top",87.97,124.83,,,,,0.10792568467627754,-132.83510160879214,-4.892997879814711,5.565283303185916,24.261834307114782,-29.470430803155526,"3.17","1.6",216,"110.1",8,"92.1",2366,"6.4",778823,687627,467793,682877,608070,677587,680757,657041,678877,"54.07",0.749,,"0.9",,1,0,4,38,2,"Slider",2,4,4,2,5,2,5,2,"Strategic","Standard",100,"-0.037","0.472",,,0.937,"-0.472","110.1",-2,2,0.182,0.8180000000000001,27,23,27,23,1,2,,,,,"2.54","-0.47","-0.47",,,,,,
"FC","2025-03-12","99.4","-0.55","6.27","Clase, Emmanuel",682641,661403,,"foul",,,,,5,"Foul","S","R","R","CLE","SF","S",,,0,0,2025,"0.5","0.83","-0.08","2.12",666149,,,0,5,"Top",,,,,,,0.10469931778039138,-144.72257846060612,-8.038770915319688,7.120127281177691,29.225532266158304,-18.959672880604703,"3.17","1.6",172,"74.7",67,"100.5",2488,"6.5",778823,687627,467793,682877,608070,677587,680757,657041,678877,"53.96",,,,,,,,38,1,"Cutter",2,4,4,2,4,2,4,2,"Strategic","Standard",198,"0.004","-0.062",,,,"0.062","88.0",-2,2,0.178,0.8220000000000001,27,23,27,23,1,2,,,,,"1.45","-0.5","-0.5",,,,,,
"FC","2025-03-12","99.7","-0.57","6.27","Clase, Emmanuel",666149,661403,"triple","hit_into_play",,,,,8,"Tyler Fitzgerald triples (1) on a sharp line drive to center fielder Lane Thomas.","S","R","R","CLE","SF","X",8,"line_drive",1,2,2025,"-0.04","1.08","-0.26","1.72",,,,0,5,"Top",118.07,52.28,,,,,0.9549966253344978,-145.08648667447216,-9.729951276987187,-0.7800892077473859,31.85152155194009,-14.863771637400005,"3.28","1.65",364,"101.9",19,"100.5",2571,"6.6",778823,687627,467793,682877,608070,677587,680757,657041,678877,"53.91",0.425,,"1.6",,1,2,5,37,4,"Cutter",2,4,4,2,4,2,4,2,"Standard","Strategic",188,"-0.076","0.993",,,0.839,"-0.993","101.9",-2,2,0.254,0.746,27,27,27,28,1,2,,,,,"1.2","0.04","0.04",,,,,,
"FC","2025-03-12","98","-0.72","6.21","Clase, Emmanuel",666149,661403,,"called_strike",,,,,7,"Called Strike","S","R","R","CLE","SF","S",,,1,1,2025,"0.22","0.86","-0.43","1.96",,,,0,5,"Top",,,,,,,0.29430201196820005,-142.71098794401664,-8.035158337266468,2.9076329534040943,30.717416180974094,-18.854406341316533,"3.28","1.65",,,,"98.5",2411,"6.4",778823,687627,467793,682877,608070,677587,680757,657041,678877,"54.13",,,,,,,,37,3,"Cutter",2,4,4,2,4,2,4,2,"Strategic","Standard",189,"0.004","-0.061",,,,"0.061",,-2,2,0.25,0.75,27,27,27,28,1,2,,,,,"1.5","-0.22","-0.22",,,,,,
"FC","2025-03-12","97.6","-0.71","6.23","Clase, Emmanuel",666149,661403,,"called_strike",,,,,4,"Called Strike","S","R","R","CLE","SF","S",,,1,0,2025,"0.2","1.04","-0.74","2.27",,,,0,5,"Top",,,,,,,-0.5451353323015082,-142.1599701873104,-7.63122357522208,2.7819372325616425,27.178822154064015,-16.659795703093092,"3.28","1.65",,,,"98.4",2498,"6.3",778823,687627,467793,682877,608070,677587,680757,657041,678877,"54.18",,,,,,,,37,2,"Cutter",2,4,4,2,4,2,4,2,"Strategic","Standard",190,"0.004","-0.05",,,,"0.05",,-2,2,0.246,0.754,27,27,27,28,1,2,,,,,"1.32","-0.2","-0.2",,,,,,
"FC","2025-03-12","98.4","-0.73","6.32","Clase, Emmanuel",666149,661403,,"ball",,,,,11,"Ball","S","R","R","CLE","SF","B",,,0,0,2025,"0.1","1.15","-1.04","2.63",,,,0,5,"Top",,,,,,,-1.0892357961576724,-143.2949047623289,-7.323293520872659,1.5380638539097775,28.127552371013806,-14.829234236908986,"3.28","1.65",,,,"99.5",2500,"6.5",778823,687627,467793,682877,608070,677587,680757,657041,678877,"53.97",,,,,,,,37,1,"Cutter",2,4,4,2,4,2,4,2,"Strategic","Standard",190,"-0.003","0.041",,,,"-0.041",,-2,2,0.249,0.751,27,27,27,28,1,2,,,,,"1.17","-0.1","-0.1",,,,,,
"FC","2025-03-09","96.5","-1.04","5.95","Clase, Emmanuel",608336,661403,"strikeout","swinging_strike",,,,,8,"Joey Gallo strikes out swinging.","S","L","R","CLE","CWS","S",2,,0,2,2025,"0.02","0.93","0.04","2.21",,,,2,5,"Top",,,,,,,2.8453294546490357,-140.39825160852712,-6.496170429222609,-0.3737761726089574,31.809609684553266,-18.642792587730852,"3.41","1.72",,,,"96.9",2452,"6.6",778822,666310,467793,682177,608070,672356,680757,657041,678877,"53.95",,,"0",,0,0,,34,3,"Cutter",1,0,0,1,0,1,0,1,"Infield shade","Standard",189,"0.01","-0.16",,,,"0.16",,1,-1,0.698,0.30200000000000005,27,31,27,32,1,1,,,,,"1.52","-0.02","0.02",,,,,,
"FC","2025-03-09","96.4","-0.39","6.29","Clase, Emmanuel",608336,661403,,"foul",,,,,3,"Foul","S","L","R","CLE","CWS","S",,,0,1,2025,"0.16","0.95","0.76","3.29",,,,2,5,"Top",,,,,,,2.7082146313235578,-140.37727972955253,-4.637900375062023,1.587325982414603,29.812946958953734,-18.803886467347027,"3.41","1.72",,,,"97.3",2438,"6.6",778822,666310,467793,682177,608070,672356,680757,657041,678877,"53.88",,,,,,,,34,2,"Cutter",1,0,0,1,0,1,0,1,"Infield shade","Standard",181,"0.003","-0.057",,,,"0.057",,1,-1,0.695,0.30500000000000005,27,31,27,32,1,1,,,,,"1.49","-0.16","0.16",,,,,,
"FC","2025-03-09","98","-0.56","6.15","Clase, Emmanuel",608336,661403,,"foul",,,,,9,"Foul","S","L","R","CLE","CWS","S",,,0,0,2025,"0.53","0.91","0.39","2.07",,,,2,5,"Top",,,,,,,1.3489956746871377,-142.63987953482626,-7.705930637372222,6.994567015189917,31.48705412226577,-18.208520374847996,"3.41","1.72",,,,"98.7",2468,"6.6",778822,666310,467793,682177,608070,672356,680757,657041,678877,"53.92",,,,,,,,34,1,"Cutter",1,0,0,1,0,1,0,1,"Infield shade","Standard",187,"0.002","-0.043",,,,"0.043",,1,-1,0.693,0.30700000000000005,27,31,27,32,1,1,,,,,"1.45","-0.53","0.53",,,,,,
"FC","2025-03-09","97.3","-0.27","6.19","Clase, Emmanuel",668751,661403,"field_out","hit_into_play",,,,,3,"Cal Mitchell pops out to third baseman José Ramírez.","S","L","R","CLE","CWS","X",5,"popup",0,1,2025,"0.12","1.15","0.72","2.75",,,,1,5,"Top",112.31,169.02,,,,,2.3986759838543947,-141.76898175286664,-6.432889703711465,1.1911520540402585,29.553076635287052,-15.345085914146784,"3.21","1.62",90,"62.2",71,"98.1",2512,"6.5",778822,666310,467793,682177,608070,672356,680757,657041,678877,"54.01",0.003,,"0",,0,0,3,33,2,"Cutter",1,0,0,1,0,1,0,1,"Standard","Strategic",183,"0.02","-0.215",,,0.003,"0.215","88.0",1,-1,0.673,0.32699999999999996,27,26,27,26,1,1,,,,,"1.23","-0.12","0.12",,,,,,
"FC","2025-03-09","97.5","-0.5","6.2","Clase, Emmanuel",668751,661403,,"foul",,,,,12,"Foul","S","L","R","CLE","CWS","S",,,0,0,2025,"0.11","0.97","0.66","3.35",,,,1,5,"Top",,,,,,,2.863467018774598,-142.035387783933,-4.44454313744013,0.8910602367542844,31.2559552000959,-18.1603790773646,"3.21","1.62",216,"67.7",48,"98.3",2470,"6.6",778822,666310,467793,682177,608070,672356,680757,657041,678877,"53.9",,,,,,,,33,1,"Cutter",1,0,0,1,0,1,0,1,"Standard","Strategic",184,"0.003","-0.039",,,,"0.039","88.0",1,-1,0.67,0.32999999999999996,27,26,27,26,1,1,,,,,"1.41","-0.11","0.11",,,,,,
"FC","2025-03-09","96.9","-0.72","6.08","Clase, Emmanuel",666150,661403,"strikeout","foul_tip",,,,,4,"Dominic Fletcher strikes out on a foul tip.","S","L","R","CLE","CWS","S",2,,0,2,2025,"0.11","0.96","-0.47","2.4",,,,0,5,"Top",,,,,,,0.40025149779073793,-141.1948597960044,-6.6233776750671565,1.380474631056217,28.037953751847283,-18.07928586648373,"3.04","1.53",,,,"98.4",2492,"6.8",778822,666310,467793,682177,608070,672356,680757,657041,678877,"53.73",,,"0",,0,0,,32,3,"Cutter",1,0,0,1,0,1,0,1,"Strategic","Standard",188,"0.021","-0.165",,,,"0.165",,1,-1,0.649,0.351,27,27,27,28,1,1,,,,,"1.44","-0.11","0.11",,,,,,
"FC","2025-03-09","97.4","-0.58","6.18","Clase, Emmanuel",666150,661403,,"foul",,,,,6,"Foul","S","L","R","CLE","CWS","S",,,0,1,2025,"-0.01","1.13","0.69","2.49",,,,0,5,"Top",,,,,,,3.4449129258328792,-141.8382030207396,-7.108635149453216,-0.7917059442680512,28.97067503710009,-15.488489949468203,"3.04","1.53",173,"66.9",24,"98.4",2521,"6.6",778822,666310,467793,682177,608070,672356,680757,657041,678877,"53.92",,,,,,,,32,2,"Cutter",1,0,0,1,0,1,0,1,"Standard","Standard",186,"0.006","-0.055",,,,"0.055","88.0",1,-1,0.643,0.357,27,27,27,28,1,1,,,,,"1.25","0.01","-0.01",,,,,,
"FC","2025-03-09","96.8","-0.73","6.2","Clase, Emmanuel",666150,661403,,"foul",,,,,5,"Foul","S","L","R","CLE","CWS","S",,,0,0,2025,"-0.17","1.3","0.11","2.32",,,,0,5,"Top",,,,,,,2.6504206128603323,-140.83223155481772,-7.862848364408494,-2.831638808303602,29.35186237033943,-13.297046506650059,"3.04","1.53",201,"73",62,"97.6",2498,"6.6",778822,666310,467793,682177,608070,672356,680757,657041,678877,"53.93",,,,,,,,32,1,"Cutter",1,0,0,1,0,1,0,1,"Standard","Standard",184,"0.005","-0.039",,,,"0.039","88.0",1,-1,0.638,0.362,27,27,27,28,1,1,,,,,"1.12","0.17","-0.17",,,,,,
"SL","2025-03-06","91","-0.67","6.21","Clase, Emmanuel",691021,661403,"strikeout","swinging_strike_blocked",,,,,14,"A.J. Vukovich strikes out swinging, catcher Bo Naylor to first baseman Carlos Santana.","S","R","R","CLE","AZ","S",2,,0,2,2025,"0.27","0.68","0.46","1.02",,641820,,2,4,"Top",,,,,,,2.282507483100755,-132.34351793700304,-8.650655903836178,2.7199814862925296,27.016943422299168,-22.622547324615425,"3.36","1.7",,,,"91.8",2469,"6.7",778830,666310,467793,682877,608070,677587,680757,657041,686823,"53.8",,,"0",,0,0,,32,5,"Slider",4,0,0,4,0,4,0,4,"Strategic","Strategic",86,"0.014","-0.193",,,,"0.193",,4,-4,0.898,0.10199999999999998,27,23,27,24,1,1,,,,,"2.07","-0.27","-0.27",,,,,,
"SI","2025-03-06","98","-0.8","6.22","Clase, Emmanuel",691021,661403,,"foul",,,,,7,"Foul","S","R","R","CLE","AZ","S",,,0,2,2025,"-0.64","1.2","-0.44","1.64",,641820,,2,4,"Top",,,,,,,2.4564071387733475,-142.2592585764682,-9.630199984863738,-9.288565469201046,37.55391178966791,-13.696212407635091,"3.36","1.7",336,"94.8",35,"98",2421,"6.7",778830,666310,467793,682877,608070,677587,680757,657041,686823,"53.76",,,,,,,,32,4,"Sinker",4,0,0,4,0,4,0,4,"Strategic","Strategic",178,"0","0",,,,"0","94.8",4,-4,0.898,0.10199999999999998,27,23,27,24,1,1,,,,,"1.21","0.64","0.64",,,,,,
"SL","2025-03-06","90.4","-0.73","6.12","Clase, Emmanuel",691021,661403,,"foul",,,,,8,"Foul","S","R","R","CLE","AZ","S",,,0,2,2025,"0.73","0.3","0.21","2.04",,641820,,2,4,"Top",,,,,,,0.8023351258901098,-131.68701579057546,-4.936825261731597,8.287598701712062,28.350613741854037,-27.81001086102612,"3.36","1.7",2,"83.9",-42,"91.3",2391,"6.8",778830,666310,467793,682877,608070,677587,680757,657041,686823,"53.71",,,,,,,,32,3,"Slider",4,0,0,4,0,4,0,4,"Strategic","Strategic",85,"0","0",,,,"0","88.0",4,-4,0.898,0.10199999999999998,27,23,27,24,1,1,,,,,"2.48","-0.73","-0.73",,,,,,
"SL","2025-03-06","90.4","-0.7","6.2","Clase, Emmanuel",691021,661403,,"foul",,,,,1,"Foul","S","R","R","CLE","AZ","S",,,0,1,2025,"0.51","0.36","-0.64","3.25",,641820,,2,4,"Top",,,,,,,-0.9508245101555651,-131.68557890505343,-2.2283735769928987,6.201971690415145,26.405999286518473,-27.732712881037603,"3.36","1.7",291,"93.4",55,"90.9",2440,"6.4",778830,666310,467793,682877,608070,677587,680757,657041,686823,"54.1",,,,,,,,32,2,"Slider",4,0,0,4,0,4,0,4,"Strategic","Standard",106,"0.004","-0.056",,,,"0.056","93.4",4,-4,0.894,0.10599999999999998,27,23,27,24,1,1,,,,,"2.41","-0.51","-0.51",,,,,,
"FC","2025-03-06","97.8","-0.71","6.36","Clase, Emmanuel",691021,661403,,"swinging_strike",,,,,11,"Swinging Strike","S","R","R","CLE","AZ","S",,,0,0,2025,"0.3","1.04","-0.26","3.53",,641820,,2,4,"Top",,,,,,,0.5186936598725861,-142.53845303148717,-4.618090680512395,4.046260262092965,29.62350712531356,-17.115223298558274,"3.36","1.7",,,,"98.6",2546,"6.4",778830,666310,467793,682877,608070,677587,680757,657041,686823,"54.09",,,,,,,,32,1,"Cutter",4,0,0,4,0,4,0,4,"Strategic","Standard",185,"0.003","-0.04",,,,"0.04",,4,-4,0.891,0.10899999999999999,27,23,27,24,1,1,,,,,"1.32","-0.3","-0.3",,,,,,
"FC","2025-03-06","98.2","-0.72","6.27","Clase, Emmanuel",641820,661403,"double","hit_into_play",,,,,13,"Trey Mancini doubles (2) on a sharp ground ball to left fielder Steven Kwan.","S","R","R","CLE","AZ","X",7,"ground_ball",0,1,2025,"0.35","0.95","-0.92","2.11",,,,2,4,"Top",99.44,168.09,,,,,-1.3584261620868243,-142.85206271670273,-8.02705698870326,5.06900986502774,32.62372362472676,-17.481089660721207,"3.37","1.7",43,"90.9",0,"98.6",2574,"6.5",778830,666310,467793,682877,608070,677587,680757,657041,686823,"53.96",0.337,,"1.25",,1,1,2,31,2,"Cutter",4,0,0,4,0,4,0,4,"Strategic","Standard",180,"-0.016","0.622",,,0.381,"-0.622","90.9",4,-4,0.907,0.09299999999999997,27,33,27,33,1,1,,,,,"1.41","-0.35","-0.35",,,,,,
"FC","2025-03-06","98.5","-0.77","6.29","Clase, Emmanuel",641820,661403,,"foul",,,,,7,"Foul","S","R","R","CLE","AZ","S",,,0,0,2025,"0.47","1.12","-0.68","1.9",,,,2,4,"Top",,,,,,,-0.8347224611083789,-143.26212141844593,-9.113015172179132,6.649531906525097,31.31808417861263,-14.952117227685179,"3.37","1.7",262,"78.4",47,"99.1",2550,"6.6",778830,666310,467793,682877,608070,677587,680757,657041,686823,"53.95",,,,,,,,31,1,"Cutter",4,0,0,4,0,4,0,4,"Strategic","Standard",180,"0.001","-0.043",,,,"0.043","88.0",4,-4,0.906,0.09399999999999997,27,33,27,33,1,1,,,,,"1.23","-0.47","-0.47",,,,,,
"FC","2025-03-06","97.9","-0.7","6.26","Clase, Emmanuel",680728,661403,"field_out","hit_into_play",,,,,12,"Adrian Del Castillo flies out to right fielder Will Brennan.","S","L","R","CLE","AZ","X",9,"fly_ball",0,2,2025,"0.31","0.98","0.86","3.46",,,,1,4,"Top",140.49,106.07,,,,,3.5381505281293752,-142.59955061485323,-4.399673177012981,3.4914269379113856,31.10793991758873,-17.949428800469,"3.1","1.57",237,"73.5",44,"98.8",2510,"6.6",778830,666310,467793,682877,608070,677587,680757,657041,686823,"53.9",0.256,,"0",,0,0,3,30,4,"Cutter",4,0,0,4,0,4,0,4,"Strategic","Strategic",182,"0.008","-0.163",,,0.357,"0.163","88.0",4,-4,0.898,0.10199999999999998,27,25,27,26,1,1,,,,,"1.38","-0.31","0.31",,,,,,
"FC","2025-03-06","97.2","-0.63","6.32","Clase, Emmanuel",680728,661403,,"foul",,,,,3,"Foul","S","L","R","CLE","AZ","S",,,0,2,2025,"0.23","1.14","0.46","2.76",,,,1,4,"Top",,,,,,,2.3996572213983822,-141.48984767109766,-6.65207879933895,2.4914153538018264,33.78532479441478,-15.542945314369716,"3.1","1.57",196,"67.2",56,"97.6",2509,"6.6",778830,666310,467793,682877,608070,677587,680757,657041,686823,"53.89",,,,,,,,30,3,"Cutter",4,0,0,4,0,4,0,4,"Strategic","Strategic",184,"0","0",,,,"0","88.0",4,-4,0.898,0.10199999999999998,27,25,27,26,1,1,,,,,"1.28","-0.23","0.23",,,,,,
"FC","2025-03-06","97.4","-0.78","6.23","Clase, Emmanuel",680728,661403,,"swinging_strike",,,,,12,"Swinging Strike","S","L","R","CLE","AZ","S",,,0,1,2025,"0.48","1.33","0.97","3.06",,,,1,4,"Top",,,,,,,3.6119306185044753,-141.7966472233423,-6.095186826173625,5.714541733473835,32.47008592007435,-13.023648221648896,"3.1","1.57",,,,"98.1",2574,"6.6",778830,666310,467793,682877,608070,677587,680757,657041,686823,"53.86",,,,,,,,30,2,"Cutter",4,0,0,4,0,4,0,4,"Standard","Standard",191,"0.002","-0.052",,,,"0.052",,4,-4,0.896,0.10399999999999998,27,25,27,26,1,1,,,,,"1.07","-0.48","0.48",,,,,,
"FC","2025-03-06","98.2","-0.5","6.3","Clase, Emmanuel",680728,661403,,"called_strike",,,,,3,"Called Strike","S","L","R","CLE","AZ","S",,,0,0,2025,"0.13","1.15","0.37","3.2",,,,1,4,"Top",,,,,,,2.0738637186376154,-142.93650423414311,-5.61322438285601,1.2768438230848695,33.191592712117135,-15.3641005080919,"3.1","1.57",,,,"98.6",2546,"6.5",778830,666310,467793,682877,608070,677587,680757,657041,686823,"53.96",,,,,,,,30,1,"Cutter",4,0,0,4,0,4,0,4,"Standard","Standard",179,"0.002","-0.039",,,,"0.039",,4,-4,0.894,0.10599999999999998,27,25,27,26,1,1,,,,,"1.22","-0.13","0.13",,,,,,
"FC","2025-03-06","98","-0.87","6.24","Clase, Emmanuel",656976,661403,"strikeout","swinging_strike",,,,,1,"Pavin Smith strikes out swinging.","S","L","R","CLE","AZ","S",2,,0,2,2025,"0.13","1.19","-0.72","3.35",,,,0,4,"Top",,,,,,,0.10947342360069488,-142.77860136890112,-5.103395004797342,1.7203528125476042,31.636771023312175,-14.967521550553775,"3.28","1.66",,,,"98.5",2593,"6.4",778830,666310,467793,682877,608070,677587,680757,657041,686823,"54.09",,,"0",,0,0,,29,3,"Cutter",4,0,0,4,0,4,0,4,"Strategic","Strategic",186,"0.012","-0.165",,,,"0.165",,4,-4,0.882,0.118,27,29,27,29,1,1,,,,,"1.17","-0.13","0.13",,,,,,
"FC","2025-03-06","96.9","-0.82","6.21","Clase, Emmanuel",656976,661403,,"swinging_strike",,,,,12,"Swinging Strike","S","L","R","CLE","AZ","S",,,0,1,2025,"0.46","1.24","0.89","2.83",,,,0,4,"Top",,,,,,,3.5295512312231194,-141.0890301970841,-6.360338921904781,5.367238690626787,30.017249962109727,-14.407352511826325,"3.28","1.66",,,,"97.7",2559,"6.5",778830,666310,467793,682877,608070,677587,680757,657041,686823,"53.95",,,,,,,,29,2,"Cutter",4,0,0,4,0,4,0,4,"Strategic","Standard",184,"0.003","-0.055",,,,"0.055",,4,-4,0.879,0.121,27,29,27,29,1,1,,,,,"1.17","-0.46","0.46",,,,,,
"FC","2025-03-06","97","-0.77","6.26","Clase, Emmanuel",656976,661403,,"called_strike",,,,,11,"Called Strike","S","L","R","CLE","AZ","S",,,0,0,2025,"0.31","1.28","-0.7","3.49",,,,0,4,"Top",,,,,,,-0.5245350423189636,-141.31864901110075,-4.842013615953396,4.245703776040007,30.87240620758991,-14.124361978021584,"3.28","1.66",,,,"97.4",2504,"6.4",778830,666310,467793,682877,608070,677587,680757,657041,686823,"54.13",,,,,,,,29,1,"Cutter",4,0,0,4,0,4,0,4,"Standard","Standard",185,"0.003","-0.039",,,,"0.039",,4,-4,0.876,0.124,27,29,27,29,1,1,,,,,"1.13","-0.31","0.31",,,,,,
"FC","2025-03-03","96","-0.63","6.23","Clase, Emmanuel",687799,661403,"strikeout","swinging_strike",,,,,14,"Cade Marlowe strikes out swinging.","S","L","R","SEA","CLE","S",2,,1,2,2025,"0.49","0.85","1.28","1.79",686527,,810938,1,4,"Bot",,,,,,,3.960565781200204,-139.69361012268132,-8.151167574278405,5.651830794461605,28.77046142683754,-19.539579299657888,"3.17","1.6",,,,"96.7",2452,"6.5",779012,595978,700932,672356,671289,682177,671286,682657,678877,"53.99",,,"0",,0,0,,34,4,"Cutter",2,2,2,2,2,2,2,2,"Strategic","Strategic",175,"-0.061","-0.28",,,,"0.28",,0,0,0.621,0.621,27,28,27,28,1,1,,,,,"1.61","-0.49","0.49",,,,,,
"FC","2025-03-03","96.2","-0.67","6.16","Clase, Emmanuel",687799,661403,,"foul",,,,,9,"Foul","S","L","R","SEA","CLE","S",,,1,1,2025,"0.21","0.98","0.82","1.72",686527,,810938,1,4,"Bot",,,,,,,3.4941658757465177,-139.9273338097596,-8.469405995087609,1.9947043775871625,29.83683377598879,-17.59249686953023,"3.17","1.6",3,"83.9",-25,"96.9",2491,"6.6",779012,595978,700932,672356,671289,682177,671286,682657,678877,"53.9",,,,,,,,34,3,"Cutter",2,2,2,2,2,2,2,2,"Strategic","Strategic",183,"-0.016","-0.058",,,,"0.058","88.0",0,0,0.637,0.637,27,28,27,28,1,1,,,,,"1.47","-0.21","0.21",,,,,,
"FC","2025-03-03","95.6","-0.57","6.39","Clase, Emmanuel",687799,661403,,"ball",,,,,12,"Ball","S","L","R","SEA","CLE","B",,,0,1,2025,"0.64","1.09","0.98","3.82",686527,,810938,1,4,"Bot",,,,,,,2.653590940007059,-139.26443811454942,-3.6741498043070533,7.816866880109997,28.05839949815804,-17.344525693709574,"3.17","1.6",,,,"96.3",2577,"6.4",779012,595978,700932,672356,671289,682177,671286,682657,678877,"54.1",,,,,,,,34,2,"Cutter",2,2,2,2,2,2,2,2,"Strategic","Strategic",175,"0.008","0.012",,,,"-0.012",,0,0,0.629,0.629,27,28,27,28,1,1,,,,,"1.38","-0.64","0.64",,,,,,
"FC","2025-03-03","97.6","-0.62","6.26","Clase, Emmanuel",687799,661403,,"foul",,,,,3,"Foul","S","L","R","SEA","CLE","S",,,0,0,2025,"0.4","1.03","0.79","3.18",686527,,810938,1,4,"Bot",,,,,,,2.8670715513475877,-142.0559123234532,-5.166575972945043,4.771512084182065,34.226337599499736,-17.30960342504941,"3.17","1.6",,,,"97.9",2421,"6.6",779012,595978,700932,672356,671289,682177,671286,682657,678877,"53.94",,,,,,,,34,1,"Cutter",2,2,2,2,2,2,2,2,"Strategic","Strategic",178,"-0.012","-0.041",,,,"0.041",,0,0,0.641,0.641,27,28,27,28,1,1,,,,,"1.38","-0.4","0.4",,,,,,
"FC","2025-03-03","96.7","-0.53","6.19","Clase, Emmanuel",810938,661403,"walk","ball",,,,,14,"Ben Williamson walks.","S","R","R","SEA","CLE","B",,,3,0,2025,"-0.18","0.93","0.38","1.35",686527,,,1,4,"Bot",,,,,,,2.8635615408495303,-140.5041094329011,-9.429399543417123,-3.0464699882021216,35.233146964169826,-17.81836358157939,"3.22","1.63",,,,"96.8",2540,"6.7",779012,595978,700932,672356,671289,682177,671286,682657,678877,"53.83",,,"0.7",,0,0,,33,4,"Cutter",2,2,2,2,2,2,2,2,"Strategic","Standard",176,"0.008","0.061",,,,"-0.061",,0,0,0.633,0.633,27,24,27,25,1,1,,,,,"1.54","0.18","0.18",,,,,,
"FC","2025-03-03","97.1","-0.49","6.23","Clase, Emmanuel",810938,661403,,"ball",,,,,14,"Ball","S","R","R","SEA","CLE","B",,,2,0,2025,"0.29","0.97","1.35","1.41",686527,,,1,4,"Bot",,,,,,,4.290226496269664,-141.06223143389718,-9.594852843279668,2.8348589377339564,33.49305063511985,-17.171943920135185,"3.22","1.63",,,,"97.4",2539,"6.7",779012,595978,700932,672356,671289,682177,671286,682657,678877,"53.83",,,,,,,,33,3,"Cutter",2,2,2,2,2,2,2,2,"Strategic","Standard",185,"0.005","0.064",,,,"-0.064",,0,0,0.628,0.628,27,24,27,25,1,1,,,,,"1.46","-0.29","-0.29",,,,,,
"FC","2025-03-03","97.6","-0.55","6.32","Clase, Emmanuel",810938,661403,,"ball",,,,,11,"Ball","S","R","R","SEA","CLE","B",,,1,0,2025,"-0.1","1.24","-1.73","3.58",686527,,,1,4,"Bot",,,,,,,-2.9543918286017097,-142.1184810629349,-4.722006264334883,-0.6012250919820006,34.23470008463696,-14.479959497873901,"3.22","1.63",,,,"97.5",2511,"6.3",779012,595978,700932,672356,671289,682177,671286,682657,678877,"54.16",,,,,,,,33,2,"Cutter",2,2,2,2,2,2,2,2,"Strategic","Standard",191,"0.004","0.037",,,,"-0.037",,0,0,0.624,0.624,27,24,27,25,1,1,,,,,"1.16","0.1","0.1",,,,,,
"FC","2025-03-03","98","-0.53","6.3","Clase, Emmanuel",810938,661403,,"ball",,,,,11,"Ball","S","R","R","SEA","CLE","B",,,0,0,2025,"0.13","1.3","-0.54","3.68",686527,,,1,4,"Bot",,,,,,,-0.3363074422641848,-142.61629092062682,-4.555091149123018,1.821761626146294,36.901145138212094,-13.702050652142766,"3.22","1.63",,,,"97.8",2568,"6.5",779012,595978,700932,672356,671289,682177,671286,682657,678877,"54.04",,,,,,,,33,1,"Cutter",2,2,2,2,2,2,2,2,"Strategic","Standard",186,"0.002","0.026",,,,"-0.026",,0,0,0.622,0.622,27,24,27,25,1,1,,,,,"1.1","-0.13","-0.13",,,,,,
"SL","2025-03-03","88.4","-0.45","6.26","Clase, Emmanuel",686527,661403,"double","hit_into_play",,,,,6,"Dominic Canzone doubles (3) on a sharp fly ball to center fielder Angel Martínez. Rowdy Tellez scores. Dominic Canzone to 3rd.","S","L","R","SEA","CLE","X",8,"fly_ball",1,1,2025,"0.45","-0.15","0.52","2.21",,642133,,1,4,"Bot",126.23,46.88,,,,,1.4396940749729727,-128.6961729616124,-3.4965845339220905,4.722261246061196,27.01396119519525,-33.269733362716956,"3.21","1.62",375,"100.3",42,"88.8",2448,"6.6",779012,595978,700932,672356,671289,682177,671286,682657,678877,"53.93",0.086,,"1.25",,1,1,3,32,3,"Slider",1,2,1,2,2,2,2,2,"Standard","Strategic",79,"0.17","0.828",,,0.297,"-0.828","100.3",-1,-1,0.452,0.452,27,27,27,28,1,1,,,,,"3.06","-0.45","0.45",,,,,,
"FC","2025-03-03","97.6","-0.66","6.2","Clase, Emmanuel",686527,661403,,"foul",,,,,6,"Foul","S","L","R","SEA","CLE","S",,,1,0,2025,"0.27","0.94","0.52","2.65",,642133,,1,4,"Bot",,,,,,,2.570360687228645,-142.08530699906402,-6.2940732959830035,3.0748510555585638,31.238105224405512,-18.198541810062405,"3.21","1.62",247,"82.5",59,"98.4",2608,"6.6",779012,595978,700932,672356,671289,682177,671286,682657,678877,"53.89",,,,,,,,32,2,"Cutter",1,2,1,2,2,1,1,2,"Standard","Standard",180,"-0.005","-0.042",,,,"0.042","88.0",-1,-1,0.457,0.457,27,27,27,28,1,1,,,,,"1.44","-0.27","0.27",,,,,,
"SL","2025-03-03","90.4","-0.65","6.13","Clase, Emmanuel",686527,661403,,"blocked_ball",,,,,14,"Ball In Dirt","S","L","R","SEA","CLE","B",,,0,0,2025,"0.58","0.06","1.16","0.6",,642133,,1,4,"Bot",,,,,,,3.2831069791766976,-131.4508248356542,-7.964338990120894,5.993040175925522,29.021568413338624,-29.990815967204043,"3.21","1.62",,,,"90.7",2461,"6.6",779012,595978,700932,672356,671289,682177,671286,682657,678877,"53.91",,,,,,,,32,1,"Slider",1,2,1,2,2,1,1,2,"Standard","Standard",80,"0.003","0.028",,,,"-0.028",,-1,-1,0.454,0.454,27,27,27,28,1,1,,,,,"2.75","-0.58","0.58",,,,,,
"SL","2025-03-03","88.3","-0.77","6.2","Clase, Emmanuel",641487,661403,"strikeout","called_strike",,,,,11,"Mariners challenged (pitch result), call on the field was upheld: J.P. Crawford called out on strikes.","S","L","R","SEA","CLE","S",2,,3,2,2025,"0.38","0.09","-0.1","3.41",,642133,,0,4,"Bot",,,,,,,0.8485115689880218,-128.56128958047452,-0.8797734498161781,3.9758984998885634,27.48127916487068,-31.24146609899195,"3.22","1.63",,,,"88.4",2384,"6.4",779012,595978,700932,672356,671289,682177,671286,682657,678877,"54.08",,,"0",,0,0,,31,8,"Slider",1,2,1,2,2,1,1,2,"Standard","Standard",77,"-0.061","-0.386",,,,"0.386",,-1,-1,0.515,0.515,27,30,27,30,1,1,,,,,"2.84","-0.38","0.38",,,,,,
"FC","2025-03-03","97.7","-0.69","6.24","Clase, Emmanuel",641487,661403,,"foul",,,,,4,"Foul","S","L","R","SEA","CLE","S",,,3,2,2025,"-0.06","1.07","-0.39","2.5",,642133,,0,4,"Bot",,,,,,,0.9708094535383129,-142.16250698739762,-7.102550887598701,-1.0947365418211856,31.155384357217763,-16.306650297000964,"3.22","1.63",257,"76.2",44,"98.4",2563,"6.6",779012,595978,700932,672356,671289,682177,671286,682657,678877,"53.92",,,,,,,,31,7,"Cutter",1,2,1,2,2,1,1,2,"Standard","Standard",174,"0","0",,,,"0","88.0",-1,-1,0.515,0.515,27,30,27,30,1,1,,,,,"1.31","0.06","-0.06",,,,,,
"FC","2025-03-03","98.2","-0.52","6.23","Clase, Emmanuel",641487,661403,,"foul",,,,,14,"Foul","S","L","R","SEA","CLE","S",,,3,2,2025,"0.23","0.95","1.24","1.87",,642133,,0,4,"Bot",,,,,,,4.238290111804865,-142.78347976055622,-8.573083770003883,2.1651985695660647,31.330514040964054,-17.455247733561098,"3.22","1.63",5,"78.1",-19,"98.7",2532,"6.5",779012,595978,700932,672356,671289,682177,671286,682657,678877,"53.98",,,,,,,,31,6,"Cutter",1,2,1,2,2,1,1,2,"Standard","Standard",193,"0","0",,,,"0","88.0",-1,-1,0.515,0.515,27,30,27,30,1,1,,,,,"1.41","-0.23","0.23",,,,,,
"SL","2025-03-03","89.8","-0.71","6.18","Clase, Emmanuel",641487,661403,,"ball",,,,,13,"Ball","S","L","R","SEA","CLE","B",,,2,2,2025,"0.53","0.08","-0.01","1.17",,642133,,0,4,"Bot",,,,,,,0.6113164270674161,-130.75726894753478,-6.670436137948119,6.003379384756603,25.93733754739679,-30.10212088485356,"3.22","1.63",,,,"90.5",2460,"6.6",779012,595978,700932,672356,671289,682177,671286,682657,678877,"53.94",,,,,,,,31,5,"Slider",1,2,1,2,2,1,1,2,"Standard","Standard",100,"0.011","0.1",,,,"-0.1",,-1,-1,0.504,0.504,27,30,27,30,1,1,,,,,"2.73","-0.53","0.53",,,,,,
"FC","2025-03-03","97.5","-0.7","6.33","Clase, Emmanuel",641487,661403,,"foul",,,,,2,"Foul","S","L","R","SEA","CLE","S",,,2,1,2025,"-0.02","1.23","0.03","2.74",,642133,,0,4,"Bot",,,,,,,2.025473630262469,-141.80689949857944,-6.995080219339657,-0.7607338456157746,33.34233357088947,-14.191455135559766,"3.22","1.63",155,"58",49,"97.9",2492,"6.6",779012,595978,700932,672356,671289,682177,671286,682657,678877,"53.89",,,,,,,,31,4,"Cutter",1,2,1,2,2,1,1,2,"Standard","Standard",184,"-0.009","-0.081",,,,"0.081","88.0",-1,-1,0.513,0.513,27,30,27,30,1,1,,,,,"1.18","0.02","-0.02",,,,,,
"FC","2025-03-03","97.2","-0.49","6.34","Clase, Emmanuel",641487,661403,,"called_strike",,,,,9,"Called Strike","S","L","R","SEA","CLE","S",,,2,0,2025,"-0.06","0.89","0.34","1.71",,642133,,0,4,"Bot",,,,,,,2.345662217871606,-141.415732536961,-8.93272380784984,-1.3275863561351573,32.02203856237402,-18.341774448121704,"3.22","1.63",,,,"97.1",2557,"6.2",779012,595978,700932,672356,671289,682177,671286,682657,678877,"54.29",,,,,,,,31,3,"Cutter",1,2,1,2,2,1,1,2,"Standard","Standard",175,"-0.008","-0.078",,,,"0.078",,-1,-1,0.521,0.521,27,30,27,30,1,1,,,,,"1.52","0.06","-0.06",,,,,,
"FC","2025-03-03","97.4","-0.61","6.24","Clase, Emmanuel",641487,661403,,"ball",,,,,14,"Ball","S","L","R","SEA","CLE","B",,,1,0,2025,"0.23","0.76","1.3","1.93",,642133,,0,4,"Bot",,,,,,,4.627384943875856,-141.60032932596062,-7.789407419895708,1.9204206289808834,34.23641360852905,-20.32246994024685,"3.22","1.63",,,,"97.4",2531,"6.5",779012,595978,700932,672356,671289,682177,671286,682657,678877,"54.01",,,,,,,,31,2,"Cutter",1,2,1,2,2,1,1,2,"Standard","Strategic",169,"0.008","0.075",,,,"-0.075",,-1,-1,0.513,0.513,27,30,27,30,1,1,,,,,"1.66","-0.23","0.23",,,,,,
"FC","2025-03-03","99","-0.73","6.25","Clase, Emmanuel",641487,661403,,"ball",,,,,14,"Ball","S","L","R","SEA","CLE","B",,,0,0,2025,"0.34","0.92","1.63","1.14",,642133,,0,4,"Bot",,,,,,,5.667302409499174,-143.82412376756628,-10.74633170423032,3.4951735583168917,31.950241835720828,-17.1198729389376,"3.22","1.63",,,,"99.7",2540,"6.7",779012,595978,700932,672356,671289,682177,671286,682657,678877,"53.8",,,,,,,,31,1,"Cutter",1,2,1,2,2,1,1,2,"Standard","Strategic",198,"0.004","0.032",,,,"-0.032",,-1,-1,0.509,0.509,27,30,27,30,1,1,,,,,"1.4","-0.34","0.34",,,,,,
"FC","2025-03-03","98.3","-0.44","6.37","Clase, Emmanuel",642133,661403,"double","hit_into_play",,,,,6,"Rowdy Tellez doubles (1) on a line drive to left fielder Johnathan Rodriguez.","S","L","R","SEA","CLE","X",7,"line_drive",0,1,2025,"0.21","1.17","0.82","2.42",,,,0,4,"Bot",68.48,146.88,,,,,2.924825542113735,-142.95164185970435,-7.922189045529933,2.1415717856321725,34.89673666666668,-14.5366871863369,"3.39","1.71",165,"62.1",28,"98.3",2571,"6.5",779012,595978,700932,672356,671289,682177,671286,682657,678877,"54.03",0.641,,"1.25",,1,1,4,30,2,"Cutter",1,2,1,2,2,1,1,2,"Infield shade","Strategic",181,"0.086","0.756",,,0.647,"-0.756","88.0",-1,-1,0.423,0.423,27,30,27,30,1,1,,,,,"1.21","-0.21","0.21",,,,,,
"FC","2025-03-03","98.9","-0.63","6.34","Clase, Emmanuel",642133,661403,,"called_strike",,,,,6,"Called Strike","S","L","R","SEA","CLE","S",,,0,0,2025,"0.02","1.2","0.43","2.25",,,,0,4,"Bot",,,,,,,2.846039421827549,-143.93809940028763,-8.58037367424667,-0.4085921676653502,32.183387529296255,-13.688597551240209,"3.39","1.71",,,,"99.3",2527,"6.4",779012,595978,700932,672356,671289,682177,671286,682657,678877,"54.11",,,,,,,,30,1,"Cutter",1,2,1,2,2,1,1,2,"Infield shade","Strategic",183,"-0.005","-0.039",,,,"0.039",,-1,-1,0.428,0.428,27,30,27,30,1,1,,,,,"1.12","-0.02","0.02",,,,,,