"pitch_type","game_date","release_speed","release_pos_x","release_pos_z","player_name","batter","pitcher","events","description","spin_dir","spin_rate_deprecated","break_angle_deprecated","break_length_deprecated","zone","des","game_type","stand","p_throws","home_team","away_team","type","hit_location","bb_type","balls","strikes","game_year","pfx_x","pfx_z","plate_x","plate_z","on_3b","on_2b","on_1b","outs_when_up","inning","inning_topbot","hc_x","hc_y","tfs_deprecated","tfs_zulu_deprecated","umpire","sv_id","vx0","vy0","vz0","ax","ay","az","sz_top","sz_bot","hit_distance_sc","launch_speed","launch_angle","effective_speed","release_spin_rate","release_extension","game_pk","fielder_2","fielder_3","fielder_4","fielder_5","fielder_6","fielder_7","fielder_8","fielder_9","release_pos_y","estimated_ba_using_speedangle","estimated_woba_using_speedangle","woba_value","woba_denom","babip_value","iso_value","launch_speed_angle","at_bat_number","pitch_number","pitch_name","home_score","away_score","bat_score","fld_score","post_away_score","post_home_score","post_bat_score","post_fld_score","if_fielding_alignment","of_fielding_alignment","spin_axis","delta_home_win_exp","delta_run_exp","bat_speed","swing_length","estimated_slg_using_speedangle","delta_pitcher_run_exp","hyper_speed","home_score_diff","bat_score_diff","home_win_exp","bat_win_exp","age_pit_legacy","age_bat_legacy","age_pit","age_bat","n_thruorder_pitcher","n_priorpa_thisgame_player_at_bat","pitcher_days_since_prev_game","batter_days_since_prev_game","pitcher_days_until_next_game","batter_days_until_next_game","api_break_z_with_gravity","api_break_x_arm","api_break_x_batter_in","arm_angle","attack_angle","attack_direction","swing_path_tilt","intercept_ball_minus_batter_pos_x_inches","intercept_ball_minus_batter_pos_y_inches"
"FC","2025-06-01","91.5","-0.83","5.67","Burnes, Corbin",682928,669203,"single","hit_into_play",,,,,1,"CJ Abrams singles on a line drive to right fielder Randal Grichuk.","R","L","R","AZ","WSH","X",9,"line_drive",3,2,2025,"-0.25","1.39","-0.31","3.15",,,,2,5,"Top",191.95,107.9,,,,,1.8653286858083569,-133.26180578314515,-3.509614361405018,-3.374811975827976,30.246493270579883,-15.132368357966852,"3.5","1.54",231,"89.9",17,"92.2",2408,"6.8",777679,645444,647304,545121,553993,672695,666971,694374,545341,"53.71",0.77,0.726,"0.9",1,1,0,4,35,7,"Cutter",3,0,0,3,0,3,0,3,"Infield shade","Standard",207,"-0.01","0.258","80.6","7.8",0.884,"-0.258","89.9",3,-3,0.873,0.127,30,24,31,25,3,2,5,1,,2,"1.34","0.25","-0.25","32.1",25.549772101858977,-3.849205675732109,18.2480464695714,42.36172110599635,32.38337127572338
"FC","2025-06-01","91.5","-0.86","5.57","Burnes, Corbin",682928,669203,,"foul",,,,,6,"Foul","R","L","R","AZ","WSH","S",,,3,2,2025,"-0.12","1.22","0.47","2.67",,,,2,5,"Top",,,,,,,3.6600632047269395,-133.22720788635607,-4.130832973227912,-2.1913824054739774,28.51971133400428,-16.96118655425214,"3.5","1.54",4,,-31,"92.8",2463,"7",777679,645444,647304,545121,553993,672695,666971,694374,545341,"53.48",,,,,,,,35,6,"Cutter",3,0,0,3,0,3,0,3,"Infield shade","Standard",202,"0","0","72.6","7.0",,"0",,3,-3,0.873,0.127,30,24,31,25,3,2,5,1,,2,"1.5","0.12","-0.12","34.1",2.884016908772812,-9.919339206777362,23.68129938942151,31.755901985257676,35.15180167396021
"FC","2025-06-01","90.8","-0.99","5.52","Burnes, Corbin",682928,669203,,"foul",,,,,9,"Foul","R","L","R","AZ","WSH","S",,,3,1,2025,"-0.32","1.18","0.38","1.59",,,,2,5,"Top",,,,,,,4.1767188386924365,-132.02304719989823,-6.4396696451991975,-4.720872769803595,30.712841707821482,-17.228832502505583,"3.5","1.54",13,"99.4",-7,"91.2",2338,"6.8",777679,645444,647304,545121,553993,672695,666971,694374,545341,"53.73",,,,,,,,35,5,"Cutter",3,0,0,3,0,3,0,3,"Infield shade","Standard",206,"0.003","-0.086","76.7","8.5",,"0.086","99.4",3,-3,0.87,0.13,30,24,31,25,3,2,5,1,,2,"1.61","0.32","-0.32","33.5",25.40535898707738,-27.9599980250654,33.2441797047805,33.89118882130184,45.96743509951746
"FC","2025-06-01","91.3","-0.75","5.54","Burnes, Corbin",682928,669203,,"ball",,,,,14,"Ball","R","L","R","AZ","WSH","B",,,2,1,2025,"-0.31","1.27","0.76","0.99",,,,2,5,"Top",,,,,,,4.485140351208067,-132.56247153909027,-8.265683106423248,-4.622322037327439,31.037387736116596,-15.59158632071141,"3.37","1.6",,,,"91.5",2438,"6.7",777679,645444,647304,545121,553993,672695,666971,694374,545341,"53.77",,,,,,,,35,4,"Cutter",3,0,0,3,0,3,0,3,"Infield shade","Standard",208,"-0.004","0.117",,,,"-0.117",,3,-3,0.874,0.126,30,24,31,25,3,2,5,1,,2,"1.5","0.31","-0.31","36.9",,,,,
"CH","2025-06-01","84.5","-0.78","5.42","Burnes, Corbin",682928,669203,,"ball",,,,,13,"Ball","R","L","R","AZ","WSH","B",,,1,1,2025,"-1.55","0.74","-1.29","1.19",,,,2,5,"Top",,,,,,,1.9384571775754393,-122.8140742468423,-4.847344459338667,-15.950129833103922,29.158762708389194,-23.888239940749873,"3.41","1.6",,,,"84.3",2018,"6.7",777679,645444,647304,545121,553993,672695,666971,694374,545341,"53.82",,,,,,,,35,3,"Changeup",3,0,0,3,0,3,0,3,"Infield shade","Standard",232,"-0.001","0.053",,,,"-0.053",,3,-3,0.875,0.125,30,24,31,25,3,2,5,1,,2,"2.51","1.55","-1.55","31.4",,,,,
"FC","2025-06-01","90.5","-0.62","5.68","Burnes, Corbin",682928,669203,,"ball",,,,,14,"Ball","R","L","R","AZ","WSH","B",,,0,1,2025,"0.27","1.09","2.04","2.49",,,,2,5,"Top",,,,,,,6.12544673243722,-131.76717209139701,-4.408455576995035,1.9124047853925124,26.867563517588863,-18.738110661723237,"3.41","1.59",,,,"91.6",2552,"6.8",777679,645444,647304,545121,553993,672695,666971,694374,545341,"53.67",,,,,,,,35,2,"Cutter",3,0,0,3,0,3,0,3,"Infield shade","Standard",197,"-0.001","0.027",,,,"-0.027",,3,-3,0.876,0.124,30,24,31,25,3,2,5,1,,2,"1.68","-0.27","0.27","36.8",,,,,
"FC","2025-06-01","92.4","-0.72","5.66","Burnes, Corbin",682928,669203,,"swinging_strike",,,,,8,"Swinging Strike","R","L","R","AZ","WSH","S",,,0,0,2025,"-0.25","1.35","-0.23","1.96",,,,2,5,"Top",,,,,,,1.8232772920268143,-134.3447893340661,-6.552243235088862,-3.438737102582217,31.005985338791845,-14.61684941862648,"3.5","1.54",,,,"92.6",2532,"6.6",777679,645444,647304,545121,553993,672695,666971,694374,545341,"53.91",,,,,,,,35,1,"Cutter",3,0,0,3,0,3,0,3,"Infield shade","Standard",205,"0.001","-0.043","45.7","5.9",,"0.043",,3,-3,0.875,0.125,30,24,31,25,3,2,5,1,,2,"1.34","0.25","-0.25","36.3",-16.73396240739695,33.32650739241384,33.61401224760666,41.314071157401855,5.746293306876497
"CU","2025-06-01","77.4","-0.55","5.76","Burnes, Corbin",695734,669203,"strikeout","swinging_strike_blocked",,,,,14,"Daylen Lile strikes out swinging.","R","L","R","AZ","WSH","S",2,,2,2,2025,"0.75","-0.93","0.19","0.62",,,,1,5,"Top",,,,,,,0.20441042255451447,-112.63072005899728,-2.2646028520338835,6.2711559821578815,22.472763633992443,-39.853335499604086,"3.32","1.51",,,,"77.1",2647,"6.3",777679,645444,647304,545121,553993,672695,666971,694374,545341,"54.21",,0,"0",1,0,0,,34,5,"Curveball",3,0,0,3,0,3,0,3,"Infield shade","Standard",49,"0.014","-0.228","61.7","8.9",,"0.228",,3,-3,0.861,0.139,30,22,31,23,2,1,5,1,,2,"4.77","-0.75","0.75","41.7",28.775407449147668,-27.672766368863186,46.488982246303095,34.00876303206921,43.61297438990046
"CU","2025-06-01","78.5","-0.59","5.75","Burnes, Corbin",695734,669203,,"ball",,,,,14,"Ball","R","L","R","AZ","WSH","B",,,1,2,2025,"0.62","-0.76","0.65","0.44",,,,1,5,"Top",,,,,,,1.5366722255525036,-114.34676255566832,-3.2660703711042336,5.163339270715667,21.19933502371756,-38.46489559638673,"3.52","1.64",,,,"78.8",2669,"6.5",777679,645444,647304,545121,553993,672695,666971,694374,545341,"54.03",,,,,,,,34,4,"Curveball",3,0,0,3,0,3,0,3,"Infield shade","Standard",52,"-0.002","0.048",,,,"-0.048",,3,-3,0.863,0.137,30,22,31,23,2,1,5,1,,2,"4.45","-0.62","0.62","39.9",,,,,
"CH","2025-06-01","85.3","-0.85","5.45","Burnes, Corbin",695734,669203,,"foul",,,,,4,"Foul","R","L","R","AZ","WSH","S",,,1,1,2025,"-1.16","0.89","-0.6","2.65",,,,1,5,"Top",,,,,,,2.913264116109466,-124.16639471010691,-2.052088700703629,-12.558264304864398,25.699922170516558,-22.802140400089197,"3.32","1.51",275,"86.5",46,"85.3",2009,"6.3",777679,645444,647304,545121,553993,672695,666971,694374,545341,"54.17",,,,,,,,34,3,"Changeup",3,0,0,3,0,3,0,3,"Infield shade","Standard",232,"0.003","-0.064","67.9","6.9",,"0.064","88.0",3,-3,0.86,0.14,30,22,31,23,2,1,5,1,,2,"2.25","1.16","-1.16","33.9",11.08989680975881,12.162594527397045,33.19652177316994,41.65456454496821,18.964323858084818
"FC","2025-06-01","91.2","-0.82","5.49","Burnes, Corbin",695734,669203,,"ball",,,,,14,"Ball","R","L","R","AZ","WSH","B",,,0,1,2025,"-0.1","1.12","0.41","0.89",,,,1,5,"Top",,,,,,,3.339923147425861,-132.60082199180923,-8.107976709028124,-1.9451471848568442,28.99797460216282,-17.398596228478237,"3.5","1.65",,,,"91.6",2465,"6.6",777679,645444,647304,545121,553993,672695,666971,694374,545341,"53.85",,,,,,,,34,2,"Cutter",3,0,0,3,0,3,0,3,"Infield shade","Standard",201,"-0.001","0.029",,,,"-0.029",,3,-3,0.861,0.139,30,22,31,23,2,1,5,1,,2,"1.63","0.1","-0.1","31.7",,,,,
"FC","2025-06-01","91.6","-0.8","5.65","Burnes, Corbin",695734,669203,,"called_strike",,,,,4,"Called Strike","R","L","R","AZ","WSH","S",,,0,0,2025,"-0.18","1.13","-0.81","2.75",,,,1,5,"Top",,,,,,,0.3694294763860752,-133.40652249947593,-3.931935525492941,-2.1670177457765867,29.864867573783734,-18.021864600946408,"3.55","1.64",,,,"92.2",2444,"6.7",777679,645444,647304,545121,553993,672695,666971,694374,545341,"53.79",,,,,,,,34,1,"Cutter",3,0,0,3,0,3,0,3,"Infield shade","Standard",198,"0.002","-0.039",,,,"0.039",,3,-3,0.859,0.14100000000000001,30,22,31,23,2,1,5,1,,2,"1.59","0.18","-0.18","32.2",,,,,
"CH","2025-06-01","85.3","-0.84","5.41","Burnes, Corbin",677588,669203,"field_out","hit_into_play",,,,,13,"José Tena grounds out, second baseman Ildemaro Vargas to first baseman Josh Naylor.","R","L","R","AZ","WSH","X",4,"ground_ball",0,1,2025,"-1.43","0.63","-0.88","1.77",,,,0,5,"Top",151.53,157.1,,,,,2.8205885411629734,-124.1117196959436,-3.5025084644683933,-15.24689271465133,27.385770860370403,-25.151147132570483,"3.4","1.64",5,"83.3",-21,"85.6",2071,"6.7",777679,645444,647304,545121,553993,672695,666971,694374,545341,"53.75",0.056,0.056,"0",1,0,0,2,33,2,"Changeup",3,0,0,3,0,3,0,3,"Standard","Standard",233,"0.02","-0.22","64.2","7.5",0.062,"0.22","88.0",3,-3,0.839,0.16100000000000003,30,24,31,24,2,1,5,1,,2,"2.53","1.43","-1.43","30.1",9.756222473109947,5.209467385561521,30.75028515012026,45.97845057597698,33.0794207550872
"FC","2025-06-01","91.6","-0.78","5.65","Burnes, Corbin",677588,669203,,"called_strike",,,,,4,"Called Strike","R","L","R","AZ","WSH","S",,,0,0,2025,"-0.44","1.38","-0.32","2.41",,,,0,5,"Top",,,,,,,2.131723757923028,-133.35584210085798,-5.3181415186247065,-5.659775361256103,30.568966239319938,-14.76347584033958,"3.46","1.73",,,,"92.2",2406,"6.8",777679,645444,647304,545121,553993,672695,666971,694374,545341,"53.73",,,,,,,,33,1,"Cutter",3,0,0,3,0,3,0,3,"Standard","Standard",208,"0.003","-0.039",,,,"0.039",,3,-3,0.836,0.16400000000000003,30,24,31,24,2,1,5,1,,2,"1.35","0.44","-0.44","31.8",,,,,
"FC","2025-06-01","92.4","-0.77","5.7","Burnes, Corbin",660688,669203,"field_out","hit_into_play",,,,,4,"Keibert Ruiz grounds out, shortstop Geraldo Perdomo to first baseman Josh Naylor.","R","L","R","AZ","WSH","X",6,"ground_ball",2,2,2025,"0.23","1.01","-0.62","2.45",,,,2,4,"Top",124.45,147.7,,,,,-0.09697208839171488,-134.60922190846875,-4.728423249290815,2.8104812634913436,28.07009422292147,-19.093386532057732,"3.46","1.59",8,"67.6",-16,"93.2",2541,"6.6",777679,645444,647304,545121,553993,672695,666971,694374,545341,"53.87",0.043,0.034,"0",1,0,0,2,29,5,"Cutter",3,0,0,3,0,3,0,3,"Infield shade","Standard",182,"0.008","-0.224","63.0","6.5",0.049,"0.224","88.0",3,-3,0.852,0.14800000000000002,30,26,31,27,2,1,5,1,,2,"1.65","-0.23","0.23","37.5",-3.2660385506048497,14.132854775939057,32.53729527229459,39.01694802250823,25.422451644363854
"CU","2025-06-01","79.6","-0.48","5.9","Burnes, Corbin",660688,669203,,"ball",,,,,14,"Ball","R","L","R","AZ","WSH","B",,,1,2,2025,"0.75","-1.16","1.59","0.21",,,,2,4,"Top",,,,,,,3.146650442908414,-115.81045180652167,-3.5022039277090187,6.107512100051279,23.237317640859654,-42.08421105543469,"3.19","1.57",,,,"79.5",2736,"6.4",777679,645444,647304,545121,553993,672695,666971,694374,545341,"54.1",,,,,,,,29,4,"Curveball",3,0,0,3,0,3,0,3,"Infield shade","Standard",48,"-0.001","0.042",,,,"-0.042",,3,-3,0.853,0.14700000000000002,30,26,31,27,2,1,5,1,,2,"4.78","-0.75","0.75","45.2",,,,,
"CU","2025-06-01","79.3","-0.46","5.88","Burnes, Corbin",660688,669203,,"foul",,,,,14,"Foul","R","L","R","AZ","WSH","S",,,1,1,2025,"0.66","-0.77","0.92","0.77",,,,2,4,"Top",,,,,,,1.789330240277577,-115.40982759616068,-2.906573545438044,5.47380677942675,23.196131043855438,-38.6366019309216,"3.46","1.59",87,"93.2",6,"79.2",2730,"6.4",777679,645444,647304,545121,553993,672695,666971,694374,545341,"54.13",,,,,,,,29,3,"Curveball",3,0,0,3,0,3,0,3,"Infield shade","Standard",57,"0.002","-0.062","63.1","7.9",,"0.062","93.2",3,-3,0.851,0.14900000000000002,30,26,31,27,2,1,5,1,,2,"4.41","-0.66","0.66","40.6",17.90630729943655,-27.84396308866994,48.223317054546555,21.809015025053576,49.74053592073641
"FC","2025-06-01","91.7","-0.7","5.73","Burnes, Corbin",660688,669203,,"ball",,,,,14,"Ball","R","L","R","AZ","WSH","B",,,0,1,2025,"0.26","1.1","0.88","1.8",,,,2,4,"Top",,,,,,,3.44426580880561,-133.45629639525526,-6.553255469768951,2.4192517232166297,26.395817125372865,-17.80815101089705,"3.23","1.62",,,,"92.7",2733,"6.7",777679,645444,647304,545121,553993,672695,666971,694374,545341,"53.8",,,,,,,,29,2,"Cutter",3,0,0,3,0,3,0,3,"Infield shade","Standard",196,"-0.001","0.027",,,,"-0.027",,3,-3,0.852,0.14800000000000002,30,26,31,27,2,1,5,1,,2,"1.59","-0.26","0.26","34.0",,,,,
"FC","2025-06-01","92.9","-0.72","5.81","Burnes, Corbin",660688,669203,,"called_strike",,,,,4,"Called Strike","R","L","R","AZ","WSH","S",,,0,0,2025,"0.06","1.25","-0.45","2.18",,,,2,4,"Top",,,,,,,0.5579042438292724,-135.14825999990757,-6.211932376066078,0.5851883974258145,31.036336328567394,-15.760420022758227,"3.32","1.58",,,,"92.9",2566,"6.4",777679,645444,647304,545121,553993,672695,666971,694374,545341,"54.09",,,,,,,,29,1,"Cutter",3,0,0,3,0,3,0,3,"Infield shade","Standard",202,"0.001","-0.043",,,,"0.043",,3,-3,0.851,0.14900000000000002,30,26,31,27,2,1,5,1,,2,"1.41","-0.06","0.06","37.2",,,,,
"CU","2025-06-01","77.6","-0.59","5.9","Burnes, Corbin",690987,669203,"field_out","hit_into_play",,,,,5,"Robert Hassell III flies out to center fielder Tim Tawa.","R","L","R","AZ","WSH","X",8,"fly_ball",0,0,2025,"0.47","-0.67","-0.01","2.4",,,,1,4,"Top",145.08,45.48,,,,,0.36920563361915315,-112.95167358950737,0.7117859724333979,3.927591958603215,22.19645969956498,-38.263796032090916,"3.25","1.52",381,"97.5",26,"77.5",2615,"6.4",777679,645444,647304,545121,553993,672695,666971,694374,545341,"54.13",0.3324444444444444,0.5884444444444444,"0",1,0,0,6,28,1,"Curveball",3,0,0,3,0,3,0,3,"Infield shade","Standard",58,"0.015","-0.254",,,1.1204444444444444,"0.254","97.5",3,-3,0.836,0.16400000000000003,30,23,31,24,2,1,5,1,,2,"4.48","-0.47","0.47","46.1",,,,,
"FC","2025-06-01","92.8","-0.61","5.84","Burnes, Corbin",605137,669203,"field_out","hit_into_play",,,,,7,"Josh Bell grounds out, second baseman Ildemaro Vargas to first baseman Josh Naylor.","R","L","R","AZ","WSH","X",4,"ground_ball",2,0,2025,"-0.3","1.49","-0.81","2.24",,,,0,4,"Top",147.98,153.55,,,,,0.15650044663311977,-134.96102989862715,-6.6791288326501395,-3.6966714694152003,31.905300850225213,-12.706383071715708,"3.74","1.75",17,"79.8",-6,"93.2",2479,"6.8",777679,645444,647304,545121,553993,672695,666971,694374,545341,"53.74",0.106,0.083,"0",1,0,0,2,27,3,"Cutter",3,0,0,3,0,3,0,3,"Infield shade","Standard",199,"0.034","-0.378","76.5","9.0",0.116,"0.378","88.0",3,-3,0.802,0.19799999999999995,30,32,31,33,2,1,5,1,,2,"1.18","0.3","-0.3","36.0",14.672115850220765,-9.308256435516197,32.09624045391454,48.16448904495097,29.87543552812505
"FC","2025-06-01","92.9","-0.59","5.85","Burnes, Corbin",605137,669203,,"ball",,,,,14,"Ball","R","L","R","AZ","WSH","B",,,1,0,2025,"-0.2","1.49","1.2","2.29",,,,0,4,"Top",,,,,,,5.052989912832083,-135.07175491183324,-6.63449890307576,-3.567152090749962,30.87362989422593,-12.648598232237422,"3.78","1.85",,,,"93.5",2584,"6.8",777679,645444,647304,545121,553993,672695,666971,694374,545341,"53.67",,,,,,,,27,2,"Cutter",3,0,0,3,0,3,0,3,"Infield shade","Standard",201,"-0.008","0.077",,,,"-0.077",,3,-3,0.81,0.18999999999999995,30,32,31,33,2,1,5,1,,2,"1.16","0.2","-0.2","37.7",,,,,
"FC","2025-06-01","92.7","-0.57","5.95","Burnes, Corbin",605137,669203,,"ball",,,,,13,"Ball","R","L","R","AZ","WSH","B",,,0,0,2025,"-0.11","1.38","-0.09","0.75",,,,0,4,"Top",,,,,,,1.4547097292771194,-134.5515741113842,-10.466352423103649,-1.6202012330568982,31.596980696383568,-13.222543089990632,"3.78","1.88",,,,"92.5",2535,"6.5",777679,645444,647304,545121,553993,672695,666971,694374,545341,"54.01",,,,,,,,27,1,"Cutter",3,0,0,3,0,3,0,3,"Infield shade","Standard",200,"-0.004","0.041",,,,"-0.041",,3,-3,0.814,0.18600000000000005,30,32,31,33,2,1,5,1,,2,"1.3","0.11","-0.11","41.3",,,,,
"CU","2025-06-01","78.9","-0.58","5.89","Burnes, Corbin",671277,669203,"field_out","hit_into_play",,,,,7,"Luis García Jr. grounds out to first baseman Josh Naylor.","R","L","R","AZ","WSH","X",3,"ground_ball",0,1,2025,"0.95","-1.06","-0.6","1.73",695734,695578,,2,3,"Top",158.52,161.87,,,,,-1.8244769348863348,-114.82201577733781,-0.1990521373815255,8.695202449984068,23.531598461901606,-41.6548003824952,"3.49","1.64",5,"74.7",-22,"79",2828,"6.6",777679,645444,647304,545121,553993,672695,666971,694374,545341,"53.94",0.053,0.049,"0",1,0,0,2,23,2,"Curveball",3,0,0,3,0,3,0,3,"Standard","Standard",48,"0.046","-0.269","75.7","7.9",0.061,"0.269","88.0",3,-3,0.793,0.20699999999999996,30,25,31,25,2,1,5,1,,2,"4.75","-0.95","0.95","42.9",13.713125263025653,-8.348230509533598,29.554288842362354,44.607067884656075,43.145128444573956
"FC","2025-06-01","93.9","-0.6","5.82","Burnes, Corbin",671277,669203,,"foul",,,,,14,"Foul","R","L","R","AZ","WSH","S",,,0,0,2025,"0.08","0.78","1.25","2.37",695734,695578,,2,3,"Top",,,,,,,4.623178859554439,-136.61140766672386,-4.9385267380701485,-0.00692518003774331,30.999964180421987,-21.47158585820141,"3.49","1.64",8,"98.5",-18,"94.2",2491,"6.6",777679,645444,647304,545121,553993,672695,666971,694374,545341,"53.94",,,,,,,,23,1,"Cutter",3,0,0,3,0,3,0,3,"Standard","Standard",196,"0.008","-0.036","72.0","7.2",,"0.036","98.5",3,-3,0.785,0.21499999999999997,30,25,31,25,2,1,5,1,,2,"1.81","-0.08","0.08","39.5",15.684917349554457,-18.03355337649594,32.97224933699882,20.598445454523507,39.07460507036033
"FC","2025-06-01","95.4","-0.43","5.94","Burnes, Corbin",663993,669203,"field_out","hit_into_play",,,,,6,"Nathaniel Lowe grounds out, second baseman Ildemaro Vargas to first baseman Josh Naylor. Daylen Lile to 3rd. James Wood to 2nd.","R","L","R","AZ","WSH","X",4,"ground_ball",3,2,2025,"0.21","1.21","0.74","2.24",,695734,695578,1,3,"Top",156.6,164.7,,,,,2.578129099208946,-138.72932327678953,-6.791409819642981,2.131355390769249,33.60171249004062,-15.190290595821732,"3.47","1.57",4,"84.9",-30,"95.2",2652,"6.4",777679,645444,647304,545121,553993,672695,666971,694374,545341,"54.08",0.051,0.047,"0",1,0,0,2,22,6,"Cutter",3,0,0,3,0,3,0,3,"Standard","Standard",193,"0.042","-0.381","74.9","7.3",0.057,"0.381","88.0",3,-3,0.743,0.257,30,29,31,30,2,1,5,1,,2,"1.31","-0.21","0.21","39.7",6.703737523306012,0.7352149300242516,34.22458491315428,30.07627299531957,31.748995415618193
"FC","2025-06-01","94.7","-0.67","5.81","Burnes, Corbin",663993,669203,,"ball",,,,,11,"Ball","R","L","R","AZ","WSH","B",,,2,2,2025,"0.24","1.14","-1.27","2.92",,695734,695578,1,3,"Top",,,,,,,-2.1165566279141133,-137.82945586399498,-4.417099701159228,3.5504415704857233,32.90030821628417,-16.947779696504192,"3.42","1.62",,,,"95",2699,"6.6",777679,645444,647304,545121,553993,672695,666971,694374,545341,"53.9",,,,,,,,22,5,"Cutter",3,0,0,3,0,3,0,3,"Standard","Standard",199,"-0.014","0.096",,,,"-0.096",,3,-3,0.757,0.243,30,29,31,30,2,1,5,1,,2,"1.42","-0.24","0.24","35.9",,,,,
"FC","2025-06-01","94.9","-0.57","5.84","Burnes, Corbin",663993,669203,,"called_strike",,,,,8,"Called Strike","R","L","R","AZ","WSH","S",,,2,1,2025,"0.35","1.25","0.21","1.58",,695734,695578,1,3,"Top",,,,,,,1.2472846992362991,-138.02525546410266,-8.31443664952054,4.223794110739154,32.434445368881455,-14.562104943371876,"3.49","1.69",,,,"95.6",2587,"6.8",777679,645444,647304,545121,553993,672695,666971,694374,545341,"53.67",,,,,,,,22,4,"Cutter",3,0,0,3,0,3,0,3,"Standard","Standard",196,"0.011","-0.063",,,,"0.063",,3,-3,0.746,0.254,30,29,31,30,2,1,5,1,,2,"1.3","-0.35","0.35","39.9",,,,,
"FC","2025-06-01","94.1","-0.49","5.86","Burnes, Corbin",663993,669203,,"ball",,,,,14,"Ball","R","L","R","AZ","WSH","B",,,1,1,2025,"0.24","1.01","2.27","2.04",,695734,695578,1,3,"Top",,,,,,,6.667452593628887,-136.87147527927885,-6.483392528247353,1.5151793517451526,30.553253770611228,-18.212134957983814,"3.56","1.7",,,,"94.5",2643,"6.6",777679,645444,647304,545121,553993,672695,666971,694374,545341,"53.93",,,,,,,,22,3,"Cutter",3,0,0,3,0,3,0,3,"Standard","Standard",192,"-0.008","0.048",,,,"-0.048",,3,-3,0.754,0.246,30,29,31,30,2,1,5,1,,2,"1.57","-0.24","0.24","39.8",,,,,
"FC","2025-06-01","93.6","-0.53","5.84","Burnes, Corbin",663993,669203,,"ball",,,,,14,"Ball","R","L","R","AZ","WSH","B",,,0,1,2025,"0.18","0.74","0.09","1.42",,695734,695578,1,3,"Top",,,,,,,1.1939586111099973,-136.16500499485824,-7.308335368581068,1.9944143642585959,29.016529763569025,-21.605339123189957,"3.58","1.65",,,,"93.7",2685,"6.3",777679,645444,647304,545121,553993,672695,666971,694374,545341,"54.22",,,,,,,,22,2,"Cutter",3,0,0,3,0,3,0,3,"Standard","Standard",193,"-0.005","0.018",,,,"-0.018",,3,-3,0.759,0.241,30,29,31,30,2,1,5,1,,2,"1.86","-0.18","0.18","38.0",,,,,
"FC","2025-06-01","94.3","-0.6","5.81","Burnes, Corbin",663993,669203,,"called_strike",,,,,5,"Called Strike","R","L","R","AZ","WSH","S",,,0,0,2025,"0.2","1.16","-0.09","2.82",,695734,695578,1,3,"Top",,,,,,,0.8720521524621856,-137.29988065537566,-4.714717296785505,2.3839939437800974,31.11177073160982,-16.65486638690978,"3.61","1.7",,,,"95.1",2651,"6.8",777679,645444,647304,545121,553993,672695,666971,694374,545341,"53.72",,,,,,,,22,1,"Cutter",3,0,0,3,0,3,0,3,"Standard","Standard",192,"0.007","-0.033",,,,"0.033",,3,-3,0.752,0.248,30,29,31,30,2,1,5,1,,2,"1.4","-0.2","0.2","35.3",,,,,
"CU","2025-06-01","78.9","-0.43","5.93","Burnes, Corbin",695578,669203,"walk","ball",,,,,11,"James Wood walks.","R","L","R","AZ","WSH","B",,,3,2,2025,"0.78","-1.25","-1.52","2.99",,695734,,1,3,"Top",,,,,,,-3.8275903418394956,-114.73714478932533,2.842997979522761,7.617267113667862,24.258227248120324,-43.92293952225953,"3.83","1.88",,,,"78.4",2812,"6.3",777679,645444,647304,545121,553993,672695,666971,694374,545341,"54.23",,0.691497,"0.7",1,0,0,,21,6,"Curveball",3,0,0,3,0,3,0,3,"Standard","Standard",49,"-0.022","0.212",,,,"-0.212",,3,-3,0.774,0.22599999999999998,30,22,31,23,2,1,5,1,,2,"4.96","-0.78","0.78","44.2",,,,,
"FC","2025-06-01","94.3","-0.63","5.81","Burnes, Corbin",695578,669203,,"ball",,,,,13,"Ball","R","L","R","AZ","WSH","B",,,2,2,2025,"0.32","0.87","-1.5","1.86",,695734,,1,3,"Top",,,,,,,-2.9926564481637428,-137.29145242462226,-6.5253724903531625,4.720459502285711,30.793135076299784,-19.8977430496327,"3.83","1.86",,,,"94.5",2727,"6.4",777679,645444,647304,545121,553993,672695,666971,694374,545341,"54.11",,,,,,,,21,5,"Cutter",3,0,0,3,0,3,0,3,"Infield shade","Standard",187,"-0.007","0.068",,,,"-0.068",,3,-3,0.781,0.21899999999999997,30,22,31,23,2,1,5,1,,2,"1.69","-0.32","0.32","36.0",,,,,
"CU","2025-06-01","80.3","-0.41","5.89","Burnes, Corbin",695578,669203,,"swinging_strike",,,,,13,"Swinging Strike","R","L","R","AZ","WSH","S",,,2,1,2025,"0.6","-1.09","-0.32","1.14",,695734,,1,3,"Top",,,,,,,-0.937899858535528,-116.86072269748891,-1.6658349448684866,5.627206374204835,25.050273410508463,-41.92982835068282,"3.86","1.82",,,,"80",2826,"6.4",777679,645444,647304,545121,553993,672695,666971,694374,545341,"54.11",,,,,,,,21,4,"Curveball",3,0,0,3,0,3,0,3,"Infield shade","Standard",46,"0.006","-0.065","69.1","9.0",,"0.065",,3,-3,0.775,0.22499999999999998,30,22,31,23,2,1,5,1,,2,"4.66","-0.6","0.6","41.9",31.714184210361687,-17.12894136652653,41.56991878302264,41.278209378297674,51.33827868329331
"CH","2025-06-01","89.9","-0.73","5.54","Burnes, Corbin",695578,669203,,"ball",,,,,13,"Ball","R","L","R","AZ","WSH","B",,,1,1,2025,"-1.36","0.71","-1.68","2.38",,695734,,1,3,"Top",,,,,,,0.5229336860497877,-130.833075919378,-3.324983872413359,-15.622538828003123,29.58583726798405,-23.58258353037324,"3.87","1.93",,,,"90.2",1982,"6.6",777679,645444,647304,545121,553993,672695,666971,694374,545341,"53.88",,,,,,,,21,3,"Changeup",3,0,0,3,0,3,0,3,"Standard","Standard",221,"-0.005","0.03",,,,"-0.03",,3,-3,0.78,0.21999999999999997,30,22,31,23,2,1,5,1,,2,"2.13","1.36","-1.36","32.8",,,,,
"FC","2025-06-01","93.7","-0.41","5.93","Burnes, Corbin",695578,669203,,"foul",,,,,5,"Foul","R","L","R","AZ","WSH","S",,,1,0,2025,"0.22","1","0.14","2.55",,695734,,1,3,"Top",,,,,,,0.949724103822809,-136.4590668831002,-5.265530104263203,2.538789827508457,28.853237950307395,-18.763156688975805,"3.86","1.82",,,,"94.6",2554,"6.7",777679,645444,647304,545121,553993,672695,666971,694374,545341,"53.83",,,,,,,,21,2,"Cutter",3,0,0,3,0,3,0,3,"Infield shade","Standard",187,"0.005","-0.042","73.5","7.3",,"0.042",,3,-3,0.775,0.22499999999999998,30,22,31,23,2,1,5,1,,2,"1.59","-0.22","0.22","39.5",7.73682314819793,10.935380568393732,37.135586719425234,36.0700285852066,27.041200761808167
"FC","2025-06-01","93.6","-0.68","5.85","Burnes, Corbin",695578,669203,,"ball",,,,,1,"Ball","R","L","R","AZ","WSH","B",,,0,0,2025,"0.28","0.92","-0.73","3.66",,695734,,1,3,"Top",,,,,,,-0.7503102220643,-136.43475523262163,-2.008721677474238,3.7083189919201183,28.652365805625237,-20.3944395617491,"3.85","1.87",,,,"94.1",2636,"6.4",777679,645444,647304,545121,553993,672695,666971,694374,545341,"54.1",,,,,,,,21,1,"Cutter",3,0,0,3,0,3,0,3,"Infield shade","Standard",189,"-0.003","0.028",,,,"-0.028",,3,-3,0.778,0.22199999999999998,30,22,31,23,2,1,5,1,,2,"1.66","-0.28","0.28","37.2",,,,,
"CU","2025-06-01","80.3","-0.45","5.95","Burnes, Corbin",682928,669203,"strikeout","swinging_strike",,,,,13,"CJ Abrams strikes out swinging.","R","L","R","AZ","WSH","S",2,,1,2,2025,"0.76","-1.19","-0.21","1.11",,695734,,0,3,"Top",,,,,,,-0.9053811259680812,-116.94916900573608,-1.7018196101390533,7.078139403882576,24.557491246257797,-42.89934409714311,"3.5","1.54",,,,"80.2",2838,"6.5",777679,645444,647304,545121,553993,672695,666971,694374,545341,"54.04",,0,"0",1,0,0,,20,4,"Curveball",3,0,0,3,0,3,0,3,"Infield shade","Standard",43,"0.03","-0.241","77.4","8.7",,"0.241",,3,-3,0.748,0.252,30,24,31,25,2,1,5,1,,2,"4.75","-0.76","0.76","45.2",21.595063926510115,-38.698101387614955,27.75110031722504,40.353868957550475,56.81190598806171
"FC","2025-06-01","93.6","-0.45","5.88","Burnes, Corbin",682928,669203,,"ball",,,,,12,"Ball","R","L","R","AZ","WSH","B",,,0,2,2025,"0.22","0.87","1.24","2.51",,695734,,0,3,"Top",,,,,,,3.9042929817885623,-136.27331490905607,-4.946864338863888,1.9661998783826777,27.443007895672807,-20.464774534470667,"3.39","1.54",,,,"94.3",2615,"6.5",777679,645444,647304,545121,553993,672695,666971,694374,545341,"54.03",,,,,,,,20,3,"Cutter",3,0,0,3,0,3,0,3,"Infield shade","Standard",185,"-0.004","0.017",,,,"-0.017",,3,-3,0.752,0.248,30,24,31,25,2,1,5,1,,2,"1.71","-0.22","0.22","42.2",,,,,
"FC","2025-06-01","94.1","-0.62","5.82","Burnes, Corbin",682928,669203,,"called_strike",,,,,8,"Called Strike","R","L","R","AZ","WSH","S",,,0,1,2025,"0.22","1.21","0.1","2.01",,695734,,0,3,"Top",,,,,,,1.385575586333745,-137.03916821145302,-6.958875482013994,2.5083625701727224,28.020505987122405,-15.59336892586248,"3.47","1.62",,,,"95",2632,"6.6",777679,645444,647304,545121,553993,672695,666971,694374,545341,"53.92",,,,,,,,20,2,"Cutter",3,0,0,3,0,3,0,3,"Infield shade","Standard",198,"0.008","-0.071",,,,"0.071",,3,-3,0.744,0.256,30,24,31,25,2,1,5,1,,2,"1.34","-0.22","0.22","36.7",,,,,
"CU","2025-06-01","80.7","-0.57","5.86","Burnes, Corbin",682928,669203,,"swinging_strike",,,,,14,"Swinging Strike","R","L","R","AZ","WSH","S",,,0,0,2025,"0.62","-0.91","0.06","0.96",,695734,,0,3,"Top",,,,,,,0.22612755262740925,-117.51659453547657,-2.4895211969923743,5.720306455198515,23.147178424443744,-40.322631450589256,"3.5","1.54",,,,"80.9",2718,"6.5",777679,645444,647304,545121,553993,672695,666971,694374,545341,"54.02",,,,,,,,20,1,"Curveball",3,0,0,3,0,3,0,3,"Standard","Standard",48,"0.006","-0.043","72.7","8.6",,"0.043",,3,-3,0.738,0.262,30,24,31,25,2,1,5,1,,2,"4.42","-0.62","0.62","40.0",22.20658402339099,-25.6148425714412,30.30313548745246,39.43457956870762,50.176140247762646
"FC","2025-06-01","93.4","-0.51","5.92","Burnes, Corbin",695734,669203,"double","hit_into_play",,,,,12,"Daylen Lile doubles (3) on a line drive to right fielder Randal Grichuk.","R","L","R","AZ","WSH","X",9,"line_drive",1,1,2025,"0.18","1.08","1.04","2.6",,,,0,3,"Top",190.11,140.59,,,,,3.609271956405313,-136.00238062666915,-5.215885185919773,1.4494366315247256,27.822754581407906,-17.816035353974783,"3.32","1.51",159,"84.2",12,"93.8",2670,"6.4",777679,645444,647304,545121,553993,672695,666971,694374,545341,"54.14",0.641,0.578,"1.25",1,1,1,4,19,3,"Cutter",3,0,0,3,0,3,0,3,"Infield shade","Standard",191,"-0.057","0.725","63.1","7.0",0.695,"-0.725","88.0",3,-3,0.795,0.20499999999999996,30,22,31,23,1,0,5,1,,2,"1.51","-0.18","0.18","38.1",13.040257864278324,-11.812083632326262,39.08479246331572,22.908040379025742,23.626020140996424
"CU","2025-06-01","79.7","-0.42","5.91","Burnes, Corbin",695734,669203,,"ball",,,,,13,"Ball","R","L","R","AZ","WSH","B",,,0,1,2025,"0.73","-0.67","-0.56","1.28",,,,0,3,"Top",,,,,,,-1.6757184212093428,-116.08621665990326,-2.1546362459126547,6.880276809989922,22.764637833223922,-38.02671943633897,"3.48","1.61",,,,"79.5",2790,"6.2",777679,645444,647304,545121,553993,672695,666971,694374,545341,"54.31",,,,,,,,19,2,"Curveball",3,0,0,3,0,3,0,3,"Infield shade","Standard",51,"-0.002","0.031",,,,"-0.031",,3,-3,0.797,0.20299999999999996,30,22,31,23,1,0,5,1,,2,"4.27","-0.73","0.73","43.7",,,,,
"FC","2025-06-01","93.8","-0.7","5.83","Burnes, Corbin",695734,669203,,"foul",,,,,5,"Foul","R","L","R","AZ","WSH","S",,,0,0,2025,"0.2","1.18","0.2","2.08",,,,0,3,"Top",,,,,,,1.8678452317650167,-136.52336794672127,-6.638725324912815,2.1425232433620782,29.093008484531936,-16.131229522049537,"3.32","1.51",164,"63.5",54,"94.3",2699,"6.5",777679,645444,647304,545121,553993,672695,666971,694374,545341,"53.99",,,,,,,,19,1,"Cutter",3,0,0,3,0,3,0,3,"Infield shade","Standard",197,"0.003","-0.039","66.2","7.6",,"0.039","88.0",3,-3,0.794,0.20599999999999996,30,22,31,23,1,0,5,1,,2,"1.4","-0.2","0.2","36.0",3.0001468839595042,-3.9322344649352097,42.28267929744575,32.14400417472619,19.105684581680734
"FC","2025-06-01","92.2","-0.52","5.92","Burnes, Corbin",677588,669203,"field_out","hit_into_play",,,,,3,"José Tena grounds out, shortstop Geraldo Perdomo to first baseman Josh Naylor.","R","L","R","AZ","WSH","X",6,"ground_ball",1,1,2025,"0.48","0.85","0.65","3.19",605137,690987,,2,2,"Top",118.89,143.9,,,,,1.9311942838168168,-134.42927482381822,-3.030990765460631,5.408415208658864,27.272923252366038,-21.394332776271895,"3.4","1.64",112,"64",12,"92.9",2708,"6.4",777679,645444,647304,545121,553993,672695,666971,694374,545341,"54.06",0.205,0.2,"0",1,0,0,2,15,3,"Cutter",3,0,0,3,0,3,0,3,"Standard","Standard",177,"0.049","-0.271","65.4","6.0",0.217,"0.271","88.0",3,-3,0.772,0.22799999999999998,30,24,31,24,1,0,5,1,,2,"1.81","-0.48","0.48","39.6",4.512459332826033,14.706527961387215,31.491870712854,24.53311183869517,23.11919628199985
"CH","2025-06-01","89","-0.58","5.57","Burnes, Corbin",677588,669203,,"foul",,,,,7,"Foul","R","L","R","AZ","WSH","S",,,1,0,2025,"-1.32","0.9","-0.6","1.71",605137,690987,,2,2,"Top",,,,,,,2.7572278336012737,-129.54253679585094,-5.342611277391822,-15.393806057051199,28.22014747574246,-21.14817993331629,"3.4","1.64",,,,"89.7",2261,"6.8",777679,645444,647304,545121,553993,672695,666971,694374,545341,"53.67",,,,,,,,15,2,"Changeup",3,0,0,3,0,3,0,3,"Standard","Standard",224,"0.005","-0.036","75.9","7.6",,"0.036",,3,-3,0.767,0.23299999999999998,30,24,31,24,1,0,5,1,,2,"1.99","1.32","-1.32","36.1",13.467597379879175,-15.696172034228411,34.388454043778324,39.69275086276996,41.21173277124548
"CU","2025-06-01","80.6","-0.31","6","Burnes, Corbin",677588,669203,,"ball",,,,,13,"Ball","R","L","R","AZ","WSH","B",,,0,0,2025,"0.89","-1.23","-1.05","1.62",605137,690987,,2,2,"Top",,,,,,,-3.3314723652619356,-117.34062157205841,-0.6715427267678863,8.856864054801848,24.82623676039484,-43.51421565774939,"3.49","1.71",,,,"80.1",2887,"6.2",777679,645444,647304,545121,553993,672695,666971,694374,545341,"54.32",,,,,,,,15,1,"Curveball",3,0,0,3,0,3,0,3,"Standard","Standard",46,"-0.002","0.002",,,,"-0.002",,3,-3,0.769,0.23099999999999998,30,24,31,24,1,0,5,1,,2,"4.77","-0.89","0.89","42.6",,,,,
"FC","2025-06-01","94.2","-0.41","5.97","Burnes, Corbin",660688,669203,"strikeout","swinging_strike",,,,,12,"Keibert Ruiz strikes out swinging.","R","L","R","AZ","WSH","S",2,,1,2,2025,"0.56","0.68","1.18","2.57",605137,690987,,1,2,"Top",,,,,,,2.9130664497377814,-137.25473361332976,-4.738191396989429,6.532960142021664,27.3781125144201,-22.738876923060438,"3.46","1.59",,,,"94.9",2836,"6.4",777679,645444,647304,545121,553993,672695,666971,694374,545341,"54.11",,0,"0",1,0,0,,14,4,"Cutter",3,0,0,3,0,3,0,3,"Standard","Standard",177,"0.053","-0.279","66.4","6.3",,"0.279",,3,-3,0.716,0.28400000000000003,30,26,31,27,1,0,5,1,,2,"1.86","-0.56","0.56","40.7",9.271151122478098,-12.417453552738703,38.08637721111405,18.788421320525803,31.55176771188328
"CU","2025-06-01","80.8","-0.36","5.95","Burnes, Corbin",660688,669203,,"foul",,,,,14,"Foul","R","L","R","AZ","WSH","S",,,1,1,2025,"0.71","-1.12","0.72","0.38",605137,690987,,1,2,"Top",,,,,,,1.0609148267313295,-117.53992991591608,-3.526108682602431,6.263339743585669,25.65233274168738,-41.91948876831346,"3.46","1.59",,,,"80.4",2861,"6.4",777679,645444,647304,545121,553993,672695,666971,694374,545341,"54.1",,,,,,,,14,3,"Curveball",3,0,0,3,0,3,0,3,"Standard","Standard",52,"0.014","-0.094","62.2","8.1",,"0.094",,3,-3,0.702,0.29800000000000004,30,26,31,27,1,0,5,1,,2,"4.66","-0.71","0.71","42.5",18.718226129828057,-30.30432257880222,49.117943005676295,23.750277765660975,50.3865436234339
"FC","2025-06-01","95","-0.56","5.94","Burnes, Corbin",660688,669203,,"ball",,,,,14,"Ball","R","L","R","AZ","WSH","B",,,0,1,2025,"0","1.16","1.32","1.95",605137,690987,,1,2,"Top",,,,,,,4.922208671988053,-138.18840988389772,-7.443001550807648,-1.0033869706972185,28.36830395446461,-15.816706960732136,"3.33","1.61",,,,"95.4",2651,"6.4",777679,645444,647304,545121,553993,672695,666971,694374,545341,"54.12",,,,,,,,14,2,"Cutter",3,0,0,3,0,3,0,3,"Standard","Standard",193,"-0.007","0.015",,,,"-0.015",,3,-3,0.709,0.29100000000000004,30,26,31,27,1,0,5,1,,2,"1.35","0","0","38.4",,,,,
"CU","2025-06-01","81.1","-0.51","6","Burnes, Corbin",660688,669203,,"swinging_strike",,,,,14,"Swinging Strike","R","L","R","AZ","WSH","S",,,0,0,2025,"0.82","-0.86","0.31","0.96",605137,690987,,1,2,"Top",,,,,,,0.25680942991320155,-118.03581783994665,-2.912126860021889,7.530100658939382,24.649162003031147,-39.8265890090809,"3.46","1.59",,,,"80.8",2863,"6.3",777679,645444,647304,545121,553993,672695,666971,694374,545341,"54.19",,,,,,,,14,1,"Curveball",3,0,0,3,0,3,0,3,"Standard","Standard",58,"0.011","-0.051","59.9","8.1",,"0.051",,3,-3,0.698,0.30200000000000005,30,26,31,27,1,0,5,1,,2,"4.36","-0.82","0.82","48.1",19.86931272327209,-39.12568930645325,37.47295944043272,28.73183323031871,55.15231893966314
"FC","2025-06-01","93.6","-0.45","5.97","Burnes, Corbin",690987,669203,"double","hit_into_play",,,,,12,"Robert Hassell III doubles (1) on a sharp line drive to right fielder Randal Grichuk. Josh Bell to 3rd.","R","L","R","AZ","WSH","X",9,"line_drive",0,0,2025,"0.32","1.09","0.54","3.45",,,605137,1,2,"Top",201.41,103.11,,,,,1.8309318525130485,-136.34301928540665,-3.1870732964074113,3.6604168666711234,29.597547607517697,-18.06338302981121,"3.25","1.52",231,"103.4",15,"93.7",2540,"6.2",777679,645444,647304,545121,553993,672695,666971,694374,545341,"54.26",0.641,0.674,"1.25",1,1,1,4,13,1,"Cutter",3,0,0,3,0,3,0,3,"Standard","Standard",188,"-0.077","0.791","72.6","7.0",0.941,"-0.791","103.4",3,-3,0.775,0.22499999999999998,30,23,31,24,1,0,5,1,,2,"1.5","-0.32","0.32","41.1",23.339152819274457,-7.482211836127914,31.966777055440964,27.80650275346752,37.422858468829986
"FC","2025-06-01","94.4","-0.56","5.96","Burnes, Corbin",605137,669203,"single","hit_into_play",,,,,11,"Josh Bell singles on a ground ball to center fielder Tim Tawa.","R","L","R","AZ","WSH","X",8,"ground_ball",0,0,2025,"-0.17","1.33","-0.85","3.07",,,,1,2,"Top",148.99,85.6,,,,,-0.3790318780616,-137.4228309851449,-4.791733370300517,-2.0417907829159327,30.875340956195718,-14.41373475464998,"3.74","1.75",45,"95.1",-1,"94.1",2561,"6.1",777679,645444,647304,545121,553993,672695,666971,694374,545341,"54.38",0.352,0.286,"0.9",1,1,0,2,12,1,"Cutter",3,0,0,3,0,3,0,3,"Infield shade","Standard",203,"-0.023","0.414","72.6","7.8",0.396,"-0.414","95.1",3,-3,0.798,0.20199999999999996,30,32,31,33,1,0,5,1,,2,"1.22","0.17","-0.17","39.8",10.98959412278461,10.666831307248719,26.460683104007007,47.40136135564117,23.53281207643226
"CU","2025-06-01","80.9","-0.3","5.98","Burnes, Corbin",671277,669203,"field_out","hit_into_play",,,,,14,"Luis García Jr. grounds out to first baseman Josh Naylor.","R","L","R","AZ","WSH","X",3,"ground_ball",1,2,2025,"0.66","-0.75","0.08","1.03",,,,0,2,"Top",159.13,170.28,,,,,-0.42511625824778576,-117.82114844537689,-2.9308384538167602,6.206906750727334,23.72078004690775,-38.73497656070454,"3.49","1.64",4,"91.9",-17,"81",2739,"6.4",777679,645444,647304,545121,553993,672695,666971,694374,545341,"54.09",0.149,0.13,"0",1,0,0,2,11,4,"Curveball",3,0,0,3,0,3,0,3,"Strategic","Standard",56,"0.015","-0.189","66.3","7.9",0.172,"0.189","91.9",3,-3,0.783,0.21699999999999997,30,25,31,25,1,0,5,1,,2,"4.24","-0.66","0.66","43.0",10.037315289653364,-16.72254316208028,32.45326024983898,36.66365231918,44.03679559729619
"FC","2025-06-01","94.7","-0.62","5.89","Burnes, Corbin",671277,669203,,"foul",,,,,4,"Foul","R","L","R","AZ","WSH","S",,,1,1,2025,"0.15","1.19","-0.41","2.75",,,,0,2,"Top",,,,,,,0.23013342364430198,-137.84902571653151,-5.2066351657235215,1.8364923704403404,31.59719990500882,-16.00877766190353,"3.49","1.64",324,"95",39,"95.4",2557,"6.7",777679,645444,647304,545121,553993,672695,666971,694374,545341,"53.78",,,,,,,,11,3,"Cutter",3,0,0,3,0,3,0,3,"Standard","Standard",198,"0.004","-0.061","74.5","6.9",,"0.061","95.0",3,-3,0.779,0.22099999999999997,30,25,31,25,1,0,5,1,,2,"1.35","-0.15","0.15","38.5",4.774164584243444,13.39023329798559,26.057188767396806,42.56347368533034,24.498615490314847
"FC","2025-06-01","92.9","-0.36","5.97","Burnes, Corbin",671277,669203,,"ball",,,,,14,"Ball","R","L","R","AZ","WSH","B",,,0,1,2025,"0.2","0.78","1.48","1.45",,,,0,2,"Top",,,,,,,4.274081497283002,-135.0041112907853,-7.461410139854855,1.488304974716062,30.920229450044875,-21.13769774021363,"3.43","1.69",,,,"92.8",2651,"6.4",777679,645444,647304,545121,553993,672695,666971,694374,545341,"54.11",,,,,,,,11,2,"Cutter",3,0,0,3,0,3,0,3,"Standard","Standard",187,"-0.002","0.031",,,,"-0.031",,3,-3,0.781,0.21899999999999997,30,25,31,25,1,0,5,1,,2,"1.88","-0.2","0.2","40.5",,,,,
"FC","2025-06-01","93.2","-0.62","5.92","Burnes, Corbin",671277,669203,,"called_strike",,,,,7,"Called Strike","R","L","R","AZ","WSH","S",,,0,0,2025,"-0.09","1.14","-0.42","2.04",,,,0,2,"Top",,,,,,,0.6995030920267317,-135.64496477779883,-6.692546927793314,-1.2195156005924166,30.80365499120682,-16.871293608852323,"3.45","1.7",,,,"93.1",2509,"6.3",777679,645444,647304,545121,553993,672695,666971,694374,545341,"54.2",,,,,,,,11,1,"Cutter",3,0,0,3,0,3,0,3,"Standard","Standard",197,"0.003","-0.039",,,,"0.039",,3,-3,0.778,0.22199999999999998,30,25,31,25,1,0,5,1,,2,"1.49","0.09","-0.09","40.9",,,,,
"CU","2025-06-01","80.7","-0.42","5.97","Burnes, Corbin",663993,669203,"strikeout","swinging_strike_blocked",,,,,14,"Nathaniel Lowe strikes out swinging.","R","L","R","AZ","WSH","S",2,,2,2,2025,"0.84","-1.2","0.18","0.68",,,,2,1,"Top",,,,,,,-0.2763628903724876,-117.45917665546425,-2.7242589931662895,7.796713892082272,25.422863656811458,-42.82641609984559,"3.47","1.57",,,,"80.1",2961,"6.2",777679,645444,647304,545121,553993,672695,666971,694374,545341,"54.31",,0,"0",1,0,0,,3,5,"Curveball",0,0,0,0,0,0,0,0,"Strategic","Standard",47,"0.009","-0.224","32.1","7.3",,"0.224",,0,0,0.539,0.46099999999999997,30,29,31,30,1,0,5,1,,2,"4.74","-0.84","0.84","43.7",3.430795913696292,2.305102522498878,27.082171085745742,37.636848036045365,29.046960627986955
"FC","2025-06-01","94.8","-0.65","5.88","Burnes, Corbin",663993,669203,,"ball",,,,,13,"Ball","R","L","R","AZ","WSH","B",,,1,2,2025,"0.16","1.03","-0.53","1.45",,,,2,1,"Top",,,,,,,-0.050069647661260666,-137.98483375029156,-8.23752033034333,2.121680625875246,29.31183053352949,-17.45097046081913,"3.44","1.66",,,,"95",2833,"6.3",777679,645444,647304,545121,553993,672695,666971,694374,545341,"54.19",,,,,,,,3,4,"Cutter",0,0,0,0,0,0,0,0,"Infield shade","Standard",191,"-0.001","0.042",,,,"-0.042",,0,0,0.54,0.45999999999999996,30,29,31,30,1,0,5,1,,2,"1.5","-0.16","0.16","36.3",,,,,
"FC","2025-06-01","94.3","-0.7","5.8","Burnes, Corbin",663993,669203,,"called_strike",,,,,9,"Called Strike","R","L","R","AZ","WSH","S",,,1,1,2025,"0.16","1.18","0.58","1.58",,,,2,1,"Top",,,,,,,2.987093907307581,-137.24277707567757,-7.988746813836312,1.460535811991254,27.63449060684108,-15.730849739373738,"3.51","1.7",,,,"95.3",2777,"6.6",777679,645444,647304,545121,553993,672695,666971,694374,545341,"53.86",,,,,,,,3,3,"Cutter",0,0,0,0,0,0,0,0,"Infield shade","Standard",194,"0.002","-0.062",,,,"0.062",,0,0,0.538,0.46199999999999997,30,29,31,30,1,0,5,1,,2,"1.36","-0.16","0.16","35.4",,,,,
"FC","2025-06-01","94.9","-0.53","5.98","Burnes, Corbin",663993,669203,,"ball",,,,,14,"Ball","R","L","R","AZ","WSH","B",,,0,1,2025,"0.35","0.87","1.54","2.22",,,,2,1,"Top",,,,,,,4.644166150279102,-138.08685767674544,-6.147272033570959,3.486545854120933,29.781898011548055,-19.891376567914726,"3.58","1.72",,,,"95.2",2769,"6.4",777679,645444,647304,545121,553993,672695,666971,694374,545341,"54.1",,,,,,,,3,2,"Cutter",0,0,0,0,0,0,0,0,"Infield shade","Standard",190,"-0.002","0.027",,,,"-0.027",,0,0,0.54,0.45999999999999996,30,29,31,30,1,0,5,1,,2,"1.66","-0.35","0.35","39.3",,,,,
"FC","2025-06-01","94.9","-0.69","5.88","Burnes, Corbin",663993,669203,,"called_strike",,,,,7,"Called Strike","R","L","R","AZ","WSH","S",,,0,0,2025,"0.1","0.88","-0.69","2.05",,,,2,1,"Top",,,,,,,-0.21266760882755695,-138.20551628336344,-6.372824952803002,1.2996572939607882,30.81573742590657,-19.63725408281793,"3.55","1.66",,,,"95.1",2611,"6.4",777679,645444,647304,545121,553993,672695,666971,694374,545341,"54.15",,,,,,,,3,1,"Cutter",0,0,0,0,0,0,0,0,"Infield shade","Standard",191,"0.002","-0.043",,,,"0.043",,0,0,0.538,0.46199999999999997,30,29,31,30,1,0,5,1,,2,"1.64","-0.1","0.1","38.4",,,,,
"CU","2025-06-01","80.4","-0.46","5.99","Burnes, Corbin",695578,669203,"strikeout","swinging_strike",,,,,13,"James Wood strikes out swinging.","R","L","R","AZ","WSH","S",2,,1,2,2025,"0.7","-1.14","-0.35","1.03",,,,1,1,"Top",,,,,,,-1.0738260829309447,-116.9883629598665,-2.064956742529503,6.5809617804247935,24.741451078214173,-42.385297378163656,"3.86","1.82",,,,"79.9",2918,"6.2",777679,645444,647304,545121,553993,672695,666971,694374,545341,"54.27",,0,"0",1,0,0,,2,4,"Curveball",0,0,0,0,0,0,0,0,"Infield shade","Standard",49,"0.012","-0.18","63.1","9.3",,"0.18",,0,0,0.526,0.474,30,22,31,23,1,0,5,1,,2,"4.71","-0.7","0.7","41.4",32.66968701946434,-22.23769053032731,41.466695388815054,41.94048250901509,53.09671452724102
"CU","2025-06-01","81.2","-0.34","6.01","Burnes, Corbin",695578,669203,,"ball",,,,,13,"Ball","R","L","R","AZ","WSH","B",,,0,2,2025,"0.64","-0.99","-0.68","1.04",,,,1,1,"Top",,,,,,,-1.9654116594127744,-118.16433861103535,-2.5392513326453523,6.347547816864955,24.86692619950265,-41.05741698765704,"3.98","1.9",,,,"80.6",2824,"6.1",777679,645444,647304,545121,553993,672695,666971,694374,545341,"54.38",,,,,,,,2,3,"Curveball",0,0,0,0,0,0,0,0,"Infield shade","Standard",47,"-0.002","0.017",,,,"-0.017",,0,0,0.528,0.472,30,22,31,23,1,0,5,1,,2,"4.47","-0.64","0.64","41.4",,,,,
"FC","2025-06-01","93.6","-0.49","5.96","Burnes, Corbin",695578,669203,,"foul",,,,,3,"Foul","R","L","R","AZ","WSH","S",,,0,1,2025,"0.23","0.66","0.56","3.5",,,,1,1,"Top",,,,,,,2.2094438882521574,-136.37857982294454,-2.1055678621630074,2.3442148091884016,29.198110152832317,-23.707181418020458,"3.86","1.82",210,"79.2",56,"93.9",2693,"6.3",777679,645444,647304,545121,553993,672695,666971,694374,545341,"54.17",,,,,,,,2,2,"Cutter",0,0,0,0,0,0,0,0,"Infield shade","Standard",186,"0.004","-0.052","76.6","6.9",,"0.052","88.0",0,0,0.524,0.476,30,22,31,23,1,0,5,1,,2,"1.93","-0.23","0.23","41.3",6.632165517161768,8.30169065007861,35.935921194985056,31.085151012802523,30.99729064781656
"FC","2025-06-01","93.6","-0.71","5.87","Burnes, Corbin",695578,669203,,"called_strike",,,,,8,"Called Strike","R","L","R","AZ","WSH","S",,,0,0,2025,"0.34","0.75","0.17","2.08",,,,1,1,"Top",,,,,,,1.5186315521036642,-136.21764776249194,-5.732343150573581,3.857645344696689,30.139374715461567,-21.768549725644828,"4.01","1.92",,,,"94",2553,"6.5",777679,645444,647304,545121,553993,672695,666971,694374,545341,"53.95",,,,,,,,2,1,"Cutter",0,0,0,0,0,0,0,0,"Infield shade","Standard",188,"0.002","-0.039",,,,"0.039",,0,0,0.522,0.478,30,22,31,23,1,0,5,1,,2,"1.85","-0.34","0.34","40.5",,,,,
"CU","2025-06-01","80.2","-0.5","6.01","Burnes, Corbin",682928,669203,"strikeout","swinging_strike",,,,,13,"CJ Abrams strikes out swinging.","R","L","R","AZ","WSH","S",2,,1,2,2025,"0.68","-0.95","-1.14","1.94",,,,0,1,"Top",,,,,,,-2.694870955065726,-116.81059335834524,-0.48782724693417523,6.778446903825563,22.76300104320003,-40.99539620095149,"3.5","1.54",,,,"79.8",2678,"6.1",777679,645444,647304,545121,553993,672695,666971,694374,545341,"54.44",,0,"0",1,0,0,,1,4,"Curveball",0,0,0,0,0,0,0,0,"Infield shade","Standard",62,"0.016","-0.189","73.6","8.2",,"0.189",,0,0,0.506,0.494,30,24,31,25,1,0,5,1,,2,"4.5","-0.68","0.68","40.3",15.183907562160224,-7.870358641752463,20.015430524435946,51.21197106635829,39.42145152750126
"FC","2025-06-01","94.2","-0.55","5.9","Burnes, Corbin",682928,669203,,"foul",,,,,14,"Foul","R","L","R","AZ","WSH","S",,,1,1,2025,"0.1","1.04","1.01","2.39",,,,0,1,"Top",,,,,,,3.8250398870125077,-137.10784581021605,-5.776946130726496,0.5030231401237539,28.641845194843572,-18.00982161446269,"3.5","1.54",3,"66.4",-37,"94.7",2597,"6.4",777679,645444,647304,545121,553993,672695,666971,694374,545341,"54.05",,,,,,,,1,3,"Cutter",0,0,0,0,0,0,0,0,"Standard","Standard",198,"0.005","-0.061","75.9","7.1",,"0.061","88.0",0,0,0.501,0.499,30,24,31,25,1,0,5,1,,2,"1.52","-0.1","0.1","35.5",11.221737817660216,-1.6375993341339876,29.003935847151702,25.80488650075167,29.163266369384257
"FC","2025-06-01","93.2","-0.51","5.87","Burnes, Corbin",682928,669203,,"ball",,,,,14,"Ball","R","L","R","AZ","WSH","B",,,0,1,2025,"0.24","1.12","1.03","1.29",,,,0,1,"Top",,,,,,,3.442786321296572,-135.56813131059803,-8.487979196135013,2.155176007573236,29.925377592698993,-16.6871806290093,"3.48","1.62",,,,"93.4",2509,"6.4",777679,645444,647304,545121,553993,672695,666971,694374,545341,"54.08",,,,,,,,1,2,"Cutter",0,0,0,0,0,0,0,0,"Standard","Standard",192,"-0.002","0.031",,,,"-0.031",,0,0,0.503,0.497,30,24,31,25,1,0,5,1,,2,"1.51","-0.24","0.24","38.0",,,,,
"FC","2025-06-01","94.1","-0.83","5.85","Burnes, Corbin",682928,669203,,"called_strike",,,,,7,"Called Strike","R","L","R","AZ","WSH","S",,,0,0,2025,"0.02","0.99","-0.59","1.9",,,,0,1,"Top",,,,,,,0.5884234488556249,-137.03335312103331,-6.760756252138167,0.0917053505528764,30.307002672842007,-18.397993924026203,"3.47","1.61",,,,"94.3",2481,"6.3",777679,645444,647304,545121,553993,672695,666971,694374,545341,"54.15",,,,,,,,1,1,"Cutter",0,0,0,0,0,0,0,0,"Standard","Standard",200,"0.003","-0.039",,,,"0.039",,0,0,0.5,0.5,30,24,31,25,1,0,5,1,,2,"1.58","-0.02","0.02","34.9",,,,,
"FC","2025-05-27","94.1","-0.57","5.77","Burnes, Corbin",687462,669203,"strikeout","swinging_strike",,,,,13,"Spencer Horwitz strikes out swinging.","R","L","R","AZ","PIT","S",2,,2,2,2025,"0.35","0.91","-0.88","1.97",,668804,,2,7,"Top",,,,,,,-1.6066116613734323,-137.1076706594696,-6.245660737717778,4.779542953738849,27.979262671315887,-19.494514576737544,"3.62","1.68",,,,"95",2668,"6.5",777744,672515,647304,691783,553993,672695,666971,677950,682998,"53.96",,0,"0",1,0,0,,60,5,"Cutter",6,2,2,6,2,6,2,6,"Standard","Standard",194,"0.014","-0.22","66.4","7.4",,"0.22",,4,-4,0.957,0.04300000000000004,30,27,31,28,4,3,6,1,5,1,"1.64","-0.35","0.35","37.2",11.914926676562727,11.04371504504769,31.77667413351036,45.31261004920882,23.261490042590175
"FC","2025-05-27","94.4","-0.48","5.76","Burnes, Corbin",687462,669203,,"foul",,,,,9,"Foul","R","L","R","AZ","PIT","S",,,2,1,2025,"0.42","1.05","0.59","1.58",,668804,,2,7,"Top",,,,,,,1.8466092244062002,-137.42571454234948,-7.600403339806612,4.931968564741199,29.37310957075642,-17.370512812691832,"3.62","1.68",7,"81.7",-12,"95.1",2664,"6.6",777744,672515,647304,691783,553993,672695,666971,677950,682998,"53.91",,,,,,,,60,4,"Cutter",6,2,2,6,2,6,2,6,"Standard","Standard",195,"0.003","-0.064","63.6","7.6",,"0.064","88.0",4,-4,0.954,0.04600000000000004,30,27,31,28,4,3,6,1,5,1,"1.49","-0.42","0.42","39.7",14.335014766776084,-5.855830327106568,43.044458169945386,27.76830734933082,31.107256060509275
"CU","2025-05-27","81","-0.35","5.8","Burnes, Corbin",687462,669203,,"ball",,,,,14,"Ball","R","L","R","AZ","PIT","B",,,1,1,2025,"0.78","-0.9","1.96","0.98",,668804,,2,7,"Top",,,,,,,3.685081194796542,-117.8953671361953,-2.4093283679651707,6.572764365196424,22.90478198068629,-40.305033397062765,"3.58","1.61",,,,"81.3",2822,"6.6",777744,672515,647304,691783,553993,672695,666971,677950,682998,"53.95",,,,,,,,60,3,"Curveball",6,2,2,6,2,6,2,6,"Standard","Standard",56,"-0.002","0.02",,,,"-0.02",,4,-4,0.956,0.04400000000000004,30,27,31,28,4,3,6,1,5,1,"4.38","-0.78","0.78","44.2",,,,,
"FC","2025-05-27","95","-0.52","5.77","Burnes, Corbin",687462,669203,,"called_strike",,,,,5,"Called Strike","R","L","R","AZ","PIT","S",,,1,0,2025,"0.26","1.06","-0.03","2.94",,668804,,2,7,"Top",,,,,,,0.7097619610540566,-138.39066035117293,-4.232389238080185,3.267474192311451,28.9384799711736,-17.740999251191695,"3.56","1.66",,,,"96",2568,"6.6",777744,672515,647304,691783,553993,672695,666971,677950,682998,"53.86",,,,,,,,60,2,"Cutter",6,2,2,6,2,6,2,6,"Standard","Standard",195,"0.002","-0.044",,,,"0.044",,4,-4,0.954,0.04600000000000004,30,27,31,28,4,3,6,1,5,1,"1.44","-0.26","0.26","36.9",,,,,
"FC","2025-05-27","94.8","-0.51","5.77","Burnes, Corbin",687462,669203,,"ball",,,,,14,"Ball","R","L","R","AZ","PIT","B",,,0,0,2025,"0.26","1.08","1.7","1.8",,668804,,2,7,"Top",,,,,,,5.23670186168853,-137.94858374319531,-7.2063094195675275,2.2755653410427836,27.675238371252536,-17.03285582717907,"3.59","1.64",,,,"95.8",2614,"6.6",777744,672515,647304,691783,553993,672695,666971,677950,682998,"53.86",,,,,,,,60,1,"Cutter",6,2,2,6,2,6,2,6,"Standard","Standard",196,"-0.001","0.019",,,,"-0.019",,4,-4,0.955,0.04500000000000004,30,27,31,28,4,3,6,1,5,1,"1.44","-0.26","0.26","39.9",,,,,
"FC","2025-05-27","94.2","-0.64","5.66","Burnes, Corbin",668804,669203,"double","hit_into_play",,,,,5,"Bryan Reynolds doubles (8) on a fly ball to left fielder Lourdes Gurriel Jr.","R","L","R","AZ","PIT","X",7,"fly_ball",1,0,2025,"0.18","0.9","0.25","2.49",,,,2,7,"Top",26.14,109.99,,,,,1.9163157759449414,-137.19611822452413,-4.56062516060655,1.9165463417351842,29.914861709251277,-19.981259559835475,"3.24","1.57",301,"92.6",30,"94.5",2709,"6.4",777744,672515,647304,691783,553993,672695,666971,677950,682998,"54.13",0.101,0.149,"1.25",1,1,1,3,59,2,"Cutter",6,2,2,6,2,6,2,6,"Standard","Standard",192,"-0.01","0.542","71.5","6.1",0.268,"-0.542","92.6",4,-4,0.965,0.03500000000000003,30,30,31,30,4,3,6,1,5,1,"1.66","-0.18","0.18","38.7",2.367893492386901,16.92287964943986,40.08038516025169,33.54437885268288,19.173314786160503
"FC","2025-05-27","93.8","-0.4","5.82","Burnes, Corbin",668804,669203,,"ball",,,,,14,"Ball","R","L","R","AZ","PIT","B",,,0,0,2025,"0.3","0.77","1.77","1.47",,,,2,7,"Top",,,,,,,4.924811269972521,-136.43153156497834,-7.208541427643159,2.673849327593265,28.90459224808361,-21.208687894415704,"3.13","1.66",,,,"93.7",2690,"6.2",777744,672515,647304,691783,553993,672695,666971,677950,682998,"54.3",,,,,,,,59,1,"Cutter",6,2,2,6,2,6,2,6,"Standard","Standard",189,"-0.001","0.037",,,,"-0.037",,4,-4,0.966,0.03400000000000003,30,30,31,30,4,3,6,1,5,1,"1.82","-0.3","0.3","39.8",,,,,
"CU","2025-05-27","78.7","-0.31","5.9","Burnes, Corbin",665833,669203,"field_out","hit_into_play",,,,,7,"Oneil Cruz grounds out, second baseman Jordan Lawlar to first baseman Josh Naylor.","R","L","R","AZ","PIT","X",4,"ground_ball",2,2,2025,"0.84","-1.01","-0.38","2.25",,,,1,7,"Top",153.05,152.53,,,,,-1.7180356389739992,-114.55757892249002,0.8481407613903116,7.737375265075358,22.963226807260128,-41.4573792271902,"3.89","1.81",8,"84.8",-16,"78.4",2781,"6.3",777744,672515,647304,691783,553993,672695,666971,677950,682998,"54.24",0.091,0.098,"0",1,0,0,2,58,5,"Curveball",6,2,2,6,2,6,2,6,"Infield shade","Standard",46,"0.009","-0.228","73.4","8.2",0.094,"0.228","88.0",4,-4,0.957,0.04300000000000004,30,26,31,27,4,3,6,1,5,1,"4.72","-0.84","0.84","45.2",13.237444108306379,-8.608638290624503,33.7411211423529,43.26914642207814,35.198398697425816
"CU","2025-05-27","79","-0.29","5.86","Burnes, Corbin",665833,669203,,"ball",,,,,14,"Ball","R","L","R","AZ","PIT","B",,,1,2,2025,"1.01","-1.23","0.8","0.18",,,,1,7,"Top",,,,,,,0.4740321174902569,-114.97373401872679,-3.191847389180557,8.754279867151578,24.413396755531394,-42.52758879033018,"3.78","1.84",,,,"79",2790,"6.6",777744,672515,647304,691783,553993,672695,666971,677950,682998,"53.88",,,,,,,,58,4,"Curveball",6,2,2,6,2,6,2,6,"Infield shade","Standard",49,"-0.001","0.048",,,,"-0.048",,4,-4,0.958,0.04200000000000004,30,26,31,27,4,3,6,1,5,1,"4.92","-1.01","1.01","48.0",,,,,
"CU","2025-05-27","80.5","-0.46","5.92","Burnes, Corbin",665833,669203,,"called_strike",,,,,9,"Called Strike","R","L","R","AZ","PIT","S",,,1,1,2025,"0.75","-0.91","0.28","1.93",,,,1,7,"Top",,,,,,,0.2315841695793356,-117.30521063645878,-0.4804800926840973,6.875825649972669,22.296589327181323,-40.72269330176591,"3.8","1.84",,,,"80.9",2822,"6.5",777744,672515,647304,691783,553993,672695,666971,677950,682998,"54.03",,,,,,,,58,3,"Curveball",6,2,2,6,2,6,2,6,"Infield shade","Standard",54,"0.002","-0.064",,,,"0.064",,4,-4,0.956,0.04400000000000004,30,26,31,27,4,3,6,1,5,1,"4.42","-0.75","0.75","41.9",,,,,
"CU","2025-05-27","80.8","-0.41","5.89","Burnes, Corbin",665833,669203,,"ball",,,,,14,"Ball","R","L","R","AZ","PIT","B",,,0,1,2025,"0.75","-0.65","0.98","0.67",,,,1,7,"Top",,,,,,,1.6893094339876884,-117.59745543185339,-3.7086283745348387,6.554773685346586,23.945294804127375,-37.640904897843534,"3.83","1.79",,,,"80.7",2884,"6.4",777744,672515,647304,691783,553993,672695,666971,677950,682998,"54.1",,,,,,,,58,2,"Curveball",6,2,2,6,2,6,2,6,"Infield shade","Standard",52,"-0.002","0.029",,,,"-0.029",,4,-4,0.958,0.04200000000000004,30,26,31,27,4,3,6,1,5,1,"4.16","-0.75","0.75","43.5",,,,,
"FC","2025-05-27","93.9","-0.53","5.8","Burnes, Corbin",665833,669203,,"foul",,,,,8,"Foul","R","L","R","AZ","PIT","S",,,0,0,2025,"0.07","1.2","0.16","2.05",,,,1,7,"Top",,,,,,,1.6266230677851972,-136.68833703633396,-6.7027925758195535,0.576210279878079,30.216711338584652,-15.821062087282053,"3.89","1.81",7,"99.8",-15,"94.4",2547,"6.6",777744,672515,647304,691783,553993,672695,666971,677950,682998,"53.93",,,,,,,,58,1,"Cutter",6,2,2,6,2,6,2,6,"Infield shade","Standard",193,"0.002","-0.039","77.2","9.0",,"0.039","99.8",4,-4,0.956,0.04400000000000004,30,26,31,27,4,3,6,1,5,1,"1.38","-0.07","0.07","37.8",18.377259932350814,-17.712843358542102,36.61651024632711,35.3667240911446,39.24239253054175
"FC","2025-05-27","94.5","-0.52","5.86","Burnes, Corbin",643396,669203,"field_out","hit_into_play",,,,,5,"Isiah Kiner-Falefa flies out to right fielder Corbin Carroll.","R","R","R","AZ","PIT","X",9,"fly_ball",3,2,2025,"0.02","1.37","0.25","2.42",,,,0,7,"Top",181.64,77.9,,,,,1.9540105345473346,-137.58684656216383,-6.385761395148261,-0.11328488828627074,29.322828859435273,-13.503164832266416,"3.35","1.53",330,"92.7",38,"94.9",2584,"6.4",777744,672515,647304,691783,553993,672695,666971,677950,682998,"54.09",0.041,0.062,"0",1,0,0,3,57,6,"Cutter",6,2,2,6,2,6,2,6,"Standard","Standard",198,"0.019","-0.345","66.8","6.7",0.112,"0.345","92.7",4,-4,0.937,0.06299999999999994,30,30,31,30,3,2,6,1,5,1,"1.17","-0.02","-0.02","41.8",6.8615544514277715,4.088111183762083,31.010015315477165,38.062521267469414,26.921381818486555
"FC","2025-05-27","94.4","-0.49","5.79","Burnes, Corbin",643396,669203,,"ball",,,,,12,"Ball","R","R","R","AZ","PIT","B",,,2,2,2025,"0.21","1.35","0.31","3.86",,,,0,7,"Top",,,,,,,1.632932765209152,-137.57864932063654,-2.3698459345782625,2.2832243368937504,28.879327030309028,-14.687675584833407,"3.3","1.46",,,,"94.9",2617,"6.4",777744,672515,647304,691783,553993,672695,666971,677950,682998,"54.11",,,,,,,,57,5,"Cutter",6,2,2,6,2,6,2,6,"Standard","Standard",194,"-0.006","0.112",,,,"-0.112",,4,-4,0.943,0.05700000000000005,30,30,31,30,3,2,6,1,5,1,"1.19","-0.21","-0.21","35.8",,,,,
"SL","2025-05-27","89.2","-0.49","5.81","Burnes, Corbin",643396,669203,,"ball",,,,,14,"Ball","R","R","R","AZ","PIT","B",,,1,2,2025,"0.64","0.37","1.09","0.99",,,,0,7,"Top",,,,,,,2.5593944679849496,-129.87311502286644,-6.662660714508098,6.732389735981842,25.81497486713348,-26.87527347356239,"3.31","1.49",,,,"89.5",2806,"6.3",777744,672515,647304,691783,553993,672695,666971,677950,682998,"54.17",,,,,,,,57,4,"Slider",6,2,2,6,2,6,2,6,"Standard","Standard",142,"-0.002","0.043",,,,"-0.043",,4,-4,0.945,0.05500000000000005,30,30,31,30,3,2,6,1,5,1,"2.48","-0.64","-0.64","43.5",,,,,
"SL","2025-05-27","87.3","-0.8","5.64","Burnes, Corbin",643396,669203,,"called_strike",,,,,7,"Called Strike","R","R","R","AZ","PIT","S",,,1,1,2025,"0.58","0.27","-0.6","1.9",,,,0,7,"Top",,,,,,,-0.6993601816368811,-127.23455097616768,-3.4226466614790256,6.40901214793389,25.675267999239928,-28.77916145763365,"3.32","1.53",,,,"87.3",2698,"6.2",777744,672515,647304,691783,553993,672695,666971,677950,682998,"54.34",,,,,,,,57,3,"Slider",6,2,2,6,2,6,2,6,"Standard","Standard",137,"0.003","-0.061",,,,"0.061",,4,-4,0.942,0.05800000000000005,30,30,31,30,3,2,6,1,5,1,"2.71","-0.58","-0.58","35.3",,,,,
"FC","2025-05-27","92.6","-0.52","5.84","Burnes, Corbin",643396,669203,,"called_strike",,,,,12,"Called Strike","R","R","R","AZ","PIT","S",,,1,0,2025,"0.31","1.14","1.03","2.61",,,,0,7,"Top",,,,,,,3.3128716456337277,-134.85297395197344,-4.983936337712706,3.129858380745428,26.97442449101913,-17.405466585649922,"3.38","1.53",,,,"93.3",2594,"6.5",777744,672515,647304,691783,553993,672695,666971,677950,682998,"54",,,,,,,,57,2,"Cutter",6,2,2,6,2,6,2,6,"Standard","Standard",191,"0.004","-0.05",,,,"0.05",,4,-4,0.938,0.062000000000000055,30,30,31,30,3,2,6,1,5,1,"1.5","-0.31","-0.31","37.1",,,,,
"FC","2025-05-27","92.2","-0.66","5.85","Burnes, Corbin",643396,669203,,"ball",,,,,12,"Ball","R","R","R","AZ","PIT","B",,,0,0,2025,"0.37","1.17","1.34","2.67",,,,0,7,"Top",,,,,,,4.292226032184459,-134.26089493986163,-4.861144742689797,3.636438850662378,26.536083810457257,-17.191656606260224,"3.33","1.57",,,,"92.6",2596,"6.3",777744,672515,647304,691783,553993,672695,666971,677950,682998,"54.2",,,,,,,,57,1,"Cutter",6,2,2,6,2,6,2,6,"Standard","Standard",192,"-0.003","0.041",,,,"-0.041",,4,-4,0.941,0.05900000000000005,30,30,31,30,3,2,6,1,5,1,"1.49","-0.37","-0.37","39.1",,,,,
"SI","2025-05-27","94.5","-0.5","5.73","Burnes, Corbin",663647,669203,"force_out","hit_into_play",,,,,7,"Ke'Bryan Hayes grounds into a force out, second baseman Jordan Lawlar to shortstop Geraldo Perdomo. Tommy Pham out at 2nd.","R","R","R","AZ","PIT","X",4,"ground_ball",0,1,2025,"-0.89","0.77","-0.55","1.7",,624428,502054,2,6,"Top",144.43,145.94,,,,,1.8785361536932705,-137.4532557511397,-6.5608851701119955,-11.728621859085187,31.18835571155485,-21.130878488167838,"3.23","1.54",57,"102",1,"95.2",2488,"6.8",777744,672515,647304,691783,553993,672695,666971,677950,682998,"53.71",0.509,0.495,"0",1,0,0,4,53,2,"Sinker",6,2,2,6,2,6,2,6,"Standard","Standard",204,"0.026","-0.235","68.8","6.4",0.596,"0.235","102.0",4,-4,0.925,0.07499999999999996,30,28,31,28,3,2,6,1,5,1,"1.79","0.89","0.89","37.3",-4.9042509342708644,3.8543120363369883,36.27319329655646,27.37434999485831,27.420561674992634
"FC","2025-05-27","94.8","-0.55","5.73","Burnes, Corbin",663647,669203,,"swinging_strike",,,,,9,"Swinging Strike","R","R","R","AZ","PIT","S",,,0,0,2025,"-0.13","1.01","0.58","1.86",,624428,502054,2,6,"Top",,,,,,,3.267663010827207,-137.90694027884118,-6.769386727965298,-2.4001230817400705,30.078768318663734,-17.946874700077927,"3.23","1.54",,,,"95.3",2580,"6.5",777744,672515,647304,691783,553993,672695,666971,677950,682998,"53.95",,,,,,,,53,1,"Cutter",6,2,2,6,2,6,2,6,"Standard","Standard",203,"0.004","-0.047","76.2","6.9",,"0.047",,4,-4,0.921,0.07899999999999996,30,28,31,28,3,2,6,1,5,1,"1.52","0.13","0.13","37.2",-5.577339536940604,12.588997650414758,33.2575932673495,43.11215129419895,26.126221407937784
"FC","2025-05-27","94.5","-0.63","5.68","Burnes, Corbin",502054,669203,"single","hit_into_play",,,,,14,"Tommy Pham singles on a ground ball to third baseman Eugenio Suárez. Adam Frazier to 2nd.","R","R","R","AZ","PIT","X",5,"ground_ball",1,1,2025,"0.18","0.87","0.87","1.6",,,624428,2,6,"Top",99.3,169.27,,,,,3.5453710643312255,-137.45920153805073,-6.920862841433985,1.4207494081388379,30.944242040952773,-19.82034961996879,"3.48","1.6",1,"79.1",-53,"95.2",2513,"6.8",777744,672515,647304,691783,553993,672695,666971,677950,682998,"53.75",0.208,0.202,"0.9",1,1,0,2,52,3,"Cutter",6,2,2,6,2,6,2,6,"Standard","Standard",200,"-0.017","0.361","84.6","7.3",0.219,"-0.361","88.0",4,-4,0.938,0.062000000000000055,30,37,31,37,3,2,6,2,5,3,"1.69","-0.18","-0.18","35.7",1.6830852810173824,-0.45908460361006687,34.55675384983499,45.485192865645644,28.563783890167382
"FC","2025-05-27","94.9","-0.63","5.74","Burnes, Corbin",502054,669203,,"ball",,,,,12,"Ball","R","R","R","AZ","PIT","B",,,0,1,2025,"0.33","0.89","1.28","2.8",,,624428,2,6,"Top",,,,,,,4.268856403839271,-138.12345225965527,-4.040752987411686,3.3472434466420795,30.10306987684953,-20.023381307407238,"3.54","1.66",,,,"95.4",2544,"6.5",777744,672515,647304,691783,553993,672695,666971,677950,682998,"54.01",,,,,,,,52,2,"Cutter",6,2,2,6,2,6,2,6,"Standard","Standard",193,"-0.001","0.027",,,,"-0.027",,4,-4,0.939,0.061000000000000054,30,37,31,37,3,2,6,2,5,3,"1.63","-0.33","-0.33","39.1",,,,,
"FC","2025-05-27","93.7","-0.41","5.83","Burnes, Corbin",502054,669203,,"foul",,,,,6,"Foul","R","R","R","AZ","PIT","S",,,0,0,2025,"-0.06","1.4","0.62","2.26",,,624428,2,6,"Top",,,,,,,2.811710275722539,-136.3563018876468,-6.650842109300166,-1.363267679121872,28.036924562337695,-13.395036976014982,"3.48","1.6",263,"83.8",42,"94.1",2505,"6.4",777744,672515,647304,691783,553993,672695,666971,677950,682998,"54.1",,,,,,,,52,1,"Cutter",6,2,2,6,2,6,2,6,"Standard","Standard",202,"0.002","-0.042","73.3","6.5",,"0.042","88.0",4,-4,0.937,0.06299999999999994,30,37,31,37,3,2,6,2,5,3,"1.18","0.06","0.06","43.4",1.240452252934961,18.254442415598305,29.129239934889874,43.95802743771461,21.776577301589306
"CU","2025-05-27","80.3","-0.41","5.84","Burnes, Corbin",624428,669203,"hit_by_pitch","hit_by_pitch",,,,,14,"Adam Frazier hit by pitch.","R","L","R","AZ","PIT","B",,,0,0,2025,"0.65","-0.74","1.82","0.16",,,,2,6,"Top",,,,,,,3.6949172513762716,-116.8437303592039,-4.470141022704863,5.247420803541875,22.74019990697733,-38.288248190793574,"3.19","1.48",,,,"80.4",2730,"6.4",777744,672515,647304,691783,553993,672695,666971,677950,682998,"54.05",,0.722289,"0.7",1,0,0,,51,1,"Curveball",6,2,2,6,2,6,2,6,"Standard","Standard",58,"-0.008","0.327",,,,"-0.327",,4,-4,0.945,0.05500000000000005,30,33,31,34,3,2,6,1,5,3,"4.29","-0.65","0.65","43.6",,,,,
"SL","2025-05-27","90.3","-0.51","5.81","Burnes, Corbin",672744,669203,"strikeout","swinging_strike",,,,,14,"Alexander Canario strikes out swinging.","R","R","R","AZ","PIT","S",2,,1,2,2025,"0.67","0.36","1.19","1.51",,,,1,6,"Top",,,,,,,2.8152244564632323,-131.5181485537127,-5.582775008124196,7.1941884879064135,27.599808689596035,-27.005214765867134,"3.58","1.69",,,,"91",2858,"6.7",777744,672515,647304,691783,553993,672695,666971,677950,682998,"53.83",,0,"0",1,0,0,,50,4,"Slider",6,2,2,6,2,6,2,6,"Standard","Standard",125,"0.007","-0.18","75.5","9.1",,"0.18",,4,-4,0.938,0.062000000000000055,30,25,31,25,3,2,6,1,5,1,"2.43","-0.67","-0.67","40.7",27.9203820416591,-9.775956789330397,38.84381554249339,49.42524665513919,41.11349673039577
"SL","2025-05-27","88.6","-0.65","5.75","Burnes, Corbin",672744,669203,,"foul",,,,,14,"Foul","R","R","R","AZ","PIT","S",,,1,1,2025,"0.44","0.17","0.99","1.62",,,,1,6,"Top",,,,,,,3.0889436619431296,-129.07748399222152,-4.462728973180409,4.333918714151852,24.534534240090718,-29.599913866532578,"3.58","1.69",1,"84.9",-69,"88.9",2788,"6.2",777744,672515,647304,691783,553993,672695,666971,677950,682998,"54.26",,,,,,,,50,3,"Slider",6,2,2,6,2,6,2,6,"Standard","Standard",140,"0.003","-0.064","61.4","8.7",,"0.064","88.0",4,-4,0.935,0.06499999999999995,30,25,31,25,3,2,6,1,5,1,"2.71","-0.44","-0.44","37.9",18.9845961398689,4.679178070121498,35.022062126261474,48.23081817470546,28.058938910372877
"FC","2025-05-27","93.4","-0.56","5.83","Burnes, Corbin",672744,669203,,"foul",,,,,6,"Foul","R","R","R","AZ","PIT","S",,,1,0,2025,"0.3","1.16","0.44","2.38",,,,1,6,"Top",,,,,,,1.9117717526168503,-136.06578342728508,-5.7372701793147405,3.338194092192652,27.453448550189698,-16.65360780826633,"3.58","1.69",179,"93.4",67,"93.7",2616,"6.2",777744,672515,647304,691783,553993,672695,666971,677950,682998,"54.25",,,,,,,,50,2,"Cutter",6,2,2,6,2,6,2,6,"Standard","Standard",198,"0.002","-0.049","82.1","8.4",,"0.049","93.4",4,-4,0.933,0.06699999999999995,30,25,31,25,3,2,6,1,5,1,"1.43","-0.3","-0.3","39.8",15.213816199821576,-0.19358508061192356,36.9411375125756,41.97656667932115,30.80331852116811
"FC","2025-05-27","94.7","-0.51","5.8","Burnes, Corbin",672744,669203,,"ball",,,,,14,"Ball","R","R","R","AZ","PIT","B",,,0,0,2025,"0.02","0.88","0.79","1.44",,,,1,6,"Top",,,,,,,3.3708259988846625,-137.73570970829036,-7.71237832105008,-0.47560360426852183,29.454781286928558,-19.4895092470705,"3.7","1.7",,,,"95.2",2557,"6.5",777744,672515,647304,691783,553993,672695,666971,677950,682998,"53.95",,,,,,,,50,1,"Cutter",6,2,2,6,2,6,2,6,"Standard","Standard",201,"-0.002","0.039",,,,"-0.039",,4,-4,0.935,0.06499999999999995,30,25,31,25,3,2,6,1,5,1,"1.66","-0.02","-0.02","39.0",,,,,
"SI","2025-05-27","95.3","-0.6","5.8","Burnes, Corbin",680779,669203,"home_run","hit_into_play",,,,,8,"Henry Davis homers (2) on a fly ball to left center field. Bryan Reynolds scores.","R","R","R","AZ","PIT","X",,"fly_ball",0,0,2025,"-1.1","0.82","0.04","2.07",,,668804,1,6,"Top",70.54,32.92,,,,,4.156571566245236,-138.64077464981813,-6.034624045297564,-15.173992405789244,30.74048974231541,-20.399720838141114,"3.38","1.67",432,"109.6",25,"95.4",2499,"6.3",777744,672515,647304,691783,553993,672695,666971,677950,682998,"54.16",0.9706818181818182,2,"2",1,0,3,6,49,1,"Sinker",6,0,0,6,2,6,2,6,"Standard","Standard",207,"-0.038","1.465","78.2","7.9",3.840954545454545,"-1.465","109.6",6,-6,0.973,0.027000000000000024,30,25,31,26,3,0,6,3,5,1,"1.69","1.1","1.1","38.8",13.039882982449212,-12.619536753792708,35.33242336655995,35.92406608126021,30.965470003236547
"FC","2025-05-27","94.2","-0.44","5.8","Burnes, Corbin",687462,669203,"field_out","hit_into_play",,,,,14,"Spencer Horwitz lines out to second baseman Jordan Lawlar.","R","L","R","AZ","PIT","X",4,"line_drive",0,2,2025,"0.42","0.88","1.01","2.45",,,668804,0,6,"Top",140.79,137.15,,,,,2.833959273754774,-137.191541951445,-5.008366082774506,4.75349837631409,27.60683386647877,-20.18872453304982,"3.62","1.68",164,"54.1",40,"94.7",2490,"6.4",777744,672515,647304,691783,553993,672695,666971,677950,682998,"54.15",0.152,0.137,"0",1,0,0,1,48,4,"Cutter",6,0,0,6,0,6,0,6,"Infield shade","Standard",193,"0.008","-0.146","65.3","6.8",0.152,"0.146","88.0",6,-6,0.965,0.03500000000000003,30,27,31,28,3,2,6,1,5,1,"1.67","-0.42","0.42","39.2",5.462465704824861,-4.459454689288181,38.126942365362645,23.689645575589434,29.352823702654966
"CH","2025-05-27","89.2","-0.73","5.48","Burnes, Corbin",687462,669203,,"foul",,,,,14,"Foul","R","L","R","AZ","PIT","S",,,0,2,2025,"-1.08","0.93","0.05","1.44",,,668804,0,6,"Top",,,,,,,4.206098127768582,-129.65922173447822,-5.823799342457299,-13.031002546902583,30.19154064454255,-20.672732216424983,"3.62","1.68",11,"84.6",-7,"89.3",2246,"6.7",777744,672515,647304,691783,553993,672695,666971,677950,682998,"53.85",,,,,,,,48,3,"Changeup",6,0,0,6,0,6,0,6,"Infield shade","Standard",227,"0","0","69.9","7.8",,"0","88.0",6,-6,0.965,0.03500000000000003,30,27,31,28,3,2,6,1,5,1,"1.97","1.08","-1.08","36.7",18.79192017881855,-9.19273823867733,39.745787415881786,34.43915361111401,35.887516880542634
"FC","2025-05-27","93.1","-0.7","5.73","Burnes, Corbin",687462,669203,,"called_strike",,,,,7,"Called Strike","R","L","R","AZ","PIT","S",,,0,1,2025,"0.24","1.17","-0.31","2",,,668804,0,6,"Top",,,,,,,0.474161927147061,-135.55636813877055,-6.395168618007228,2.8683322074339173,30.15154437570678,-16.50235139658334,"3.7","1.65",,,,"93.2",2592,"6.4",777744,672515,647304,691783,553993,672695,666971,677950,682998,"54.13",,,,,,,,48,2,"Cutter",6,0,0,6,0,6,0,6,"Infield shade","Standard",198,"0.003","-0.053",,,,"0.053",,6,-6,0.962,0.038000000000000034,30,27,31,28,3,2,6,1,5,1,"1.46","-0.24","0.24","37.7",,,,,
"FC","2025-05-27","93.2","-0.73","5.79","Burnes, Corbin",687462,669203,,"called_strike",,,,,5,"Called Strike","R","L","R","AZ","PIT","S",,,0,0,2025,"0.09","1.02","-0.24","2.68",,,668804,0,6,"Top",,,,,,,1.0643797115735414,-135.7452233464663,-4.47769371094614,0.9025623148958767,28.612113386609664,-18.803452662595923,"3.66","1.69",,,,"93.4",2594,"6.2",777744,672515,647304,691783,553993,672695,666971,677950,682998,"54.26",,,,,,,,48,1,"Cutter",6,0,0,6,0,6,0,6,"Infield shade","Standard",196,"0.002","-0.043",,,,"0.043",,6,-6,0.96,0.040000000000000036,30,27,31,28,3,2,6,1,5,1,"1.59","-0.09","0.09","38.9",,,,,
"FC","2025-05-27","94","-0.67","5.8","Burnes, Corbin",668804,669203,"walk","ball",,,,,1,"Bryan Reynolds walks.","R","L","R","AZ","PIT","B",,,3,1,2025,"0.07","1.22","-0.56","3.31",,,,0,6,"Top",,,,,,,0.1357890901475028,-136.94967903225705,-3.4528278609772993,0.877196041747902,30.726809324789127,-16.3041636985272,"3.21","1.71",,,,"94.1",2553,"6.3",777744,672515,647304,691783,553993,672695,666971,677950,682998,"54.16",,0.691497,"0.7",1,0,0,,47,5,"Cutter",6,0,0,6,0,6,0,6,"Infield shade","Standard",192,"-0.008","0.262",,,,"-0.262",,6,-6,0.968,0.03200000000000003,30,30,31,30,3,2,6,1,5,1,"1.36","-0.07","0.07","37.5",,,,,
"FC","2025-05-27","94.1","-0.64","5.66","Burnes, Corbin",668804,669203,,"ball",,,,,14,"Ball","R","L","R","AZ","PIT","B",,,2,1,2025,"0.18","1","1.11","2.35",,,,0,6,"Top",,,,,,,4.168423035805046,-136.99286037039033,-5.141404205856689,1.3672582875082433,28.384526563276296,-18.69598332998253,"3.19","1.74",,,,"94.7",2641,"6.5",777744,672515,647304,691783,553993,672695,666971,677950,682998,"54.01",,,,,,,,47,4,"Cutter",6,0,0,6,0,6,0,6,"Infield shade","Standard",199,"-0.004","0.134",,,,"-0.134",,6,-6,0.972,0.028000000000000025,30,30,31,30,3,2,6,1,5,1,"1.56","-0.18","0.18","35.5",,,,,
"FC","2025-05-27","93.8","-0.62","5.75","Burnes, Corbin",668804,669203,,"called_strike",,,,,7,"Called Strike","R","L","R","AZ","PIT","S",,,2,0,2025,"-0.01","1.33","-0.39","1.84",,,,0,6,"Top",,,,,,,0.6253365723771542,-136.40016921777925,-7.320719379844545,-0.3220949657012667,31.49572934948515,-14.140308908181336,"3.16","1.76",,,,"94",2667,"6.6",777744,672515,647304,691783,553993,672695,666971,677950,682998,"53.94",,,,,,,,47,3,"Cutter",6,0,0,6,0,6,0,6,"Standard","Standard",198,"0.003","-0.072",,,,"0.072",,6,-6,0.969,0.031000000000000028,30,30,31,30,3,2,6,1,5,1,"1.27","0.01","-0.01","38.8",,,,,
"CH","2025-05-27","87.9","-0.69","5.6","Burnes, Corbin",668804,669203,,"ball",,,,,13,"Ball","R","L","R","AZ","PIT","B",,,1,0,2025,"-1.35","0.64","-1.1","1.62",,,,0,6,"Top",,,,,,,1.8162986051603278,-127.88267250822896,-4.783462924048676,-15.143232462124137,29.50613075328473,-24.341995398445363,"3.19","1.74",,,,"87.5",2100,"6.3",777744,672515,647304,691783,553993,672695,666971,677950,682998,"54.19",,,,,,,,47,2,"Changeup",6,0,0,6,0,6,0,6,"Infield shade","Standard",224,"-0.003","0.077",,,,"-0.077",,6,-6,0.972,0.028000000000000025,30,30,31,30,3,2,6,1,5,1,"2.34","1.35","-1.35","38.2",,,,,
"CU","2025-05-27","78.5","-0.54","5.93","Burnes, Corbin",668804,669203,,"ball",,,,,14,"Ball","R","L","R","AZ","PIT","B",,,0,0,2025,"0.78","-0.88","0.19","0.98",,,,0,6,"Top",,,,,,,0.1366389283518317,-114.22881029526623,-2.171942692455224,6.721966409773842,23.042892088271806,-39.59691296503164,"3.29","1.68",,,,"78.3",2676,"6.3",777744,672515,647304,691783,553993,672695,666971,677950,682998,"54.17",,,,,,,,47,1,"Curveball",6,0,0,6,0,6,0,6,"Infield shade","Standard",50,"-0.001","0.041",,,,"-0.041",,6,-6,0.973,0.027000000000000024,30,30,31,30,3,2,6,1,5,1,"4.61","-0.78","0.78","43.1",,,,,
"CU","2025-05-27","80.5","-0.24","5.92","Burnes, Corbin",665833,669203,"strikeout","swinging_strike",,,,,14,"Oneil Cruz strikes out swinging.","R","L","R","AZ","PIT","S",2,,2,2,2025,"0.88","-1.02","0.54","1.27",,,,2,5,"Top",,,,,,,0.05991169180251829,-117.25867016578457,-1.6674780118039034,8.098950610516201,23.9819147746118,-41.44017476100901,"3.89","1.81",,,,"80.4",2955,"6.3",777744,672515,647304,691783,553993,672695,666971,677950,682998,"54.15",,0,"0",1,0,0,,43,5,"Curveball",6,0,0,6,0,6,0,6,"Infield shade","Standard",50,"0.003","-0.224","76.1","9.0",,"0.224",,6,-6,0.975,0.025000000000000022,30,26,31,27,3,2,6,1,5,1,"4.56","-0.88","0.88","43.4",23.616060694158474,-28.72668838924404,41.972008269576406,32.120164855826346,46.551457674957064
"FC","2025-05-27","94.9","-0.49","5.82","Burnes, Corbin",665833,669203,,"called_strike",,,,,7,"Called Strike","R","L","R","AZ","PIT","S",,,2,1,2025,"0.29","1.18","-0.32","1.9",,,,2,5,"Top",,,,,,,-0.21730243839931368,-138.19401867029995,-7.260351219667527,3.8171465941019473,29.3511876770255,-15.688248151612619,"3.94","1.91",,,,"94.9",2730,"6.2",777744,672515,647304,691783,553993,672695,666971,677950,682998,"54.33",,,,,,,,43,4,"Cutter",6,0,0,6,0,6,0,6,"Infield shade","Standard",192,"0","-0.073",,,,"0.073",,6,-6,0.975,0.025000000000000022,30,26,31,27,3,2,6,1,5,1,"1.34","-0.29","0.29","38.0",,,,,
"CU","2025-05-27","78.7","-0.48","5.85","Burnes, Corbin",665833,669203,,"called_strike",,,,,7,"Called Strike","R","L","R","AZ","PIT","S",,,2,0,2025,"0.8","-1.09","-0.44","2.44",,,,2,5,"Top",,,,,,,-1.387360564248215,-114.47637735936387,1.537710871214722,7.29668555246545,23.40253707627761,-42.26268699089973,"3.84","1.86",,,,"78.1",2795,"6.1",777744,672515,647304,691783,553993,672695,666971,677950,682998,"54.35",,,,,,,,43,3,"Curveball",6,0,0,6,0,6,0,6,"Infield shade","Standard",59,"0.001","-0.066",,,,"0.066",,6,-6,0.974,0.026000000000000023,30,26,31,27,3,2,6,1,5,1,"4.81","-0.8","0.8","42.1",,,,,
"FC","2025-05-27","94.7","-0.49","5.76","Burnes, Corbin",665833,669203,,"ball",,,,,14,"Ball","R","L","R","AZ","PIT","B",,,1,0,2025,"0.25","1.08","2.04","0.87",,,,2,5,"Top",,,,,,,6.090624277470126,-137.67292550034531,-9.58209041132976,1.9464037216321537,28.299499591138865,-16.565941034600755,"3.94","1.8",,,,"95.5",2740,"6.6",777744,672515,647304,691783,553993,672695,666971,677950,682998,"53.85",,,,,,,,43,2,"Cutter",6,0,0,6,0,6,0,6,"Infield shade","Standard",194,"-0.001","0.065",,,,"-0.065",,6,-6,0.975,0.025000000000000022,30,26,31,27,3,2,6,1,5,1,"1.45","-0.25","0.25","36.6",,,,,
"CU","2025-05-27","80.6","-0.63","5.81","Burnes, Corbin",665833,669203,,"ball",,,,,14,"Ball","R","L","R","AZ","PIT","B",,,0,0,2025,"0.8","-0.86","0.35","1.1",,,,2,5,"Top",,,,,,,0.6625970040938134,-117.38385714874707,-2.128048986454218,7.1793707522888095,24.024035082989837,-39.88323187060848,"3.8","1.85",,,,"80.5",2795,"6.4",777744,672515,647304,691783,553993,672695,666971,677950,682998,"54.12",,,,,,,,43,1,"Curveball",6,0,0,6,0,6,0,6,"Infield shade","Standard",64,"0","0.037",,,,"-0.037",,6,-6,0.975,0.025000000000000022,30,26,31,27,3,2,6,1,5,1,"4.39","-0.8","0.8","42.4",,,,,
"SL","2025-05-27","87.4","-0.93","5.57","Burnes, Corbin",643396,669203,"field_out","hit_into_play",,,,,14,"Isiah Kiner-Falefa grounds out, shortstop Geraldo Perdomo to first baseman Josh Naylor.","R","R","R","AZ","PIT","X",6,"ground_ball",1,2,2025,"0.54","0.22","0.06","1.25",,,,1,5,"Top",116.03,161.15,,,,,1.2568238001480465,-127.39060600193041,-4.798531609447237,5.704289080768271,24.324372147475383,-29.01111999816513,"3.35","1.53",2,"68.6",-38,"87.5",2900,"6.1",777744,672515,647304,691783,553993,672695,666971,677950,682998,"54.37",0.101,0.098,"0",1,0,0,2,42,4,"Slider",6,0,0,6,0,6,0,6,"Standard","Standard",115,"0.004","-0.18","66.1","8.2",0.101,"0.18","88.0",6,-6,0.971,0.029000000000000026,30,30,31,30,2,1,6,1,5,1,"2.73","-0.54","-0.54","32.4",24.83277249538807,-26.451145361680776,37.007056785259664,36.15572253270968,46.14805309929881
"SL","2025-05-27","90.5","-0.82","5.72","Burnes, Corbin",643396,669203,,"ball",,,,,14,"Ball","R","R","R","AZ","PIT","B",,,0,2,2025,"0.52","0.33","1.3","1.31",,,,1,5,"Top",,,,,,,4.1774876919711526,-131.70820504452186,-5.806944452041481,5.257078842482496,25.685190455296205,-27.3517587307638,"3.34","1.46",,,,"90.7",2941,"6.2",777744,672515,647304,691783,553993,672695,666971,677950,682998,"54.28",,,,,,,,42,3,"Slider",6,0,0,6,0,6,0,6,"Standard","Standard",145,"-0.001","0.017",,,,"-0.017",,6,-6,0.972,0.028000000000000025,30,30,31,30,2,1,6,1,5,1,"2.43","-0.52","-0.52","36.5",,,,,
"FC","2025-05-27","93.7","-0.9","5.66","Burnes, Corbin",643396,669203,,"foul",,,,,6,"Foul","R","R","R","AZ","PIT","S",,,0,1,2025,"0.12","0.98","0.62","2.29",,,,1,5,"Top",,,,,,,3.670635591591045,-136.37844505175866,-5.156343844381261,0.7506832379893156,29.375271395204358,-19.000697493975824,"3.35","1.53",226,"80",52,"93.7",2561,"6.2",777744,672515,647304,691783,553993,672695,666971,677950,682998,"54.25",,,,,,,,42,2,"Cutter",6,0,0,6,0,6,0,6,"Standard","Standard",208,"0.001","-0.052","66.1","6.8",,"0.052","88.0",6,-6,0.971,0.029000000000000026,30,30,31,30,2,1,6,1,5,1,"1.61","-0.12","-0.12","32.1",3.114590191546984,13.220463853739652,31.59824834829122,44.35276325417638,25.284715072565632
"FC","2025-05-27","93.5","-0.8","5.72","Burnes, Corbin",643396,669203,,"called_strike",,,,,2,"Called Strike","R","R","R","AZ","PIT","S",,,0,0,2025,"0.06","1.04","0.13","2.99",,,,1,5,"Top",,,,,,,2.2782423627848285,-136.12306712308347,-3.605495813431044,0.28715771095177894,29.319587778072645,-18.67926065938221,"3.42","1.56",,,,"93.4",2498,"6.2",777744,672515,647304,691783,553993,672695,666971,677950,682998,"54.32",,,,,,,,42,1,"Cutter",6,0,0,6,0,6,0,6,"Standard","Standard",197,"0.001","-0.039",,,,"0.039",,6,-6,0.97,0.030000000000000027,30,30,31,30,2,1,6,1,5,1,"1.56","-0.06","-0.06","37.6",,,,,
"SI","2025-05-27","94.8","-0.78","5.71","Burnes, Corbin",663647,669203,"strikeout","called_strike",,,,,6,"Ke'Bryan Hayes called out on strikes.","R","R","R","AZ","PIT","S",2,,0,2,2025,"-1.06","0.92","0.45","2.03",,,,0,5,"Top",,,,,,,5.56048183980856,-137.9146950804936,-6.022450372319884,-14.75130270210121,30.425361270335994,-19.226102858219623,"3.26","1.46",,,,"94.9",2374,"6.3",777744,672515,647304,691783,553993,672695,666971,677950,682998,"54.19",,0,"0",1,0,0,,41,3,"Sinker",6,0,0,6,0,6,0,6,"Standard","Standard",211,"0.005","-0.165",,,,"0.165",,6,-6,0.965,0.03500000000000003,30,28,31,28,2,1,6,1,5,1,"1.61","1.06","1.06","34.8",,,,,
"SL","2025-05-27","86.9","-0.93","5.59","Burnes, Corbin",663647,669203,,"foul",,,,,9,"Foul","R","R","R","AZ","PIT","S",,,0,1,2025,"0.59","0.17","0.3","1.74",,,,0,5,"Top",,,,,,,1.7249362221711575,-126.53856187452091,-3.397604221764254,6.046194767396132,25.570911501028,-29.856875309832418,"3.23","1.54",4,"41.6",-24,"86.7",2721,"6.1",777744,672515,647304,691783,553993,672695,666971,677950,682998,"54.43",,,,,,,,41,2,"Slider",6,0,0,6,0,6,0,6,"Standard","Standard",124,"0.002","-0.055","68.5","7.2",,"0.055","88.0",6,-6,0.963,0.03700000000000003,30,28,31,28,2,1,6,1,5,1,"2.84","-0.59","-0.59","33.4",10.799240128485568,-13.246301373080325,30.035577856715744,39.63338262304557,44.79183932552537
"FC","2025-05-27","93.2","-0.96","5.69","Burnes, Corbin",663647,669203,,"called_strike",,,,,4,"Called Strike","R","R","R","AZ","PIT","S",,,0,0,2025,"-0.34","1.1","-0.64","2.69",,,,0,5,"Top",,,,,,,1.5791811671195664,-135.82608408220864,-4.41205904647504,-4.551966642408528,27.260599055044306,-17.760229441308496,"3.35","1.52",,,,"93.5",2551,"6.2",777744,672515,647304,691783,553993,672695,666971,677950,682998,"54.29",,,,,,,,41,1,"Cutter",6,0,0,6,0,6,0,6,"Standard","Standard",206,"0.001","-0.039",,,,"0.039",,6,-6,0.962,0.038000000000000034,30,28,31,28,2,1,6,1,5,1,"1.5","0.34","0.34","33.5",,,,,
"FC","2025-05-27","95.1","-0.54","5.85","Burnes, Corbin",502054,669203,"field_out","hit_into_play",,,,,5,"Tommy Pham pops out to second baseman Jordan Lawlar.","R","R","R","AZ","PIT","X",4,"popup",3,2,2025,"-0.17","0.98","0.14","2.26",,,,2,4,"Top",161.67,132.76,,,,,2.142473324741179,-138.43864982624623,-5.965091297838537,-2.617282569565922,30.31701923390032,-18.41633427316992,"3.48","1.6",180,"91.2",60,"95",2688,"6.2",777744,672515,647304,691783,553993,672695,666971,677950,682998,"54.32",0.03,0.039,"0",1,0,0,3,30,7,"Cutter",1,0,0,1,0,1,0,1,"Standard","Standard",196,"0.015","-0.328","76.2","7.1",0.054,"0.328","91.2",1,-1,0.67,0.32999999999999996,30,37,31,37,2,1,6,2,5,3,"1.53","0.17","0.17","38.6",4.248236948698155,-8.589524456901692,32.957951776621876,37.955993111154996,33.614958755189015
"FC","2025-05-27","94.9","-0.59","5.87","Burnes, Corbin",502054,669203,,"foul",,,,,7,"Foul","R","R","R","AZ","PIT","S",,,3,2,2025,"0.19","1.24","-0.32","2.15",,,,2,4,"Top",,,,,,,0.2736344623224374,-138.2127215883301,-6.876301645119925,2.419001288513953,28.703248551732734,-14.964028563810382,"3.48","1.6",217,"73.2",46,"95.2",2623,"6.2",777744,672515,647304,691783,553993,672695,666971,677950,682998,"54.25",,,,,,,,30,6,"Cutter",1,0,0,1,0,1,0,1,"Standard","Standard",202,"0","0","69.4","5.9",,"0","88.0",1,-1,0.67,0.32999999999999996,30,37,31,37,2,1,6,2,5,3,"1.27","-0.19","-0.19","38.2",-14.113160171146871,21.579897141323315,33.068464188661736,33.318423515843875,20.815235801785683
"SI","2025-05-27","96.2","-0.44","5.73","Burnes, Corbin",502054,669203,,"ball",,,,,14,"Ball","R","R","R","AZ","PIT","B",,,2,2,2025,"-1.14","0.99","0.81","1.52",,,,2,4,"Top",,,,,,,5.941823354372851,-139.75858850679438,-7.823066875860879,-16.266629407921485,31.714764688518926,-17.658037194676293,"3.54","1.72",,,,"96.7",2547,"6.7",777744,672515,647304,691783,553993,672695,666971,677950,682998,"53.81",,,,,,,,30,5,"Sinker",1,0,0,1,0,1,0,1,"Standard","Standard",204,"-0.003","0.104",,,,"-0.104",,1,-1,0.673,0.32699999999999996,30,37,31,37,2,1,6,2,5,3,"1.49","1.14","1.14","36.0",,,,,
"FC","2025-05-27","93.9","-0.46","5.81","Burnes, Corbin",502054,669203,,"foul",,,,,8,"Foul","R","R","R","AZ","PIT","S",,,2,1,2025,"0.05","0.91","-0.13","2.03",,,,2,4,"Top",,,,,,,0.7620238907812912,-136.6837461445371,-6.088203624054507,0.4113759464553382,28.821169093950974,-19.632432100601285,"3.48","1.6",,,,"93.9",2532,"6.2",777744,672515,647304,691783,553993,672695,666971,677950,682998,"54.33",,,,,,,,30,4,"Cutter",1,0,0,1,0,1,0,1,"Standard","Standard",199,"0.003","-0.073","25.2","4.9",,"0.073",,1,-1,0.67,0.32999999999999996,30,37,31,37,2,1,6,2,5,3,"1.66","-0.05","-0.05","39.2",-36.111622549219845,37.633061360226996,44.72527174146877,34.74759281145316,-1.099237870977582
"SI","2025-05-27","96.2","-0.58","5.79","Burnes, Corbin",502054,669203,,"ball",,,,,11,"Ball","R","R","R","AZ","PIT","B",,,1,1,2025,"-1.05","0.65","-1.2","2.73",,,,2,4,"Top",,,,,,,0.7385559087317364,-140.19404366812182,-4.061879480184646,-14.11550475939364,29.95343937855458,-22.83978325857899,"3.53","1.65",,,,"96.6",2510,"6.3",777744,672515,647304,691783,553993,672695,666971,677950,682998,"54.18",,,,,,,,30,3,"Sinker",1,0,0,1,0,1,0,1,"Standard","Standard",202,"-0.003","0.053",,,,"-0.053",,1,-1,0.673,0.32699999999999996,30,37,31,37,2,1,6,2,5,3,"1.79","1.05","1.05","37.1",,,,,
"FC","2025-05-27","95.2","-0.69","5.71","Burnes, Corbin",502054,669203,,"foul",,,,,1,"Foul","R","R","R","AZ","PIT","S",,,1,0,2025,"-0.27","1.18","-0.39","2.98",,,,2,4,"Top",,,,,,,1.3888069388435922,-138.73742091560078,-4.236846876681781,-3.7480301116593213,28.49600308108187,-16.210910413905633,"3.48","1.6",,,,"95.6",2546,"6.2",777744,672515,647304,691783,553993,672695,666971,677950,682998,"54.25",,,,,,,,30,2,"Cutter",1,0,0,1,0,1,0,1,"Standard","Standard",205,"0.003","-0.054","74.1","6.4",,"0.054",,1,-1,0.67,0.32999999999999996,30,37,31,37,2,1,6,2,5,3,"1.31","0.27","0.27","32.2",9.761268408702833,4.101617700728864,28.860994582937266,31.94891574659849,28.69435752380084
"FC","2025-05-27","94.5","-0.74","5.69","Burnes, Corbin",502054,669203,,"ball",,,,,14,"Ball","R","R","R","AZ","PIT","B",,,0,0,2025,"0.2","1.11","1.43","2.24",,,,2,4,"Top",,,,,,,5.198527595008797,-137.63651987808652,-5.83147913397809,1.58408146664183,27.518434956963134,-16.996030193266,"3.59","1.61",,,,"95",2650,"6.3",777744,672515,647304,691783,553993,672695,666971,677950,682998,"54.2",,,,,,,,30,1,"Cutter",1,0,0,1,0,1,0,1,"Standard","Standard",201,"-0.002","0.037",,,,"-0.037",,1,-1,0.672,0.32799999999999996,30,37,31,37,2,1,6,2,5,3,"1.42","-0.2","-0.2","36.5",,,,,
"CU","2025-05-27","81.9","-0.44","5.83","Burnes, Corbin",624428,669203,"field_out","hit_into_play",,,,,9,"Adam Frazier grounds out, shortstop Geraldo Perdomo to first baseman Josh Naylor.","R","L","R","AZ","PIT","X",6,"ground_ball",0,2,2025,"0.84","-0.84","0.44","1.54",,,,1,4,"Top",127.25,142.37,,,,,0.36609827890663826,-119.25857466997655,-1.4913574582690918,7.94968472986471,23.678756233968105,-40.062370675226234,"3.19","1.48",9,"78.1",-10,"81.8",2831,"6.3",777744,672515,647304,691783,553993,672695,666971,677950,682998,"54.24",0.066,0.057,"0",1,0,0,2,29,3,"Curveball",1,0,0,1,0,1,0,1,"Strategic","Standard",56,"0.013","-0.163","53.2","6.0",0.074,"0.163","88.0",1,-1,0.659,0.34099999999999997,30,33,31,34,2,1,6,1,5,3,"4.24","-0.84","0.84","41.1",-5.380940435617354,16.8999826359675,45.763847381036136,28.021489596283956,18.1196381991334
"FC","2025-05-27","94.6","-0.68","5.76","Burnes, Corbin",624428,669203,,"foul",,,,,14,"Foul","R","L","R","AZ","PIT","S",,,0,1,2025,"0.23","1.15","1.03","2.1",,,,1,4,"Top",,,,,,,3.9690909921553197,-137.73324169200262,-6.467074610231121,2.1425758099223904,29.427588048615362,-16.341067965478132,"3.19","1.48",232,"100.8",15,"95.2",2666,"6.5",777744,672515,647304,691783,553993,672695,666971,677950,682998,"53.97",,,,,,,,29,2,"Cutter",1,0,0,1,0,1,0,1,"Standard","Standard",201,"0.004","-0.052","65.0","6.7",,"0.052","100.8",1,-1,0.655,0.345,30,33,31,34,2,1,6,1,5,3,"1.39","-0.23","0.23","34.1",15.704939480096629,-11.763919444920289,42.40827906350987,20.990200907209143,29.404120714352317
"FC","2025-05-27","93.7","-0.81","5.77","Burnes, Corbin",624428,669203,,"foul",,,,,1,"Foul","R","L","R","AZ","PIT","S",,,0,0,2025,"0.18","0.95","-0.75","3.05",,,,1,4,"Top",,,,,,,-0.23951916020799618,-136.57358026186995,-3.4853184461192654,2.3799196160337526,25.96897657225457,-19.722471276424834,"3.19","1.48",258,"83.6",39,"94.4",2539,"6.3",777744,672515,647304,691783,553993,672695,666971,677950,682998,"54.19",,,,,,,,29,1,"Cutter",1,0,0,1,0,1,0,1,"Standard","Standard",198,"0.003","-0.039","60.2","5.7",,"0.039","88.0",1,-1,0.652,0.348,30,33,31,34,2,1,6,1,5,3,"1.61","-0.18","0.18","40.9",-5.29242396102409,30.235402743125082,29.766465699880268,40.75919414416563,10.55008058406602
"SI","2025-05-27","94.6","-0.63","5.76","Burnes, Corbin",672744,669203,"field_out","hit_into_play",,,,,8,"Alexander Canario grounds out, third baseman Eugenio Suárez to first baseman Josh Naylor.","R","R","R","AZ","PIT","X",5,"ground_ball",2,1,2025,"-1.15","0.91","-0.25","1.75",,,,0,4,"Top",94.73,166.73,,,,,3.521913885661239,-137.58966765245023,-6.788678207436554,-15.367442194933169,30.467283543860177,-19.286087210260924,"3.58","1.69",3,"78.8",-28,"94.3",2459,"6.1",777744,672515,647304,691783,553993,672695,666971,677950,682998,"54.36",0.03,0.041,"0",1,0,0,2,28,4,"Sinker",1,0,0,1,0,1,0,1,"Standard","Standard",209,"0.034","-0.305","77.8","8.6",0.03,"0.305","88.0",1,-1,0.618,0.382,30,25,31,25,2,1,6,1,5,1,"1.64","1.15","1.15","40.8",10.722541118304541,1.8511132894912488,41.26440764503653,32.892848154835306,25.774926409930757
"SI","2025-05-27","94.6","-0.85","5.75","Burnes, Corbin",672744,669203,,"ball",,,,,11,"Ball","R","R","R","AZ","PIT","B",,,1,1,2025,"-1.1","0.99","-1.38","3.01",,,,0,4,"Top",,,,,,,1.0740949721527187,-137.7734389379539,-3.6471192189602792,-14.26823216375703,31.800444843239898,-18.949628063072602,"3.62","1.71",,,,"94.2",2507,"6.1",777744,672515,647304,691783,553993,672695,666971,677950,682998,"54.38",,,,,,,,28,3,"Sinker",1,0,0,1,0,1,0,1,"Standard","Standard",205,"-0.006","0.055",,,,"-0.055",,1,-1,0.624,0.376,30,25,31,25,2,1,6,1,5,1,"1.56","1.1","1.1","33.6",,,,,
"SL","2025-05-27","89.8","-0.81","5.66","Burnes, Corbin",672744,669203,,"ball",,,,,14,"Ball","R","R","R","AZ","PIT","B",,,0,1,2025,"0.24","0.48","1.27","1.52",,,,0,4,"Top",,,,,,,4.634465130880451,-130.74606839044546,-5.3251584779375145,1.9118385172991958,25.518883003928362,-25.794885210946426,"3.62","1.73",,,,"90",2728,"6.2",777744,672515,647304,691783,553993,672695,666971,677950,682998,"54.26",,,,,,,,28,2,"Slider",1,0,0,1,0,1,0,1,"Standard","Standard",161,"-0.003","0.031",,,,"-0.031",,1,-1,0.627,0.373,30,25,31,25,2,1,6,1,5,1,"2.33","-0.24","-0.24","37.7",,,,,
"FC","2025-05-27","93.2","-0.56","5.91","Burnes, Corbin",672744,669203,,"foul",,,,,5,"Foul","R","R","R","AZ","PIT","S",,,0,0,2025,"0.1","1.21","0.24","2.44",,,,0,4,"Top",,,,,,,1.8417898278935898,-135.7371791378622,-5.8268838892972825,0.8008298045789097,28.591960084069004,-16.17601099426527,"3.58","1.69",,,,"93.1",2518,"6.1",777744,672515,647304,691783,553993,672695,666971,677950,682998,"54.43",,,,,,,,28,1,"Cutter",1,0,0,1,0,1,0,1,"Standard","Standard",203,"0.004","-0.039","75.2","7.8",,"0.039",,1,-1,0.623,0.377,30,25,31,25,2,1,6,1,5,1,"1.4","-0.1","-0.1","41.4",5.106617458937267,10.487195865834487,36.19599678563324,37.725548955400015,22.697048964780844
"SI","2025-05-27","96.4","-0.61","5.78","Burnes, Corbin",663698,669203,"field_out","hit_into_play",,,,,4,"Joey Bart grounds out, shortstop Geraldo Perdomo to first baseman Josh Naylor.","R","R","R","AZ","PIT","X",6,"ground_ball",2,1,2025,"-1.02","0.65","-0.71","2.77",,668804,687462,2,3,"Top",116.63,142.67,,,,,2.074802827907523,-140.47359599691183,-3.9426290910645405,-14.022121809891292,30.716016185124882,-22.831442793670742,"3.49","1.59",4,"71.7",-32,"96.7",2404,"6.3",777744,672515,647304,691783,553993,672695,666971,677950,682998,"54.2",0.046,0.044,"0",1,0,0,2,23,4,"Sinker",1,0,0,1,0,1,0,1,"Standard","Standard",201,"0.055","-0.283","72.4","6.1",0.046,"0.283","88.0",1,-1,0.614,0.386,30,28,31,29,2,1,6,1,5,21,"1.78","1.02","1.02","37.2",-2.42470675314982,18.511115279784907,30.80310363822443,31.04644539309598,23.39076308349216
"SI","2025-05-27","96.3","-0.49","5.8","Burnes, Corbin",663698,669203,,"ball",,,,,14,"Ball","R","R","R","AZ","PIT","B",,,1,1,2025,"-1.07","0.79","0.17","1.08",,668804,687462,2,3,"Top",,,,,,,4.17653145737652,-139.9981323359269,-8.782639180053215,-15.087829804554088,29.534639928172858,-20.07685744829712,"3.48","1.57",,,,"96.7",2408,"6.4",777744,672515,647304,691783,553993,672695,666971,677950,682998,"54.1",,,,,,,,23,3,"Sinker",1,0,0,1,0,1,0,1,"Standard","Standard",207,"-0.007","0.03",,,,"-0.03",,1,-1,0.621,0.379,30,28,31,29,2,1,6,1,5,21,"1.66","1.07","1.07","38.1",,,,,
"SI","2025-05-27","95.9","-0.58","5.83","Burnes, Corbin",663698,669203,,"ball",,,,,13,"Ball","R","R","R","AZ","PIT","B",,,0,1,2025,"-1.27","0.71","-1.66","2.24",,668804,687462,2,3,"Top",,,,,,,0.03539544960031654,-139.61980704184984,-5.503641340437734,-16.655859227155357,31.153921611279006,-21.79932516113358,"3.52","1.64",,,,"95.9",2461,"6.2",777744,672515,647304,691783,553993,672695,666971,677950,682998,"54.25",,,,,,,,23,2,"Sinker",1,0,0,1,0,1,0,1,"Standard","Standard",204,"-0.005","0.018",,,,"-0.018",,1,-1,0.626,0.374,30,28,31,29,2,1,6,1,5,21,"1.76","1.27","1.27","40.3",,,,,
"FC","2025-05-27","95.6","-0.53","5.75","Burnes, Corbin",663698,669203,,"called_strike",,,,,12,"Called Strike","R","R","R","AZ","PIT","S",,,0,0,2025,"0.26","0.85","0.93","2.72",,668804,687462,2,3,"Top",,,,,,,3.2698041325462346,-139.2223688309719,-4.348129570208729,2.742267840576242,29.00478628547044,-20.32716910834852,"3.57","1.68",,,,"96.2",2507,"6.4",777744,672515,647304,691783,553993,672695,666971,677950,682998,"54.1",,,,,,,,23,1,"Cutter",1,0,0,1,0,1,0,1,"Standard","Standard",193,"0.008","-0.047",,,,"0.047",,1,-1,0.618,0.382,30,28,31,29,2,1,6,1,5,21,"1.62","-0.26","-0.26","37.5",,,,,
"FC","2025-05-27","94.5","-0.74","5.83","Burnes, Corbin",687462,669203,"single","hit_into_play",,,,,2,"Spencer Horwitz singles on a line drive to left fielder Lourdes Gurriel Jr. Bryan Reynolds to 2nd.","R","L","R","AZ","PIT","X",7,"line_drive",0,2,2025,"0.37","0.88","0.16","3.1",,,668804,2,3,"Top",79.23,111.85,,,,,1.5129746709139569,-137.799698058589,-3.4506410832664542,4.437782194701717,27.49476549286933,-20.43876309221431,"3.62","1.68",196,"71.3",21,"95.2",2673,"6.3",777744,672515,647304,691783,553993,672695,666971,677950,682998,"54.17",0.947,0.874,"0.9",1,1,0,4,22,3,"Cutter",1,0,0,1,0,1,0,1,"Infield shade","Standard",185,"-0.034","0.443","63.3","5.8",1.015,"-0.443","88.0",1,-1,0.652,0.348,30,27,31,28,2,1,6,1,5,1,"1.65","-0.37","0.37","38.5",-2.1144619075767075,19.67296984270865,33.89504330897791,32.32486717757482,22.44354151649384
"CH","2025-05-27","88","-0.98","5.46","Burnes, Corbin",687462,669203,,"swinging_strike",,,,,13,"Swinging Strike","R","L","R","AZ","PIT","S",,,0,1,2025,"-1.2","0.81","-1.33","2.25",,,668804,2,3,"Top",,,,,,,1.6400692724046841,-128.22739526464943,-3.4404908559013108,-13.6805951554947,24.461988166481646,-22.720067508215916,"3.62","1.68",,,,"88.4",2098,"6.3",777744,672515,647304,691783,553993,672695,666971,677950,682998,"54.24",,,,,,,,22,2,"Changeup",1,0,0,1,0,1,0,1,"Standard","Standard",231,"0.005","-0.055","74.4","7.3",,"0.055",,1,-1,0.647,0.353,30,27,31,28,2,1,6,1,5,1,"2.11","1.2","-1.2","33.8",15.792836058392139,1.1195123896185333,28.536435170273922,51.16908908124807,32.07414757298166
"FC","2025-05-27","95","-0.74","5.78","Burnes, Corbin",687462,669203,,"called_strike",,,,,6,"Called Strike","R","L","R","AZ","PIT","S",,,0,0,2025,"0.11","0.93","0.48","2.58",,,668804,2,3,"Top",,,,,,,2.9741290760114087,-138.41835768721998,-4.926741945427503,0.8831335627622051,27.715416577740882,-19.281549419595525,"3.63","1.72",,,,"96.1",2634,"6.6",777744,672515,647304,691783,553993,672695,666971,677950,682998,"53.88",,,,,,,,22,1,"Cutter",1,0,0,1,0,1,0,1,"Standard","Standard",196,"0.004","-0.042",,,,"0.042",,1,-1,0.643,0.357,30,27,31,28,2,1,6,1,5,1,"1.56","-0.11","0.11","36.9",,,,,
"FC","2025-05-27","94.1","-0.74","5.81","Burnes, Corbin",668804,669203,"single","hit_into_play",,,,,4,"Bryan Reynolds singles on a sharp ground ball to left fielder Lourdes Gurriel Jr.","R","L","R","AZ","PIT","X",7,"ground_ball",0,0,2025,"0.32","0.89","-0.34","2.57",,,,2,3,"Top",75.97,101.82,,,,,0.3395718025968515,-137.16047938318908,-4.739276281992237,4.001686893963048,26.48982260920593,-20.105941538408246,"3.24","1.57",66,"103.3",1,"94.5",2585,"6.2",777744,672515,647304,691783,553993,672695,666971,677950,682998,"54.32",0.478,0.431,"0.9",1,1,0,4,21,1,"Cutter",1,0,0,1,0,1,0,1,"Infield shade","Standard",191,"-0.014","0.325","67.4","5.9",0.514,"-0.325","103.3",1,-1,0.657,0.34299999999999997,30,30,31,30,2,1,6,1,5,1,"1.65","-0.32","0.32","37.6",-1.5267842865692094,26.826757553656122,35.96708805764571,38.49173958590219,12.30126237112917
"FC","2025-05-27","94.7","-0.65","5.81","Burnes, Corbin",665833,669203,"strikeout","swinging_strike",,,,,9,"Oneil Cruz strikes out swinging.","R","L","R","AZ","PIT","S",2,,1,2,2025,"0.17","0.8","0.69","2.03",,,,1,3,"Top",,,,,,,3.136823349392256,-137.9380422918982,-6.0312585780315935,1.485817305709006,29.34775153034356,-20.86661410513697,"3.89","1.81",,,,"95.3",2545,"6.5",777744,672515,647304,691783,553993,672695,666971,677950,682998,"54.03",,0,"0",1,0,0,,20,5,"Cutter",1,0,0,1,0,1,0,1,"Infield shade","Standard",195,"0.014","-0.18",,,,"0.18",,1,-1,0.643,0.357,30,26,31,27,2,1,6,1,5,1,"1.73","-0.17","0.17","38.3",,,,,
"CU","2025-05-27","81.1","-0.43","5.9","Burnes, Corbin",665833,669203,,"foul",,,,,14,"Foul","R","L","R","AZ","PIT","S",,,1,2,2025,"0.82","-0.61","0.46","1.19",,,,1,3,"Top",,,,,,,0.4363300401991326,-118.04525021193889,-2.680298571478878,7.538511292999409,24.496025233686783,-37.544644397991036,"3.89","1.81",,,,"80.8",2872,"6.3",777744,672515,647304,691783,553993,672695,666971,677950,682998,"54.22",,,,,,,,20,4,"Curveball",1,0,0,1,0,1,0,1,"Infield shade","Standard",53,"0","0","58.2","8.5",,"0",,1,-1,0.643,0.357,30,26,31,27,2,1,6,1,5,1,"4.1","-0.82","0.82","45.3",17.668098271740355,-26.491786930931966,41.39315698203504,31.279721225434905,43.50087008967317
"FC","2025-05-27","94.9","-0.8","5.73","Burnes, Corbin",665833,669203,,"called_strike",,,,,9,"Called Strike","R","L","R","AZ","PIT","S",,,1,1,2025,"0.09","0.97","0.79","1.79",,,,1,3,"Top",,,,,,,3.971796282568575,-138.0296034556093,-6.833628372027428,0.23139372527591867,30.931238892730025,-18.472016896859422,"3.87","1.81",,,,"95.4",2659,"6.6",777744,672515,647304,691783,553993,672695,666971,677950,682998,"53.88",,,,,,,,20,3,"Cutter",1,0,0,1,0,1,0,1,"Infield shade","Standard",193,"0.004","-0.064",,,,"0.064",,1,-1,0.639,0.361,30,26,31,27,2,1,6,1,5,1,"1.57","-0.09","0.09","36.9",,,,,
"FC","2025-05-27","94.2","-0.69","5.7","Burnes, Corbin",665833,669203,,"ball",,,,,14,"Ball","R","L","R","AZ","PIT","B",,,0,1,2025,"0.38","1","1.07","1.55",,,,1,3,"Top",,,,,,,3.7590180023303463,-137.0988601493722,-7.346736429746107,3.9809084590180692,28.910631888494926,-18.09987427645213,"3.97","1.85",,,,"94.7",2522,"6.5",777744,672515,647304,691783,553993,672695,666971,677950,682998,"54.02",,,,,,,,20,2,"Cutter",1,0,0,1,0,1,0,1,"Infield shade","Standard",200,"-0.002","0.029",,,,"-0.029",,1,-1,0.641,0.359,30,26,31,27,2,1,6,1,5,1,"1.55","-0.38","0.38","39.4",,,,,
"CU","2025-05-27","79.9","-0.58","5.88","Burnes, Corbin",665833,669203,,"called_strike",,,,,5,"Called Strike","R","L","R","AZ","PIT","S",,,0,0,2025,"0.54","-0.57","-0.12","2.78",,,,1,3,"Top",,,,,,,-0.012174857534264838,-116.37427373472822,0.9927509120156839,4.937186387190081,22.770050744655038,-37.780339875863966,"3.72","1.71",,,,"79.7",2631,"6.2",777744,672515,647304,691783,553993,672695,666971,677950,682998,"54.28",,,,,,,,20,1,"Curveball",1,0,0,1,0,1,0,1,"Infield shade","Standard",64,"0.003","-0.039",,,,"0.039",,1,-1,0.638,0.362,30,26,31,27,2,1,6,1,5,1,"4.15","-0.54","0.54","41.7",,,,,
"FC","2025-05-27","94.2","-0.79","5.78","Burnes, Corbin",643396,669203,"field_out","hit_into_play",,,,,5,"Isiah Kiner-Falefa grounds out, second baseman Jordan Lawlar to first baseman Josh Naylor.","R","R","R","AZ","PIT","X",4,"ground_ball",0,0,2025,"0.23","1.36","0.18","2.5",,,,0,3,"Top",149.5,155.07,,,,,1.9925969456108406,-137.12634509034172,-5.8285056844504055,2.479976616438512,31.00316955420396,-13.949663817736681,"3.35","1.53",20,"68.6",-5,"94.2",2476,"6.3",777744,672515,647304,691783,553993,672695,666971,677950,682998,"54.17",0.063,0.062,"0",1,0,0,2,19,1,"Cutter",1,0,0,1,0,1,0,1,"Standard","Standard",205,"0.026","-0.259","66.2","7.3",0.066,"0.259","88.0",1,-1,0.612,0.388,30,30,31,30,1,0,6,1,5,1,"1.21","-0.23","-0.23","36.2",15.423517793196757,-9.6017928190987,32.68430199255305,38.04216091623462,36.603801507812946
"SI","2025-05-27","95.5","-0.56","5.76","Burnes, Corbin",663647,669203,"field_out","hit_into_play",,,,,4,"Ke'Bryan Hayes grounds out, shortstop Geraldo Perdomo to first baseman Josh Naylor.","R","R","R","AZ","PIT","X",6,"ground_ball",1,1,2025,"-1.33","0.67","-0.74","2.33",,,,2,2,"Top",115.02,151.01,,,,,2.517443883728406,-139.0350474819224,-4.894579451184164,-17.854225956377636,31.536453758862553,-22.623519566333098,"3.23","1.54",4,"73.5",-30,"95.4",2362,"6.2",777744,672515,647304,691783,553993,672695,666971,677950,682998,"54.29",0.041,0.041,"0",1,0,0,2,15,3,"Sinker",1,0,0,1,0,1,0,1,"Infield shade","Standard",207,"0.01","-0.244","71.5","6.2",0.045,"0.244","88.0",1,-1,0.646,0.354,30,28,31,28,1,0,6,1,5,1,"1.83","1.33","1.33","35.2",-4.407178807093946,12.039086800180224,31.442073632501376,25.068096318829824,24.090296363341587
"FC","2025-05-27","94.7","-0.71","5.8","Burnes, Corbin",663647,669203,,"called_strike",,,,,4,"Called Strike","R","R","R","AZ","PIT","S",,,1,0,2025,"0.15","1.09","-0.59","2.5",,,,2,2,"Top",,,,,,,-0.044010164922481144,-137.87698314481122,-5.405958712950476,1.945731822160553,29.9814081121616,-17.289448201141386,"3.3","1.61",,,,"94.8",2513,"6.3",777744,672515,647304,691783,553993,672695,666971,677950,682998,"54.22",,,,,,,,15,2,"Cutter",1,0,0,1,0,1,0,1,"Infield shade","Standard",200,"0.002","-0.054",,,,"0.054",,1,-1,0.644,0.356,30,28,31,28,1,0,6,1,5,1,"1.44","-0.15","-0.15","36.6",,,,,
"SI","2025-05-27","94.7","-0.62","5.8","Burnes, Corbin",663647,669203,,"ball",,,,,11,"Ball","R","R","R","AZ","PIT","B",,,0,0,2025,"-1.07","0.87","-1.05","3.23",,,,2,2,"Top",,,,,,,1.2691212889797279,-137.93029320231673,-3.012467059108678,-13.902558961236924,30.18793651093817,-20.57169269402794,"3.37","1.59",,,,"94.7",2329,"6.2",777744,672515,647304,691783,553993,672695,666971,677950,682998,"54.29",,,,,,,,15,1,"Sinker",1,0,0,1,0,1,0,1,"Infield shade","Standard",203,"-0.001","0.037",,,,"-0.037",,1,-1,0.645,0.355,30,28,31,28,1,0,6,1,5,1,"1.66","1.07","1.07","36.9",,,,,
"SL","2025-05-27","90.3","-0.92","5.6","Burnes, Corbin",502054,669203,"field_out","hit_into_play",,,,,9,"Tommy Pham grounds out, shortstop Geraldo Perdomo to first baseman Josh Naylor.","R","R","R","AZ","PIT","X",6,"ground_ball",1,1,2025,"0.62","0.29","0.53","1.71",,,,1,2,"Top",107.41,153.04,,,,,2.289578401331908,-131.5532165937284,-4.380182511415887,6.71512173448002,27.327064942744286,-28.121710589790816,"3.48","1.6",6,"95.5",-16,"90.5",2586,"6.3",777744,672515,647304,691783,553993,672695,666971,677950,682998,"54.22",0.175,0.164,"0",1,0,0,2,14,3,"Slider",1,0,0,1,0,1,0,1,"Standard","Standard",159,"0.017","-0.244","77.8","7.7",0.199,"0.244","95.5",1,-1,0.628,0.372,30,37,31,37,1,0,6,2,5,3,"2.5","-0.62","-0.62","32.3",8.18838619504154,-4.3780926961915405,29.71008870337643,43.03176309523006,35.07361316934892
"SL","2025-05-27","89.1","-0.79","5.67","Burnes, Corbin",502054,669203,,"ball",,,,,14,"Ball","R","R","R","AZ","PIT","B",,,0,1,2025,"0.33","0.43","1.43","0.53",,,,1,2,"Top",,,,,,,4.771604232936964,-129.73024653812638,-7.59700135910102,2.945358138583555,22.78074124830987,-26.08427278141327,"3.46","1.62",,,,"89.9",2819,"6.4",777744,672515,647304,691783,553993,672695,666971,677950,682998,"54.14",,,,,,,,14,2,"Slider",1,0,0,1,0,1,0,1,"Standard","Standard",120,"-0.002","0.029",,,,"-0.029",,1,-1,0.63,0.37,30,37,31,37,1,0,6,2,5,3,"2.4","-0.33","-0.33","34.6",,,,,
"FC","2025-05-27","94.8","-0.66","5.83","Burnes, Corbin",502054,669203,,"called_strike",,,,,8,"Called Strike","R","R","R","AZ","PIT","S",,,0,0,2025,"0.04","1.2","0.17","2.03",,,,1,2,"Top",,,,,,,2.090853861379077,-138.06797756777885,-7.076013164332871,0.17363635503417213,26.528343401901434,-15.454154425448902,"3.52","1.67",,,,"95.7",2541,"6.4",777744,672515,647304,691783,553993,672695,666971,677950,682998,"54.07",,,,,,,,14,1,"Cutter",1,0,0,1,0,1,0,1,"Standard","Standard",202,"0.003","-0.039",,,,"0.039",,1,-1,0.627,0.373,30,37,31,37,1,0,6,2,5,3,"1.3","-0.04","-0.04","39.3",,,,,
"FC","2025-05-27","94.1","-0.56","5.83","Burnes, Corbin",624428,669203,"field_out","hit_into_play",,,,,12,"Adam Frazier flies out to center fielder Alek Thomas.","R","L","R","AZ","PIT","X",8,"fly_ball",2,2,2025,"0.38","1.08","0.88","2.52",,,,0,2,"Top",128.59,96.31,,,,,2.9001188160132774,-137.07089705888623,-5.316219339873779,4.254719463602325,28.805739813621106,-17.584159930215506,"3.19","1.48",257,"77.2",42,"94.6",2554,"6.4",777744,672515,647304,691783,553993,672695,666971,677950,682998,"54.07",0.099,0.105,"0",1,0,0,3,13,5,"Cutter",1,0,0,1,0,1,0,1,"Infield shade","Standard",195,"0.022","-0.232","60.2","6.2",0.145,"0.232","88.0",1,-1,0.605,0.395,30,33,31,34,1,0,6,1,5,3,"1.48","-0.38","0.38","37.7",12.087762483816793,-8.63618139684149,38.75239118324488,21.376706066350362,22.982775242655407
"FC","2025-05-27","94.9","-0.76","5.78","Burnes, Corbin",624428,669203,,"called_strike",,,,,1,"Called Strike","R","L","R","AZ","PIT","S",,,2,1,2025,"0.32","1.1","-0.55","2.95",,,,0,2,"Top",,,,,,,-0.1775192350949902,-138.19750152938326,-4.205101209122933,4.146647906878621,31.378291115842014,-17.37938248001497,"3.14","1.44",,,,"94.9",2469,"6.3",777744,672515,647304,691783,553993,672695,666971,677950,682998,"54.23",,,,,,,,13,4,"Cutter",1,0,0,1,0,1,0,1,"Infield shade","Standard",199,"0.006","-0.073",,,,"0.073",,1,-1,0.599,0.401,30,33,31,34,1,0,6,1,5,3,"1.43","-0.32","0.32","39.5",,,,,
"FC","2025-05-27","93.3","-0.53","5.88","Burnes, Corbin",624428,669203,,"ball",,,,,12,"Ball","R","L","R","AZ","PIT","B",,,1,1,2025,"0.39","1.03","0.98","2.36",,,,0,2,"Top",,,,,,,3.028489190333751,-135.9246278688613,-5.598965390028274,4.1990722485047804,28.45291466764846,-18.4202988522694,"3.2","1.42",,,,"93.4",2592,"6.2",777744,672515,647304,691783,553993,672695,666971,677950,682998,"54.34",,,,,,,,13,3,"Cutter",1,0,0,1,0,1,0,1,"Infield shade","Standard",194,"-0.005","0.055",,,,"-0.055",,1,-1,0.604,0.396,30,33,31,34,1,0,6,1,5,3,"1.58","-0.39","0.39","40.6",,,,,
"FC","2025-05-27","93.4","-0.64","5.84","Burnes, Corbin",624428,669203,,"called_strike",,,,,1,"Called Strike","R","L","R","AZ","PIT","S",,,1,0,2025,"0.26","1.25","-0.61","2.71",,,,0,2,"Top",,,,,,,-0.49136681259364234,-136.03735485016162,-5.091329226383132,3.3583842258858057,29.408195028091942,-15.732750989464023,"3.09","1.39",,,,"93.7",2545,"6.4",777744,672515,647304,691783,553993,672695,666971,677950,682998,"54.12",,,,,,,,13,2,"Cutter",1,0,0,1,0,1,0,1,"Infield shade","Standard",197,"0.005","-0.05",,,,"0.05",,1,-1,0.599,0.401,30,33,31,34,1,0,6,1,5,3,"1.35","-0.26","0.26","36.5",,,,,
"FC","2025-05-27","92.8","-0.78","5.88","Burnes, Corbin",624428,669203,,"ball",,,,,11,"Ball","R","L","R","AZ","PIT","B",,,0,0,2025,"0.19","1.07","-1.32","3.48",,,,0,2,"Top",,,,,,,-1.8046764676641445,-135.12475980510945,-2.707242207620708,2.6962263091967476,28.811119884879005,-18.63500555332583,"3.06","1.34",,,,"92.9",2403,"6.2",777744,672515,647304,691783,553993,672695,666971,677950,682998,"54.26",,,,,,,,13,1,"Cutter",1,0,0,1,0,1,0,1,"Infield shade","Standard",196,"-0.004","0.041",,,,"-0.041",,1,-1,0.603,0.397,30,33,31,34,1,0,6,1,5,3,"1.57","-0.19","0.19","38.5",,,,,
"SL","2025-05-27","89.7","-0.57","5.76","Burnes, Corbin",672744,669203,"strikeout","swinging_strike",,,,,14,"Alexander Canario strikes out swinging.","R","R","R","AZ","PIT","S",2,,0,2,2025,"0.26","0.31","1.5","1.07",,668804,663698,2,1,"Top",,,,,,,4.596713710123911,-130.595025704488,-6.369876484700433,2.074954967800773,25.49974011605314,-27.586532897814322,"3.58","1.69",,,,"90.6",2730,"6.7",777744,672515,647304,691783,553993,672695,666971,677950,682998,"53.83",,0,"0",1,0,0,,5,3,"Slider",0,0,0,0,0,0,0,0,"Infield shade","Standard",123,"0.028","-0.178","68.2","9.2",,"0.178",,0,0,0.52,0.48,30,25,31,25,1,0,6,1,5,1,"2.51","-0.26","-0.26","44.0",26.623811563986777,-11.499801103891915,43.329682975525515,53.15295562488599,36.91534441251843
"SI","2025-05-27","96.9","-0.64","5.78","Burnes, Corbin",672744,669203,,"called_strike",,,,,7,"Called Strike","R","R","R","AZ","PIT","S",,,0,1,2025,"-1.12","0.77","-0.78","1.72",,668804,663698,2,1,"Top",,,,,,,2.195347859836799,-141.06184612533394,-7.129505697623776,-15.517979910772103,30.06692351486196,-20.53455061315878,"3.63","1.62",,,,"97.5",2551,"6.5",777744,672515,647304,691783,553993,672695,666971,677950,682998,"54.04",,,,,,,,5,2,"Sinker",0,0,0,0,0,0,0,0,"Infield shade","Standard",206,"0.009","-0.057",,,,"0.057",,0,0,0.511,0.489,30,25,31,25,1,0,6,1,5,1,"1.64","1.12","1.12","42.2",,,,,
"FC","2025-05-27","95.9","-0.63","5.84","Burnes, Corbin",672744,669203,,"foul",,,,,14,"Foul","R","R","R","AZ","PIT","S",,,0,0,2025,"0.07","0.93","0.99","1.94",,668804,663698,2,1,"Top",,,,,,,4.1133432727050945,-139.58271891068173,-6.8785509922182,0.017673331619413604,29.715604820886295,-18.631012565950137,"3.58","1.69",267,"79.3",39,"96.3",2559,"6.4",777744,672515,647304,691783,553993,672695,666971,677950,682998,"54.12",,,,,,,,5,1,"Cutter",0,0,0,0,0,0,0,0,"Infield shade","Standard",199,"0.006","-0.047","69.9","8.5",,"0.047","88.0",0,0,0.505,0.495,30,25,31,25,1,0,6,1,5,1,"1.53","-0.07","-0.07","38.5",14.307284479657586,5.152421022998797,43.81362389235802,48.259312517160026,22.33700262486554
"FC","2025-05-27","94.9","-0.55","5.87","Burnes, Corbin",663698,669203,"walk","ball",,,,,14,"Joey Bart walks.","R","R","R","AZ","PIT","B",,,3,0,2025,"0","0.98","0.47","1.41",,668804,,2,1,"Top",,,,,,,2.6508484384973188,-138.05093802321196,-8.211451936356491,-0.5639990472517906,28.88323463934775,-18.087473324639085,"3.37","1.55",,,,"95",2629,"6.2",777744,672515,647304,691783,553993,672695,666971,677950,682998,"54.3",,0.691497,"0.7",1,0,0,,4,4,"Cutter",0,0,0,0,0,0,0,0,"Standard","Standard",197,"-0.004","0.034",,,,"-0.034",,0,0,0.509,0.491,30,28,31,29,1,0,6,1,5,21,"1.54","0","0","40.9",,,,,
"SI","2025-05-27","96.6","-0.6","5.81","Burnes, Corbin",663698,669203,,"ball",,,,,13,"Ball","R","R","R","AZ","PIT","B",,,2,0,2025,"-1.13","0.69","-0.9","0.81",,668804,,2,1,"Top",,,,,,,1.75570292324826,-140.47099961346348,-9.355826095936202,-15.374881714894697,29.587292741620683,-21.21637055105215,"3.5","1.57",,,,"96.9",2504,"6.4",777744,672515,647304,691783,553993,672695,666971,677950,682998,"54.14",,,,,,,,4,3,"Sinker",0,0,0,0,0,0,0,0,"Infield shade","Standard",203,"-0.004","0.041",,,,"-0.041",,0,0,0.513,0.487,30,28,31,29,1,0,6,1,5,21,"1.74","1.13","1.13","40.0",,,,,
"FC","2025-05-27","95.4","-0.55","5.88","Burnes, Corbin",663698,669203,,"ball",,,,,14,"Ball","R","R","R","AZ","PIT","B",,,1,0,2025,"0.24","0.98","1.29","1.77",,668804,,2,1,"Top",,,,,,,4.332415132645177,-138.72333646709745,-7.4418824621339805,2.1190905924924324,30.331110800518776,-18.079901571912124,"3.47","1.56",,,,"96",2658,"6.6",777744,672515,647304,691783,553993,672695,666971,677950,682998,"53.88",,,,,,,,4,2,"Cutter",0,0,0,0,0,0,0,0,"Infield shade","Standard",195,"-0.002","0.028",,,,"-0.028",,0,0,0.515,0.485,30,28,31,29,1,0,6,1,5,21,"1.52","-0.24","-0.24","41.5",,,,,
"FC","2025-05-27","95.5","-0.57","5.94","Burnes, Corbin",663698,669203,,"ball",,,,,14,"Ball","R","R","R","AZ","PIT","B",,,0,0,2025,"0.25","1.01","0.86","1.45",,668804,,2,1,"Top",,,,,,,3.206042347211263,-138.89919454919652,-8.541594916364279,2.6583831276261582,28.114834031516704,-17.445148253136928,"3.52","1.62",,,,"96.2",2465,"6.5",777744,672515,647304,691783,553993,672695,666971,677950,682998,"54.02",,,,,,,,4,1,"Cutter",0,0,0,0,0,0,0,0,"Infield shade","Standard",204,"-0.001","0.019",,,,"-0.019",,0,0,0.516,0.484,30,28,31,29,1,0,6,1,5,21,"1.47","-0.25","-0.25","42.3",,,,,
"FC","2025-05-27","93.9","-0.79","5.74","Burnes, Corbin",687462,669203,"field_out","hit_into_play",,,,,8,"Spencer Horwitz grounds out to first baseman Josh Naylor. Bryan Reynolds to 2nd.","R","L","R","AZ","PIT","X",3,"ground_ball",0,0,2025,"0.32","1.12","-0.09","2.14",,,668804,1,1,"Top",158.63,165.72,,,,,1.0997069428542745,-136.77120664157206,-6.122505851257136,3.842630468124816,28.624584077958513,-16.934773851580985,"3.62","1.68",5,"89.5",-25,"94",2530,"6.2",777744,672515,647304,691783,553993,672695,666971,677950,682998,"54.29",0.041,0.035,"0",1,0,0,2,3,1,"Cutter",0,0,0,0,0,0,0,0,"Standard","Standard",196,"0.018","-0.318","63.9","7.5",0.041,"0.318","89.5",0,0,0.498,0.502,30,27,31,28,1,0,6,1,5,1,"1.45","-0.32","0.32","37.5",19.867093296105992,-1.7965942264937436,35.36249903784583,36.75347173219143,32.34503563255949
"CU","2025-05-27","78.9","-0.46","5.93","Burnes, Corbin",668804,669203,"single","hit_into_play",,,,,4,"Bryan Reynolds singles on a sharp line drive to center fielder Alek Thomas.","R","L","R","AZ","PIT","X",8,"line_drive",0,2,2025,"1.01","-0.95","-0.41","2.28",,,,1,1,"Top",151.43,72.59,,,,,-1.7907365817172798,-114.84018468498675,0.6756230993205774,9.29839297140783,22.285163315284326,-40.94117166357958,"3.24","1.57",250,"103.9",14,"78.7",2707,"6.3",777744,672515,647304,691783,553993,672695,666971,677950,682998,"54.24",0.77,0.797,"0.9",1,1,0,4,2,4,"Curveball",0,0,0,0,0,0,0,0,"Infield shade","Standard",60,"-0.03","0.506","72.9","7.0",1.062,"-0.506","103.9",0,0,0.528,0.472,30,30,31,30,1,0,6,1,5,1,"4.63","-1.01","1.01","42.6",15.239693925044705,6.973241469265298,35.58188964374639,39.429744434688644,28.769834408491747
"CU","2025-05-27","81","-0.54","5.89","Burnes, Corbin",668804,669203,,"foul",,,,,13,"Foul","R","L","R","AZ","PIT","S",,,0,2,2025,"1.07","-0.92","-0.12","1.07",,,,1,1,"Top",,,,,,,-1.1090105019361245,-117.86038246925956,-2.295059672894665,10.125695546604797,24.63061873569829,-40.45649330327647,"3.24","1.57",,,,"80.7",2876,"6.3",777744,672515,647304,691783,553993,672695,666971,677950,682998,"54.17",,,,,,,,2,3,"Curveball",0,0,0,0,0,0,0,0,"Infield shade","Standard",56,"0","0","70.6","8.1",,"0",,0,0,0.528,0.472,30,30,31,30,1,0,6,1,5,1,"4.42","-1.07","1.07","43.2",24.35706316281642,-18.78158042578547,39.91567884027149,36.582519864644624,38.97874500163541
"FC","2025-05-27","93.3","-0.89","5.79","Burnes, Corbin",668804,669203,,"called_strike",,,,,4,"Called Strike","R","L","R","AZ","PIT","S",,,0,1,2025,"0.33","0.74","-0.76","2.29",,,,1,1,"Top",,,,,,,-0.3855225703912455,-135.80461399297027,-4.83477284005551,4.215661107526385,30.369885155953956,-22.213859920592196,"3.09","1.61",,,,"93",2587,"6.1",777744,672515,647304,691783,553993,672695,666971,677950,682998,"54.37",,,,,,,,2,2,"Cutter",0,0,0,0,0,0,0,0,"Infield shade","Standard",192,"0.004","-0.052",,,,"0.052",,0,0,0.524,0.476,30,30,31,30,1,0,6,1,5,1,"1.89","-0.33","0.33","36.5",,,,,
"FC","2025-05-27","94","-0.81","5.72","Burnes, Corbin",668804,669203,,"called_strike",,,,,9,"Called Strike","R","L","R","AZ","PIT","S",,,0,0,2025,"0.45","0.86","0.61","1.93",,,,1,1,"Top",,,,,,,2.6713035368667475,-136.8784748378755,-6.022199463899575,5.109611294656386,30.60700116237274,-20.268271753701725,"3.22","1.55",,,,"94.1",2475,"6.3",777744,672515,647304,691783,553993,672695,666971,677950,682998,"54.15",,,,,,,,2,1,"Cutter",0,0,0,0,0,0,0,0,"Infield shade","Standard",194,"0.002","-0.039",,,,"0.039",,0,0,0.522,0.478,30,30,31,30,1,0,6,1,5,1,"1.72","-0.45","0.45","37.1",,,,,
"FC","2025-05-27","93","-0.74","5.81","Burnes, Corbin",665833,669203,"field_out","hit_into_play",,,,,8,"Oneil Cruz grounds out sharply, first baseman Josh Naylor to pitcher Corbin Burnes.","R","L","R","AZ","PIT","X",3,"ground_ball",1,0,2025,"0.4","1.07","0.24","2.26",,,,0,1,"Top",161.67,164.7,,,,,1.62936143257043,-135.35956607011113,-5.692431140797223,4.6423866806585625,28.677533182224067,-17.94978500893956,"3.89","1.81",8,"101.4",-16,"92.9",2569,"6.2",777744,672515,647304,691783,553993,672695,666971,677950,682998,"54.35",0.172,0.181,"0",1,0,0,2,1,2,"Cutter",0,0,0,0,0,0,0,0,"Infield shade","Standard",193,"0.026","-0.301","80.2","8.4",0.172,"0.301","101.4",0,0,0.496,0.504,30,26,31,27,1,0,6,1,5,1,"1.55","-0.4","0.4","37.8",12.861064297528792,-10.752927541100526,36.3239418362878,32.29476000095926,34.98572306077845
"FC","2025-05-27","93.1","-0.81","5.85","Burnes, Corbin",665833,669203,,"ball",,,,,13,"Ball","R","L","R","AZ","PIT","B",,,0,0,2025,"0.02","0.96","-1.31","2.69",,,,0,1,"Top",,,,,,,-1.3555561064109063,-135.63395573182407,-4.442959863489668,0.5856835142921536,30.139736338797476,-19.55861216230359,"3.89","1.83",,,,"92.9",2406,"6.2",777744,672515,647304,691783,553993,672695,666971,677950,682998,"54.34",,,,,,,,1,1,"Cutter",0,0,0,0,0,0,0,0,"Infield shade","Standard",206,"-0.004","0.041",,,,"-0.041",,0,0,0.5,0.5,30,26,31,27,1,0,6,1,5,1,"1.67","-0.02","0.02","36.1",,,,,
"CU","2025-05-21","79.7","-0.41","5.83","Burnes, Corbin",687221,669203,"strikeout","swinging_strike_blocked",,,,,13,"Dalton Rushing strikes out swinging.","R","L","R","LAD","AZ","S",2,,1,2,2025,"0.94","-0.83","-0.45","0.62",,,,2,7,"Bot",,,,,,,-1.8582458662284893,-116.00785233674578,-3.1655222545369313,8.821342098028941,22.09963034128562,-39.24148399063848,"3.32","1.51",,,,"79.8",2704,"6.4",777824,672515,647304,606466,553993,672695,666971,694374,682998,"54.09",,0,"0",1,0,0,,55,4,"Curveball",3,1,3,1,1,3,3,1,"Infield shade","Standard",46,"-0.005","-0.182","28.8","7.3",,"0.182",,2,2,0.867,0.867,30,24,31,24,3,2,5,3,6,3,"4.42","-0.94","0.94","41.1",16.388954578310607,2.35195077642746,32.35079577279915,39.87239633426522,31.034105631098605
"CH","2025-05-21","87.4","-0.64","5.5","Burnes, Corbin",687221,669203,,"foul",,,,,8,"Foul","R","L","R","LAD","AZ","S",,,1,1,2025,"-1.19","0.64","-0.26","2.03",,,,2,7,"Bot",,,,,,,3.3902659970183073,-127.21337648421667,-3.5687601437235275,-13.663071751464853,25.35808257660558,-24.69714929346139,"3.32","1.51",3,"75.7",-33,"87.9",2116,"6.5",777824,672515,647304,606466,553993,672695,666971,694374,682998,"53.95",,,,,,,,55,3,"Changeup",3,1,3,1,1,3,3,1,"Infield shade","Standard",225,"-0.001","-0.062","78.4","7.8",,"0.062","88.0",2,2,0.868,0.868,30,24,31,24,3,2,5,3,6,3,"2.34","1.19","-1.19","36.3",15.040402461835384,-7.3323362677547586,35.547348870737274,37.64180965496631,36.28368837263354
"CU","2025-05-21","78.6","-0.26","5.82","Burnes, Corbin",687221,669203,,"ball",,,,,14,"Ball","R","L","R","LAD","AZ","B",,,0,1,2025,"0.86","-0.96","1.18","0.35",,,,2,7,"Bot",,,,,,,1.5236086916074307,-114.43818091994376,-3.2091409099289177,7.275253250645362,21.642820560755784,-40.24610290224448,"3.35","1.43",,,,"78.7",2871,"6.4",777824,672515,647304,606466,553993,672695,666971,694374,682998,"54.14",,,,,,,,55,2,"Curveball",3,1,3,1,1,3,3,1,"Infield shade","Standard",43,"0.001","0.027",,,,"-0.027",,2,2,0.867,0.867,30,24,31,24,3,2,5,3,6,3,"4.66","-0.86","0.86","43.7",,,,,
"FC","2025-05-21","92.6","-0.56","5.84","Burnes, Corbin",687221,669203,,"swinging_strike",,,,,12,"Swinging Strike","R","L","R","LAD","AZ","S",,,0,0,2025,"0.34","0.76","1","2.67",,,,2,7,"Bot",,,,,,,3.2477325855063297,-134.88222414213385,-4.034210828323694,3.5908098006685623,26.870401876717423,-22.171062452533707,"3.32","1.51",,,,"93.2",2618,"6.4",777824,672515,647304,606466,553993,672695,666971,694374,682998,"54.12",,,,,,,,55,1,"Cutter",3,1,3,1,1,3,3,1,"Infield shade","Standard",187,"-0.001","-0.043","73.8","7.0",,"0.043",,2,2,0.868,0.868,30,24,31,24,3,2,5,3,6,3,"1.87","-0.34","0.34","40.0",15.433003573647637,-8.854798535442841,33.46721974671439,23.016960907140252,26.86484173479304
"CU","2025-05-21","79.2","-0.43","5.8","Burnes, Corbin",669242,669203,"strikeout","swinging_strike_blocked",,,,,13,"Tommy Edman strikes out swinging.","R","L","R","LAD","AZ","S",2,,0,2,2025,"0.91","-0.99","-0.44","0.1",,,,1,7,"Bot",,,,,,,-1.727778287044396,-115.36013747661573,-3.8261877691283086,8.449639592644921,22.044865639354985,-40.45970000769267,"3.35","1.52",,,,"79.3",2777,"6.4",777824,672515,647304,606466,553993,672695,666971,694374,682998,"54.11",,0,"0",1,0,0,,54,3,"Curveball",3,1,3,1,1,3,3,1,"Infield shade","Standard",50,"-0.005","-0.163","57.4","7.9",,"0.163",,2,2,0.873,0.873,30,30,31,30,3,2,5,1,6,2,"4.62","-0.91","0.91","41.8",22.750965660268953,-36.97839161599694,32.44809386352118,39.63438996457791,52.89224283825748
"CH","2025-05-21","86.8","-0.64","5.5","Burnes, Corbin",669242,669203,,"called_strike",,,,,4,"Called Strike","R","L","R","LAD","AZ","S",,,0,1,2025,"-0.95","0.94","-0.29","2.16",,,,1,7,"Bot",,,,,,,2.78930794711954,-126.35136621304171,-3.770286913070125,-10.731462806654887,25.306837715253458,-21.510010745926625,"3.44","1.43",,,,"87.3",1947,"6.6",777824,672515,647304,606466,553993,672695,666971,694374,682998,"53.94",,,,,,,,54,2,"Changeup",3,1,3,1,1,3,3,1,"Standard","Standard",224,"-0.002","-0.052",,,,"0.052",,2,2,0.875,0.875,30,30,31,30,3,2,5,1,6,2,"2.08","0.95","-0.95","35.7",,,,,
"FC","2025-05-21","92.8","-0.57","5.81","Burnes, Corbin",669242,669203,,"foul",,,,,4,"Foul","R","L","R","LAD","AZ","S",,,0,0,2025,"0.03","0.76","-0.5","2.37",,,,1,7,"Bot",,,,,,,0.09430496735190613,-135.2213658729312,-4.749762001067203,0.4026459115856614,25.81467890537151,-22.059433079079607,"3.35","1.52",2,"60.8",-46,"93.4",2674,"6.3",777824,672515,647304,606466,553993,672695,666971,694374,682998,"54.22",,,,,,,,54,1,"Cutter",3,1,3,1,1,3,3,1,"Standard","Standard",192,"-0.001","-0.039","66.2","6.0",,"0.039","88.0",2,2,0.876,0.876,30,30,31,30,3,2,5,1,6,2,"1.85","-0.03","0.03","38.3",5.882744066837217,18.03411498518558,25.951952033097786,40.36502811077186,16.35479400040646
"CU","2025-05-21","80.7","-0.39","5.9","Burnes, Corbin",571970,669203,"field_out","hit_into_play",,,,,5,"Max Muncy grounds out, first baseman Josh Naylor to pitcher Corbin Burnes.","R","L","R","LAD","AZ","X",3,"ground_ball",1,2,2025,"0.67","-0.97","-0.04","2.62",,,,0,7,"Bot",158.82,165.93,,,,,-0.5027765476394099,-117.59804485332413,1.2046814041124703,6.30905577323716,22.720537233899655,-41.624183791280245,"3.12","1.53",6,"85.9",-25,"80.7",2662,"6.3",777824,672515,647304,606466,553993,672695,666971,694374,682998,"54.23",0.056,0.052,"0",1,0,0,2,53,5,"Curveball",3,1,3,1,1,3,3,1,"Infield shade","Standard",52,"-0.008","-0.189","76.2","6.7",0.063,"0.189","88.0",2,2,0.884,0.884,30,34,31,35,3,2,5,1,6,2,"4.47","-0.67","0.67","45.8",13.65138817146542,-3.2325755930401354,30.450796228980817,36.491033307801054,42.30692887333595
"FC","2025-05-21","92.4","-0.49","5.74","Burnes, Corbin",571970,669203,,"foul",,,,,14,"Foul","R","L","R","LAD","AZ","S",,,1,2,2025,"0.3","0.87","0.97","1.73",,,,0,7,"Bot",,,,,,,3.072646626387182,-134.52032036704986,-6.33542287981106,3.073874846927844,27.27005752566856,-20.481182791397956,"3.12","1.53",4,"55.3",-21,"92.8",2693,"6.3",777824,672515,647304,606466,553993,672695,666971,694374,682998,"54.15",,,,,,,,53,4,"Cutter",3,1,3,1,1,3,3,1,"Infield shade","Standard",194,"0","0","58.2","6.9",,"0","88.0",2,2,0.884,0.884,30,34,31,35,3,2,5,1,6,2,"1.78","-0.3","0.3","36.3",13.384414124224172,-5.351313236924913,40.13093929325898,24.20970681826394,33.87236352528694
"CU","2025-05-21","78.6","-0.38","5.86","Burnes, Corbin",571970,669203,,"ball",,,,,13,"Ball","R","L","R","LAD","AZ","B",,,0,2,2025,"0.65","-0.93","-0.45","0.42",,,,0,7,"Bot",,,,,,,-1.3529222388857765,-114.4707737895561,-3.217177813619264,5.990762427677766,21.80690102273299,-39.94092617361156,"3.15","1.43",,,,"78.7",2664,"6.4",777824,672515,647304,606466,553993,672695,666971,694374,682998,"54.15",,,,,,,,53,3,"Curveball",3,1,3,1,1,3,3,1,"Infield shade","Standard",48,"0.001","0.024",,,,"-0.024",,2,2,0.883,0.883,30,34,31,35,3,2,5,1,6,2,"4.62","-0.65","0.65","44.9",,,,,
"CU","2025-05-21","78.5","-0.47","5.91","Burnes, Corbin",571970,669203,,"swinging_strike",,,,,8,"Swinging Strike","R","L","R","LAD","AZ","S",,,0,1,2025,"0.52","-0.69","-0.02","1.97",,,,0,7,"Bot",,,,,,,-0.007855633273558704,-114.43000649192109,-0.42277378789537134,4.604527018518032,21.120870614223392,-38.33984672693543,"3.12","1.53",,,,"78.6",2631,"6.3",777824,672515,647304,606466,553993,672695,666971,694374,682998,"54.23",,,,,,,,53,2,"Curveball",3,1,3,1,1,3,3,1,"Infield shade","Standard",53,"-0.002","-0.055","71.7","8.0",,"0.055",,2,2,0.885,0.885,30,34,31,35,3,2,5,1,6,2,"4.37","-0.52","0.52","44.4",32.85539522015885,-40.10132778690678,35.33292153472069,36.87070665062479,56.535123967844605
"FC","2025-05-21","91.5","-0.65","5.84","Burnes, Corbin",571970,669203,,"foul",,,,,8,"Foul","R","L","R","LAD","AZ","S",,,0,0,2025,"0.13","1.06","0.1","1.82",,,,0,7,"Bot",,,,,,,1.6121351034369298,-133.30426274414188,-6.5976163435338036,1.2846499112989511,26.43901513468393,-18.365833367109683,"3.12","1.53",76,"86",5,"91.8",2545,"6.3",777824,672515,647304,606466,553993,672695,666971,694374,682998,"54.24",,,,,,,,53,1,"Cutter",3,1,3,1,1,3,3,1,"Infield shade","Standard",198,"-0.002","-0.039","77.1","7.6",,"0.039","88.0",2,2,0.887,0.887,30,34,31,35,3,2,5,1,6,2,"1.64","-0.13","0.13","41.3",23.052449138517666,-16.55028025900221,38.81810404615312,35.99651306068361,44.68970092567923
"SI","2025-05-21","94.4","-0.67","5.72","Burnes, Corbin",681624,669203,"field_out","hit_into_play",,,,,4,"Andy Pages flies out to center fielder Alek Thomas.","R","R","R","LAD","AZ","X",8,"fly_ball",1,1,2025,"-0.71","0.95","-0.69","2.31",,,,2,6,"Bot",143.92,63.78,,,,,1.5396365126044917,-137.44556705703505,-5.312200941350261,-9.295238969119643,30.71945499866156,-19.162561759373045,"3.51","1.64",338,"94.3",38,"94.6",2470,"6.4",777824,672515,647304,606466,553993,672695,694374,677950,682998,"54.12",0.046,0.065,"0",1,0,0,3,47,3,"Sinker",3,1,3,1,1,3,3,1,"Standard","Standard",199,"-0.007","-0.244","78.4","8.2",0.122,"0.244","94.3",2,2,0.822,0.822,30,24,31,25,3,2,5,1,6,2,"1.61","0.71","0.71","37.0",15.101791126121997,-11.043344855147108,48.02521677418584,30.045237709495517,32.870710291393856
"FC","2025-05-21","94.2","-0.68","5.72","Burnes, Corbin",681624,669203,,"ball",,,,,11,"Ball","R","R","R","LAD","AZ","B",,,0,1,2025,"0.42","0.78","-0.28","3.81",,,,2,6,"Bot",,,,,,,0.10351997845512212,-137.2880140062779,-0.9916410708803209,5.2553278650499315,30.296768816171095,-22.339150428016453,"3.44","1.56",,,,"94.3",2507,"6.3",777824,672515,647304,606466,553993,672695,694374,677950,682998,"54.22",,,,,,,,47,2,"Cutter",3,1,3,1,1,3,3,1,"Standard","Standard",190,"0.001","0.027",,,,"-0.027",,2,2,0.821,0.821,30,24,31,25,3,2,5,1,6,2,"1.78","-0.42","-0.42","39.4",,,,,
"FC","2025-05-21","94.6","-0.56","5.72","Burnes, Corbin",681624,669203,,"foul",,,,,5,"Foul","R","R","R","LAD","AZ","S",,,0,0,2025,"0.12","1","-0.24","2.5",,,,2,6,"Bot",,,,,,,0.5749649458231081,-137.78225096029607,-5.024978471835314,1.4161627667941294,28.072612178278007,-18.532171747720923,"3.51","1.64",198,"72.2",33,"95.1",2565,"6.3",777824,672515,647304,606466,553993,672695,694374,677950,682998,"54.18",,,,,,,,47,1,"Cutter",3,1,3,1,1,3,3,1,"Standard","Standard",200,"-0.001","-0.043","74.2","7.6",,"0.043","88.0",2,2,0.822,0.822,30,24,31,25,3,2,5,1,6,2,"1.53","-0.12","-0.12","36.6",2.9299121853487065,1.8054950081221477,46.96562981432307,35.128513716755464,23.191500204353584
"SL","2025-05-21","85.5","-0.69","5.59","Burnes, Corbin",606192,669203,"home_run","hit_into_play",,,,,9,"Teoscar Hernández homers (10) on a fly ball to center field. Miguel Rojas scores. Mookie Betts scores.","R","R","R","LAD","AZ","X",,"fly_ball",1,2,2025,"0.64","-0.32","0.37","2.14",,500743,605141,2,6,"Bot",127.21,31.85,,,,,1.213647620930111,-124.70200207788744,-1.2736473887782682,6.54991508806425,22.550603548739634,-35.52643165659219,"3.57","1.71",413,"108.2",34,"86.3",2806,"6.5",777824,672515,647304,606466,553993,672695,694374,677950,682998,"54.04",0.8690588235294117,1.7555882352941174,"2",1,0,3,6,46,4,"Slider",0,1,0,1,1,3,3,1,"Standard","Standard",71,"0.456","1.754","80.4","8.3",3.4651176470588227,"-1.754","108.2",-1,-1,0.366,0.366,30,32,31,33,3,2,5,1,6,2,"3.4","-0.64","-0.64","38.1",12.530002648803846,-6.628204218025927,34.505410995575566,40.56258004178116,35.23731423024786
"FC","2025-05-21","95.3","-0.5","5.76","Burnes, Corbin",606192,669203,,"swinging_strike",,,,,12,"Swinging Strike","R","R","R","LAD","AZ","S",,,1,1,2025,"0.39","0.8","1.31","3.34",,500743,605141,2,6,"Bot",,,,,,,3.9023162410197085,-138.87622313241238,-2.6044995174737764,4.37853713393953,25.761897912754897,-21.407993441105607,"3.57","1.71",,,,"96",2685,"6.2",777824,672515,647304,606466,553993,672695,694374,677950,682998,"54.26",,,,,,,,46,3,"Cutter",0,1,0,1,1,0,0,1,"Standard","Standard",183,"-0.016","-0.063","73.7","7.5",,"0.063",,-1,-1,0.382,0.382,30,32,31,33,3,2,5,1,6,2,"1.67","-0.39","-0.39","43.4",7.167497715400167,15.683304893480143,23.84868807722054,52.561890468483995,17.47913816435718
"FC","2025-05-21","94.5","-0.56","5.72","Burnes, Corbin",606192,669203,,"swinging_strike",,,,,14,"Swinging Strike","R","R","R","LAD","AZ","S",,,1,0,2025,"0.3","0.94","0.89","2.47",,500743,605141,2,6,"Bot",,,,,,,3.102206477757164,-137.71443887975235,-4.944045217116752,3.2669710710475135,26.97571631271494,-19.35541546832707,"3.57","1.71",,,,"95.4",2665,"6.4",777824,672515,647304,606466,553993,672695,694374,677950,682998,"54.06",,,,,,,,46,2,"Cutter",0,1,0,1,1,0,0,1,"Standard","Standard",186,"-0.009","-0.052","75.4","7.9",,"0.052",,-1,-1,0.391,0.391,30,32,31,33,3,2,5,1,6,2,"1.58","-0.3","-0.3","36.0",6.3683616582344476,14.773019271780134,35.48239849267262,48.63217256830821,21.207990823412402
"SI","2025-05-21","96.4","-0.59","5.7","Burnes, Corbin",606192,669203,,"ball",,,,,13,"Ball","R","R","R","LAD","AZ","B",,,0,0,2025,"-1.14","0.88","-0.61","1.27",,500743,605141,2,6,"Bot",,,,,,,2.560795788036428,-140.2192441012314,-8.21832815074474,-15.647427229270386,31.806367410291486,-18.935569798665853,"3.59","1.59",,,,"96.7",2440,"6.5",777824,672515,647304,606466,553993,672695,694374,677950,682998,"54",,,,,,,,46,1,"Sinker",0,1,0,1,1,0,0,1,"Standard","Standard",205,"0.005","0.024",,,,"-0.024",,-1,-1,0.386,0.386,30,32,31,33,3,2,5,1,6,2,"1.58","1.14","1.14","34.8",,,,,
"FC","2025-05-21","94.5","-0.7","5.77","Burnes, Corbin",518692,669203,"strikeout","swinging_strike",,,,,13,"Freddie Freeman strikes out swinging.","R","L","R","LAD","AZ","S",2,,2,2,2025,"0.12","0.73","-0.86","2.4",,500743,605141,1,6,"Bot",,,,,,,-0.6813005481016713,-137.7401334916034,-4.776848493962212,1.6706483956145404,28.756649623016486,-22.091613046973613,"3.69","1.79",,,,"94.9",2688,"6.3",777824,672515,647304,606466,553993,672695,694374,677950,682998,"54.18",,0,"0",1,0,0,,45,5,"Cutter",0,1,0,1,1,0,0,1,"Standard","Standard",186,"-0.072","-0.216","63.1","6.0",,"0.216",,-1,-1,0.458,0.458,30,35,31,36,3,2,5,1,6,2,"1.81","-0.12","0.12","36.0",-14.998362352839816,31.48762813734177,38.50582022922794,49.52133110591081,-0.6125580509968946
"CU","2025-05-21","80.6","-0.44","5.85","Burnes, Corbin",518692,669203,,"blocked_ball",,,,,14,"Ball In Dirt","R","L","R","LAD","AZ","B",,,1,2,2025,"0.85","-1.06","0.54","0.5",,500743,605141,1,6,"Bot",,,,,,,0.558021545268467,-117.37690858379572,-3.1792340319580106,7.741477927136035,23.629718777930275,-41.491852469786764,"3.69","1.71",,,,"80.6",2859,"6.4",777824,672515,647304,606466,553993,672695,694374,677950,682998,"54.1",,,,,,,,45,4,"Curveball",0,1,0,1,1,0,0,1,"Standard","Standard",51,"0.012","0.043",,,,"-0.043",,-1,-1,0.446,0.446,30,35,31,36,3,2,5,1,6,2,"4.58","-0.85","0.85","42.3",,,,,
"FC","2025-05-21","93.8","-0.53","5.81","Burnes, Corbin",518692,669203,,"foul",,,,,14,"Foul","R","L","R","LAD","AZ","S",,,1,1,2025,"0.23","0.89","1.06","2.33",,500743,605141,1,6,"Bot",,,,,,,3.6263039533254093,-136.6337214054822,-5.336189258706547,2.176780807630824,26.748145873194538,-20.00669362380503,"3.69","1.79",104,"54.5",19,"94.5",2656,"6.4",777824,672515,647304,606466,553993,672695,694374,677950,682998,"54.1",,,,,,,,45,3,"Cutter",0,1,0,1,1,0,0,1,"Standard","Standard",187,"-0.016","-0.058","63.3","5.6",,"0.058","88.0",-1,-1,0.462,0.462,30,35,31,36,3,2,5,1,6,2,"1.67","-0.23","0.23","43.0",-13.337379052503175,16.9640760917716,53.965481214008776,26.26017719275067,13.526543685318899
"FC","2025-05-21","93.9","-0.64","5.75","Burnes, Corbin",518692,669203,,"called_strike",,,,,4,"Called Strike","R","L","R","LAD","AZ","S",,,1,0,2025,"0.28","1","-0.64","2.63",,500743,605141,1,6,"Bot",,,,,,,-0.6153706929737521,-136.83606686356725,-4.6228486705263965,3.633941959677981,27.828385399222874,-18.811437116333384,"3.67","1.69",,,,"94.4",2468,"6.3",777824,672515,647304,606466,553993,672695,694374,677950,682998,"54.16",,,,,,,,45,2,"Cutter",0,1,0,1,1,0,0,1,"Standard","Standard",194,"-0.014","-0.045",,,,"0.045",,-1,-1,0.476,0.476,30,35,31,36,3,2,5,1,6,2,"1.56","-0.28","0.28","37.7",,,,,
"CU","2025-05-21","80.3","-0.44","5.79","Burnes, Corbin",518692,669203,,"blocked_ball",,,,,14,"Ball In Dirt","R","L","R","LAD","AZ","B",,,0,0,2025,"0.67","-0.64","0.85","0.21",,500743,605141,1,6,"Bot",,,,,,,1.6006259264824987,-116.97229567607248,-4.450925424744199,5.813113477495583,22.979911500136406,-37.40559468320783,"3.59","1.68",,,,"80.6",2861,"6.5",777824,672515,647304,606466,553993,672695,694374,677950,682998,"54",,,,,,,,45,1,"Curveball",0,1,0,1,1,0,0,1,"Standard","Standard",46,"0.01","0.031",,,,"-0.031",,-1,-1,0.466,0.466,30,35,31,36,3,2,5,1,6,2,"4.18","-0.67","0.67","42.3",,,,,
"SI","2025-05-21","95.2","-0.63","5.69","Burnes, Corbin",605141,669203,"single","hit_into_play",,,,,5,"Mookie Betts singles on a ground ball to left fielder Tim Tawa. Miguel Rojas to 2nd.","R","R","R","LAD","AZ","X",7,"ground_ball",0,0,2025,"-1.08","0.88","0.25","2.69",,,500743,1,6,"Bot",85.41,137.97,,,,,4.730690566229262,-138.65314745727886,-4.25634793603499,-14.946970612587744,30.294413701980634,-20.03254702506896,"3.24","1.5",14,"94",-10,"95.7",2458,"6.5",777824,672515,647304,606466,553993,672695,694374,677950,682998,"54",0.21,0.206,"0.9",1,1,0,2,44,1,"Sinker",0,1,0,1,1,0,0,1,"Standard","Standard",198,"0.065","0.406","64.5","6.8",0.237,"-0.406","94.0",-1,-1,0.401,0.401,30,32,31,33,3,2,5,1,6,2,"1.62","1.08","1.08","35.9",15.2214054196351,-4.327810957574724,28.780859937482987,39.649511017454046,33.408043409519706
"FC","2025-05-21","94.6","-0.59","5.83","Burnes, Corbin",660271,669203,"field_out","hit_into_play",,,,,6,"Shohei Ohtani flies out sharply to right fielder Corbin Carroll.","R","L","R","LAD","AZ","X",9,"fly_ball",0,0,2025,"0.12","1.15","0.66","2.67",,,500743,0,6,"Bot",199.37,72.74,,,,,3.0061070564787338,-137.7421714449305,-5.117687042651152,0.8949713304973897,31.205256493436213,-16.6706135314539,"3.53","1.58",354,"100.3",40,"94.7",2597,"6.3",777824,672515,647304,606466,553993,672695,694374,677950,682998,"54.15",0.2925,0.578,"0",1,0,0,3,43,1,"Cutter",0,1,0,1,1,0,0,1,"Infield shade","Standard",198,"-0.059","-0.242","80.7","8.2",1.1532499999999999,"0.242","100.3",-1,-1,0.46,0.46,30,30,31,31,3,2,5,1,6,2,"1.4","-0.12","0.12","38.0",24.706320079439337,-3.9967617570934717,38.832600987716205,31.6078431938944,31.860228406257857
"FC","2025-05-21","95.5","-0.55","5.83","Burnes, Corbin",500743,669203,"single","hit_into_play",,,,,4,"Miguel Rojas singles on a ground ball to shortstop Geraldo Perdomo.","R","R","R","LAD","AZ","X",6,"ground_ball",2,2,2025,"0.08","0.93","-0.57","2.79",,,,0,6,"Bot",123.12,144.14,,,,,-0.2222558185036719,-139.1961676231415,-4.5321544835738115,1.0894757604631742,27.881277755727925,-19.321789359233875,"3.44","1.71",13,"82.7",-11,"96",2448,"6.3",777824,672515,647304,606466,553993,672695,694374,677950,682998,"54.24",0.114,0.087,"0.9",1,1,0,2,42,5,"Cutter",0,1,0,1,1,0,0,1,"Standard","Standard",196,"0.068","0.465","58.5","5.6",0.128,"-0.465","88.0",-1,-1,0.392,0.392,30,36,31,36,2,1,5,3,6,3,"1.54","-0.08","-0.08","37.5",-10.416686473676092,10.653397933343747,31.93218248784141,29.88815276511661,23.489167543170375
"FC","2025-05-21","94.3","-0.48","5.76","Burnes, Corbin",500743,669203,,"foul",,,,,6,"Foul","R","R","R","LAD","AZ","S",,,2,1,2025,"0.04","1.29","0.55","2.83",,,,0,6,"Bot",,,,,,,2.5772435193681575,-137.4110595985534,-4.8717674073212365,-0.0004760581251846216,26.771791295030432,-14.923450494922799,"3.44","1.71",198,"82.8",59,"95",2651,"6.3",777824,672515,647304,606466,553993,672695,694374,677950,682998,"54.15",,,,,,,,42,4,"Cutter",0,1,0,1,1,0,0,1,"Standard","Standard",196,"-0.01","-0.073","71.4","6.7",,"0.073","88.0",-1,-1,0.402,0.402,30,36,31,36,2,1,5,3,6,3,"1.24","-0.04","-0.04","35.5",7.6303152667791085,8.491854750837978,28.583145527674976,45.113406578050906,26.480156202691667
"FC","2025-05-21","93.9","-0.62","5.73","Burnes, Corbin",500743,669203,,"ball",,,,,14,"Ball","R","R","R","LAD","AZ","B",,,1,1,2025,"-0.07","1.09","0.53","1.34",,,,0,6,"Bot",,,,,,,3.1385809113151906,-136.65918595031025,-8.134916783598877,-1.5273973568708505,26.317400521107846,-16.955581146121762,"3.45","1.72",,,,"94.5",2719,"6.4",777824,672515,647304,606466,553993,672695,694374,677950,682998,"54.13",,,,,,,,42,3,"Cutter",0,1,0,1,1,0,0,1,"Standard","Standard",195,"0.008","0.055",,,,"-0.055",,-1,-1,0.394,0.394,30,36,31,36,2,1,5,3,6,3,"1.46","0.07","0.07","36.9",,,,,
"FC","2025-05-21","94.5","-0.48","5.82","Burnes, Corbin",500743,669203,,"ball",,,,,14,"Ball","R","R","R","LAD","AZ","B",,,0,1,2025,"-0.07","1.02","0.7","1.02",,,,0,6,"Bot",,,,,,,3.236144155569182,-137.4217134434452,-9.125287159840255,-1.5107249702433774,28.188045742491237,-17.432310291287415,"3.52","1.78",,,,"94.8",2723,"6.3",777824,672515,647304,606466,553993,672695,694374,677950,682998,"54.15",,,,,,,,42,2,"Cutter",0,1,0,1,1,0,0,1,"Standard","Standard",198,"0.004","0.031",,,,"-0.031",,-1,-1,0.39,0.39,30,36,31,36,2,1,5,3,6,3,"1.52","0.07","0.07","38.4",,,,,
"FC","2025-05-21","92.6","-0.58","5.89","Burnes, Corbin",500743,669203,,"called_strike",,,,,3,"Called Strike","R","R","R","LAD","AZ","S",,,0,0,2025,"0.29","0.96","0.39","3.39",,,,0,6,"Bot",,,,,,,1.843440067670389,-135.0080572915955,-2.718556298584576,3.209599451482074,27.33515654245896,-20.048002954635454,"3.55","1.75",,,,"93",2553,"6.3",777824,672515,647304,606466,553993,672695,694374,677950,682998,"54.22",,,,,,,,42,1,"Cutter",0,1,0,1,1,0,0,1,"Standard","Standard",188,"-0.006","-0.039",,,,"0.039",,-1,-1,0.396,0.396,30,36,31,36,2,1,5,3,6,3,"1.68","-0.29","-0.29","39.5",,,,,
"CU","2025-05-21","79.4","-0.4","5.84","Burnes, Corbin",687221,669203,"strikeout","swinging_strike",,,,,13,"Dalton Rushing strikes out swinging.","R","L","R","LAD","AZ","S",2,,2,2,2025,"0.87","-0.92","-0.42","1.39",,,571970,2,5,"Bot",,,,,,,-1.6760314636140663,-115.64059046800814,-1.2732895778918019,8.149343539817366,21.359430203718155,-40.42316922388423,"3.32","1.51",,,,"79.6",2812,"6.4",777824,672515,647304,606466,553993,672695,694374,677950,682998,"54.13",,0,"0",1,0,0,,36,5,"Curveball",0,1,0,1,1,0,0,1,"Infield shade","Standard",51,"-0.032","-0.216","73.8","8.0",,"0.216",,-1,-1,0.372,0.372,30,24,31,24,2,1,5,3,6,3,"4.53","-0.87","0.87","43.6",15.402074682259965,-6.630542691768772,31.03138470755632,40.756299654231256,36.06273987702578
"FC","2025-05-21","93.8","-0.6","5.76","Burnes, Corbin",687221,669203,,"ball",,,,,13,"Ball","R","L","R","LAD","AZ","B",,,1,2,2025,"0.38","0.72","-1.13","2.28",,,571970,2,5,"Bot",,,,,,,-2.206392471025673,-136.69666313264827,-4.950364698275116,5.257153562210102,27.108665205777346,-22.341780623947184,"3.3","1.43",,,,"94.5",2548,"6.4",777824,672515,647304,606466,553993,672695,694374,677950,682998,"54.1",,,,,,,,36,4,"Cutter",0,1,0,1,1,0,0,1,"Infield shade","Standard",190,"0.006","0.033",,,,"-0.033",,-1,-1,0.366,0.366,30,24,31,24,2,1,5,3,6,3,"1.85","-0.38","0.38","37.4",,,,,
"FC","2025-05-21","95.3","-0.6","5.76","Burnes, Corbin",687221,669203,,"foul",,,,,9,"Foul","R","L","R","LAD","AZ","S",,,1,1,2025,"0.13","1.03","0.72","1.96",,,571970,2,5,"Bot",,,,,,,3.1898357239681467,-138.69523634249128,-6.71599904729338,0.9747962162804027,28.325756779122184,-17.549405348114384,"3.32","1.51",,,,"95.7",2670,"6.3",777824,672515,647304,606466,553993,672695,694374,677950,682998,"54.17",,,,,,,,36,3,"Cutter",0,1,0,1,1,0,0,1,"Infield shade","Standard",197,"-0.007","-0.073","72.8","7.0",,"0.073",,-1,-1,0.373,0.373,30,24,31,24,2,1,5,3,6,3,"1.46","-0.13","0.13","37.2",4.165638920829724,5.126909180662466,40.98935394617436,25.607143138122836,21.771937695948154
"CU","2025-05-21","80.3","-0.31","5.89","Burnes, Corbin",687221,669203,,"swinging_strike",,,,,14,"Swinging Strike","R","L","R","LAD","AZ","S",,,1,0,2025,"0.78","-0.83","0.47","1.01",,,571970,2,5,"Bot",,,,,,,0.2451122621460322,-117.0075686405116,-2.5639486847745676,7.149036794225867,21.81088364644597,-39.5571980237325,"3.32","1.51",,,,"80.4",2881,"6.3",777824,672515,647304,606466,553993,672695,694374,677950,682998,"54.21",,,,,,,,36,2,"Curveball",0,1,0,1,1,0,0,1,"Infield shade","Standard",51,"-0.005","-0.05","76.7","8.3",,"0.05",,-1,-1,0.378,0.378,30,24,31,24,2,1,5,3,6,3,"4.35","-0.78","0.78","46.5",21.120753357099147,-19.627041750292847,38.76427154238904,30.342183932733835,44.831587505224334
"FC","2025-05-21","95.3","-0.35","5.83","Burnes, Corbin",687221,669203,,"ball",,,,,14,"Ball","R","L","R","LAD","AZ","B",,,0,0,2025,"-0.05","1.18","0.9","0.86",,,571970,2,5,"Bot",,,,,,,3.3806014863277185,-138.5855846715106,-10.12601319099804,-1.3309930492113031,28.012842612682164,-15.018745074360275,"3.28","1.38",,,,"95.8",2677,"6.4",777824,672515,647304,606466,553993,672695,694374,677950,682998,"54.08",,,,,,,,36,1,"Cutter",0,1,0,1,1,0,0,1,"Infield shade","Standard",200,"0.003","0.035",,,,"-0.035",,-1,-1,0.375,0.375,30,24,31,24,2,1,5,3,6,3,"1.32","0.05","-0.05","43.8",,,,,
"CU","2025-05-21","81.1","-0.3","5.84","Burnes, Corbin",669242,669203,"strikeout","swinging_strike",,,,,14,"Tommy Edman strikes out swinging.","R","L","R","LAD","AZ","S",2,,2,2,2025,"0.59","-0.56","1.06","1.01",,,571970,1,5,"Bot",,,,,,,1.919813741229754,-118.04517711489908,-3.1214195914975926,5.082986266610582,23.16547607005537,-36.96137004964155,"3.35","1.52",,,,"81.4",2733,"6.5",777824,672515,647304,606466,553993,672695,694374,677950,682998,"53.98",,0,"0",1,0,0,,35,7,"Curveball",0,1,0,1,1,0,0,1,"Infield shade","Standard",53,"-0.04","-0.222","67.0","7.3",,"0.222",,-1,-1,0.415,0.415,30,30,31,30,2,1,5,1,6,2,"4.03","-0.59","0.59","47.3",20.670250304119772,-19.61117723189681,38.27102495455896,23.056946674561694,43.23106709024669
"FC","2025-05-21","95.5","-0.41","5.77","Burnes, Corbin",669242,669203,,"foul",,,,,14,"Foul","R","L","R","LAD","AZ","S",,,2,2,2025,"0.2","0.94","1.04","2.1",,,571970,1,5,"Bot",,,,,,,3.3785198574738393,-139.06270203378207,-6.178290240727066,1.8882653713000754,29.663118199301447,-18.81394406479368,"3.35","1.52",3,"93.8",-32,"95.9",2668,"6.4",777824,672515,647304,606466,553993,672695,694374,677950,682998,"54.12",,,,,,,,35,6,"Cutter",0,1,0,1,1,0,0,1,"Infield shade","Standard",198,"0","0","69.3","6.4",,"0","93.8",-1,-1,0.415,0.415,30,30,31,30,2,1,5,1,6,2,"1.55","-0.2","0.2","38.5",9.580042602392838,-3.4919724482684065,31.991136958263418,22.784453657917755,28.97083891760817
"FC","2025-05-21","94.9","-0.34","5.8","Burnes, Corbin",669242,669203,,"foul",,,,,6,"Foul","R","L","R","LAD","AZ","S",,,2,2,2025,"0.37","0.91","0.31","2.14",,,571970,1,5,"Bot",,,,,,,0.8815966258938995,-138.25880802575375,-5.98428618563225,4.573136069018921,29.845658363588118,-19.403327773360225,"3.35","1.52",,,,"95.2",2608,"6.3",777824,672515,647304,606466,553993,672695,694374,677950,682998,"54.17",,,,,,,,35,5,"Cutter",0,1,0,1,1,0,0,1,"Infield shade","Standard",183,"0","0","68.8","6.1",,"0",,-1,-1,0.415,0.415,30,30,31,30,2,1,5,1,6,2,"1.61","-0.37","0.37","39.0",-0.525385953466788,15.657921501003868,29.896141109805555,31.103502640387877,21.138346913099348
"CU","2025-05-21","80.8","-0.41","5.79","Burnes, Corbin",669242,669203,,"blocked_ball",,,,,13,"Ball In Dirt","R","L","R","LAD","AZ","B",,,1,2,2025,"0.53","-1.04","-0.73","0.32",,,571970,1,5,"Bot",,,,,,,-1.73937563565554,-117.66489920417433,-3.533560191340591,5.2893390833689,23.80594198800998,-41.26377764727017,"3.35","1.43",,,,"80.7",2804,"6.3",777824,672515,647304,606466,553993,672695,694374,677950,682998,"54.2",,,,,,,,35,4,"Curveball",0,1,0,1,1,0,0,1,"Infield shade","Standard",46,"0.006","0.044",,,,"-0.044",,-1,-1,0.409,0.409,30,30,31,30,2,1,5,1,6,2,"4.54","-0.53","0.53","40.8",,,,,
"CH","2025-05-21","87.5","-0.41","5.57","Burnes, Corbin",669242,669203,,"called_strike",,,,,9,"Called Strike","R","L","R","LAD","AZ","S",,,1,1,2025,"-1.08","0.8","0.73","1.41",,,571970,1,5,"Bot",,,,,,,5.007246044346284,-127.30197053656048,-5.597065573530036,-12.796481628809182,25.361911070140277,-22.48957028009253,"3.43","1.45",,,,"88.2",2074,"6.7",777824,672515,647304,606466,553993,672695,694374,677950,682998,"53.83",,,,,,,,35,3,"Changeup",0,1,0,1,1,0,0,1,"Standard","Standard",227,"-0.009","-0.056",,,,"0.056",,-1,-1,0.418,0.418,30,30,31,30,2,1,5,1,6,2,"2.17","1.08","-1.08","40.2",,,,,
"FC","2025-05-21","94.6","-0.36","5.84","Burnes, Corbin",669242,669203,,"ball",,,,,14,"Ball","R","L","R","LAD","AZ","B",,,0,1,2025,"0.06","1.1","1.06","1.55",,,571970,1,5,"Bot",,,,,,,3.5683851346128312,-137.5947965697101,-8.025566017524866,0.09441968257579193,27.85561353491151,-16.664192482942507,"3.4","1.42",,,,"95.1",2687,"6.4",777824,672515,647304,606466,553993,672695,694374,677950,682998,"54.09",,,,,,,,35,2,"Cutter",0,1,0,1,1,0,0,1,"Infield shade","Standard",191,"0.005","0.019",,,,"-0.019",,-1,-1,0.413,0.413,30,30,31,30,2,1,5,1,6,2,"1.43","-0.06","0.06","41.4",,,,,
"FC","2025-05-21","94.3","-0.55","5.8","Burnes, Corbin",669242,669203,,"foul",,,,,14,"Foul","R","L","R","LAD","AZ","S",,,0,0,2025,"0.21","1.07","1.21","1.75",,,571970,1,5,"Bot",,,,,,,4.09213324977693,-137.29571223533847,-7.263221453837688,1.8649623365478345,27.178615287112816,-17.32942043739326,"3.35","1.52",,,,"94.7",2705,"6.2",777824,672515,647304,606466,553993,672695,694374,677950,682998,"54.26",,,,,,,,35,1,"Cutter",0,1,0,1,1,0,0,1,"Standard","Standard",193,"-0.007","-0.04","67.7","7.3",,"0.04",,-1,-1,0.42,0.42,30,30,31,30,2,1,5,1,6,2,"1.47","-0.21","0.21","37.4",24.09846180884881,-23.625173177824802,37.721637367588265,20.32915235824125,33.222260087425866
"FC","2025-05-21","93.3","-0.41","5.82","Burnes, Corbin",571970,669203,"walk","ball",,,,,14,"Max Muncy walks.","R","L","R","LAD","AZ","B",,,3,2,2025,"0","0.78","1.04","1.7",,,,1,5,"Bot",,,,,,,3.7302414349084843,-135.91481019722573,-6.64615142678709,-0.6775358513504419,26.55812497910252,-21.263720411030405,"3.06","1.34",,,,"94",2732,"6.4",777824,672515,647304,606466,553993,672695,694374,677950,682998,"54.11",,0.691497,"0.7",1,0,0,,34,6,"Cutter",0,1,0,1,1,0,0,1,"Infield shade","Standard",187,"0.032","0.339",,,,"-0.339",,-1,-1,0.388,0.388,30,34,31,35,2,1,5,1,6,2,"1.81","0","0","38.8",,,,,
"FC","2025-05-21","93.9","-0.47","5.78","Burnes, Corbin",571970,669203,,"ball",,,,,11,"Ball","R","L","R","LAD","AZ","B",,,2,2,2025,"0.01","0.77","-1","3.14",,,,1,5,"Bot",,,,,,,-1.3989067594953688,-136.95308289754797,-2.93072849704013,0.44169023946122477,25.91508992721093,-21.96205497889861,"3.09","1.38",,,,"94.7",2641,"6.3",777824,672515,647304,606466,553993,672695,694374,677950,682998,"54.18",,,,,,,,34,5,"Cutter",0,1,0,1,1,0,0,1,"Infield shade","Standard",185,"0.008","0.104",,,,"-0.104",,-1,-1,0.38,0.38,30,34,31,35,2,1,5,1,6,2,"1.77","-0.01","0.01","39.0",,,,,
"CU","2025-05-21","81.1","-0.4","5.9","Burnes, Corbin",571970,669203,,"ball",,,,,14,"Ball","R","L","R","LAD","AZ","B",,,1,2,2025,"0.74","-0.93","0.75","0.73",,,,1,5,"Bot",,,,,,,1.1454283618559593,-118.17346718856069,-3.1688261311657557,6.6884311909224525,23.14090117208358,-40.45639739465862,"3.05","1.37",,,,"81.2",2762,"6.3",777824,672515,647304,606466,553993,672695,694374,677950,682998,"54.15",,,,,,,,34,4,"Curveball",0,1,0,1,1,0,0,1,"Infield shade","Standard",50,"0.004","0.048",,,,"-0.048",,-1,-1,0.376,0.376,30,34,31,35,2,1,5,1,6,2,"4.39","-0.74","0.74","42.6",,,,,
"FC","2025-05-21","94","-0.42","5.84","Burnes, Corbin",571970,669203,,"foul",,,,,14,"Foul","R","L","R","LAD","AZ","S",,,1,1,2025,"0.15","1.17","0.96","2.15",,,,1,5,"Bot",,,,,,,3.235392815397801,-136.9794912866633,-6.545275461989417,1.3536114091581923,26.114270542274966,-16.18038618774354,"3.12","1.53",,,,"94.7",2734,"6.3",777824,672515,647304,606466,553993,672695,694374,677950,682998,"54.17",,,,,,,,34,3,"Cutter",0,1,0,1,1,0,0,1,"Infield shade","Standard",193,"-0.005","-0.064","68.8","6.5",,"0.064",,-1,-1,0.381,0.381,30,34,31,35,2,1,5,1,6,2,"1.37","-0.15","0.15","39.6",15.533992425352762,-5.797778205116734,38.55595601318427,24.599346501046263,35.74547464995855
"CU","2025-05-21","79.2","-0.32","5.89","Burnes, Corbin",571970,669203,,"ball",,,,,14,"Ball","R","L","R","LAD","AZ","B",,,0,1,2025,"0.86","-0.96","1.27","1.66",,,,1,5,"Bot",,,,,,,1.8673591757068684,-115.41587953440232,-0.6867120824917998,7.333285140303506,21.13438603673405,-40.848222356720306,"3.05","1.44",,,,"79.3",2765,"6.3",777824,672515,647304,606466,553993,672695,694374,677950,682998,"54.24",,,,,,,,34,2,"Curveball",0,1,0,1,1,0,0,1,"Infield shade","Standard",47,"0.003","0.029",,,,"-0.029",,-1,-1,0.378,0.378,30,34,31,35,2,1,5,1,6,2,"4.58","-0.86","0.86","40.9",,,,,
"FC","2025-05-21","92.9","-0.43","5.89","Burnes, Corbin",571970,669203,,"called_strike",,,,,12,"Called Strike","R","L","R","LAD","AZ","S",,,0,0,2025,"0.02","0.98","0.85","2.36",,,,1,5,"Bot",,,,,,,3.260750005717044,-135.2594134966418,-5.469909200272377,-0.4643024181057274,26.976288177834043,-19.161896146498744,"3.11","1.41",,,,"93.4",2622,"6.4",777824,672515,647304,606466,553993,672695,694374,677950,682998,"54.11",,,,,,,,34,1,"Cutter",0,1,0,1,1,0,0,1,"Infield shade","Standard",189,"-0.004","-0.039",,,,"0.039",,-1,-1,0.382,0.382,30,34,31,35,2,1,5,1,6,2,"1.64","-0.02","0.02","45.1",,,,,
"SL","2025-05-21","83.9","-0.6","5.71","Burnes, Corbin",681624,669203,"field_out","hit_into_play",,,,,6,"Andy Pages flies out to center fielder Alek Thomas.","R","R","R","LAD","AZ","X",8,"fly_ball",0,1,2025,"0.63","-0.2","0.66","2.64",,,,0,5,"Bot",161.72,64.3,,,,,1.6813835270174349,-122.25528364809144,-0.3332962047765352,6.03286663239265,23.259996352265194,-34.35508561723306,"3.51","1.64",345,"94.4",26,"84.3",2715,"6.4",777824,672515,647304,606466,553993,672695,694374,677950,682998,"54.13",0.154,0.2,"0",1,0,0,3,33,2,"Slider",0,1,0,1,1,0,0,1,"Standard","Standard",80,"-0.028","-0.22","69.2","8.0",0.334,"0.22","94.4",-1,-1,0.41,0.41,30,24,31,25,2,1,5,1,6,2,"3.42","-0.63","-0.63","39.4",5.980016177922321,-1.720219218962594,35.517897705436546,46.3660051185783,26.55516424836534
"FC","2025-05-21","92.8","-0.5","5.91","Burnes, Corbin",681624,669203,,"called_strike",,,,,6,"Called Strike","R","R","R","LAD","AZ","S",,,0,0,2025,"0.14","1.16","0.81","2.71",,,,0,5,"Bot",,,,,,,3.0505539542909763,-135.23386532708446,-4.99818433342376,1.0955450313336217,27.39073309056672,-17.00543660361291,"3.35","1.56",,,,"93.3",2533,"6.3",777824,672515,647304,606466,553993,672695,694374,677950,682998,"54.15",,,,,,,,33,1,"Cutter",0,1,0,1,1,0,0,1,"Standard","Standard",189,"-0.005","-0.039",,,,"0.039",,-1,-1,0.415,0.415,30,24,31,25,2,1,5,1,6,2,"1.46","-0.14","-0.14","41.9",,,,,
"CU","2025-05-21","79.8","-0.17","5.96","Burnes, Corbin",606192,669203,"strikeout","swinging_strike",,,,,8,"Teoscar Hernández strikes out swinging.","R","R","R","LAD","AZ","S",2,,1,2,2025,"0.86","-1.28","0.25","2.17",,,518692,2,4,"Bot",,,,,,,-0.706891401584383,-116.17481666370296,0.8856161856013731,7.88017370040408,24.230914853288187,-44.09604680415331,"3.57","1.71",,,,"79.5",2754,"6.3",777824,672515,647304,606466,553993,672695,694374,677950,682998,"54.18",,0,"0",1,0,0,,28,4,"Curveball",0,1,0,1,1,0,0,1,"Standard","Standard",45,"-0.023","-0.183","78.1","8.7",,"0.183",,-1,-1,0.385,0.385,30,32,31,33,2,1,5,1,6,2,"4.89","-0.86","-0.86","47.8",21.110376913569084,-29.27062521321082,30.163817945891694,41.006845747804455,51.642600456822926
"SL","2025-05-21","86.7","-0.56","5.62","Burnes, Corbin",606192,669203,,"ball",,,,,14,"Ball","R","R","R","LAD","AZ","B",,,0,2,2025,"0.61","-0.17","1.37","1.75",,,518692,2,4,"Bot",,,,,,,3.3762354531723777,-126.2842817377555,-2.7271381781291417,5.8762465282659715,25.02450732597666,-33.70511973663939,"3.61","1.63",,,,"86.9",2922,"6.3",777824,672515,647304,606466,553993,672695,694374,677950,682998,"54.19",,,,,,,,28,3,"Slider",0,1,0,1,1,0,0,1,"Standard","Standard",86,"0.003","0.009",,,,"-0.009",,-1,-1,0.382,0.382,30,32,31,33,2,1,5,1,6,2,"3.19","-0.61","-0.61","40.0",,,,,
"SL","2025-05-21","85.8","-0.72","5.6","Burnes, Corbin",606192,669203,,"swinging_strike",,,,,14,"Swinging Strike","R","R","R","LAD","AZ","S",,,0,1,2025,"0.54","-0.16","0.6","1.28",,,518692,2,4,"Bot",,,,,,,2.034189867345368,-124.92288637873752,-3.6567091430243175,5.204898170047331,24.923570594878868,-33.327164332539,"3.57","1.71",,,,"86",2698,"6.4",777824,672515,647304,606466,553993,672695,694374,677950,682998,"54.12",,,,,,,,28,2,"Slider",0,1,0,1,1,0,0,1,"Standard","Standard",94,"-0.006","-0.055","85.0","9.0",,"0.055",,-1,-1,0.388,0.388,30,32,31,33,2,1,5,1,6,2,"3.25","-0.54","-0.54","38.9",17.094322216965054,-23.892172065040544,36.36932887984738,44.656687509570766,49.90567171792317
"FC","2025-05-21","95.1","-0.46","5.84","Burnes, Corbin",606192,669203,,"foul_tip",,,,,6,"Foul Tip","R","R","R","LAD","AZ","S",,,0,0,2025,"0.02","0.96","0.48","2.61",,,518692,2,4,"Bot",,,,,,,2.4417683457082937,-138.5775600676608,-5.06199905216552,-0.2898201422029404,28.705656703055134,-18.83572096865242,"3.57","1.71",,,,"95.6",2618,"6.3",777824,672515,647304,606466,553993,672695,694374,677950,682998,"54.16",,,,,,,,28,1,"Cutter",0,1,0,1,1,0,0,1,"Standard","Standard",185,"-0.004","-0.042","75.6","7.8",,"0.042",,-1,-1,0.392,0.392,30,32,31,33,2,1,5,1,6,2,"1.53","-0.02","-0.02","42.0",10.725337043413122,14.750546299038605,34.63170230656074,44.21650895030949,20.10399499687375
"FC","2025-05-21","94.3","-0.46","5.86","Burnes, Corbin",518692,669203,"single","hit_into_play",,,,,9,"Freddie Freeman singles on a ground ball to right fielder Corbin Carroll.","R","L","R","LAD","AZ","X",9,"ground_ball",2,1,2025,"0.49","0.89","0.4","1.97",,,,2,4,"Bot",142,110.24,,,,,1.1469265064631402,-137.36359052906425,-6.488108158055309,6.0247870117028235,26.934981677218126,-19.67499591238326,"3.69","1.79",124,"90.8",8,"94.7",2608,"6.2",777824,672515,647304,606466,553993,672695,694374,677950,682998,"54.31",0.519,0.467,"0.9",1,1,0,4,27,4,"Cutter",0,1,0,1,1,0,0,1,"Infield shade","Standard",186,"0.014","0.289","71.3","6.7",0.558,"-0.289","90.8",-1,-1,0.378,0.378,30,35,31,36,2,1,5,1,6,2,"1.64","-0.49","0.49","42.0",1.1978280616216674,10.48396019897249,50.816746753942624,33.471253674412836,21.195075860056246
"FC","2025-05-21","93.1","-0.39","5.82","Burnes, Corbin",518692,669203,,"ball",,,,,14,"Ball","R","L","R","LAD","AZ","B",,,1,1,2025,"0.3","0.7","1.28","2.05",,,,2,4,"Bot",,,,,,,3.638262553708752,-135.59905088335734,-5.493014626737571,2.9872336914476696,27.285558539616883,-22.61689357212821,"3.71","1.72",,,,"93.3",2678,"6.2",777824,672515,647304,606466,553993,672695,694374,677950,682998,"54.32",,,,,,,,27,3,"Cutter",0,1,0,1,1,0,0,1,"Infield shade","Standard",183,"0.003","0.053",,,,"-0.053",,-1,-1,0.375,0.375,30,35,31,36,2,1,5,1,6,2,"1.91","-0.3","0.3","39.5",,,,,
"CH","2025-05-21","87.2","-0.64","5.56","Burnes, Corbin",518692,669203,,"ball",,,,,11,"Ball","R","L","R","LAD","AZ","B",,,0,1,2025,"-1.13","0.49","-1.59","3.6",,,,2,4,"Bot",,,,,,,0.02881157835724535,-127.14462385669047,0.3881053747371961,-12.279683844820287,24.681721748279514,-27.15679514864558,"3.73","1.74",,,,"87.6",1865,"6.3",777824,672515,647304,606466,553993,672695,694374,677950,682998,"54.17",,,,,,,,27,2,"Changeup",0,1,0,1,1,0,0,1,"Infield shade","Standard",220,"0.001","0.027",,,,"-0.027",,-1,-1,0.374,0.374,30,35,31,36,2,1,5,1,6,2,"2.49","1.13","-1.13","38.5",,,,,
"FC","2025-05-21","93.6","-0.58","5.8","Burnes, Corbin",518692,669203,,"foul",,,,,8,"Foul","R","L","R","LAD","AZ","S",,,0,0,2025,"0.25","0.89","0.18","2.1",,,,2,4,"Bot",,,,,,,1.4117198564003708,-136.34407727531632,-5.848185845231391,2.8768290149156095,27.27760002290586,-20.05185328439581,"3.69","1.79",183,"74.8",25,"94.2",2756,"6.4",777824,672515,647304,606466,553993,672695,694374,677950,682998,"54.09",,,,,,,,27,1,"Cutter",0,1,0,1,1,0,0,1,"Infield shade","Standard",188,"-0.002","-0.043","68.3","6.1",,"0.043","88.0",-1,-1,0.376,0.376,30,35,31,36,2,1,5,1,6,2,"1.69","-0.25","0.25","38.9",-9.09276603284266,16.335859597350126,51.114205889245234,36.638233452934344,15.63369960540208
"CU","2025-05-21","79.8","-0.26","5.9","Burnes, Corbin",605141,669203,"field_out","hit_into_play",,,,,14,"Mookie Betts flies out to center fielder Alek Thomas.","R","R","R","LAD","AZ","X",8,"fly_ball",1,2,2025,"0.77","-1.25","1.19","1.97",,,,1,4,"Bot",103.7,65.05,,,,,1.7386700227846206,-116.15597629045706,0.4564340715678439,6.611487644947214,22.465761823544756,-43.78566451522192,"3.24","1.5",336,"89.3",33,"79.8",2847,"6.3",777824,672515,647304,606466,553993,672695,694374,677950,682998,"54.18",0.023,0.033,"0",1,0,0,3,26,4,"Curveball",0,1,0,1,1,0,0,1,"Standard","Standard",45,"-0.016","-0.18","69.3","7.8",0.058,"0.18","89.3",-1,-1,0.392,0.392,30,32,31,33,2,1,5,1,6,2,"4.84","-0.77","-0.77","51.4",10.280971836657503,-8.589135687272949,26.752891438671767,50.04537299853341,35.363202142553945
"CU","2025-05-21","78.4","-0.35","5.89","Burnes, Corbin",605141,669203,,"called_strike",,,,,5,"Called Strike","R","R","R","LAD","AZ","S",,,1,1,2025,"0.95","-1.19","0.15","2.34",,,,1,4,"Bot",,,,,,,-0.6702173427663018,-114.1912688388834,1.3797794214647023,8.456588454291921,21.542939865611036,-43.03975629719756,"3.17","1.4",,,,"78.5",2771,"6.4",777824,672515,647304,606466,553993,672695,694374,677950,682998,"54.15",,,,,,,,26,3,"Curveball",0,1,0,1,1,0,0,1,"Standard","Standard",42,"-0.005","-0.064",,,,"0.064",,-1,-1,0.397,0.397,30,32,31,33,2,1,5,1,6,2,"4.9","-0.95","-0.95","48.5",,,,,
"FC","2025-05-21","95.4","-0.55","5.8","Burnes, Corbin",605141,669203,,"foul",,,,,8,"Foul","R","R","R","LAD","AZ","S",,,1,0,2025,"0.14","1.01","-0.07","2.03",,,,1,4,"Bot",,,,,,,0.97124670874986,-138.97400097317976,-6.654101902631078,1.6153012746317954,26.067775966718422,-17.79717309457748,"3.24","1.5",231,"73.1",48,"96.2",2610,"6.3",777824,672515,647304,606466,553993,672695,694374,677950,682998,"54.17",,,,,,,,26,2,"Cutter",0,1,0,1,1,0,0,1,"Standard","Standard",195,"-0.004","-0.049","71.4","7.2",,"0.049","88.0",-1,-1,0.401,0.401,30,32,31,33,2,1,5,1,6,2,"1.45","-0.14","-0.14","42.6",9.028773929897945,-12.073398389343325,37.917930189536825,35.725661663583665,32.77893160040652
"FC","2025-05-21","95","-0.44","5.83","Burnes, Corbin",605141,669203,,"ball",,,,,14,"Ball","R","R","R","LAD","AZ","B",,,0,0,2025,"0.23","0.97","1.43","2.06",,,,1,4,"Bot",,,,,,,4.391776235886799,-138.38614761632252,-6.464679937541704,2.124447571221711,26.816843450011124,-18.46532716702471,"3.24","1.47",,,,"95.6",2676,"6.3",777824,672515,647304,606466,553993,672695,694374,677950,682998,"54.21",,,,,,,,26,1,"Cutter",0,1,0,1,1,0,0,1,"Standard","Standard",195,"0.003","0.039",,,,"-0.039",,-1,-1,0.398,0.398,30,32,31,33,2,1,5,1,6,2,"1.52","-0.23","-0.23","39.7",,,,,
"FC","2025-05-21","94.1","-0.64","5.79","Burnes, Corbin",660271,669203,"field_out","hit_into_play",,,,,8,"Shohei Ohtani grounds out sharply, second baseman Ketel Marte to first baseman Josh Naylor.","R","L","R","LAD","AZ","X",4,"ground_ball",2,2,2025,"0.31","0.86","0.05","2.06",,,,0,4,"Bot",155.8,152.01,,,,,1.1033891166403769,-137.06544213972273,-5.932465551845304,3.6603137238714716,29.069816537358403,-20.239904673475507,"3.53","1.58",75,"109",3,"94.5",2817,"6.4",777824,672515,647304,606466,553993,672695,694374,677950,682998,"54.14",0.595,0.547,"0",1,0,0,4,25,6,"Cutter",0,1,0,1,1,0,0,1,"Infield shade","Standard",183,"-0.027","-0.232","73.6","8.1",0.656,"0.232","109.0",-1,-1,0.425,0.425,30,30,31,31,2,1,5,1,6,2,"1.7","-0.31","0.31","44.9",10.58509714988511,1.8601479552103404,36.623161374744846,39.24995086313567,23.658936163981156
"FC","2025-05-21","95.3","-0.4","5.91","Burnes, Corbin",660271,669203,,"foul",,,,,14,"Foul","R","L","R","LAD","AZ","S",,,2,2,2025,"0.42","0.96","1.6","1.7",,,,0,4,"Bot",,,,,,,4.3262219818065795,-138.6866906590068,-7.609599166502363,4.500686054378126,30.389577529166893,-18.250469853634293,"3.53","1.58",,,,"95.5",2679,"6.3",777824,672515,647304,606466,553993,672695,694374,677950,682998,"54.16",,,,,,,,25,5,"Cutter",0,1,0,1,1,0,0,1,"Infield shade","Standard",191,"0","0","67.2","7.9",,"0",,-1,-1,0.425,0.425,30,30,31,31,2,1,5,1,6,2,"1.54","-0.42","0.42","41.5",18.685555351664167,-3.131154643357182,50.93708973754321,21.22191811336039,25.972058898554778
"FC","2025-05-21","93.7","-0.53","5.84","Burnes, Corbin",660271,669203,,"ball",,,,,11,"Ball","R","L","R","LAD","AZ","B",,,1,2,2025,"0.44","0.92","-1.23","2.94",,,,0,4,"Bot",,,,,,,-2.775707460929229,-136.6129968503735,-3.845135625889035,6.092207652446152,27.044654629867956,-20.050991533066128,"3.56","1.6",,,,"94.1",2645,"6.2",777824,672515,647304,606466,553993,672695,694374,677950,682998,"54.33",,,,,,,,25,4,"Cutter",0,1,0,1,1,0,0,1,"Infield shade","Standard",182,"0.005","0.043",,,,"-0.043",,-1,-1,0.42,0.42,30,30,31,31,2,1,5,1,6,2,"1.65","-0.44","0.44","38.8",,,,,
"CU","2025-05-21","81.4","-0.3","5.88","Burnes, Corbin",660271,669203,,"ball",,,,,14,"Ball","R","L","R","LAD","AZ","B",,,0,2,2025,"0.59","-1.05","1.5","-0.67",,,,0,4,"Bot",,,,,,,2.9132306093735205,-118.42080927245307,-6.056912159729597,4.979205763839487,23.47992842675613,-41.01775642422703,"3.52","1.59",,,,"81.4",2917,"6.4",777824,672515,647304,606466,553993,672695,694374,677950,682998,"54.1",,,,,,,,25,3,"Curveball",0,1,0,1,1,0,0,1,"Infield shade","Standard",44,"0.003","0.024",,,,"-0.024",,-1,-1,0.417,0.417,30,30,31,31,2,1,5,1,6,2,"4.5","-0.59","0.59","45.9",,,,,
"FC","2025-05-21","94.2","-0.32","5.93","Burnes, Corbin",660271,669203,,"foul",,,,,14,"Foul","R","L","R","LAD","AZ","S",,,0,1,2025,"0.35","0.89","1.18","1.81",,,,0,4,"Bot",,,,,,,3.1235823756324272,-137.1224791154907,-7.035130225274014,3.8796510926881336,27.31278235777397,-19.687583908890808,"3.53","1.58",3,"58.2",-29,"94.6",2682,"6.3",777824,672515,647304,606466,553993,672695,694374,677950,682998,"54.23",,,,,,,,25,2,"Cutter",0,1,0,1,1,0,0,1,"Infield shade","Standard",188,"-0.006","-0.055","74.5","7.6",,"0.055","88.0",-1,-1,0.423,0.423,30,30,31,31,2,1,5,1,6,2,"1.66","-0.35","0.35","42.7",8.343354187754523,6.678089825387656,46.78908499727109,24.7714251480594,24.386090621760083
"FC","2025-05-21","93.1","-0.56","5.88","Burnes, Corbin",660271,669203,,"called_strike",,,,,7,"Called Strike","R","L","R","LAD","AZ","S",,,0,0,2025,"0.26","1.03","-0.34","1.75",,,,0,4,"Bot",,,,,,,-0.00026493452642711857,-135.65027069003906,-7.157141533696331,3.294374142516697,26.05921528923719,-18.18340812995387,"3.64","1.62",,,,"93.3",2584,"6.1",777824,672515,647304,606466,553993,672695,694374,677950,682998,"54.42",,,,,,,,25,1,"Cutter",0,1,0,1,1,0,0,1,"Infield shade","Standard",198,"-0.005","-0.039",,,,"0.039",,-1,-1,0.428,0.428,30,30,31,31,2,1,5,1,6,2,"1.57","-0.26","0.26","40.9",,,,,
"SI","2025-05-21","95.2","-0.66","5.79","Burnes, Corbin",500743,669203,"field_out","hit_into_play",,,,,4,"Miguel Rojas lines out to center fielder Alek Thomas.","R","R","R","LAD","AZ","X",8,"line_drive",1,0,2025,"-0.69","1","-0.44","2.72",,,,2,3,"Bot",130.41,67.23,,,,,2.145922018951104,-138.7180815966425,-4.7376453385383295,-9.473080449389643,27.654827524337282,-18.394967528069333,"3.44","1.71",327,"95.9",19,"95.7",2470,"6.3",777824,672515,647304,606466,553993,672695,694374,677950,682998,"54.24",0.365,0.421,"0",1,0,0,4,19,2,"Sinker",0,0,0,0,0,0,0,0,"Standard","Standard",197,"-0.013","-0.297","71.0","6.6",0.617,"0.297","95.9",0,0,0.513,0.513,30,36,31,36,1,0,5,3,6,3,"1.49","0.69","0.69","40.2",7.668728217234066,6.80483188441534,29.138901688948494,32.301064046642914,27.03747795080135
"FC","2025-05-21","94.5","-0.58","5.87","Burnes, Corbin",500743,669203,,"ball",,,,,14,"Ball","R","R","R","LAD","AZ","B",,,0,0,2025,"0.42","0.97","1.35","2.01",,,,2,3,"Bot",,,,,,,4.114046450867981,-137.68445317363125,-6.632166376425536,4.580939675195445,25.918448181333375,-18.580911351639855,"3.58","1.81",,,,"95.1",2790,"6.2",777824,672515,647304,606466,553993,672695,694374,677950,682998,"54.25",,,,,,,,19,1,"Cutter",0,0,0,0,0,0,0,0,"Standard","Standard",187,"0.001","0.037",,,,"-0.037",,0,0,0.512,0.512,30,36,31,36,1,0,5,3,6,3,"1.54","-0.42","-0.42","41.1",,,,,
"CU","2025-05-21","81.3","-0.4","5.89","Burnes, Corbin",687221,669203,"strikeout","swinging_strike",,,,,14,"Dalton Rushing strikes out swinging.","R","L","R","LAD","AZ","S",2,,1,2,2025,"0.72","-0.68","0.36","1.32",,,,1,3,"Bot",,,,,,,0.334833234964227,-118.42124347091841,-2.3809508972910804,6.751474591667688,21.482982301442366,-38.335729327334505,"3.32","1.51",,,,"81.5",2843,"6.2",777824,672515,647304,606466,553993,672695,694374,677950,682998,"54.27",,0,"0",1,0,0,,18,4,"Curveball",0,0,0,0,0,0,0,0,"Infield shade","Standard",52,"-0.014","-0.18","74.9","8.4",,"0.18",,0,0,0.526,0.526,30,24,31,24,1,0,5,3,6,3,"4.1","-0.72","0.72","43.9",24.642081401954997,-28.76094614301537,35.725769007497185,30.839886167139994,49.66675267235172
"CU","2025-05-21","81.7","-0.46","5.83","Burnes, Corbin",687221,669203,,"ball",,,,,14,"Ball","R","L","R","LAD","AZ","B",,,0,2,2025,"0.74","-0.85","0.11","0.64",,,,1,3,"Bot",,,,,,,-0.13805975103610602,-119.08691364276943,-3.5337933419103074,7.04321730899099,21.925858650172113,-39.84626784729267,"3.25","1.38",,,,"81.9",2885,"6.2",777824,672515,647304,606466,553993,672695,694374,677950,682998,"54.29",,,,,,,,18,3,"Curveball",0,0,0,0,0,0,0,0,"Infield shade","Standard",47,"0.002","0.017",,,,"-0.017",,0,0,0.524,0.524,30,24,31,24,1,0,5,3,6,3,"4.24","-0.74","0.74","44.1",,,,,
"FC","2025-05-21","93.9","-0.47","5.88","Burnes, Corbin",687221,669203,,"swinging_strike",,,,,14,"Swinging Strike","R","L","R","LAD","AZ","S",,,0,1,2025,"0.37","1","0.87","1.61",,,,1,3,"Bot",,,,,,,2.669619577185854,-136.71597875691288,-7.632697334774194,4.177905535655194,24.809877050670586,-18.224846969635855,"3.32","1.51",,,,"94.6",2729,"6.2",777824,672515,647304,606466,553993,672695,694374,677950,682998,"54.25",,,,,,,,18,2,"Cutter",0,0,0,0,0,0,0,0,"Infield shade","Standard",189,"-0.003","-0.052","76.3","8.2",,"0.052",,0,0,0.527,0.527,30,24,31,24,1,0,5,3,6,3,"1.54","-0.37","0.37","40.8",20.96672260429719,-22.139468817211696,40.374235709581356,25.295447665105982,35.09092273239395
"FC","2025-05-21","94.2","-0.54","5.91","Burnes, Corbin",687221,669203,,"called_strike",,,,,5,"Called Strike","R","L","R","LAD","AZ","S",,,0,0,2025,"0.14","0.92","-0.17","2.22",,,,1,3,"Bot",,,,,,,0.6525376081540736,-137.34295016488375,-6.058615644132031,1.7084375792874757,25.43799786908715,-19.391636222395636,"3.37","1.47",,,,"94.9",2753,"6.2",777824,672515,647304,606466,553993,672695,694374,677950,682998,"54.26",,,,,,,,18,1,"Cutter",0,0,0,0,0,0,0,0,"Infield shade","Standard",190,"-0.003","-0.039",,,,"0.039",,0,0,0.53,0.53,30,24,31,24,1,0,5,3,6,3,"1.6","-0.14","0.14","43.4",,,,,
"FC","2025-05-21","93.3","-0.53","5.85","Burnes, Corbin",669242,669203,"field_out","hit_into_play",,,,,6,"Tommy Edman grounds out, shortstop Geraldo Perdomo to first baseman Josh Naylor.","R","L","R","LAD","AZ","X",6,"ground_ball",0,1,2025,"0.32","0.81","0.46","2.74",,,,0,3,"Bot",121.48,144.25,,,,,1.8371037343090708,-135.96138844960402,-4.08589933155433,3.67100593921911,26.092847742246256,-21.408574031817608,"3.35","1.52",15,"69.8",-9,"93.6",2667,"6.1",777824,672515,647304,606466,553993,672695,694374,677950,682998,"54.37",0.061,0.067,"0",1,0,0,2,17,2,"Cutter",0,0,0,0,0,0,0,0,"Standard","Standard",181,"-0.021","-0.22","60.0","5.6",0.077,"0.22","88.0",0,0,0.551,0.551,30,30,31,30,1,0,5,1,6,2,"1.77","-0.32","0.32","39.7",-0.34209554760125976,18.521713753325773,27.52471496639652,26.834285905076854,18.60028444781027
"FC","2025-05-21","94","-0.56","5.82","Burnes, Corbin",669242,669203,,"called_strike",,,,,9,"Called Strike","R","L","R","LAD","AZ","S",,,0,0,2025,"0.05","0.95","0.32","1.56",,,,0,3,"Bot",,,,,,,2.1786762874706462,-136.91425628783898,-7.500051285524664,0.15519268070328346,27.038448792740265,-18.89137773874621,"3.38","1.5",,,,"94.5",2579,"6.3",777824,672515,647304,606466,553993,672695,694374,677950,682998,"54.21",,,,,,,,17,1,"Cutter",0,0,0,0,0,0,0,0,"Standard","Standard",193,"-0.004","-0.039",,,,"0.039",,0,0,0.555,0.555,30,30,31,30,1,0,5,1,6,2,"1.61","-0.05","0.05","42.5",,,,,
"FC","2025-05-21","94.5","-0.72","5.72","Burnes, Corbin",571970,669203,"field_out","hit_into_play",,,,,2,"Max Muncy flies out to center fielder Alek Thomas.","R","L","R","LAD","AZ","X",8,"fly_ball",1,1,2025,"0.23","0.87","-0.09","2.67",,,,2,2,"Bot",92.38,87.08,,,,,1.1154654283387682,-137.64914400563228,-4.256282561898216,2.7569824278979795,28.146538878996534,-20.394986745242424,"3.12","1.53",291,"87",40,"94.8",2731,"6.3",777824,672515,647304,606466,553993,672695,694374,677950,682998,"54.24",0.01,0.014,"0",1,0,0,3,13,3,"Cutter",0,0,0,0,0,0,0,0,"Infield shade","Standard",192,"-0.01","-0.244","72.4","6.5",0.022,"0.244","88.0",0,0,0.51,0.51,30,34,31,35,1,0,5,1,6,2,"1.66","-0.23","0.23","37.3",10.190359801417353,11.47029384384917,34.25959285607547,36.69888386890372,29.52317559271301
"FC","2025-05-21","94.9","-0.56","5.84","Burnes, Corbin",571970,669203,,"called_strike",,,,,9,"Called Strike","R","L","R","LAD","AZ","S",,,1,0,2025,"-0.05","1.17","0.47","1.61",,,,2,2,"Bot",,,,,,,2.8007265539016806,-138.07404990308999,-8.096247753087185,-1.1527004623424795,27.92982468452533,-15.636436034349257,"3.15","1.5",,,,"95.3",2694,"6.3",777824,672515,647304,606466,553993,672695,694374,677950,682998,"54.17",,,,,,,,13,2,"Cutter",0,0,0,0,0,0,0,0,"Infield shade","Standard",198,"-0.002","-0.054",,,,"0.054",,0,0,0.512,0.512,30,34,31,35,1,0,5,1,6,2,"1.34","0.05","-0.05","39.9",,,,,
"FC","2025-05-21","94.8","-0.64","5.77","Burnes, Corbin",571970,669203,,"ball",,,,,14,"Ball","R","L","R","LAD","AZ","B",,,0,0,2025,"0.12","1.08","1.42","1.19",,,,2,2,"Bot",,,,,,,5.125438092000622,-137.80977380767268,-8.771473464754616,0.4919556608425824,27.98513559894761,-16.753836980409726,"3.26","1.51",,,,"95.2",2703,"6.4",777824,672515,647304,606466,553993,672695,694374,677950,682998,"54.11",,,,,,,,13,1,"Cutter",0,0,0,0,0,0,0,0,"Infield shade","Standard",199,"0.001","0.037",,,,"-0.037",,0,0,0.511,0.511,30,34,31,35,1,0,5,1,6,2,"1.45","-0.12","0.12","39.4",,,,,
"SI","2025-05-21","93.4","-0.66","5.74","Burnes, Corbin",681624,669203,"field_out","hit_into_play",,,,,7,"Andy Pages lines out sharply to left fielder Tim Tawa.","R","R","R","LAD","AZ","X",7,"line_drive",0,1,2025,"-1","0.95","-0.52","1.97",,,,1,2,"Bot",55.6,97.76,,,,,2.5829553527836184,-135.95412996015727,-6.079279543718984,-13.011587984049559,28.502481117777677,-19.3313632091563,"3.51","1.64",305,"104.5",15,"93.6",2362,"6.3",777824,672515,647304,606466,553993,672695,694374,677950,682998,"54.19",0.638,0.668,"0",1,0,0,5,12,2,"Sinker",0,0,0,0,0,0,0,0,"Standard","Standard",206,"-0.014","-0.215","77.6","8.3",0.933,"0.215","104.5",0,0,0.525,0.525,30,24,31,25,1,0,5,1,6,2,"1.66","1","1","40.6",10.367017772863797,-5.941720942316353,49.314588875359824,32.0171515510909,31.683004614347396
"FC","2025-05-21","94.1","-0.68","5.82","Burnes, Corbin",681624,669203,,"foul",,,,,5,"Foul","R","R","R","LAD","AZ","S",,,0,0,2025,"0.02","1.25","-0.1","2.24",,,,1,2,"Bot",,,,,,,1.460336702589703,-137.07921966984918,-6.45069809596224,-0.08662745598950299,26.85551928749892,-15.14314829623582,"3.51","1.64",208,"71.3",38,"94.7",2651,"6.3",777824,672515,647304,606466,553993,672695,694374,677950,682998,"54.18",,,,,,,,12,1,"Cutter",0,0,0,0,0,0,0,0,"Standard","Standard",194,"-0.003","-0.039","73.6","8.1",,"0.039","88.0",0,0,0.528,0.528,30,24,31,25,1,0,5,1,6,2,"1.29","-0.02","-0.02","39.8",5.075815345942374,3.184386486242674,49.93314651860779,37.25226041298694,24.631371874028865
"SI","2025-05-21","94.4","-0.59","5.81","Burnes, Corbin",606192,669203,"field_out","hit_into_play",,,,,9,"Teoscar Hernández grounds out sharply, second baseman Ketel Marte to first baseman Josh Naylor.","R","R","R","LAD","AZ","X",4,"ground_ball",1,2,2025,"-0.78","0.96","0.7","2.28",,,,0,2,"Bot",140.03,135.96,,,,,5.088093306309884,-137.38646627074607,-5.654019591450994,-10.975400321085258,29.515124979462406,-18.951772210528606,"3.57","1.71",14,"103.2",-8,"94.8",2447,"6.4",777824,672515,647304,606466,553993,672695,694374,677950,682998,"54.05",0.296,0.302,"0",1,0,0,2,11,4,"Sinker",0,0,0,0,0,0,0,0,"Standard","Standard",201,"-0.017","-0.189","68.5","7.6",0.303,"0.189","103.2",0,0,0.545,0.545,30,32,31,33,1,0,5,1,6,2,"1.59","0.78","0.78","46.1",1.5324262498602659,16.18819859319695,32.66917464517269,46.34352061426531,16.63271723810557
"CU","2025-05-21","79.3","-0.36","5.92","Burnes, Corbin",606192,669203,,"ball",,,,,14,"Ball","R","R","R","LAD","AZ","B",,,0,2,2025,"0.86","-0.93","0.6","0.38",,,,0,2,"Bot",,,,,,,0.4944656924893359,-115.51652801209543,-3.63504595438155,7.602054173678227,21.06624025076984,-40.06100803467947,"3.57","1.58",,,,"79.6",2704,"6.4",777824,672515,647304,606466,553993,672695,694374,677950,682998,"54.09",,,,,,,,11,3,"Curveball",0,0,0,0,0,0,0,0,"Standard","Standard",44,"0.002","0.024",,,,"-0.024",,0,0,0.543,0.543,30,32,31,33,1,0,5,1,6,2,"4.54","-0.86","-0.86","45.0",,,,,
"SI","2025-05-21","93.8","-0.6","5.89","Burnes, Corbin",606192,669203,,"foul",,,,,4,"Foul","R","R","R","LAD","AZ","S",,,0,1,2025,"-0.8","0.85","-0.5","2.78",,,,0,2,"Bot",,,,,,,2.041649065347011,-136.7813764692069,-4.301077802547518,-10.550853840502716,25.846109411397844,-20.723558060543212,"3.57","1.71",158,"77.1",14,"94.4",2404,"6.2",777824,672515,647304,606466,553993,672695,694374,677950,682998,"54.3",,,,,,,,11,2,"Sinker",0,0,0,0,0,0,0,0,"Standard","Standard",200,"-0.005","-0.055","70.4","6.6",,"0.055","88.0",0,0,0.548,0.548,30,32,31,33,1,0,5,1,6,2,"1.7","0.8","0.8","40.5",-2.062827077345632,16.874623007022887,37.86709386815304,31.528337469262695,18.818090770267755
"FC","2025-05-21","93.4","-0.47","5.97","Burnes, Corbin",606192,669203,,"called_strike",,,,,6,"Called Strike","R","R","R","LAD","AZ","S",,,0,0,2025,"-0.19","0.91","0.75","2.47",,,,0,2,"Bot",,,,,,,3.5533028578477728,-136.14611588279757,-5.379220937235096,-3.036174159782736,25.027366525680797,-19.926087067445106,"3.58","1.62",,,,"94.2",2506,"6.3",777824,672515,647304,606466,553993,672695,694374,677950,682998,"54.21",,,,,,,,11,1,"Cutter",0,0,0,0,0,0,0,0,"Standard","Standard",195,"-0.003","-0.039",,,,"0.039",,0,0,0.551,0.551,30,32,31,33,1,0,5,1,6,2,"1.66","0.19","0.19","48.1",,,,,
"FC","2025-05-21","95.4","-0.7","5.85","Burnes, Corbin",518692,669203,"field_out","hit_into_play",,,,,8,"Freddie Freeman grounds out to first baseman Josh Naylor.","R","L","R","LAD","AZ","X",3,"ground_ball",0,0,2025,"0.14","1.02","-0.23","2.3",,,,2,1,"Bot",155.19,166.53,,,,,0.9307705552250592,-138.93941162296937,-6.061555987205413,1.6010185711497613,27.4615699051929,-17.864838775874897,"3.69","1.79",2,"81.9",-41,"95.9",2630,"6.2",777824,672515,647304,606466,553993,672695,694374,677950,682998,"54.26",0.073,0.057,"0",1,0,0,2,6,1,"Cutter",0,0,0,0,0,0,0,0,"Infield shade","Standard",195,"-0.01","-0.26","68.9","6.4",0.076,"0.26","88.0",0,0,0.51,0.51,30,35,31,36,1,0,5,1,6,2,"1.46","-0.14","0.14","39.0",2.9504208771340137,18.455761890341993,42.41545884448596,40.70923518457931,17.533652908487312
"SI","2025-05-21","95.3","-0.62","5.76","Burnes, Corbin",605141,669203,"field_out","hit_into_play",,,,,9,"Mookie Betts lines out to right fielder Corbin Carroll.","R","R","R","LAD","AZ","X",9,"line_drive",1,1,2025,"-0.9","0.79","0.29","1.88",,,,1,1,"Bot",183.11,88.95,,,,,4.434440738345765,-138.68919237089196,-6.350858583698439,-12.655877027603172,29.8658641955206,-20.77041903152468,"3.24","1.5",307,"99.5",18,"95.5",2359,"6.3",777824,672515,647304,606466,553993,672695,694374,677950,682998,"54.21",0.38,0.397,"0",1,0,0,4,5,3,"Sinker",0,0,0,0,0,0,0,0,"Standard","Standard",201,"-0.015","-0.244","71.3","6.5",0.595,"0.244","99.5",0,0,0.525,0.525,30,32,31,33,1,0,5,1,6,2,"1.71","0.9","0.9","36.7",-2.405782896318081,11.377783347018559,40.54654433068598,38.802010642766334,23.938313990470633
"SI","2025-05-21","94.9","-0.73","5.74","Burnes, Corbin",605141,669203,,"ball",,,,,13,"Ball","R","R","R","LAD","AZ","B",,,0,1,2025,"-1.3","0.64","-0.88","1.22",,,,1,1,"Bot",,,,,,,2.5128219535249325,-138.13066113302736,-7.616898761697435,-17.18856803247816,29.961787526457215,-22.498306533922186,"3.29","1.49",,,,"95",2436,"6.3",777824,672515,647304,606466,553993,672695,694374,677950,682998,"54.23",,,,,,,,5,2,"Sinker",0,0,0,0,0,0,0,0,"Standard","Standard",207,"0.001","0.029",,,,"-0.029",,0,0,0.524,0.524,30,32,31,33,1,0,5,1,6,2,"1.88","1.3","1.3","36.6",,,,,
"FC","2025-05-21","94.7","-0.58","5.94","Burnes, Corbin",605141,669203,,"called_strike",,,,,2,"Called Strike","R","R","R","LAD","AZ","S",,,0,0,2025,"0.06","1.27","0.1","2.85",,,,1,1,"Bot",,,,,,,1.6364479333781818,-138.00924597650734,-5.302395929933012,0.47487758816162834,27.32958150526542,-15.003459980188566,"3.29","1.49",,,,"95.2",2523,"6.3",777824,672515,647304,606466,553993,672695,694374,677950,682998,"54.23",,,,,,,,5,1,"Cutter",0,0,0,0,0,0,0,0,"Standard","Standard",195,"-0.002","-0.039",,,,"0.039",,0,0,0.526,0.526,30,32,31,33,1,0,5,1,6,2,"1.25","-0.06","-0.06","43.9",,,,,
"CU","2025-05-21","80.5","-0.47","5.87","Burnes, Corbin",660271,669203,"strikeout","swinging_strike_blocked",,,,,14,"Shohei Ohtani strikes out swinging.","R","L","R","LAD","AZ","S",2,,2,2,2025,"0.77","-1.02","0.24","0.73",,,,0,1,"Bot",,,,,,,0.12626090408757062,-117.24603390399504,-2.7536875685948763,7.0100925523392155,24.09542247756687,-41.21820580032575,"3.53","1.58",,,,"80.3",2889,"6.3",777824,672515,647304,606466,553993,672695,694374,677950,682998,"54.2",,0,"0",1,0,0,,4,6,"Curveball",0,0,0,0,0,0,0,0,"Infield shade","Standard",53,"-0.02","-0.232","67.9","9.0",,"0.232",,0,0,0.546,0.546,30,30,31,31,1,0,5,1,6,2,"4.56","-0.77","0.77","46.4",36.32216694298948,-39.315401065774395,44.8239509623005,37.507639769394416,57.47309744070437
"FC","2025-05-21","94.2","-0.63","5.86","Burnes, Corbin",660271,669203,,"foul",,,,,14,"Foul","R","L","R","LAD","AZ","S",,,2,2,2025,"0.17","0.99","0.93","2.53",,,,0,1,"Bot",,,,,,,3.6780573287326845,-137.2450453107392,-5.203477296512237,1.4669198990049637,27.668890552584212,-18.724973448057053,"3.53","1.58",194,"68.5",54,"94.8",2692,"6.4",777824,672515,647304,606466,553993,672695,694374,677950,682998,"54.11",,,,,,,,4,5,"Cutter",0,0,0,0,0,0,0,0,"Infield shade","Standard",189,"0","0","76.5","7.6",,"0","88.0",0,0,0.546,0.546,30,30,31,31,1,0,5,1,6,2,"1.55","-0.17","0.17","39.8",11.855158939035281,-0.7169572471949179,43.49532602162396,28.30157415264754,25.858785867038815
"FC","2025-05-21","92.9","-0.6","5.93","Burnes, Corbin",660271,669203,,"swinging_strike",,,,,5,"Swinging Strike","R","L","R","LAD","AZ","S",,,2,1,2025,"0.43","1","0.26","2.69",,,,0,1,"Bot",,,,,,,1.265235504673563,-135.35521242452788,-4.7644817378685556,5.038426385531444,27.01535208528594,-19.01738001003936,"3.53","1.58",,,,"93.4",2612,"6.3",777824,672515,647304,606466,553993,672695,694374,677950,682998,"54.15",,,,,,,,4,4,"Cutter",0,0,0,0,0,0,0,0,"Infield shade","Standard",184,"-0.005","-0.073","79.8","7.8",,"0.073",,0,0,0.551,0.551,30,30,31,31,1,0,5,1,6,2,"1.61","-0.43","0.43","42.6",11.05205209761637,6.216369183161907,39.15633516200617,35.64934904243866,19.588496176340207
"CU","2025-05-21","80.3","-0.33","5.92","Burnes, Corbin",660271,669203,,"ball",,,,,14,"Ball","R","L","R","LAD","AZ","B",,,1,1,2025,"0.61","-0.87","1.14","-0.08",,,,0,1,"Bot",,,,,,,2.1202780202507,-116.80571104303029,-4.908556028830327,5.095109232258864,23.500506636762807,-39.32944482782168,"3.53","1.6",,,,"80.1",2775,"6.3",777824,672515,647304,606466,553993,672695,694374,677950,682998,"54.2",,,,,,,,4,3,"Curveball",0,0,0,0,0,0,0,0,"Infield shade","Standard",39,"0.004","0.055",,,,"-0.055",,0,0,0.547,0.547,30,30,31,31,1,0,5,1,6,2,"4.43","-0.61","0.61","45.1",,,,,
"FC","2025-05-21","94.3","-0.63","5.87","Burnes, Corbin",660271,669203,,"foul",,,,,9,"Foul","R","L","R","LAD","AZ","S",,,1,0,2025,"-0.26","1.22","0.51","1.74",,,,0,1,"Bot",,,,,,,3.5242232515747958,-137.1536301246119,-7.7412447040998345,-4.001168851975405,30.361881737497313,-15.31152148336902,"3.53","1.58",6,"98.8",-16,"94.2",2491,"6.3",777824,672515,647304,606466,553993,672695,694374,677950,682998,"54.24",,,,,,,,4,2,"Cutter",0,0,0,0,0,0,0,0,"Infield shade","Standard",195,"-0.004","-0.05","82.0","8.5",,"0.05","98.8",0,0,0.551,0.551,30,30,31,31,1,0,5,1,6,2,"1.35","0.26","-0.26","39.8",22.166589387816483,-6.031131878685809,45.52032680289496,33.94349314800576,32.95849764878321
"FC","2025-05-21","92.6","-0.7","5.94","Burnes, Corbin",660271,669203,,"ball",,,,,11,"Ball","R","L","R","LAD","AZ","B",,,0,0,2025,"0.3","1.02","-0.11","3.71",,,,0,1,"Bot",,,,,,,0.8379286872754312,-134.97588757495757,-2.185173146126669,3.5250497458529453,28.189967225028585,-19.372264178778902,"3.51","1.57",,,,"92.8",2360,"6.3",777824,672515,647304,606466,553993,672695,694374,677950,682998,"54.25",,,,,,,,4,1,"Cutter",0,0,0,0,0,0,0,0,"Infield shade","Standard",192,"0.003","0.041",,,,"-0.041",,0,0,0.548,0.548,30,30,31,31,1,0,5,1,6,2,"1.62","-0.3","0.3","46.9",,,,,
"SI","2025-05-16","96","-0.71","5.82","Burnes, Corbin",686668,669203,"strikeout","called_strike",,,,,6,"Brenton Doyle called out on strikes.","R","R","R","AZ","COL","S",2,,2,2,2025,"-0.97","0.88","0.72","2.79",,,,2,6,"Top",,,,,,,6.022673206432115,-139.78366638838435,-4.482924134544406,-13.981396185221946,29.079301586451752,-19.86442605976512,"3.54","1.69",,,,"97.1",2504,"6.7",777897,672515,647304,606466,553993,672695,666971,694374,682998,"53.79",,0,"0",1,0,0,,45,5,"Sinker",5,0,0,5,0,5,0,5,"Standard","Standard",205,"0.004","-0.224",,,,"0.224",,5,-5,0.97,0.030000000000000027,30,27,31,27,3,2,6,2,5,1,"1.58","0.97","0.97","41.6",,,,,
"CU","2025-05-16","78.3","-0.57","5.91","Burnes, Corbin",686668,669203,,"foul",,,,,14,"Foul","R","R","R","AZ","COL","S",,,2,1,2025,"0.73","-1.09","0.67","1.53",,,,2,6,"Top",,,,,,,1.3224803383523906,-114.03272575702516,-0.5152044014307158,6.064047091215698,22.854489497856836,-41.793380270670006,"3.45","1.69",1,"34.1",-55,"78.5",2644,"6.6",777897,672515,647304,606466,553993,672695,666971,694374,682998,"53.9",,,,,,,,45,4,"Curveball",5,0,0,5,0,5,0,5,"Standard","Standard",50,"0","-0.073","69.1","8.4",,"0.073","88.0",5,-5,0.97,0.030000000000000027,30,27,31,27,3,2,6,2,5,1,"4.83","-0.73","-0.73","50.0",25.945337919886942,-17.53487737110232,30.016569160933535,44.19723122567321,37.62123820520569
"FC","2025-05-16","93.7","-0.6","5.95","Burnes, Corbin",686668,669203,,"foul",,,,,12,"Foul","R","R","R","AZ","COL","S",,,2,0,2025,"0.22","1.19","0.98","3.2",,,,2,6,"Top",,,,,,,3.6196707991198123,-136.36177010605687,-4.007735472923488,1.8959972503508724,31.610599866073528,-16.651097011843184,"3.45","1.69",99,"62.9",11,"94.5",2520,"6.8",777897,672515,647304,606466,553993,672695,666971,694374,682998,"53.65",,,,,,,,45,3,"Cutter",5,0,0,5,0,5,0,5,"Standard","Standard",196,"0.002","-0.066","69.4","7.8",,"0.066","88.0",5,-5,0.968,0.03200000000000003,30,27,31,27,3,2,6,2,5,1,"1.42","-0.22","-0.22","45.8",15.680912463034634,-1.777851864707598,21.442980230662346,47.76299450800701,31.541477803994383
"FC","2025-05-16","93.5","-0.74","5.86","Burnes, Corbin",686668,669203,,"ball",,,,,12,"Ball","R","R","R","AZ","COL","B",,,1,0,2025,"0.23","1.06","0.14","3.95",,,,2,6,"Top",,,,,,,1.7576975576208222,-136.30711640010847,-1.536395128831225,2.5274210329170046,29.123064549224754,-18.85232819855081,"3.5","1.68",,,,"94.5",2556,"6.7",777897,672515,647304,606466,553993,672695,666971,694374,682998,"53.8",,,,,,,,45,2,"Cutter",5,0,0,5,0,5,0,5,"Standard","Standard",189,"-0.002","0.065",,,,"-0.065",,5,-5,0.97,0.030000000000000027,30,27,31,27,3,2,6,2,5,1,"1.54","-0.23","-0.23","40.3",,,,,
"FC","2025-05-16","95.1","-0.61","5.87","Burnes, Corbin",686668,669203,,"ball",,,,,14,"Ball","R","R","R","AZ","COL","B",,,0,0,2025,"0.03","1.07","0.97","0.23",,,,2,6,"Top",,,,,,,4.09296783386107,-138.14140908869342,-11.653180529853968,-0.3413130781345243,26.712287682185046,-16.24280003450446,"3.49","1.72",,,,"96.2",2627,"6.7",777897,672515,647304,606466,553993,672695,666971,694374,682998,"53.77",,,,,,,,45,1,"Cutter",5,0,0,5,0,5,0,5,"Standard","Standard",200,"0","0.037",,,,"-0.037",,5,-5,0.97,0.030000000000000027,30,27,31,27,3,2,6,2,5,1,"1.43","-0.03","-0.03","43.4",,,,,
"FC","2025-05-16","94.4","-0.68","5.83","Burnes, Corbin",641857,669203,"strikeout","swinging_strike",,,,,14,"Ryan McMahon strikes out swinging.","R","L","R","AZ","COL","S",2,,0,2,2025,"0.38","0.8","0.94","1.44",,,,1,6,"Top",,,,,,,3.3989806990431224,-137.4613855658804,-7.666420729533106,4.203382499480089,25.812351056167493,-20.631644617998457,"3.51","1.61",,,,"95.7",2723,"6.6",777897,672515,647304,606466,553993,672695,666971,694374,682998,"53.86",,0,"0",1,0,0,,44,3,"Cutter",5,0,0,5,0,5,0,5,"Infield shade","Standard",190,"0.005","-0.163","74.3","7.8",,"0.163",,5,-5,0.965,0.03500000000000003,30,30,31,31,3,2,6,2,5,1,"1.72","-0.38","0.38","42.0",13.855834526097443,-2.967953254921535,48.36025489886999,30.277148463972985,19.82068910024224
"FC","2025-05-16","92.8","-0.82","5.76","Burnes, Corbin",641857,669203,,"called_strike",,,,,5,"Called Strike","R","L","R","AZ","COL","S",,,0,1,2025,"0.36","0.86","0.05","2.61",,,,1,6,"Top",,,,,,,1.4336769382770753,-135.26018106775408,-4.2596286221641595,4.232962626200417,26.507363764210154,-20.905479147367952,"3.56","1.6",,,,"93.8",2632,"6.6",777897,672515,647304,606466,553993,672695,666971,694374,682998,"53.93",,,,,,,,44,2,"Cutter",5,0,0,5,0,5,0,5,"Standard","Standard",188,"0.001","-0.052",,,,"0.052",,5,-5,0.964,0.03600000000000003,30,30,31,31,3,2,6,2,5,1,"1.76","-0.36","0.36","42.5",,,,,
"FC","2025-05-16","93.9","-0.64","5.89","Burnes, Corbin",641857,669203,,"called_strike",,,,,2,"Called Strike","R","L","R","AZ","COL","S",,,0,0,2025,"0.15","1.05","-0.08","3.42",,,,1,6,"Top",,,,,,,1.120348600942792,-136.89757963960685,-3.0802105638136883,1.7037622766612244,28.28833887215538,-18.456802710403263,"3.56","1.54",,,,"94.9",2546,"6.6",777897,672515,647304,606466,553993,672695,666971,694374,682998,"53.88",,,,,,,,44,1,"Cutter",5,0,0,5,0,5,0,5,"Standard","Standard",195,"0.001","-0.039",,,,"0.039",,5,-5,0.963,0.03700000000000003,30,30,31,31,3,2,6,2,5,1,"1.51","-0.15","0.15","43.5",,,,,
"CU","2025-05-16","79.1","-0.44","5.91","Burnes, Corbin",696100,669203,"strikeout","swinging_strike",,,,,14,"Hunter Goodman strikes out swinging.","R","R","R","AZ","COL","S",2,,3,2,2025,"0.76","-0.97","1.06","1.78",,,,0,6,"Top",,,,,,,1.8756695560678363,-115.22622459153976,-0.415902406672674,6.403010680578219,21.239575033804357,-40.99414686037339,"3.46","1.66",,,,"79.7",2675,"6.6",777897,672515,647304,606466,553993,672695,666971,694374,682998,"53.9",,0,"0",1,0,0,,43,9,"Curveball",5,0,0,5,0,5,0,5,"Standard","Standard",46,"0.014","-0.345","73.1","8.6",,"0.345",,5,-5,0.949,0.051000000000000045,30,25,31,26,3,2,6,2,5,1,"4.61","-0.76","-0.76","47.0",21.291817110957652,-23.1888068299649,24.076180132286375,48.2302949307495,50.99660221201505
"FC","2025-05-16","94.2","-0.61","5.96","Burnes, Corbin",696100,669203,,"foul",,,,,2,"Foul","R","R","R","AZ","COL","S",,,3,2,2025,"0.18","1.19","0.04","2.99",,,,0,6,"Top",,,,,,,1.3026293502261128,-137.2711803947018,-4.773512300580781,2.0117855271213485,27.791827583081158,-16.217553782104474,"3.46","1.66",211,"81.8",66,"95.5",2617,"6.8",777897,672515,647304,606466,553993,672695,666971,694374,682998,"53.72",,,,,,,,43,8,"Cutter",5,0,0,5,0,5,0,5,"Standard","Standard",196,"0","0","66.9","7.2",,"0","88.0",5,-5,0.949,0.051000000000000045,30,25,31,26,3,2,6,2,5,1,"1.35","-0.18","-0.18","44.9",15.65580785836372,-4.876055266538087,25.367606687092316,37.69977216182073,33.128182828712895
"SI","2025-05-16","95.6","-0.63","5.81","Burnes, Corbin",696100,669203,,"foul",,,,,13,"Foul","R","R","R","AZ","COL","S",,,3,2,2025,"-0.99","0.74","-0.83","2.35",,,,0,6,"Top",,,,,,,1.7338128106000799,-139.20223359912228,-5.212963360455877,-13.251756793366027,31.66350324951762,-21.628745112581687,"3.46","1.66",39,"91.8",-2,"96.8",2494,"6.9",777897,672515,647304,606466,553993,672695,666971,694374,682998,"53.56",,,,,,,,43,7,"Sinker",5,0,0,5,0,5,0,5,"Standard","Standard",205,"0","0","75.3","7.0",,"0","91.8",5,-5,0.949,0.051000000000000045,30,25,31,26,3,2,6,2,5,1,"1.76","0.99","0.99","47.0",8.563535649984141,-6.693687696974777,30.06204020237173,25.99188779099883,36.59660387468489
"FC","2025-05-16","94.6","-0.63","5.88","Burnes, Corbin",696100,669203,,"foul",,,,,8,"Foul","R","R","R","AZ","COL","S",,,3,2,2025,"0.21","0.96","0.2","1.9",,,,0,6,"Top",,,,,,,1.7064220444084282,-137.74203378156025,-6.9410163536711105,2.362462730491602,30.011065626583083,-18.627985035700032,"3.46","1.66",,,,"95.8",2588,"6.9",777897,672515,647304,606466,553993,672695,666971,694374,682998,"53.62",,,,,,,,43,6,"Cutter",5,0,0,5,0,5,0,5,"Standard","Standard",196,"0","0","73.3","7.6",,"0",,5,-5,0.949,0.051000000000000045,30,25,31,26,3,2,6,2,5,1,"1.58","-0.21","-0.21","42.0",11.333934123671652,1.2808089511557408,33.104511126091516,37.516238603737314,36.08757758859768
"SL","2025-05-16","86.1","-0.82","5.73","Burnes, Corbin",696100,669203,,"ball",,,,,14,"Ball","R","R","R","AZ","COL","B",,,2,2,2025,"0.54","-0.23","1.47","0.94",,,,0,6,"Top",,,,,,,4.399668081708669,-125.37261991286718,-4.73203627324711,4.8088159755914,24.45190992511353,-33.85315476613582,"3.43","1.6",,,,"87",2828,"6.7",777897,672515,647304,606466,553993,672695,666971,694374,682998,"53.78",,,,,,,,43,5,"Slider",5,0,0,5,0,5,0,5,"Standard","Standard",89,"-0.004","0.112",,,,"-0.112",,5,-5,0.953,0.04700000000000004,30,25,31,26,3,2,6,2,5,1,"3.29","-0.54","-0.54","41.0",,,,,
"FC","2025-05-16","93.9","-0.59","5.9","Burnes, Corbin",696100,669203,,"swinging_strike",,,,,2,"Swinging Strike","R","R","R","AZ","COL","S",,,2,1,2025,"0.1","1.25","0.09","3.11",,,,0,6,"Top",,,,,,,1.5718643749090122,-136.8032156124859,-4.353653131858002,0.9252498969685129,28.605021464825366,-15.71040910103822,"3.46","1.66",,,,"95.2",2466,"6.8",777897,672515,647304,606466,553993,672695,666971,694374,682998,"53.65",,,,,,,,43,4,"Cutter",5,0,0,5,0,5,0,5,"Standard","Standard",199,"0.003","-0.073","76.0","6.7",,"0.073",,5,-5,0.95,0.050000000000000044,30,25,31,26,3,2,6,2,5,1,"1.32","-0.1","-0.1","43.8",11.68077149765369,10.331911103166508,21.878108886939508,38.45490227970728,27.55614587965972
"FC","2025-05-16","93.8","-0.68","5.87","Burnes, Corbin",696100,669203,,"foul",,,,,6,"Foul","R","R","R","AZ","COL","S",,,2,0,2025,"-0.15","1.35","0.5","2.88",,,,0,6,"Top",,,,,,,3.425353720629358,-136.53505373569544,-5.038601928174579,-2.63339121830787,31.325273461508516,-14.342201915143637,"3.46","1.66",223,"78.2",60,"94.7",2452,"6.9",777897,672515,647304,606466,553993,672695,666971,694374,682998,"53.61",,,,,,,,43,3,"Cutter",5,0,0,5,0,5,0,5,"Standard","Standard",206,"0.004","-0.072","70.2","7.5",,"0.072","88.0",5,-5,0.946,0.05400000000000005,30,25,31,26,3,2,6,2,5,1,"1.24","0.15","0.15","45.0",13.424763927594142,-3.951635369496533,23.096146091666256,42.52541816834714,40.128834247129895
"SI","2025-05-16","93.7","-0.69","5.92","Burnes, Corbin",696100,669203,,"ball",,,,,11,"Ball","R","R","R","AZ","COL","B",,,1,0,2025,"-1.16","0.84","-1.4","4.19",,,,0,6,"Top",,,,,,,0.7237485268193008,-136.56628121824113,-0.6255859739327491,-14.670473123433844,28.697751728681606,-21.754418365931766,"3.55","1.64",,,,"94.3",2393,"6.4",777897,672515,647304,606466,553993,672695,666971,694374,682998,"54.07",,,,,,,,43,2,"Sinker",5,0,0,5,0,5,0,5,"Standard","Standard",200,"-0.004","0.077",,,,"-0.077",,5,-5,0.95,0.050000000000000044,30,25,31,26,3,2,6,2,5,1,"1.74","1.16","1.16","41.2",,,,,
"FC","2025-05-16","93.5","-0.63","5.9","Burnes, Corbin",696100,669203,,"ball",,,,,14,"Ball","R","R","R","AZ","COL","B",,,0,0,2025,"0.03","1.19","1.63","1.76",,,,0,6,"Top",,,,,,,5.801971921113856,-135.97867291728554,-7.634556213880831,-0.8553385351844522,28.736257790244302,-15.870755015261992,"3.51","1.52",,,,"94.4",2658,"6.8",777897,672515,647304,606466,553993,672695,666971,694374,682998,"53.74",,,,,,,,43,1,"Cutter",5,0,0,5,0,5,0,5,"Standard","Standard",194,"-0.002","0.041",,,,"-0.041",,5,-5,0.952,0.04800000000000004,30,25,31,26,3,2,6,2,5,1,"1.41","-0.03","-0.03","45.4",,,,,
"SL","2025-05-16","85.8","-0.91","5.63","Burnes, Corbin",678662,669203,"field_out","hit_into_play",,,,,14,"Ezequiel Tovar grounds out, second baseman Ketel Marte to first baseman Josh Naylor.","R","R","R","AZ","COL","X",4,"ground_ball",0,2,2025,"0.49","-0.32","0.43","0.87",,,687597,2,5,"Top",154.3,154.67,,,,,2.2064638715898406,-124.9414924569693,-4.417124147868831,4.68431630621864,25.12052681438765,-34.8636962274718,"3.36","1.54",54,"68.8",4,"87.1",2843,"7.1",777897,672515,647304,606466,553993,672695,666971,694374,682998,"53.45",0.192,0.183,"0",1,0,0,2,39,3,"Slider",5,0,0,5,0,5,0,5,"Standard","Standard",74,"0.006","-0.174","64.3","8.4",0.224,"0.174","88.0",5,-5,0.954,0.04600000000000004,30,23,31,24,3,2,6,31,5,1,"3.41","-0.49","-0.49","37.6",12.239237872573542,-18.594424709424896,45.06789968067729,36.87319960769408,35.13570537587839
"FC","2025-05-16","95","-0.56","5.85","Burnes, Corbin",678662,669203,,"swinging_strike",,,,,3,"Swinging Strike","R","R","R","AZ","COL","S",,,0,1,2025,"0.3","0.86","0.51","3.4",,,687597,2,5,"Top",,,,,,,2.1640797479694966,-138.4676742038234,-2.7418371198519997,3.4031442974323425,29.11765703421541,-20.654648780578935,"3.36","1.54",,,,"96",2651,"6.6",777897,672515,647304,606466,553993,672695,666971,694374,682998,"53.88",,,,,,,,39,2,"Cutter",5,0,0,5,0,5,0,5,"Standard","Standard",186,"0.002","-0.055","67.6","6.5",,"0.055",,5,-5,0.952,0.04800000000000004,30,23,31,24,3,2,6,31,5,1,"1.64","-0.3","-0.3","43.6",-1.7329237484235605,24.87863382520879,26.451968022860182,39.57925291724318,14.423587910820665
"SI","2025-05-16","95.4","-0.76","5.77","Burnes, Corbin",678662,669203,,"foul",,,,,4,"Foul","R","R","R","AZ","COL","S",,,0,0,2025,"-0.98","1.02","-0.59","2.71",,,687597,2,5,"Top",,,,,,,2.683104114447427,-138.9278743385061,-4.774268781432326,-13.315904683944547,31.7637918763998,-18.055586199860393,"3.36","1.54",220,"71.9",30,"96.1",2479,"6.7",777897,672515,647304,606466,553993,672695,666971,694374,682998,"53.8",,,,,,,,39,1,"Sinker",5,0,0,5,0,5,0,5,"Standard","Standard",200,"0.001","-0.042","66.9","7.5",,"0.042","88.0",5,-5,0.951,0.049000000000000044,30,23,31,24,3,2,6,31,5,1,"1.48","0.98","0.98","40.8",7.9197479171391425,-2.3816937153049853,39.52811037882231,25.09598297947375,22.637235716246483
"FC","2025-05-16","96.2","-0.78","5.94","Burnes, Corbin",687597,669203,"walk","ball",,,,,11,"Jordan Beck walks.","R","R","R","AZ","COL","B",,,3,2,2025,"0.16","0.77","-0.39","4.52",,,,2,5,"Top",,,,,,,0.6804229657103108,-140.15818739389294,0.05910156701979419,1.9707842990543036,30.91215855021461,-22.288595465589616,"3.61","1.71",,,,"97.1",2561,"6.7",777897,672515,647304,606466,553993,672695,666971,694374,682998,"53.81",,0.691497,"0.7",1,0,0,,38,6,"Cutter",5,0,0,5,0,5,0,5,"Standard","Standard",182,"-0.004","0.259",,,,"-0.259",,5,-5,0.955,0.04500000000000004,30,24,31,24,3,2,6,2,5,1,"1.69","-0.16","-0.16","41.7",,,,,
"FC","2025-05-16","94.2","-0.7","5.86","Burnes, Corbin",687597,669203,,"called_strike",,,,,5,"Called Strike","R","R","R","AZ","COL","S",,,3,1,2025,"0.15","0.95","-0.19","2.43",,,,2,5,"Top",,,,,,,1.0151792680313212,-137.31610646416647,-5.4434723861685415,1.680081290833977,27.279570786408517,-19.143196541456767,"3.58","1.68",,,,"95.5",2618,"6.7",777897,672515,647304,606466,553993,672695,666971,694374,682998,"53.79",,,,,,,,38,5,"Cutter",5,0,0,5,0,5,0,5,"Standard","Standard",192,"0.001","-0.086",,,,"0.086",,5,-5,0.954,0.04600000000000004,30,24,31,24,3,2,6,2,5,1,"1.59","-0.15","-0.15","45.9",,,,,
"FC","2025-05-16","95.3","-0.61","5.85","Burnes, Corbin",687597,669203,,"ball",,,,,14,"Ball","R","R","R","AZ","COL","B",,,2,1,2025,"-0.08","0.96","0.27","0.89",,,,2,5,"Top",,,,,,,2.510069420288888,-138.56659252934776,-9.62501422261115,-1.6155959629677799,30.22251671354466,-17.93603129949282,"3.55","1.68",,,,"96.3",2626,"6.9",777897,672515,647304,606466,553993,672695,666971,694374,682998,"53.65",,,,,,,,38,4,"Cutter",5,0,0,5,0,5,0,5,"Standard","Standard",197,"-0.001","0.117",,,,"-0.117",,5,-5,0.955,0.04500000000000004,30,24,31,24,3,2,6,2,5,1,"1.55","0.08","0.08","41.1",,,,,
"FC","2025-05-16","95.5","-0.67","5.86","Burnes, Corbin",687597,669203,,"called_strike",,,,,14,"Called Strike","R","R","R","AZ","COL","S",,,2,0,2025,"0.05","1.04","0.54","1.56",,,,2,5,"Top",,,,,,,3.1059030304185313,-138.98168253522746,-8.163565595346325,0.02370705512152928,29.011436896515914,-17.068229058584617,"3.62","1.74",,,,"96.8",2630,"6.9",777897,672515,647304,606466,553993,672695,666971,694374,682998,"53.65",,,,,,,,38,3,"Cutter",5,0,0,5,0,5,0,5,"Standard","Standard",197,"0.001","-0.066",,,,"0.066",,5,-5,0.954,0.04600000000000004,30,24,31,24,3,2,6,2,5,1,"1.44","-0.05","-0.05","41.2",,,,,
"SI","2025-05-16","96.3","-0.68","5.71","Burnes, Corbin",687597,669203,,"ball",,,,,14,"Ball","R","R","R","AZ","COL","B",,,1,0,2025,"-0.84","0.98","1.22","1.74",,,,2,5,"Top",,,,,,,7.02750795877507,-139.9635895011977,-7.2593407709205335,-12.620920421650924,30.81313687329925,-17.868203179880016,"3.62","1.69",,,,"97.4",2529,"6.9",777897,672515,647304,606466,553993,672695,666971,694374,682998,"53.55",,,,,,,,38,2,"Sinker",5,0,0,5,0,5,0,5,"Standard","Standard",202,"-0.001","0.065",,,,"-0.065",,5,-5,0.955,0.04500000000000004,30,24,31,24,3,2,6,2,5,1,"1.48","0.84","0.84","43.1",,,,,
"FC","2025-05-16","96.3","-0.6","5.94","Burnes, Corbin",687597,669203,,"ball",,,,,14,"Ball","R","R","R","AZ","COL","B",,,0,0,2025,"0.15","1.01","1.29","1.94",,,,2,5,"Top",,,,,,,4.7016091757729255,-140.1501192212518,-7.396259740944956,0.9953339489714931,30.907681591020722,-17.334190173114074,"3.59","1.66",,,,"97.1",2598,"6.7",777897,672515,647304,606466,553993,672695,666971,694374,682998,"53.84",,,,,,,,38,1,"Cutter",5,0,0,5,0,5,0,5,"Standard","Standard",198,"-0.001","0.037",,,,"-0.037",,5,-5,0.956,0.04400000000000004,30,24,31,24,3,2,6,2,5,1,"1.44","-0.15","-0.15","43.9",,,,,
"FC","2025-05-16","96","-0.65","5.95","Burnes, Corbin",607732,669203,"strikeout","swinging_strike",,,,,5,"Jacob Stallings strikes out swinging.","R","R","R","AZ","COL","S",2,,2,2,2025,"0.21","1.32","0.19","2.8",,,,1,5,"Top",,,,,,,1.7491450449388928,-139.85892859305352,-5.809923088878438,2.352955316337744,29.352388009517476,-13.681027814933126,"3.37","1.56",,,,"96.9",2597,"6.6",777897,672515,647304,606466,553993,672695,666971,694374,682998,"53.9",,0,"0",1,0,0,,37,5,"Cutter",5,0,0,5,0,5,0,5,"Standard","Standard",189,"0.006","-0.228","63.6","7.0",,"0.228",,5,-5,0.95,0.050000000000000044,30,35,31,36,2,1,6,2,5,3,"1.13","-0.21","-0.21","41.5",4.798965781246766,7.382593639476297,33.46498293318017,37.04341459534956,22.464683184652454
"FC","2025-05-16","94.9","-0.62","5.91","Burnes, Corbin",607732,669203,,"called_strike",,,,,1,"Called Strike","R","R","R","AZ","COL","S",,,2,1,2025,"0.04","0.97","-0.28","3.21",,,,1,5,"Top",,,,,,,0.8038892029982654,-138.32165086092976,-3.6534579005438514,0.36750756696006,29.015635622802,-19.130945321263216,"3.42","1.52",,,,"95.8",2560,"6.6",777897,672515,647304,606466,553993,672695,666971,694374,682998,"53.91",,,,,,,,37,4,"Cutter",5,0,0,5,0,5,0,5,"Standard","Standard",199,"0.002","-0.07",,,,"0.07",,5,-5,0.948,0.052000000000000046,30,35,31,36,2,1,6,2,5,3,"1.54","-0.04","-0.04","41.4",,,,,
"SI","2025-05-16","95.9","-0.67","5.85","Burnes, Corbin",607732,669203,,"ball",,,,,11,"Ball","R","R","R","AZ","COL","B",,,1,1,2025,"-1.07","0.91","-0.98","2.86",,,,1,5,"Top",,,,,,,1.6051131474250062,-139.62533859161107,-4.398196161451118,-14.371859092355267,31.154838365051337,-19.52829345735605,"3.35","1.45",,,,"96.7",2489,"6.7",777897,672515,647304,606466,553993,672695,666971,694374,682998,"53.82",,,,,,,,37,3,"Sinker",5,0,0,5,0,5,0,5,"Standard","Standard",201,"-0.001","0.055",,,,"-0.055",,5,-5,0.949,0.051000000000000045,30,35,31,36,2,1,6,2,5,3,"1.57","1.07","1.07","43.0",,,,,
"SI","2025-05-16","95.9","-0.73","5.84","Burnes, Corbin",607732,669203,,"foul",,,,,4,"Foul","R","R","R","AZ","COL","S",,,1,0,2025,"-1.08","0.85","-0.66","2.27",,,,1,5,"Top",,,,,,,2.643398005834928,-139.58862615507107,-5.77215911167978,-14.686040953345994,33.307850503447476,-19.928652191756626,"3.37","1.56",3,"75.9",-39,"96.3",2591,"6.7",777897,672515,647304,606466,553993,672695,666971,694374,682998,"53.83",,,,,,,,37,2,"Sinker",5,0,0,5,0,5,0,5,"Standard","Standard",206,"0.001","-0.049","67.7","7.1",,"0.049","88.0",5,-5,0.948,0.052000000000000046,30,35,31,36,2,1,6,2,5,3,"1.64","1.08","1.08","38.6",5.154110413517255,4.387743444620563,30.884632859706272,26.324402488752902,28.80100718304969
"FC","2025-05-16","95.5","-0.57","5.96","Burnes, Corbin",607732,669203,,"ball",,,,,14,"Ball","R","R","R","AZ","COL","B",,,0,0,2025,"0.4","0.94","1.14","1.38",,,,1,5,"Top",,,,,,,3.6130066138026233,-138.9023142725165,-8.590176737929221,4.370287063855681,31.64695696598693,-18.24663388113866,"3.43","1.5",,,,"95.8",2758,"6.5",777897,672515,647304,606466,553993,672695,666971,694374,682998,"53.95",,,,,,,,37,1,"Cutter",5,0,0,5,0,5,0,5,"Standard","Standard",186,"-0.001","0.039",,,,"-0.039",,5,-5,0.949,0.051000000000000045,30,35,31,36,2,1,6,2,5,3,"1.56","-0.4","-0.4","43.8",,,,,
"CU","2025-05-16","80.6","-0.47","5.94","Burnes, Corbin",691182,669203,"strikeout","swinging_strike",,,,,14,"Adael Amador strikes out swinging.","R","L","R","AZ","COL","S",2,,1,2,2025,"0.82","-1.13","0.58","1.18",,,,0,5,"Top",,,,,,,0.7853829433313162,-117.31617338689571,-1.6759394377733767,7.344898379850328,24.84891441546746,-42.407683868189444,"3.21","1.49",,,,"80.8",2918,"6.7",777897,672515,647304,606466,553993,672695,666971,694374,682998,"53.79",,0,"0",1,0,0,,36,4,"Curveball",5,0,0,5,0,5,0,5,"Infield shade","Standard",47,"0.01","-0.189","65.9","8.1",,"0.189",,5,-5,0.939,0.061000000000000054,30,22,31,22,2,1,6,2,5,1,"4.67","-0.82","0.82","43.9",14.554060546241846,-35.110542540939406,37.221046471229826,31.57843531790635,47.000931625702826
"FC","2025-05-16","93.2","-0.75","5.87","Burnes, Corbin",691182,669203,,"called_strike",,,,,5,"Called Strike","R","L","R","AZ","COL","S",,,1,1,2025,"0.21","0.76","-0.17","2.48",,,,0,5,"Top",,,,,,,1.0465071976406932,-135.7179967482442,-4.662572534237031,2.3291257447343434,29.592525228140715,-21.94704083630471,"3.16","1.41",,,,"94.3",2634,"6.9",777897,672515,647304,606466,553993,672695,666971,694374,682998,"53.6",,,,,,,,36,3,"Cutter",5,0,0,5,0,5,0,5,"Standard","Standard",184,"0.002","-0.061",,,,"0.061",,5,-5,0.937,0.06299999999999994,30,22,31,22,2,1,6,2,5,1,"1.86","-0.21","0.21","39.1",,,,,
"CU","2025-05-16","79.8","-0.72","5.91","Burnes, Corbin",691182,669203,,"ball",,,,,13,"Ball","R","L","R","AZ","COL","B",,,0,1,2025,"0.66","-0.91","-0.98","2.01",,,,0,5,"Top",,,,,,,-1.8238096738918859,-116.10245867726117,-0.04581173093913993,6.327624364840069,23.953628947412536,-40.550229839543974,"3.06","1.34",,,,"79.7",2776,"6.4",777897,672515,647304,606466,553993,672695,666971,694374,682998,"54.07",,,,,,,,36,2,"Curveball",5,0,0,5,0,5,0,5,"Standard","Standard",53,"-0.001","0.031",,,,"-0.031",,5,-5,0.938,0.062000000000000055,30,22,31,22,2,1,6,2,5,1,"4.52","-0.66","0.66","43.5",,,,,
"FC","2025-05-16","93.5","-0.84","5.88","Burnes, Corbin",691182,669203,,"called_strike",,,,,2,"Called Strike","R","L","R","AZ","COL","S",,,0,0,2025,"0.35","1.15","-0.22","2.58",,,,0,5,"Top",,,,,,,0.8180788009001039,-136.23243855047826,-5.362126671362383,4.190448973534927,28.994682598333984,-16.89154295902664,"3.07","1.32",,,,"94.3",2571,"6.6",777897,672515,647304,606466,553993,672695,666971,694374,682998,"53.86",,,,,,,,36,1,"Cutter",5,0,0,5,0,5,0,5,"Standard","Standard",193,"0.002","-0.039",,,,"0.039",,5,-5,0.936,0.06399999999999995,30,22,31,22,2,1,6,2,5,1,"1.44","-0.35","0.35","39.6",,,,,
"CU","2025-05-16","79.7","-0.58","5.95","Burnes, Corbin",666160,669203,"strikeout","swinging_strike",,,,,7,"Mickey Moniak strikes out swinging.","R","L","R","AZ","COL","S",2,,0,2,2025,"0.98","-1.17","-0.76","1.7",678662,696100,669911,2,4,"Top",,,,,,,-2.2414764320785427,-115.97165297749247,-0.3088024140952692,9.201199814571833,24.158524515520934,-42.83306982526363,"3.39","1.63",,,,"79.8",2859,"6.6",777897,672515,647304,606466,553993,672695,666971,694374,682998,"53.88",,0,"0",1,0,0,,30,3,"Curveball",3,0,0,3,0,3,0,3,"Infield shade","Standard",49,"0.05","-0.171","68.1","8.4",,"0.171",,3,-3,0.81,0.18999999999999995,30,27,31,27,2,1,6,2,5,1,"4.79","-0.98","0.98","46.0",22.013468258278756,-8.478900875897624,27.88615113897305,51.153007969640996,32.63053009343224
"FC","2025-05-16","95.4","-0.58","5.88","Burnes, Corbin",666160,669203,,"swinging_strike",,,,,14,"Swinging Strike","R","L","R","AZ","COL","S",,,0,1,2025,"0.2","1.1","1.19","1.27",678662,696100,669911,2,4,"Top",,,,,,,4.2105117543185155,-138.7295074365566,-9.042697824191414,1.7191421244122769,30.22150981306494,-16.12220101839428,"3.39","1.63",,,,"96.1",2677,"6.7",777897,672515,647304,606466,553993,672695,666971,694374,682998,"53.82",,,,,,,,30,2,"Cutter",3,0,0,3,0,3,0,3,"Infield shade","Standard",191,"0.015","-0.05","76.2","8.8",,"0.05",,3,-3,0.795,0.20499999999999996,30,27,31,27,2,1,6,2,5,1,"1.4","-0.2","0.2","41.2",21.511239105164243,-24.876765141909612,42.38671469185352,27.1017752968022,32.95925347658588
"CU","2025-05-16","80.6","-0.59","5.94","Burnes, Corbin",666160,669203,,"called_strike",,,,,5,"Called Strike","R","L","R","AZ","COL","S",,,0,0,2025,"1","-1.06","-0.15","2.53",678662,696100,669911,2,4,"Top",,,,,,,-0.9389237325248554,-117.39219024100676,1.1664389889916809,9.373265364362469,23.875588562877695,-42.37075573121535,"3.37","1.66",,,,"80.9",2798,"6.6",777897,672515,647304,606466,553993,672695,666971,694374,682998,"53.89",,,,,,,,30,1,"Curveball",3,0,0,3,0,3,0,3,"Infield shade","Standard",52,"0.012","-0.035",,,,"0.035",,3,-3,0.783,0.21699999999999997,30,27,31,27,2,1,6,2,5,1,"4.58","-1","1","47.4",,,,,
"FC","2025-05-16","96.8","-0.74","5.92","Burnes, Corbin",669911,669203,"walk","ball",,,,,13,"Michael Toglia walks. Ezequiel Tovar to 3rd. Hunter Goodman to 2nd.","R","L","R","AZ","COL","B",,,3,2,2025,"-0.14","1.08","-1.04","1.74",,678662,696100,2,4,"Top",,,,,,,-0.4872910368247436,-140.9045265456703,-8.128196484362446,-1.74486522467786,31.499653479455695,-16.192021726280966,"3.79","1.78",,,,"97.4",2558,"6.6",777897,672515,647304,606466,553993,672695,666971,694374,682998,"53.92",,0.691497,"0.7",1,0,0,,29,7,"Cutter",3,0,0,3,0,3,0,3,"Infield shade","Standard",195,"-0.03","0.195",,,,"-0.195",,3,-3,0.813,0.18700000000000006,30,26,31,27,2,1,6,2,5,1,"1.35","0.14","-0.14","41.2",,,,,
"FC","2025-05-16","95.9","-0.65","5.89","Burnes, Corbin",669911,669203,,"foul",,,,,14,"Foul","R","L","R","AZ","COL","S",,,3,2,2025,"0.46","1","1.17","2.56",,678662,696100,2,4,"Top",,,,,,,3.7960074254135914,-139.71452729096941,-5.545652809204889,5.241495453605858,29.497985658116004,-18.092155456733824,"3.74","1.81",6,"78.8",-22,"97",2713,"6.7",777897,672515,647304,606466,553993,672695,666971,694374,682998,"53.8",,,,,,,,29,6,"Cutter",3,0,0,3,0,3,0,3,"Infield shade","Standard",187,"0","0","71.2","7.6",,"0","88.0",3,-3,0.813,0.18700000000000006,30,26,31,27,2,1,6,2,5,1,"1.46","-0.46","0.46","43.3",25.166174953473107,-8.616091631833884,37.679469704774185,27.226395153914847,28.60959849887796
"FC","2025-05-16","95.9","-0.81","5.88","Burnes, Corbin",669911,669203,,"ball",,,,,11,"Ball","R","L","R","AZ","COL","B",,,2,2,2025,"0.4","0.88","-0.91","3.01",,678662,696100,2,4,"Top",,,,,,,-1.1503293604262508,-139.68091030350163,-4.021523975059234,5.454917415929189,29.913498609681486,-19.92244632055061,"3.87","1.8",,,,"96.7",2688,"6.6",777897,672515,647304,606466,553993,672695,666971,694374,682998,"53.94",,,,,,,,29,5,"Cutter",3,0,0,3,0,3,0,3,"Infield shade","Standard",174,"-0.009","0.079",,,,"-0.079",,3,-3,0.822,0.17800000000000005,30,26,31,27,2,1,6,2,5,1,"1.58","-0.4","0.4","42.7",,,,,
"CU","2025-05-16","81","-0.53","5.86","Burnes, Corbin",669911,669203,,"blocked_ball",,,,,13,"Ball In Dirt","R","L","R","AZ","COL","B",,,1,2,2025,"0.99","-1.04","-0.7","-0.03",,678662,696100,2,4,"Top",,,,,,,-2.294358492429948,-117.85603117080922,-4.488417176221537,9.630164994189002,24.393380746553206,-41.11035473266603,"3.77","1.76",,,,"81.3",2825,"6.7",777897,672515,647304,606466,553993,672695,666971,694374,682998,"53.79",,,,,,,,29,4,"Curveball",3,0,0,3,0,3,0,3,"Infield shade","Standard",44,"-0.006","0.012",,,,"-0.012",,3,-3,0.828,0.17200000000000004,30,26,31,27,2,1,6,2,5,1,"4.54","-0.99","0.99","46.1",,,,,
"FC","2025-05-16","95.3","-0.56","5.87","Burnes, Corbin",669911,669203,,"swinging_strike",,,,,14,"Swinging Strike","R","L","R","AZ","COL","S",,,1,1,2025,"0.31","0.7","1.74","2.13",,678662,696100,2,4,"Top",,,,,,,5.377636348983932,-138.67972635298588,-5.851796325445313,2.960083542792396,28.201445670717444,-22.10181538939241,"3.74","1.81",,,,"96.4",2765,"6.7",777897,672515,647304,606466,553993,672695,666971,694374,682998,"53.76",,,,,,,,29,3,"Cutter",3,0,0,3,0,3,0,3,"Infield shade","Standard",188,"0.008","-0.063","67.6","7.5",,"0.063",,3,-3,0.82,0.18000000000000005,30,26,31,27,2,1,6,2,5,1,"1.79","-0.31","0.31","42.6",14.336582680909556,-13.354006893406972,46.132283709520784,21.101088076593946,24.74061440466722
"CH","2025-05-16","90.2","-0.75","5.65","Burnes, Corbin",669911,669203,,"foul",,,,,4,"Foul","R","L","R","AZ","COL","S",,,1,0,2025,"-1.48","0.6","-0.47","2.46",,678662,696100,2,4,"Top",,,,,,,3.8640120363005677,-131.3106481856261,-3.252073233297609,-17.88544497195731,27.901716369945532,-24.78834015654202,"3.74","1.81",,,,"90.9",2135,"6.7",777897,672515,647304,606466,553993,672695,666971,694374,682998,"53.82",,,,,,,,29,2,"Changeup",3,0,0,3,0,3,0,3,"Standard","Standard",220,"0.005","-0.052","75.1","8.3",,"0.052",,3,-3,0.815,0.18500000000000005,30,26,31,27,2,1,6,2,5,1,"2.2","1.48","-1.48","38.3",26.558048590723498,-11.706126983750138,29.315914680287058,48.348372853720534,32.9729535090569
"CU","2025-05-16","81.5","-0.55","5.91","Burnes, Corbin",669911,669203,,"ball",,,,,13,"Ball","R","L","R","AZ","COL","B",,,0,0,2025,"0.67","-1.21","-0.38","0.94",,678662,696100,2,4,"Top",,,,,,,-0.9033458019289728,-118.61237794770888,-2.195511227530976,6.5121688740141455,24.757180903941034,-43.325921909480456,"3.79","1.75",,,,"81.6",2805,"6.6",777897,672515,647304,606466,553993,672695,666971,694374,682998,"53.93",,,,,,,,29,1,"Curveball",3,0,0,3,0,3,0,3,"Standard","Standard",46,"-0.003","0.024",,,,"-0.024",,3,-3,0.818,0.18200000000000005,30,26,31,27,2,1,6,2,5,1,"4.67","-0.67","0.67","47.5",,,,,
"FC","2025-05-16","96.1","-0.62","5.89","Burnes, Corbin",686668,669203,"field_out","hit_into_play",,,,,8,"Brenton Doyle lines out to right fielder Corbin Carroll.","R","R","R","AZ","COL","X",9,"line_drive",1,0,2025,"0.18","0.92","0.18","1.64",,678662,696100,1,4,"Top",168.16,89.14,,,,,1.7158583348390883,-139.8645788466019,-7.812151624305924,2.0049992134706303,31.87326338644645,-18.556004710481513,"3.45","1.69",293,"83.9",26,"96.9",2682,"6.8",777897,672515,647304,606466,553993,672695,666971,694374,682998,"53.75",0.114,0.107,"0",1,0,0,3,28,2,"Cutter",3,0,0,3,0,3,0,3,"Standard","Standard",191,"0.056","-0.274",,,0.165,"0.274","88.0",3,-3,0.762,0.238,30,27,31,27,2,1,6,2,5,1,"1.55","-0.18","-0.18","41.7",,,,,
"FC","2025-05-16","95.8","-0.57","5.9","Burnes, Corbin",686668,669203,,"ball",,,,,14,"Ball","R","R","R","AZ","COL","B",,,0,0,2025,"0.27","1.09","1.56","1.17",,678662,696100,1,4,"Top",,,,,,,5.026663758736748,-139.23180731653454,-9.454627013594479,2.5496162788497356,28.79684148815588,-16.10061709369253,"3.51","1.71",,,,"96.8",2629,"6.8",777897,672515,647304,606466,553993,672695,666971,694374,682998,"53.75",,,,,,,,28,1,"Cutter",3,0,0,3,0,3,0,3,"Standard","Standard",190,"-0.007","0.031",,,,"-0.031",,3,-3,0.769,0.23099999999999998,30,27,31,27,2,1,6,2,5,1,"1.38","-0.27","-0.27","44.2",,,,,
"CU","2025-05-16","82.9","-0.49","5.9","Burnes, Corbin",641857,669203,"strikeout","swinging_strike_blocked",,,,,14,"Ryan McMahon strikes out swinging.","R","L","R","AZ","COL","S",2,,1,2,2025,"0.64","-0.88","0.15","0.65",,678662,696100,0,4,"Top",,,,,,,0.21323962748228326,-120.77473415205579,-3.7937345019233355,6.147762612784446,24.787348300371825,-40.24625333787817,"3.51","1.61",,,,"83.3",2887,"6.6",777897,672515,647304,606466,553993,672695,666971,694374,682998,"53.86",,0,"0",1,0,0,,27,5,"Curveball",3,0,0,3,0,3,0,3,"Standard","Standard",57,"0.042","-0.194","43.3","7.7",,"0.194",,3,-3,0.727,0.273,30,30,31,31,2,1,6,2,5,1,"4.21","-0.64","0.64","44.9",11.28020095096422,3.472093103907659,41.755375266628135,41.68256033716274,28.029224128260196
"FC","2025-05-16","95","-0.6","5.85","Burnes, Corbin",641857,669203,,"foul",,,,,8,"Foul","R","L","R","AZ","COL","S",,,1,2,2025,"0.33","0.82","0.12","2.01",,678662,696100,0,4,"Top",,,,,,,1.1645879535726806,-138.3388162294928,-6.292383327321786,3.9770358275160564,28.806821909218716,-20.519648321176373,"3.51","1.61",,,,"95.9",2725,"6.6",777897,672515,647304,606466,553993,672695,666971,694374,682998,"53.91",,,,,,,,27,4,"Cutter",3,0,0,3,0,3,0,3,"Standard","Standard",189,"0","0","73.7","7.0",,"0",,3,-3,0.727,0.273,30,30,31,31,2,1,6,2,5,1,"1.69","-0.33","0.33","40.9",-1.3848423989978138,19.136473855776064,43.697266820289464,41.26404007400509,15.576839754150164
"FC","2025-05-16","96.6","-0.78","5.85","Burnes, Corbin",641857,669203,,"called_strike",,,,,4,"Called Strike","R","L","R","AZ","COL","S",,,1,1,2025,"0.13","0.87","-0.61","2.39",,678662,696100,0,4,"Top",,,,,,,0.1473545337372559,-140.61561254000506,-5.618093087689064,1.7370071667503697,34.66484373423597,-19.607927038733244,"3.53","1.57",,,,"96.8",2827,"6.6",777897,672515,647304,606466,553993,672695,666971,694374,682998,"53.9",,,,,,,,27,3,"Cutter",3,0,0,3,0,3,0,3,"Standard","Standard",176,"0.011","-0.065",,,,"0.065",,3,-3,0.716,0.28400000000000003,30,30,31,31,2,1,6,2,5,1,"1.59","-0.13","0.13","37.6",,,,,
"FC","2025-05-16","95.5","-0.57","5.85","Burnes, Corbin",641857,669203,,"ball",,,,,14,"Ball","R","L","R","AZ","COL","B",,,0,1,2025,"0.28","1.06","1.6","1.45",,678662,696100,0,4,"Top",,,,,,,5.117419073414024,-138.8385004499313,-8.361525338228601,2.447218879150938,31.68009470610105,-16.816869059676133,"3.58","1.59",,,,"96.1",2677,"6.7",777897,672515,647304,606466,553993,672695,666971,694374,682998,"53.8",,,,,,,,27,2,"Cutter",3,0,0,3,0,3,0,3,"Standard","Standard",196,"-0.005","0.028",,,,"-0.028",,3,-3,0.721,0.279,30,30,31,31,2,1,6,2,5,1,"1.45","-0.28","0.28","40.4",,,,,
"FC","2025-05-16","95.2","-0.56","5.91","Burnes, Corbin",641857,669203,,"swinging_strike",,,,,12,"Swinging Strike","R","L","R","AZ","COL","S",,,0,0,2025,"0.36","0.91","1.58","2.74",,678662,696100,0,4,"Top",,,,,,,4.835728606888133,-138.5083632880206,-4.724582153662895,3.5336951276341324,31.483444719153617,-19.659006664417877,"3.51","1.61",,,,"95.5",2729,"6.5",777897,672515,647304,606466,553993,672695,666971,694374,682998,"53.97",,,,,,,,27,1,"Cutter",3,0,0,3,0,3,0,3,"Standard","Standard",188,"0.008","-0.053","40.7","5.5",,"0.053",,3,-3,0.713,0.28700000000000003,30,30,31,31,2,1,6,2,5,1,"1.61","-0.36","0.36","41.2",-5.700450433971579,28.47764225354616,46.00347216599932,22.337985328987845,10.285034401634487
"FC","2025-05-16","96","-0.51","5.93","Burnes, Corbin",696100,669203,"walk","ball",,,,,14,"Hunter Goodman walks. Ezequiel Tovar to 2nd.","R","R","R","AZ","COL","B",,,3,1,2025,"0.24","1.08","0.53","1.2",,,678662,0,4,"Top",,,,,,,2.2433822764130023,-139.4427349220431,-9.355895329993286,2.539889568282693,33.77332758474202,-16.14344632522262,"3.5","1.65",,,,"96.3",2764,"6.7",777897,672515,647304,606466,553993,672695,666971,694374,682998,"53.76",,0.691497,"0.7",1,0,0,,26,5,"Cutter",3,0,0,3,0,3,0,3,"Standard","Standard",194,"-0.037","0.26",,,,"-0.26",,3,-3,0.75,0.25,30,25,31,26,2,1,6,2,5,1,"1.42","-0.24","-0.24","43.0",,,,,
"FC","2025-05-16","95.3","-0.52","5.88","Burnes, Corbin",696100,669203,,"ball",,,,,14,"Ball","R","R","R","AZ","COL","B",,,2,1,2025,"0.35","1.09","1.58","1.11",,,678662,0,4,"Top",,,,,,,4.775330971028263,-138.49055030209564,-9.421405345481709,3.5193181574818655,29.946982648980327,-16.208890658512978,"3.43","1.58",,,,"96.3",2622,"6.9",777897,672515,647304,606466,553993,672695,666971,694374,682998,"53.65",,,,,,,,26,4,"Cutter",3,0,0,3,0,3,0,3,"Standard","Standard",197,"-0.019","0.116",,,,"-0.116",,3,-3,0.769,0.23099999999999998,30,25,31,26,2,1,6,2,5,1,"1.42","-0.35","-0.35","43.5",,,,,
"CU","2025-05-16","81.4","-0.47","5.89","Burnes, Corbin",696100,669203,,"blocked_ball",,,,,14,"Ball In Dirt","R","R","R","AZ","COL","B",,,1,1,2025,"0.72","-0.98","0.84","-0.17",,,678662,0,4,"Top",,,,,,,1.5640320257114977,-118.51556951381704,-5.086726732591501,6.4432497270816,24.910667000617813,-40.50686812115465,"3.55","1.64",,,,"81.6",2830,"6.6",777897,672515,647304,606466,553993,672695,666971,694374,682998,"53.87",,,,,,,,26,3,"Curveball",3,0,0,3,0,3,0,3,"Standard","Standard",47,"-0.008","0.044",,,,"-0.044",,3,-3,0.777,0.22299999999999998,30,25,31,26,2,1,6,2,5,1,"4.44","-0.72","-0.72","46.9",,,,,
"FC","2025-05-16","95.8","-0.64","5.88","Burnes, Corbin",696100,669203,,"ball",,,,,9,"Ball","R","R","R","AZ","COL","B",,,0,1,2025,"0.34","1.07","0.73","1.67",,,678662,0,4,"Top",,,,,,,2.8655491179384773,-139.36906962301663,-7.986871491387928,3.8432264145040764,30.862438042233173,-16.59291595178419,"3.49","1.69",,,,"96.4",2754,"6.6",777897,672515,647304,606466,553993,672695,666971,694374,682998,"53.87",,,,,,,,26,2,"Cutter",3,0,0,3,0,3,0,3,"Standard","Standard",186,"-0.003","0.034",,,,"-0.034",,3,-3,0.78,0.21999999999999997,30,25,31,26,2,1,6,2,5,1,"1.41","-0.34","-0.34","42.3",,,,,
"FC","2025-05-16","94.6","-0.67","5.85","Burnes, Corbin",696100,669203,,"called_strike",,,,,8,"Called Strike","R","R","R","AZ","COL","S",,,0,0,2025,"0.13","1.05","-0.16","1.95",,,678662,0,4,"Top",,,,,,,1.0516211922719603,-137.68094955217182,-6.924149345162866,1.4425423186836162,28.3165378353262,-17.45718037507225,"3.52","1.61",,,,"95.6",2639,"6.7",777897,672515,647304,606466,553993,672695,666971,694374,682998,"53.81",,,,,,,,26,1,"Cutter",3,0,0,3,0,3,0,3,"Standard","Standard",197,"0.005","-0.043",,,,"0.043",,3,-3,0.775,0.22499999999999998,30,25,31,26,2,1,6,2,5,1,"1.48","-0.13","-0.13","39.9",,,,,
"SL","2025-05-16","84.9","-0.76","5.79","Burnes, Corbin",678662,669203,"single","hit_into_play",,,,,5,"Ezequiel Tovar singles on a sharp line drive to left fielder Lourdes Gurriel Jr.","R","R","R","AZ","COL","X",7,"line_drive",1,1,2025,"0.55","-0.14","-0.24","2.18",,,,0,4,"Top",84.77,108.35,,,,,0.11236451627536509,-123.59617971019446,-1.8094182281071274,5.6129474752868855,25.84888157262969,-33.41103185103976,"3.36","1.54",146,"105.6",6,"85",2861,"6.4",777897,672515,647304,606466,553993,672695,666971,694374,682998,"54.08",0.641,0.599,"0.9",1,1,0,4,25,3,"Slider",3,0,0,3,0,3,0,3,"Standard","Standard",85,"-0.04","0.447",,,0.732,"-0.447","105.6",3,-3,0.815,0.18500000000000005,30,23,31,24,2,1,6,31,5,1,"3.31","-0.55","-0.55","40.7",,,,,
"SI","2025-05-16","96.3","-0.69","5.88","Burnes, Corbin",678662,669203,,"ball",,,,,11,"Ball","R","R","R","AZ","COL","B",,,0,1,2025,"-1.01","0.98","-1.26","2.58",,,,0,4,"Top",,,,,,,0.7876723738401414,-140.20338557123333,-5.448502891604626,-13.493380481422845,32.51773792744379,-18.203050112243606,"3.44","1.56",,,,"96.8",2431,"6.6",777897,672515,647304,606466,553993,672695,666971,694374,682998,"53.89",,,,,,,,25,2,"Sinker",3,0,0,3,0,3,0,3,"Standard","Standard",204,"-0.002","0.031",,,,"-0.031",,3,-3,0.817,0.18300000000000005,30,23,31,24,2,1,6,31,5,1,"1.48","1.01","1.01","38.7",,,,,
"CU","2025-05-16","80","-0.53","5.94","Burnes, Corbin",678662,669203,,"called_strike",,,,,14,"Called Strike","R","R","R","AZ","COL","S",,,0,0,2025,"0.71","-0.82","0.97","2.17",,,,0,4,"Top",,,,,,,1.9867291356226482,-116.47359956595741,0.005676737538281795,5.98711568424634,23.582985120585523,-39.86688757218782,"3.43","1.57",,,,"80.1",2807,"6.5",777897,672515,647304,606466,553993,672695,666971,694374,682998,"53.98",,,,,,,,25,1,"Curveball",3,0,0,3,0,3,0,3,"Standard","Standard",58,"0.003","-0.039",,,,"0.039",,3,-3,0.814,0.18600000000000005,30,23,31,24,2,1,6,31,5,1,"4.4","-0.71","-0.71","44.4",,,,,
"SL","2025-05-16","88.9","-0.55","5.9","Burnes, Corbin",687597,669203,"strikeout","swinging_strike",,,,,14,"Jordan Beck strikes out swinging.","R","R","R","AZ","COL","S",2,,0,2,2025,"0.67","0.04","1.12","0.93",,,,2,3,"Top",,,,,,,2.7120906583401165,-129.3660059620405,-6.23429324324367,6.926179797567671,27.688577863377894,-30.569833901200195,"3.63","1.72",,,,"89.4",2930,"6.7",777897,672515,647304,606466,553993,672695,666971,694374,682998,"53.82",,0,"0",1,0,0,,20,3,"Slider",2,0,0,2,0,2,0,2,"Standard","Standard",93,"0.006","-0.16","70.4","8.7",,"0.16",,2,-2,0.758,0.242,30,24,31,24,2,1,6,2,5,1,"2.85","-0.67","-0.67","42.6",24.14702521420658,-17.974512251781636,37.64783430700563,49.46567833686994,40.5114676417986
"CU","2025-05-16","81.7","-0.52","5.95","Burnes, Corbin",687597,669203,,"swinging_strike",,,,,9,"Swinging Strike","R","R","R","AZ","COL","S",,,0,1,2025,"0.92","-1.03","0.59","1.73",,,,2,3,"Top",,,,,,,0.707158801038503,-118.93265272918518,-0.8683276093432313,8.523111912109174,25.978780303278782,-41.90214421473255,"3.63","1.72",,,,"81.8",2875,"6.7",777897,672515,647304,606466,553993,672695,666971,694374,682998,"53.81",,,,,,,,20,2,"Curveball",2,0,0,2,0,2,0,2,"Standard","Standard",51,"0.002","-0.057","80.7","8.2",,"0.057",,2,-2,0.756,0.244,30,24,31,24,2,1,6,2,5,1,"4.48","-0.92","-0.92","45.4",18.398496011588318,-11.00708178920384,32.357063794095055,44.09870103925836,35.03048999553157
"SI","2025-05-16","96.8","-0.67","5.84","Burnes, Corbin",687597,669203,,"called_strike",,,,,5,"Called Strike","R","R","R","AZ","COL","S",,,0,0,2025,"-1.12","0.87","-0.24","2.75",,,,2,3,"Top",,,,,,,3.74987533769231,-140.81241970822742,-4.648026288011227,-15.717164259183951,35.412160224812354,-19.774988948603536,"3.71","1.69",,,,"97.2",2573,"6.8",777897,672515,647304,606466,553993,672695,666971,694374,682998,"53.74",,,,,,,,20,1,"Sinker",2,0,0,2,0,2,0,2,"Standard","Standard",202,"0.002","-0.043",,,,"0.043",,2,-2,0.754,0.246,30,24,31,24,2,1,6,2,5,1,"1.59","1.12","1.12","39.6",,,,,
"SI","2025-05-16","98","-0.59","5.87","Burnes, Corbin",607732,669203,"strikeout","swinging_strike",,,,,6,"Jacob Stallings strikes out swinging.","R","R","R","AZ","COL","S",2,,2,2,2025,"-1.08","1.02","0.34","2.59",,,,1,3,"Top",,,,,,,5.072135204068196,-142.55267962347847,-5.759249037476253,-15.935609758663887,34.4953306028243,-17.107224298092348,"3.37","1.56",,,,"98.8",2576,"6.9",777897,672515,647304,606466,553993,672695,666971,694374,682998,"53.65",,0,"0",1,0,0,,19,5,"Sinker",2,0,0,2,0,2,0,2,"Standard","Standard",206,"0.016","-0.228","66.4","6.3",,"0.228",,2,-2,0.738,0.262,30,35,31,36,1,0,6,2,5,3,"1.36","1.08","1.08","41.9",-11.587107330868053,30.50761544250243,36.41315572323383,38.98941662522287,13.060586226999025
"SL","2025-05-16","89.5","-0.69","5.79","Burnes, Corbin",607732,669203,,"ball",,,,,14,"Ball","R","R","R","AZ","COL","B",,,1,2,2025,"0.28","0.17","0.92","0.68",,,,1,3,"Top",,,,,,,3.41082043743376,-130.24593656069516,-7.002975571601486,2.435927264778785,27.255167515043773,-28.948880223232795,"3.38","1.47",,,,"90",2889,"6.6",777897,672515,647304,606466,553993,672695,666971,694374,682998,"53.92",,,,,,,,19,4,"Slider",2,0,0,2,0,2,0,2,"Standard","Standard",103,"-0.003","0.048",,,,"-0.048",,2,-2,0.741,0.259,30,35,31,36,1,0,6,2,5,3,"2.67","-0.28","-0.28","43.4",,,,,
"FC","2025-05-16","96.9","-0.59","5.89","Burnes, Corbin",607732,669203,,"swinging_strike",,,,,14,"Swinging Strike","R","R","R","AZ","COL","S",,,1,1,2025,"0.25","1.22","1.55","2.16",,,,1,3,"Top",,,,,,,5.166944377098947,-141.02911145085918,-7.2914892569239464,2.2258687670173605,30.899346515634196,-14.496703949847122,"3.37","1.56",,,,"97.9",2602,"6.7",777897,672515,647304,606466,553993,672695,666971,694374,682998,"53.77",,,,,,,,19,3,"Cutter",2,0,0,2,0,2,0,2,"Standard","Standard",210,"0.004","-0.064","37.7","5.4",,"0.064",,2,-2,0.737,0.263,30,35,31,36,1,0,6,2,5,3,"1.2","-0.25","-0.25","44.0",-16.157945836247876,48.37688980865052,33.21061098195963,55.635383364152545,-6.7299764183209465
"SI","2025-05-16","96.7","-0.69","5.83","Burnes, Corbin",607732,669203,,"ball",,,,,8,"Ball","R","R","R","AZ","COL","B",,,0,1,2025,"-1.23","0.84","0.11","1.4",,,,1,3,"Top",,,,,,,4.966823011625633,-140.59678316416208,-8.21555193240096,-17.41638324074584,31.870430218433214,-19.305504381869234,"3.35","1.51",,,,"97.3",2606,"6.7",777897,672515,647304,606466,553993,672695,666971,694374,682998,"53.8",,,,,,,,19,2,"Sinker",2,0,0,2,0,2,0,2,"Standard","Standard",198,"-0.002","0.029",,,,"-0.029",,2,-2,0.739,0.261,30,35,31,36,1,0,6,2,5,3,"1.6","1.23","1.23","37.5",,,,,
"FC","2025-05-16","94.5","-0.65","5.92","Burnes, Corbin",607732,669203,,"foul",,,,,9,"Foul","R","R","R","AZ","COL","S",,,0,0,2025,"0.23","0.84","0.63","2.03",,,,1,3,"Top",,,,,,,2.8527895735942397,-137.5473434409053,-6.392031539988927,2.313442636611245,29.00601465728126,-20.324709626598793,"3.37","1.56",213,"75.3",53,"95.4",2636,"6.7",777897,672515,647304,606466,553993,672695,666971,694374,682998,"53.81",,,,,,,,19,1,"Cutter",2,0,0,2,0,2,0,2,"Standard","Standard",184,"0.003","-0.039","67.7","7.5",,"0.039","88.0",2,-2,0.736,0.264,30,35,31,36,1,0,6,2,5,3,"1.7","-0.23","-0.23","40.7",7.689939311828024,3.511286121398301,37.070426988504664,42.95051303908702,24.88376607043718
"CU","2025-05-16","80.3","-0.43","5.95","Burnes, Corbin",691182,669203,"field_out","hit_into_play",,,,,14,"Adael Amador grounds out to first baseman Josh Naylor.","R","L","R","AZ","COL","X",3,"ground_ball",1,2,2025,"0.95","-0.85","0.04","0.79",,,,0,3,"Top",166.31,157.3,,,,,-0.7659147514205205,-116.91620393531342,-3.0682029669725877,8.801210249846623,24.226850852631387,-39.530119517068464,"3.21","1.49",3,"93.6",-21,"80.3",2893,"6.5",777897,672515,647304,606466,553993,672695,666971,694374,682998,"54.01",0.089,0.076,"0",1,0,0,2,18,4,"Curveball",2,0,0,2,0,2,0,2,"Infield shade","Standard",46,"0.018","-0.189","71.1","7.6",0.096,"0.189","93.6",2,-2,0.718,0.28200000000000003,30,22,31,22,1,0,6,2,5,1,"4.41","-0.95","0.95","44.7",2.267789963752314,-10.573190369209085,36.446701000839624,35.06654324446208,38.53788537642515
"FC","2025-05-16","95.2","-0.65","5.89","Burnes, Corbin",691182,669203,,"foul",,,,,12,"Foul","R","L","R","AZ","COL","S",,,1,1,2025,"0.37","1.22","0.89","2.63",,,,0,3,"Top",,,,,,,3.2265549299708343,-138.5797160833997,-5.678902144400059,3.9770369692305407,31.22166633327759,-15.420497280606204,"3.21","1.49",,,,"95.7",2650,"6.6",777897,672515,647304,606466,553993,672695,666971,694374,682998,"53.9",,,,,,,,18,3,"Cutter",2,0,0,2,0,2,0,2,"Standard","Standard",193,"0.005","-0.061","73.2","6.5",,"0.061",,2,-2,0.713,0.28700000000000003,30,22,31,22,1,0,6,2,5,1,"1.3","-0.37","0.37","43.1",-5.480556183196772,0.2337521487592982,35.00589624923827,25.581945090973818,27.95599468545388
"CH","2025-05-16","89.6","-0.94","5.58","Burnes, Corbin",691182,669203,,"ball",,,,,11,"Ball","R","L","R","AZ","COL","B",,,0,1,2025,"-1.27","0.66","-2.05","3.24",,,,0,3,"Top",,,,,,,-0.05194831266375449,-130.47984944477378,-1.1413543006824045,-14.395147108801986,29.943046602355412,-24.676449573608654,"3.14","1.35",,,,"89.8",2315,"6.6",777897,672515,647304,606466,553993,672695,666971,694374,682998,"53.93",,,,,,,,18,2,"Changeup",2,0,0,2,0,2,0,2,"Standard","Standard",223,"-0.003","0.031",,,,"-0.031",,2,-2,0.716,0.28400000000000003,30,22,31,22,1,0,6,2,5,1,"2.2","1.27","-1.27","39.6",,,,,
"FC","2025-05-16","94.6","-0.81","5.85","Burnes, Corbin",691182,669203,,"called_strike",,,,,3,"Called Strike","R","L","R","AZ","COL","S",,,0,0,2025,"0.19","1.21","0.34","2.75",,,,0,3,"Top",,,,,,,2.59710890592359,-137.76873971973106,-5.156169294197336,1.8809520113774085,30.753509642816034,-15.79844449863795,"3.02","1.36",,,,"95.2",2622,"6.6",777897,672515,647304,606466,553993,672695,666971,694374,682998,"53.87",,,,,,,,18,1,"Cutter",2,0,0,2,0,2,0,2,"Infield shade","Standard",196,"0.004","-0.039",,,,"0.039",,2,-2,0.712,0.28800000000000003,30,22,31,22,1,0,6,2,5,1,"1.33","-0.19","0.19","37.1",,,,,
"FC","2025-05-16","95.9","-0.74","5.85","Burnes, Corbin",666160,669203,"field_out","hit_into_play",,,,,5,"Mickey Moniak grounds out sharply to first baseman Josh Naylor.","R","L","R","AZ","COL","X",3,"ground_ball",1,0,2025,"0.16","0.95","0.26","2.21",,,,2,2,"Top",157.93,166.17,,,,,2.2979162974643645,-139.58085451763583,-6.217721496902184,1.6033116647314298,30.589488231913634,-18.57543940322317,"3.39","1.63",28,"106.4",-3,"96.7",2595,"6.7",777897,672515,647304,606466,553993,672695,666971,694374,682998,"53.81",0.443,0.408,"0",1,0,0,4,11,2,"Cutter",0,0,0,0,0,0,0,0,"Infield shade","Standard",196,"0.012","-0.297","78.1","8.2",0.483,"0.297","106.4",0,0,0.539,0.46099999999999997,30,27,31,27,1,0,6,2,5,1,"1.52","-0.16","0.16","38.1",15.00880844620974,-13.619413631675567,32.48959513444045,36.64051917043239,31.48442455219887
"FC","2025-05-16","95","-0.65","5.89","Burnes, Corbin",666160,669203,,"ball",,,,,14,"Ball","R","L","R","AZ","COL","B",,,0,0,2025,"0.22","1.07","0.26","1.25",,,,2,2,"Top",,,,,,,1.9071685357665635,-138.18805733672912,-8.985756009680264,2.419619620060787,28.857887291266554,-16.660944358945137,"3.38","1.55",,,,"95.8",2679,"6.6",777897,672515,647304,606466,553993,672695,666971,694374,682998,"53.85",,,,,,,,11,1,"Cutter",0,0,0,0,0,0,0,0,"Infield shade","Standard",196,"-0.001","0.037",,,,"-0.037",,0,0,0.54,0.45999999999999996,30,27,31,27,1,0,6,2,5,1,"1.44","-0.22","0.22","40.3",,,,,
"FC","2025-05-16","94.6","-0.73","5.8","Burnes, Corbin",669911,669203,"field_out","hit_into_play",,,,,14,"Michael Toglia lines out to right fielder Corbin Carroll.","R","L","R","AZ","COL","X",9,"line_drive",0,1,2025,"0.07","0.81","1.24","1.95",,,,1,2,"Top",160.62,94.18,,,,,5.009675286369417,-137.6196607404964,-6.171700080800779,-0.286230632378014,31.166909503709817,-20.701844545877073,"3.74","1.81",275,"77.6",26,"95.1",2815,"6.7",777897,672515,647304,606466,553993,672695,666971,694374,682998,"53.84",0.473,0.429,"0",1,0,0,4,10,2,"Cutter",0,0,0,0,0,0,0,0,"Infield shade","Standard",189,"0.014","-0.215","82.0","7.8",0.542,"0.215","88.0",0,0,0.526,0.474,30,26,31,27,1,0,6,2,5,1,"1.74","-0.07","0.07","39.2",8.05028134650189,-18.965740045284015,53.41284977075346,25.49571466832844,23.389332044414914
"FC","2025-05-16","94.4","-0.73","5.92","Burnes, Corbin",669911,669203,,"called_strike",,,,,7,"Called Strike","R","L","R","AZ","COL","S",,,0,0,2025,"-0.09","0.89","-0.79","1.99",,,,1,2,"Top",,,,,,,0.044682312588066826,-137.37305975881526,-6.510274906368947,-1.2069992489852257,30.784542218634655,-19.73359438780229,"3.74","1.7",,,,"94.6",2631,"6.4",777897,672515,647304,606466,553993,672695,666971,694374,682998,"54.09",,,,,,,,10,1,"Cutter",0,0,0,0,0,0,0,0,"Infield shade","Standard",193,"0.003","-0.039",,,,"0.039",,0,0,0.523,0.477,30,26,31,27,1,0,6,2,5,1,"1.67","0.09","-0.09","43.8",,,,,
"CU","2025-05-16","79.9","-0.55","5.92","Burnes, Corbin",686668,669203,"field_out","hit_into_play",,,,,5,"Brenton Doyle flies out to right fielder Corbin Carroll.","R","R","R","AZ","COL","X",9,"fly_ball",0,1,2025,"0.85","-1.02","0.1","2.47",,,,0,2,"Top",173.09,110.27,,,,,-0.17230596912946938,-116.38220309510724,1.104502828641559,7.691038111660252,23.59891439899248,-41.85801161229035,"3.45","1.69",251,"91.2",52,"80.2",2784,"6.6",777897,672515,647304,606466,553993,672695,666971,694374,682998,"53.86",0.008,0.007,"0",1,0,0,3,9,2,"Curveball",0,0,0,0,0,0,0,0,"Standard","Standard",55,"0.02","-0.22","75.3","7.5",0.011,"0.22","91.2",0,0,0.503,0.497,30,27,31,27,1,0,6,2,5,1,"4.61","-0.85","-0.85","45.2",13.150064899693628,1.7202143344859258,29.993844899359942,37.64243705387341,26.950383748029644
"FC","2025-05-16","93.5","-0.71","5.87","Burnes, Corbin",686668,669203,,"called_strike",,,,,8,"Called Strike","R","R","R","AZ","COL","S",,,0,0,2025,"-0.13","1.06","0.03","2.08",,,,0,2,"Top",,,,,,,2.2072899048779555,-136.08922571983865,-6.389353953592738,-2.0852509965437016,29.84772531698667,-17.782034758680144,"3.46","1.57",,,,"94.2",2530,"6.7",777897,672515,647304,606466,553993,672695,666971,694374,682998,"53.82",,,,,,,,9,1,"Cutter",0,0,0,0,0,0,0,0,"Standard","Standard",198,"0.003","-0.039",,,,"0.039",,0,0,0.5,0.5,30,27,31,27,1,0,6,2,5,1,"1.54","0.13","0.13","40.5",,,,,
"CH","2025-05-16","89.9","-0.76","5.57","Burnes, Corbin",641857,669203,"field_out","hit_into_play",,,,,4,"Ryan McMahon flies out sharply to center fielder Tim Tawa.","R","L","R","AZ","COL","X",8,"fly_ball",1,1,2025,"-1.08","0.68","-0.73","2.46",,,696100,2,1,"Top",95.81,47.46,,,,,2.401190057153657,-130.8593665387277,-3.1701378125254713,-12.902422696635831,28.925294060804774,-23.90802446506751,"3.51","1.61",381,"104.1",22,"90.6",2356,"6.8",777897,672515,647304,606466,553993,672695,666971,694374,682998,"53.68",0.5861666666666665,1.0283809523809526,"0",1,0,0,6,4,3,"Changeup",0,0,0,0,0,0,0,0,"Infield shade","Standard",218,"0.021","-0.255","74.6","7.6",1.940904761904762,"0.255","104.1",0,0,0.527,0.473,30,30,31,31,1,0,6,2,5,1,"2.15","1.08","-1.08","41.8",16.1539224323499,5.801954531645739,33.59997311420221,48.68441868741026,22.94759451289611
"FC","2025-05-16","95.3","-0.67","5.86","Burnes, Corbin",641857,669203,,"called_strike",,,,,4,"Called Strike","R","L","R","AZ","COL","S",,,1,0,2025,"0.31","0.98","-0.3","2.46",,,696100,2,1,"Top",,,,,,,0.25913178264473447,-138.78358470223733,-5.582262569546973,4.034029793032476,29.157190878698923,-18.461711719532047,"3.56","1.6",,,,"96.3",2655,"6.7",777897,672515,647304,606466,553993,672695,666971,694374,682998,"53.81",,,,,,,,4,2,"Cutter",0,0,0,0,0,0,0,0,"Infield shade","Standard",190,"0.003","-0.05",,,,"0.05",,0,0,0.524,0.476,30,30,31,31,1,0,6,2,5,1,"1.51","-0.31","0.31","40.1",,,,,
"FC","2025-05-16","94.7","-0.93","5.82","Burnes, Corbin",641857,669203,,"ball",,,,,11,"Ball","R","L","R","AZ","COL","B",,,0,0,2025,"0.21","0.86","-1.09","2.89",,,696100,2,1,"Top",,,,,,,-0.9078547731405179,-138.00070725435316,-3.975849579412698,2.947148301105201,28.9111711655299,-20.45884332103417,"3.54","1.58",,,,"95.6",2712,"6.6",777897,672515,647304,606466,553993,672695,666971,694374,682998,"53.93",,,,,,,,4,1,"Cutter",0,0,0,0,0,0,0,0,"Infield shade","Standard",184,"-0.002","0.035",,,,"-0.035",,0,0,0.526,0.474,30,30,31,31,1,0,6,2,5,1,"1.66","-0.21","0.21","38.6",,,,,
"SI","2025-05-16","96","-0.77","5.79","Burnes, Corbin",696100,669203,"single","hit_into_play",,,,,7,"Hunter Goodman singles on a line drive to left fielder Lourdes Gurriel Jr.","R","R","R","AZ","COL","X",7,"line_drive",1,1,2025,"-0.86","1.22","-0.61","1.75",,,,2,1,"Top",65.19,117.53,,,,,2.3852246406122988,-139.52258980526324,-7.835692350790995,-11.699642365430512,34.6627005814211,-14.671084096910588,"3.46","1.66",166,"93.8",9,"96.3",2537,"6.8",777897,672515,647304,606466,553993,672695,666971,694374,682998,"53.71",0.615,0.573,"0.9",1,1,0,4,3,3,"Sinker",0,0,0,0,0,0,0,0,"Standard","Standard",199,"-0.012","0.342","76.0","7.2",0.693,"-0.342","93.8",0,0,0.538,0.46199999999999997,30,25,31,26,1,0,6,2,5,1,"1.28","0.86","0.86","35.7",1.7314683871341092,-3.640598316508247,39.27808324402565,28.23076330745321,35.479390393981966
"SL","2025-05-16","86.7","-0.79","5.71","Burnes, Corbin",696100,669203,,"ball",,,,,13,"Ball","R","R","R","AZ","COL","B",,,0,1,2025,"0.75","-0.39","-0.4","1.22",,,,2,1,"Top",,,,,,,-0.6232835977002575,-126.33656045268884,-3.767593306158479,8.164735572403853,26.246306105303418,-35.827850273971016,"3.58","1.6",,,,"87.3",2832,"6.7",777897,672515,647304,606466,553993,672695,666971,694374,682998,"53.84",,,,,,,,3,2,"Slider",0,0,0,0,0,0,0,0,"Standard","Standard",91,"-0.002","0.027",,,,"-0.027",,0,0,0.54,0.45999999999999996,30,25,31,26,1,0,6,2,5,1,"3.42","-0.75","-0.75","37.5",,,,,
"FC","2025-05-16","96.3","-0.48","5.99","Burnes, Corbin",696100,669203,,"called_strike",,,,,14,"Called Strike","R","R","R","AZ","COL","S",,,0,0,2025,"0.13","1.33","0.84","2.21",,,,2,1,"Top",,,,,,,3.2490469143339755,-140.13263731493092,-7.5473655507287765,0.9280773873491247,31.198552639826524,-13.097814386117134,"3.57","1.77",,,,"97.1",2702,"6.7",777897,672515,647304,606466,553993,672695,666971,694374,682998,"53.79",,,,,,,,3,1,"Cutter",0,0,0,0,0,0,0,0,"Standard","Standard",193,"0.002","-0.043",,,,"0.043",,0,0,0.538,0.46199999999999997,30,25,31,26,1,0,6,2,5,1,"1.12","-0.13","-0.13","42.6",,,,,
"SL","2025-05-16","86.3","-0.61","5.82","Burnes, Corbin",678662,669203,"strikeout","swinging_strike",,,,,14,"Ezequiel Tovar strikes out swinging.","R","R","R","AZ","COL","S",2,,0,2,2025,"0.6","-0.21","0.52","1.33",,,,1,1,"Top",,,,,,,1.481002989174093,-125.56240028208983,-4.000282263633348,5.965319915962713,28.378676169745095,-33.70787655768643,"3.36","1.54",,,,"86.7",2857,"6.8",777897,672515,647304,606466,553993,672695,666971,694374,682998,"53.7",,0,"0",1,0,0,,2,4,"Slider",0,0,0,0,0,0,0,0,"Standard","Standard",73,"0.01","-0.163","70.7","8.2",,"0.163",,0,0,0.528,0.472,30,23,31,24,1,0,6,31,5,1,"3.3","-0.6","-0.6","40.5",20.757659340210726,-18.388476179903673,43.00321519954184,36.33123256047653,35.59713507275585
"SL","2025-05-16","89.3","-0.63","5.82","Burnes, Corbin",678662,669203,,"foul",,,,,14,"Foul","R","R","R","AZ","COL","S",,,0,2,2025,"0.64","-0.04","0.76","1.14",,,,1,1,"Top",,,,,,,2.089485395687574,-129.93928435412096,-5.437588347726393,6.814166172936057,28.006115888081094,-31.646921779613997,"3.36","1.54",93,"63.4",10,"89.9",2906,"6.7",777897,672515,647304,606466,553993,672695,666971,694374,682998,"53.77",,,,,,,,2,3,"Slider",0,0,0,0,0,0,0,0,"Standard","Standard",103,"0","0","69.2","8.0",,"0","88.0",0,0,0.528,0.472,30,23,31,24,1,0,6,31,5,1,"2.9","-0.64","-0.64","39.3",11.983799841297643,-12.244965920899958,42.845244147776285,38.89283731317583,34.9959014685878
"SL","2025-05-16","88.2","-0.73","5.77","Burnes, Corbin",678662,669203,,"swinging_strike",,,,,14,"Swinging Strike","R","R","R","AZ","COL","S",,,0,1,2025,"0.61","0.24","1.26","0.82",,,,1,1,"Top",,,,,,,3.600880796296495,-128.27396563366153,-6.471772174555036,6.0176685299532355,26.435480938883714,-28.383932262869134,"3.36","1.54",,,,"88.7",2948,"6.6",777897,672515,647304,606466,553993,672695,666971,694374,682998,"53.85",,,,,,,,2,2,"Slider",0,0,0,0,0,0,0,0,"Standard","Standard",95,"0.004","-0.052","64.4","8.8",,"0.052",,0,0,0.524,0.476,30,23,31,24,1,0,6,31,5,1,"2.69","-0.61","-0.61","40.2",27.23735841624132,-18.78463572524117,39.39952061145074,45.59747164232622,41.88181670600643
"FC","2025-05-16","95","-0.66","5.89","Burnes, Corbin",678662,669203,,"swinging_strike",,,,,14,"Swinging Strike","R","R","R","AZ","COL","S",,,0,0,2025,"0.35","0.96","1.16","1.27",,,,1,1,"Top",,,,,,,4.031928835976428,-138.18339890057106,-8.671239070941436,3.570329220786122,30.658626716224987,-18.19753251442213,"3.36","1.54",,,,"95.9",2770,"6.8",777897,672515,647304,606466,553993,672695,666971,694374,682998,"53.67",,,,,,,,2,1,"Cutter",0,0,0,0,0,0,0,0,"Standard","Standard",192,"0.002","-0.039","77.6","8.5",,"0.039",,0,0,0.522,0.478,30,23,31,24,1,0,6,31,5,1,"1.57","-0.35","-0.35","39.5",23.749026767835183,-12.266760270876254,39.933481666323836,44.664803158972376,38.282107355789975
"SL","2025-05-16","87.1","-0.81","5.79","Burnes, Corbin",687597,669203,"field_out","hit_into_play",,,,,9,"Jordan Beck pops out to catcher Gabriel Moreno in foul territory.","R","R","R","AZ","COL","X",2,"popup",1,2,2025,"0.48","-0.06","0.34","2.18",,,,0,1,"Top",135.54,217.6,,,,,1.796568594816769,-126.85106186109643,-2.371779586145937,4.747650449267077,26.65206049521448,-32.49312272124361,"3.63","1.72",53,"72.9",85,"87.5",2834,"6.5",777897,672515,647304,606466,553993,672695,666971,694374,682998,"53.97",0.005,0.005,"0",1,0,0,3,1,5,"Slider",0,0,0,0,0,0,0,0,"Standard","Standard",96,"0.016","-0.189","80.3","8.5",0.005,"0.189","88.0",0,0,0.506,0.494,30,24,31,24,1,0,6,2,5,1,"3.06","-0.48","-0.48","41.6",20.520282351632446,-11.70196903353448,31.956329773789538,41.70748754776501,38.363466748613746
"SL","2025-05-16","85.6","-0.81","5.7","Burnes, Corbin",687597,669203,,"foul",,,,,9,"Foul","R","R","R","AZ","COL","S",,,1,2,2025,"0.56","-0.28","0.56","1.77",,,,0,1,"Top",,,,,,,2.121777546738703,-124.66862963564103,-2.3912725406183375,5.309301199742233,27.391094293295737,-34.785800378620365,"3.63","1.72",102,"63.7",75,"86",2787,"6.7",777897,672515,647304,606466,553993,672695,666971,694374,682998,"53.8",,,,,,,,1,4,"Slider",0,0,0,0,0,0,0,0,"Standard","Standard",77,"0","0","68.9","8.7",,"0","88.0",0,0,0.506,0.494,30,24,31,24,1,0,6,2,5,1,"3.41","-0.56","-0.56","38.9",15.456968635209762,-21.844775594190086,36.56671278820591,43.134408420271754,38.49187751979908
"SI","2025-05-16","94.9","-0.71","5.83","Burnes, Corbin",687597,669203,,"called_strike",,,,,4,"Called Strike","R","R","R","AZ","COL","S",,,1,1,2025,"-0.98","0.83","-0.81","2.57",,,,0,1,"Top",,,,,,,1.9588257081117812,-138.1626408344053,-4.757109742709772,-13.009093367565997,31.63943458877216,-20.66868932858176,"3.66","1.71",,,,"95.5",2418,"6.7",777897,672515,647304,606466,553993,672695,666971,694374,682998,"53.84",,,,,,,,1,3,"Sinker",0,0,0,0,0,0,0,0,"Standard","Standard",201,"0.005","-0.061",,,,"0.061",,0,0,0.501,0.499,30,24,31,24,1,0,6,2,5,1,"1.7","0.98","0.98","41.6",,,,,
"SI","2025-05-16","95.4","-0.82","5.83","Burnes, Corbin",687597,669203,,"ball",,,,,11,"Ball","R","R","R","AZ","COL","B",,,0,1,2025,"-1.01","0.88","-1.08","3",,,,0,1,"Top",,,,,,,1.5962437106284426,-138.91047349417036,-3.8054229980630265,-13.449129493683408,32.845407151047965,-20.098184179683553,"3.67","1.69",,,,"95.9",2480,"6.7",777897,672515,647304,606466,553993,672695,666971,694374,682998,"53.84",,,,,,,,1,2,"Sinker",0,0,0,0,0,0,0,0,"Standard","Standard",207,"-0.002","0.031",,,,"-0.031",,0,0,0.503,0.497,30,24,31,24,1,0,6,2,5,1,"1.63","1.01","1.01","36.6",,,,,
"FC","2025-05-16","94.4","-0.76","5.92","Burnes, Corbin",687597,669203,,"swinging_strike",,,,,6,"Swinging Strike","R","R","R","AZ","COL","S",,,0,0,2025,"0.26","1.2","0.58","2.99",,,,0,1,"Top",,,,,,,2.9258548474763684,-137.42660958754178,-4.61524938041665,2.593347388262827,32.17116783513329,-16.163175853768653,"3.63","1.72",,,,"94.8",2481,"6.6",777897,672515,647304,606466,553993,672695,666971,694374,682998,"53.9",,,,,,,,1,1,"Cutter",0,0,0,0,0,0,0,0,"Standard","Standard",193,"0.003","-0.039","73.4","7.5",,"0.039",,0,0,0.5,0.5,30,24,31,24,1,0,6,2,5,1,"1.37","-0.26","-0.26","39.0",4.9083087628095745,2.4336283715334655,31.756481429871094,44.25989292771155,20.54331287207213
"FC","2025-05-10","95.5","-0.82","5.85","Burnes, Corbin",605131,669203,"strikeout","foul_tip",,,,,12,"Austin Barnes strikes out on a foul tip.","R","R","R","AZ","LAD","S",2,,3,2,2025,"0.35","1.11","0.87","2.84",,,,2,7,"Top",,,,,,,3.67859665590006,-139.0599346795628,-4.851008952952182,3.7732941318506055,31.36290172570528,-16.840502941671385,"3.23","1.51",,,,"96.3",2548,"6.7",777975,672515,647304,606466,553993,672695,694374,677950,682998,"53.8",,0,"0",1,0,0,,51,6,"Cutter",2,0,0,2,0,2,0,2,"Standard","Standard",192,"0.017","-0.328","38.7","4.9",,"0.328",,2,-2,0.87,0.13,30,35,31,36,3,2,10,3,6,,"1.38","-0.35","-0.35","43.5",-5.577237543510997,44.78168666327968,23.180935496305516,46.75835837376947,1.539948225339614
"FC","2025-05-10","94.7","-0.87","5.78","Burnes, Corbin",605131,669203,,"swinging_strike",,,,,2,"Swinging Strike","R","R","R","AZ","LAD","S",,,3,1,2025,"0.2","1.18","-0.04","2.72",,,,2,7,"Top",,,,,,,1.7309386945125724,-137.88493477590671,-4.9709449062447435,2.1641727187687017,32.34376951103044,-16.215255125383468,"3.23","1.51",,,,"95.1",2433,"6.6",777975,672515,647304,606466,553993,672695,694374,677950,682998,"53.91",,,,,,,,51,5,"Cutter",2,0,0,2,0,2,0,2,"Standard","Standard",199,"0.005","-0.086","69.0","6.2",,"0.086",,2,-2,0.865,0.135,30,35,31,36,3,2,10,3,6,,"1.37","-0.2","-0.2","38.7",6.988520535375961,1.1500498057491875,27.931785992894845,35.64229230842645,28.761041726032783
"SI","2025-05-10","95.5","-1.01","5.68","Burnes, Corbin",605131,669203,,"ball",,,,,11,"Ball","R","R","R","AZ","LAD","B",,,2,1,2025,"-1.18","0.69","-1.16","2.79",,,,2,7,"Top",,,,,,,2.280796506473577,-139.05577533394077,-3.546960058841188,-15.752749006706106,32.19712956793453,-22.686889061782434,"3.23","1.51",,,,"96",2463,"6.6",777975,672515,647304,606466,553993,672695,694374,677950,682998,"53.89",,,,,,,,51,4,"Sinker",2,0,0,2,0,2,0,2,"Standard","Standard",208,"-0.006","0.117",,,,"-0.117",,2,-2,0.871,0.129,30,35,31,36,3,2,10,3,6,,"1.82","1.18","1.18","37.7",,,,,
"SI","2025-05-10","96.1","-0.98","5.73","Burnes, Corbin",605131,669203,,"ball",,,,,11,"Ball","R","R","R","AZ","LAD","B",,,1,1,2025,"-0.98","0.89","-0.67","3.62",,,,2,7,"Top",,,,,,,3.0838328395392787,-139.94783978114023,-2.010673447868196,-13.544953430573106,32.76991068519638,-20.280878404112084,"3.26","1.51",,,,"96.8",2503,"6.7",777975,672515,647304,606466,553993,672695,694374,677950,682998,"53.79",,,,,,,,51,3,"Sinker",2,0,0,2,0,2,0,2,"Standard","Standard",203,"-0.003","0.053",,,,"-0.053",,2,-2,0.874,0.126,30,35,31,36,3,2,10,3,6,,"1.58","0.98","0.98","36.8",,,,,
"SL","2025-05-10","86.1","-0.97","5.61","Burnes, Corbin",605131,669203,,"ball",,,,,14,"Ball","R","R","R","AZ","LAD","B",,,0,1,2025,"0.47","-0.06","0.63","0.75",,,,2,7,"Top",,,,,,,2.865832941932145,-125.33265264846496,-5.175369994743722,4.333116038528092,26.50037263726928,-31.907075663795414,"3.26","1.48",,,,"86.5",2791,"6.6",777975,672515,647304,606466,553993,672695,694374,677950,682998,"53.87",,,,,,,,51,2,"Slider",2,0,0,2,0,2,0,2,"Standard","Standard",84,"-0.001","0.027",,,,"-0.027",,2,-2,0.875,0.125,30,35,31,36,3,2,10,3,6,,"3.14","-0.47","-0.47","36.1",,,,,
"SI","2025-05-10","94.6","-1.04","5.7","Burnes, Corbin",605131,669203,,"called_strike",,,,,1,"Called Strike","R","R","R","AZ","LAD","S",,,0,0,2025,"-1.1","0.95","-0.66","3.24",,,,2,7,"Top",,,,,,,3.452062091565896,-137.77725454405652,-2.8535804653196077,-14.718080851940599,32.04133532989566,-19.648063840308968,"3.26","1.48",,,,"95",2423,"6.6",777975,672515,647304,606466,553993,672695,694374,677950,682998,"53.93",,,,,,,,51,1,"Sinker",2,0,0,2,0,2,0,2,"Standard","Standard",205,"0.002","-0.043",,,,"0.043",,2,-2,0.873,0.127,30,35,31,36,3,2,10,3,6,,"1.6","1.1","1.1","41.7",,,,,
"FC","2025-05-10","95.6","-0.94","5.71","Burnes, Corbin",808975,669203,"field_out","hit_into_play",,,,,6,"Hyeseong Kim grounds out, first baseman Josh Naylor to pitcher Corbin Burnes.","R","L","R","AZ","LAD","X",3,"ground_ball",0,0,2025,"0.11","1.04","0.64","2.57",,,,1,7,"Top",161.5,168.25,,,,,3.9296096728908276,-139.30659170061827,-5.1000469697672735,0.6879673052424841,27.773010400198288,-17.737364865984443,"3.3","1.5",15,"77.3",-8,"96.7",2687,"6.6",777975,672515,647304,606466,553993,672695,694374,677950,682998,"53.91",0.051,0.06,"0",1,0,0,2,50,1,"Cutter",2,0,0,2,0,2,0,2,"Standard","Standard",201,"0.024","-0.254","78.0","6.8",0.051,"0.254","88.0",2,-2,0.849,0.15100000000000002,30,26,31,26,3,2,10,2,6,1,"1.43","-0.11","0.11","37.3",3.4867112997958487,2.81117957756927,42.19323570821409,27.210304354962155,22.539338262083653
"CH","2025-05-10","88.6","-0.99","5.43","Burnes, Corbin",624424,669203,"field_out","hit_into_play",,,,,13,"Michael Conforto grounds out, second baseman Ketel Marte to first baseman Josh Naylor.","R","L","R","AZ","LAD","X",4,"ground_ball",0,2,2025,"-1.17","0.73","-0.83","1",,,,0,7,"Top",151.36,153.55,,,,,2.8794963370291513,-128.89493721122497,-6.3372611657043985,-13.691744578436941,26.565374320691237,-22.898719363416937,"3.24","1.53",4,"81.8",-12,"89.4",2121,"6.8",777975,672515,647304,606466,553993,672695,694374,677950,682998,"53.71",0.084,0.072,"0",1,0,0,2,49,4,"Changeup",2,0,0,2,0,2,0,2,"Infield shade","Standard",223,"0.022","-0.165","62.3","7.7",0.084,"0.165","88.0",2,-2,0.827,0.17300000000000004,30,32,31,32,3,2,10,1,6,1,"2.17","1.17","-1.17","35.9",5.640057812469911,0.12060802246166878,35.79414767845711,48.198587398380226,23.66118102654004
"CH","2025-05-10","87.7","-0.99","5.48","Burnes, Corbin",624424,669203,,"foul",,,,,13,"Foul","R","L","R","AZ","LAD","S",,,0,2,2025,"-1.11","0.42","-0.88","1.42",,,,0,7,"Top",,,,,,,2.5828882443956083,-127.62306632163624,-4.598259201656677,-12.701551532639026,26.7110706118955,-26.849782762201013,"3.24","1.53",,,,"88.4",2144,"6.8",777975,672515,647304,606466,553993,672695,694374,677950,682998,"53.74",,,,,,,,49,3,"Changeup",2,0,0,2,0,2,0,2,"Infield shade","Standard",224,"0","0","67.7","8.3",,"0",,2,-2,0.827,0.17300000000000004,30,32,31,32,3,2,10,1,6,1,"2.55","1.11","-1.11","36.4",18.341641087623266,-15.601265441417567,30.55400875794342,49.16296938319086,38.247345581018024
"FC","2025-05-10","94.1","-0.96","5.78","Burnes, Corbin",624424,669203,,"called_strike",,,,,4,"Called Strike","R","L","R","AZ","LAD","S",,,0,1,2025,"0.15","1.14","-0.69","2.55",,,,0,7,"Top",,,,,,,0.38611358771499704,-137.07626894095148,-5.266015803541029,1.7800497976905039,28.60933283757609,-16.88777345834133,"3.19","1.53",,,,"95",2632,"6.6",777975,672515,647304,606466,553993,672695,694374,677950,682998,"53.89",,,,,,,,49,2,"Cutter",2,0,0,2,0,2,0,2,"Standard","Standard",192,"0.007","-0.055",,,,"0.055",,2,-2,0.82,0.18000000000000005,30,32,31,32,3,2,10,1,6,1,"1.42","-0.15","0.15","36.7",,,,,
"FC","2025-05-10","93.3","-0.85","5.8","Burnes, Corbin",624424,669203,,"called_strike",,,,,1,"Called Strike","R","L","R","AZ","LAD","S",,,0,0,2025,"0.3","1.1","-0.5","2.94",,,,0,7,"Top",,,,,,,0.24208584624177745,-136.05524928971275,-4.10104662234693,3.668823819278537,26.72958114364319,-17.817066389183783,"3.21","1.53",,,,"94.2",2619,"6.5",777975,672515,647304,606466,553993,672695,694374,677950,682998,"54.01",,,,,,,,49,1,"Cutter",2,0,0,2,0,2,0,2,"Standard","Standard",193,"0.005","-0.039",,,,"0.039",,2,-2,0.815,0.18500000000000005,30,32,31,32,3,2,10,1,6,1,"1.49","-0.3","0.3","40.5",,,,,
"SL","2025-05-10","87.2","-0.97","5.63","Burnes, Corbin",571771,669203,"field_out","hit_into_play",,,,,9,"Enrique Hernández grounds out, third baseman Eugenio Suárez to first baseman Josh Naylor.","R","R","R","AZ","LAD","X",5,"ground_ball",3,2,2025,"0.49","-0.37","0.57","1.97",,,571970,2,6,"Top",103.18,166.73,,,,,2.736141036707225,-127.13181848498678,-1.9648345303064354,4.797368754017771,23.853980884535446,-36.01478615700933,"3.45","1.66",57,"84.4",2,"88.6",2801,"6.8",777975,672515,647304,606466,553993,672695,694374,677950,682998,"53.66",0.253,0.225,"0",1,0,0,2,44,8,"Slider",1,0,0,1,0,1,0,1,"Standard","Standard",99,"0.042","-0.295","69.1","7.9",0.3,"0.295","88.0",1,-1,0.698,0.30200000000000005,30,33,31,34,3,2,10,1,6,1,"3.33","-0.49","-0.49","41.1",6.787164096393625,-13.01013264164862,29.38397285273913,44.55936545291732,39.014682480761735
"FC","2025-05-10","94.8","-0.86","5.8","Burnes, Corbin",571771,669203,,"foul",,,,,2,"Foul","R","R","R","AZ","LAD","S",,,3,2,2025,"0.21","1.18","-0.07","3.45",,,571970,2,6,"Top",,,,,,,1.6133589486095898,-138.11408451216323,-3.161929226854434,2.3096833240944386,29.10776376806619,-16.584183314419263,"3.45","1.66",230,"78.2",24,"95.6",2673,"6.5",777975,672515,647304,606466,553993,672695,694374,677950,682998,"53.96",,,,,,,,44,7,"Cutter",1,0,0,1,0,1,0,1,"Standard","Standard",185,"0","0","72.7","7.5",,"0","88.0",1,-1,0.698,0.30200000000000005,30,33,31,34,3,2,10,1,6,1,"1.34","-0.21","-0.21","39.2",11.404936391065366,-18.84104538134564,19.87331296778099,37.657427705095984,32.278142971896536
"FC","2025-05-10","95.7","-0.76","5.79","Burnes, Corbin",571771,669203,,"foul",,,,,6,"Foul","R","R","R","AZ","LAD","S",,,3,2,2025,"0.23","1.08","0.56","2.4",,,571970,2,6,"Top",,,,,,,3.0018158678924736,-139.34861081388144,-5.85064531308127,2.3600856036801847,28.38762214810801,-17.05711917367948,"3.45","1.66",194,"84.7",66,"96.8",2597,"6.6",777975,672515,647304,606466,553993,672695,694374,677950,682998,"53.85",,,,,,,,44,6,"Cutter",1,0,0,1,0,1,0,1,"Standard","Standard",195,"0","0","72.1","7.3",,"0","88.0",1,-1,0.698,0.30200000000000005,30,33,31,34,3,2,10,1,6,1,"1.39","-0.23","-0.23","44.1",3.3762735786544593,-1.3711589737627843,28.553036537526857,44.995111063899785,26.490639139217734
"SL","2025-05-10","85.4","-0.91","5.63","Burnes, Corbin",571771,669203,,"blocked_ball",,,,,14,"Ball In Dirt","R","R","R","AZ","LAD","B",,,2,2,2025,"0.6","-0.47","0.8","0.14",,,571970,2,6,"Top",,,,,,,2.8373565948736252,-124.34892201775153,-5.689054948654555,5.646155021727646,25.781836910090753,-36.1193003283397,"3.38","1.63",,,,"85.8",3048,"6.6",777975,672515,647304,606466,553993,672695,694374,677950,682998,"53.88",,,,,,,,44,5,"Slider",1,0,0,1,0,1,0,1,"Standard","Standard",68,"-0.009","0.079",,,,"-0.079",,1,-1,0.707,0.29300000000000004,30,33,31,34,3,2,10,1,6,1,"3.6","-0.6","-0.6","39.6",,,,,
"SI","2025-05-10","96.9","-0.81","5.75","Burnes, Corbin",571771,669203,,"ball",,,,,14,"Ball","R","R","R","AZ","LAD","B",,,1,2,2025,"-1.01","1.12","0.99","0.89",,,571970,2,6,"Top",,,,,,,7.180464833776974,-140.6824101198861,-10.0630315452685,-15.087907329707395,31.683870257135407,-15.145424294657634,"3.44","1.65",,,,"97.6",2547,"6.8",777975,672515,647304,606466,553993,672695,694374,677950,682998,"53.72",,,,,,,,44,4,"Sinker",1,0,0,1,0,1,0,1,"Standard","Standard",203,"-0.005","0.033",,,,"-0.033",,1,-1,0.712,0.28800000000000003,30,33,31,34,3,2,10,1,6,1,"1.32","1.01","1.01","39.4",,,,,
"CU","2025-05-10","80.8","-0.57","5.81","Burnes, Corbin",571771,669203,,"blocked_ball",,,,,14,"Ball In Dirt","R","R","R","AZ","LAD","B",,,0,2,2025,"0.99","-1.18","1.19","0.21",,,571970,2,6,"Top",,,,,,,2.042678407060803,-117.6098192371757,-3.53503396126586,8.740650715105527,24.320604798873685,-42.59633911213955,"3.34","1.61",,,,"81.2",2934,"6.8",777975,672515,647304,606466,553993,672695,694374,677950,682998,"53.73",,,,,,,,44,3,"Curveball",1,0,0,1,0,1,0,1,"Standard","Standard",43,"-0.004","0.009",,,,"-0.009",,1,-1,0.716,0.28400000000000003,30,33,31,34,3,2,10,1,6,1,"4.7","-0.99","-0.99","51.1",,,,,
"CU","2025-05-10","79.8","-0.74","5.81","Burnes, Corbin",571771,669203,,"called_strike",,,,,3,"Called Strike","R","R","R","AZ","LAD","S",,,0,1,2025,"0.89","-0.66","0.5","2.82",,,571970,2,6,"Top",,,,,,,1.0438309542573363,-116.20528183105455,1.4063504140831022,7.858162184336025,22.31583065068588,-38.61623552423542,"3.13","1.5",,,,"80.3",2757,"6.6",777975,672515,647304,606466,553993,672695,694374,677950,682998,"53.87",,,,,,,,44,2,"Curveball",1,0,0,1,0,1,0,1,"Standard","Standard",47,"0.007","-0.055",,,,"0.055",,1,-1,0.709,0.29100000000000004,30,33,31,34,3,2,10,1,6,1,"4.24","-0.89","-0.89","44.5",,,,,
"SL","2025-05-10","87.8","-0.92","5.65","Burnes, Corbin",571771,669203,,"foul",,,,,4,"Foul","R","R","R","AZ","LAD","S",,,0,0,2025,"0.44","-0.09","-0.32","2.23",,,571970,2,6,"Top",,,,,,,0.5395481255443058,-127.9865128796991,-2.0621505929744677,4.75437468461752,23.473214734490217,-33.00538372493159,"3.45","1.66",5,"90.7",-24,"89",2787,"6.7",777975,672515,647304,606466,553993,672695,694374,677950,682998,"53.84",,,,,,,,44,1,"Slider",1,0,0,1,0,1,0,1,"Standard","Standard",106,"0.006","-0.042","83.4","7.8",,"0.042","90.7",1,-1,0.703,0.29700000000000004,30,33,31,34,3,2,10,1,6,1,"3.01","-0.44","-0.44","36.9",17.284604673161162,-20.217463916180208,32.349361202388096,33.458179614287104,44.53552394949213
"CH","2025-05-10","90.5","-0.95","5.48","Burnes, Corbin",571970,669203,"single","hit_into_play",,,,,7,"Max Muncy singles on a line drive to center fielder Alek Thomas.","R","L","R","AZ","LAD","X",8,"line_drive",1,1,2025,"-1.25","0.33","-0.29","1.44",,,,2,6,"Top",139.81,108.06,,,,,4.3482866766991215,-131.61642236267102,-4.843357355905223,-15.403708912130423,29.971596217114538,-27.465003349853934,"3.08","1.47",173,"87.1",13,"91.1",2142,"6.8",777975,672515,647304,606466,553993,672695,694374,677950,682998,"53.67",0.861,0.821,"0.9",1,1,0,4,43,3,"Changeup",1,0,0,1,0,1,0,1,"Infield shade","Standard",224,"-0.021","0.342","64.4","7.0",1.002,"-0.342","88.0",1,-1,0.724,0.276,30,34,31,35,3,2,10,1,6,1,"2.47","1.25","-1.25","38.8",7.690672953693628,6.109402140420036,39.89592624551996,41.257855585185,31.63679848677893
"FC","2025-05-10","94.6","-0.73","5.76","Burnes, Corbin",571970,669203,,"called_strike",,,,,14,"Called Strike","R","L","R","AZ","LAD","S",,,1,0,2025,"0.22","1.04","0.93","2",,,,2,6,"Top",,,,,,,3.844582699214992,-137.70115293311093,-6.54009757457409,2.0438017497307874,27.621928234128852,-17.770768964922375,"3.02","1.5",,,,"95.6",2489,"6.6",777975,672515,647304,606466,553993,672695,694374,677950,682998,"53.88",,,,,,,,43,2,"Cutter",1,0,0,1,0,1,0,1,"Infield shade","Standard",196,"0.003","-0.054",,,,"0.054",,1,-1,0.721,0.279,30,34,31,35,3,2,10,1,6,1,"1.49","-0.22","0.22","45.0",,,,,
"FC","2025-05-10","95","-0.88","5.81","Burnes, Corbin",571970,669203,,"ball",,,,,12,"Ball","R","L","R","AZ","LAD","B",,,0,0,2025,"0.38","1.01","0.82","3.8",,,,2,6,"Top",,,,,,,3.6157397256284325,-138.47529692697267,-1.9556558237505999,4.227670174052986,26.932113871150136,-18.897266489408494,"3.03","1.42",,,,"96.2",2692,"6.6",777975,672515,647304,606466,553993,672695,694374,677950,682998,"53.88",,,,,,,,43,1,"Cutter",1,0,0,1,0,1,0,1,"Infield shade","Standard",191,"-0.002","0.037",,,,"-0.037",,1,-1,0.723,0.277,30,34,31,35,3,2,10,1,6,1,"1.48","-0.38","0.38","41.3",,,,,
"SI","2025-05-10","96.3","-0.89","5.65","Burnes, Corbin",681624,669203,"strikeout","called_strike",,,,,6,"Andy Pages called out on strikes.","R","R","R","AZ","LAD","S",2,,1,2,2025,"-1.05","0.94","0.72","2.31",,,,1,6,"Top",,,,,,,6.71649999389237,-140.17065022476206,-5.5002677774987205,-15.287345186789375,29.523222763509768,-18.76909229207678,"3.46","1.6",,,,"97.4",2567,"6.8",777975,672515,647304,606466,553993,672695,694374,677950,682998,"53.74",,0,"0",1,0,0,,42,4,"Sinker",1,0,0,1,0,1,0,1,"Standard","Standard",207,"0.02","-0.18",,,,"0.18",,1,-1,0.703,0.29700000000000004,30,24,31,25,3,2,10,1,6,1,"1.51","1.05","1.05","38.3",,,,,
"SL","2025-05-10","86.7","-0.81","5.66","Burnes, Corbin",681624,669203,,"ball",,,,,14,"Ball","R","R","R","AZ","LAD","B",,,0,2,2025,"0.47","-0.11","1.29","0.64",,,,1,6,"Top",,,,,,,4.06835715946972,-126.12123777221676,-5.566308496021238,4.1717078232523574,26.52680728425563,-32.43164511354653,"3.44","1.58",,,,"87",2872,"6.6",777975,672515,647304,606466,553993,672695,694374,677950,682998,"53.91",,,,,,,,42,3,"Slider",1,0,0,1,0,1,0,1,"Standard","Standard",71,"-0.002","0.017",,,,"-0.017",,1,-1,0.705,0.29500000000000004,30,24,31,25,3,2,10,1,6,1,"3.16","-0.47","-0.47","41.0",,,,,
"SI","2025-05-10","96.4","-0.93","5.63","Burnes, Corbin",681624,669203,,"swinging_strike",,,,,13,"Swinging Strike","R","R","R","AZ","LAD","S",,,0,1,2025,"-1.05","0.68","-1.24","1.8",,,,1,6,"Top",,,,,,,1.5729846705876993,-140.40214765316267,-6.2355753830602065,-14.299276289487766,30.62529154726604,-22.03454281182291,"3.49","1.63",,,,"97.3",2511,"6.7",777975,672515,647304,606466,553993,672695,694374,677950,682998,"53.81",,,,,,,,42,2,"Sinker",1,0,0,1,0,1,0,1,"Standard","Standard",205,"0.005","-0.052","75.1","7.7",,"0.052",,1,-1,0.7,0.30000000000000004,30,24,31,25,3,2,10,1,6,1,"1.76","1.05","1.05","35.1",0.44192511448818667,5.9075637995403465,56.40473088874433,23.18193336985,22.071292266402946
"SI","2025-05-10","95.9","-0.96","5.69","Burnes, Corbin",681624,669203,,"foul",,,,,1,"Foul","R","R","R","AZ","LAD","S",,,0,0,2025,"-0.84","0.66","-0.62","3.24",,,,1,6,"Top",,,,,,,2.824660353232474,-139.70349198025704,-2.375818499026294,-11.680899756895329,32.444529618576304,-23.23119918647814,"3.49","1.63",6,"81.5",-28,"96.3",2511,"6.5",777975,672515,647304,606466,553993,672695,694374,677950,682998,"53.96",,,,,,,,42,1,"Sinker",1,0,0,1,0,1,0,1,"Standard","Standard",201,"0.004","-0.039",,,,"0.039","88.0",1,-1,0.696,0.30400000000000005,30,24,31,25,3,2,10,1,6,1,"1.82","0.84","0.84","40.7",,,,,
"CH","2025-05-10","89.5","-0.96","5.49","Burnes, Corbin",518692,669203,"strikeout","swinging_strike",,,,,13,"Freddie Freeman strikes out swinging.","R","L","R","AZ","LAD","S",2,,2,2,2025,"-1.09","0.32","-1.18","2.73",,,,0,6,"Top",,,,,,,1.7702619525222931,-130.28578971070255,-1.4906820791398516,-12.738957675642737,28.271335559912128,-28.407059261954316,"3.71","1.83",,,,"90.2",2122,"6.8",777975,672515,647304,606466,553993,672695,694374,677950,682998,"53.72",,0,"0",1,0,0,,41,6,"Changeup",1,0,0,1,0,1,0,1,"Infield shade","Standard",225,"0.032","-0.232","58.4","6.1",,"0.232",,1,-1,0.664,0.33599999999999997,30,35,31,36,3,2,10,1,6,1,"2.53","1.09","-1.09","34.8",-10.204939205591383,30.77248275665498,37.034272495618644,52.825594494510696,3.9593316535377645
"FC","2025-05-10","94.4","-0.78","5.78","Burnes, Corbin",518692,669203,,"foul",,,,,9,"Foul","R","L","R","AZ","LAD","S",,,2,2,2025,"0.29","0.87","0.76","1.98",,,,0,6,"Top",,,,,,,3.393088899565887,-137.51706292322964,-6.249944704974084,3.0352797879575197,27.204756371676993,-20.00350718687842,"3.71","1.83",8,"86.3",-14,"95.7",2700,"6.7",777975,672515,647304,606466,553993,672695,694374,677950,682998,"53.78",,,,,,,,41,5,"Cutter",1,0,0,1,0,1,0,1,"Infield shade","Standard",185,"0","0","73.8","7.1",,"0","88.0",1,-1,0.664,0.33599999999999997,30,35,31,36,3,2,10,1,6,1,"1.66","-0.29","0.29","41.1",17.35212481162961,-5.5984374404007875,50.88129973846315,28.289638901125752,30.622590197229705
"CU","2025-05-10","81","-0.6","5.75","Burnes, Corbin",518692,669203,,"ball",,,,,14,"Ball","R","L","R","AZ","LAD","B",,,1,2,2025,"0.81","-0.95","0.99","0.41",,,,0,6,"Top",,,,,,,2.0158790092825916,-117.8765050549795,-3.4090533838644417,7.049461144402943,24.958978628146543,-40.46708827547823,"3.63","1.8",,,,"81",2987,"6.6",777975,672515,647304,606466,553993,672695,694374,677950,682998,"53.93",,,,,,,,41,4,"Curveball",1,0,0,1,0,1,0,1,"Infield shade","Standard",45,"-0.005","0.043",,,,"-0.043",,1,-1,0.669,0.33099999999999996,30,35,31,36,3,2,10,1,6,1,"4.46","-0.81","0.81","42.1",,,,,
"FC","2025-05-10","95.6","-1.03","5.81","Burnes, Corbin",518692,669203,,"ball",,,,,11,"Ball","R","L","R","AZ","LAD","B",,,0,2,2025,"0.41","0.91","-1.58","3.31",,,,0,6,"Top",,,,,,,-2.3965814060059487,-139.3024065445528,-3.0469411007757845,5.8312746858377515,30.83100176673223,-19.84313595155564,"3.6","1.8",,,,"96",2834,"6.4",777975,672515,647304,606466,553993,672695,694374,677950,682998,"54.09",,,,,,,,41,3,"Cutter",1,0,0,1,0,1,0,1,"Infield shade","Standard",179,"-0.004","0.024",,,,"-0.024",,1,-1,0.673,0.32699999999999996,30,35,31,36,3,2,10,1,6,1,"1.57","-0.41","0.41","37.8",,,,,
"FC","2025-05-10","93.8","-0.88","5.77","Burnes, Corbin",518692,669203,,"called_strike",,,,,14,"Called Strike","R","L","R","AZ","LAD","S",,,0,1,2025,"0.18","0.83","0.04","1.59",,,,0,6,"Top",,,,,,,2.010147329372276,-136.53149844922757,-7.003316184149555,1.864189318027188,27.424248935800012,-20.55201660894391,"3.63","1.77",,,,"94.7",2782,"6.6",777975,672515,647304,606466,553993,672695,694374,677950,682998,"53.88",,,,,,,,41,2,"Cutter",1,0,0,1,0,1,0,1,"Standard","Standard",190,"0.008","-0.055",,,,"0.055",,1,-1,0.665,0.33499999999999996,30,35,31,36,3,2,10,1,6,1,"1.74","-0.18","0.18","42.0",,,,,
"CH","2025-05-10","88.7","-1.03","5.59","Burnes, Corbin",518692,669203,,"called_strike",,,,,8,"Called Strike","R","L","R","AZ","LAD","S",,,0,0,2025,"-1.4","0.47","-0.17","1.94",,,,0,6,"Top",,,,,,,5.062810064509131,-129.03068521029226,-3.8660141028601616,-16.673035194899374,28.025114515193337,-26.286577409988016,"3.63","1.78",,,,"89.2",2251,"6.7",777975,672515,647304,606466,553993,672695,694374,677950,682998,"53.8",,,,,,,,41,1,"Changeup",1,0,0,1,0,1,0,1,"Standard","Standard",219,"0.005","-0.039",,,,"0.039",,1,-1,0.66,0.33999999999999997,30,35,31,36,3,2,10,1,6,1,"2.44","1.4","-1.4","36.2",,,,,
"FC","2025-05-10","95.6","-0.79","5.76","Burnes, Corbin",605141,669203,"field_out","hit_into_play",,,,,14,"Mookie Betts grounds out, second baseman Ketel Marte to first baseman Josh Naylor.","R","R","R","AZ","LAD","X",4,"ground_ball",0,0,2025,"0.3","1.02","0.85","2.23",808975,,,2,5,"Top",150.34,153.55,,,,,3.6646773482472144,-139.21212583253381,-6.06059665287239,3.171127828208524,29.63049808344397,-17.737389074123502,"3.21","1.5",8,"69.9",-15,"96.5",2542,"6.6",777975,672515,647304,606466,553993,672695,694374,677950,682998,"53.88",0.043,0.047,"0",1,0,0,2,37,1,"Cutter",1,0,0,1,0,1,0,1,"Standard","Standard",199,"0.053","-0.274","74.5","7.2",0.045,"0.274","88.0",1,-1,0.655,0.345,30,32,31,33,3,2,10,1,6,1,"1.46","-0.3","-0.3","39.5",14.37199606989661,-3.7107061820005423,32.39369408287021,46.87417782927908,36.00032666112334
"FC","2025-05-10","95.6","-0.87","5.78","Burnes, Corbin",660271,669203,"field_out","hit_into_play",,,,,14,"Shohei Ohtani grounds out, second baseman Ketel Marte to first baseman Josh Naylor. Hyeseong Kim to 3rd.","R","L","R","AZ","LAD","X",4,"ground_ball",0,0,2025,"0.32","0.89","1.18","2.07",,808975,,1,5,"Top",153.39,157.6,,,,,4.730643131223899,-139.2363174053493,-6.286048323822355,3.2462178688076264,27.143374433789752,-19.409309200362923,"3.48","1.58",6,"72.8",-17,"96.9",2696,"6.7",777975,672515,647304,606466,553993,672695,694374,677950,682998,"53.83",0.048,0.051,"0",1,0,0,2,36,1,"Cutter",1,0,0,1,0,1,0,1,"Standard","Standard",187,"0.044","-0.259","76.5","7.4",0.048,"0.259","88.0",1,-1,0.611,0.389,30,30,31,31,3,2,10,1,6,1,"1.57","-0.32","0.32","39.1",4.102086843015237,10.104367405026423,46.252431001220145,25.520867457113802,20.775182622224552
"SI","2025-05-10","93.9","-0.85","5.84","Burnes, Corbin",605131,669203,"sac_bunt","hit_into_play",,,,,1,"Austin Barnes out on a sacrifice bunt to pitcher Corbin Burnes. Hyeseong Kim to 2nd.","R","R","R","AZ","LAD","X",1,"ground_ball",0,0,2025,"-1.06","0.87","-0.34","2.91",,,808975,0,5,"Top",132.74,193,,,,,3.7089997079187933,-136.67788804894323,-3.8018195879502215,-14.133100477073823,29.487994713821212,-20.608210738570925,"3.23","1.51",2,"41.5",-60,"94.3",2453,"6.5",777975,672515,647304,606466,553993,672695,694374,677950,682998,"54.02",0.218,,"0.2",0,0,0,1,35,1,"Sinker",1,0,0,1,0,1,0,1,"Standard","Standard",204,"0.026","-0.032",,,0.219,"0.032","88.0",1,-1,0.585,0.41500000000000004,30,35,31,36,2,1,10,3,6,,"1.71","1.06","1.06","37.6",,,,,
"CU","2025-05-10","79.6","-0.72","5.79","Burnes, Corbin",808975,669203,"single","hit_into_play",,,,,5,"Hyeseong Kim singles on a line drive to center fielder Alek Thomas.","R","L","R","AZ","LAD","X",8,"line_drive",0,1,2025,"0.97","-0.66","0.01","2.57",,,,0,5,"Top",133.59,69.78,,,,,-0.20300085895998599,-115.9623933546686,0.9382790640842917,8.721758108728258,22.79219803162862,-38.52999437766731,"3.3","1.5",280,"96.5",18,"79.8",2852,"6.5",777975,672515,647304,606466,553993,672695,694374,677950,682998,"54.03",0.403,0.427,"0.9",1,1,0,4,34,2,"Curveball",1,0,0,1,0,1,0,1,"Standard","Standard",55,"-0.058","0.477","72.5","7.0",0.613,"-0.477","96.5",1,-1,0.643,0.357,30,26,31,26,2,1,10,2,6,1,"4.27","-0.97","0.97","43.9",12.178066874508904,4.072804377999061,40.57089020799287,35.237588072340486,25.79181407941926
"FC","2025-05-10","94.1","-0.94","5.7","Burnes, Corbin",808975,669203,,"called_strike",,,,,6,"Called Strike","R","L","R","AZ","LAD","S",,,0,0,2025,"0.37","1.09","0.81","2.48",,,,0,5,"Top",,,,,,,3.717348050093566,-136.9875962755139,-5.132453859685155,3.978465671597157,28.101933833498837,-17.513270464361653,"2.95","1.48",,,,"95",2750,"6.6",777975,672515,647304,606466,553993,672695,694374,677950,682998,"53.89",,,,,,,,34,1,"Cutter",1,0,0,1,0,1,0,1,"Standard","Standard",188,"0.005","-0.039",,,,"0.039",,1,-1,0.638,0.362,30,26,31,26,2,1,10,2,6,1,"1.47","-0.37","0.37","36.9",,,,,
"CU","2025-05-10","81.5","-0.76","5.82","Burnes, Corbin",624424,669203,"strikeout","swinging_strike",,,,,13,"Michael Conforto strikes out swinging.","R","L","R","AZ","LAD","S",2,,1,2,2025,"0.68","-1.01","-1.05","1.18",,681624,571970,2,4,"Top",,,,,,,-1.9620707428042088,-118.70351801251371,-1.8349915648930402,6.752481007036791,24.93836176531873,-41.54718985641255,"3.24","1.53",,,,"81.6",2922,"6.5",777975,672515,647304,606466,553993,672695,694374,677950,682998,"53.98",,0,"0",1,0,0,,29,4,"Curveball",1,0,0,1,0,1,0,1,"Standard","Standard",44,"0.042","-0.191","69.1","8.6",,"0.191",,1,-1,0.643,0.357,30,32,31,32,2,1,10,1,6,1,"4.47","-0.68","0.68","40.4",24.304570607099013,-19.918390408844893,29.81593505389248,51.11694979629963,39.61883325376375
"CH","2025-05-10","88.4","-0.9","5.51","Burnes, Corbin",624424,669203,,"ball",,,,,13,"Ball","R","L","R","AZ","LAD","B",,,0,2,2025,"-1.05","0.47","-1.98","2.01",,681624,571970,2,4,"Top",,,,,,,-0.44367561118401333,-128.70274344101065,-3.429812200236207,-11.541526721749198,28.530808051781193,-26.494041094149452,"3.13","1.58",,,,"89.1",2277,"6.8",777975,672515,647304,606466,553993,672695,694374,677950,682998,"53.65",,,,,,,,29,3,"Changeup",1,0,0,1,0,1,0,1,"Standard","Standard",212,"-0.006","0.012",,,,"-0.012",,1,-1,0.649,0.351,30,32,31,32,2,1,10,1,6,1,"2.46","1.05","-1.05","40.3",,,,,
"CH","2025-05-10","89.6","-0.87","5.47","Burnes, Corbin",624424,669203,,"swinging_strike",,,,,13,"Swinging Strike","R","L","R","AZ","LAD","S",,,0,1,2025,"-1.26","0.08","-0.17","0.82",,681624,571970,2,4,"Top",,,,,,,4.4368051545888045,-130.38467283245234,-5.696127777429339,-15.263230518035456,29.04378945878522,-30.152450487752787,"3.24","1.53",,,,"90.4",2090,"6.9",777975,672515,647304,606466,553993,672695,694374,677950,682998,"53.61",,,,,,,,29,2,"Changeup",1,0,0,1,0,1,0,1,"Standard","Standard",218,"0.012","-0.057","76.1","8.7",,"0.057",,1,-1,0.637,0.363,30,32,31,32,2,1,10,1,6,1,"2.77","1.26","-1.26","33.8",24.29400853474568,-23.651060294835965,40.40072466895236,40.147457845969384,41.94743392200097
"FC","2025-05-10","96","-1.01","5.72","Burnes, Corbin",624424,669203,,"called_strike",,,,,5,"Called Strike","R","L","R","AZ","LAD","S",,,0,0,2025,"0.25","0.88","-0.15","2.32",,681624,571970,2,4,"Top",,,,,,,1.704316135263678,-139.72533264624988,-5.418726184715814,2.9624676659475266,31.076054502931974,-19.641156295609658,"3.24","1.53",,,,"96.6",2748,"6.6",777975,672515,647304,606466,553993,672695,694374,677950,682998,"53.94",,,,,,,,29,1,"Cutter",1,0,0,1,0,1,0,1,"Standard","Standard",193,"0.008","-0.047",,,,"0.047",,1,-1,0.629,0.371,30,32,31,32,2,1,10,1,6,1,"1.59","-0.25","0.25","35.9",,,,,
"SL","2025-05-10","88","-0.93","5.68","Burnes, Corbin",571771,669203,"strikeout","swinging_strike",,,,,14,"Enrique Hernández strikes out swinging.","R","R","R","AZ","LAD","S",2,,1,2,2025,"0.47","-0.24","0.1","1.31",,681624,571970,1,4,"Top",,,,,,,1.5152363507932312,-128.15341173238326,-4.027047506549305,4.926898453727506,25.640157878025338,-34.276099776016615,"3.45","1.66",,,,"88.7",2952,"6.6",777975,672515,647304,606466,553993,672695,694374,677950,682998,"53.91",,0,"0",1,0,0,,28,4,"Slider",1,0,0,1,0,1,0,1,"Standard","Standard",96,"0.044","-0.174","71.6","8.4",,"0.174",,1,-1,0.585,0.41500000000000004,30,33,31,34,2,1,10,1,6,1,"3.18","-0.47","-0.47","38.5",26.974894613611283,-34.37410416213729,35.94313087546749,37.399398594274246,49.328117350727176
"SL","2025-05-10","87.5","-0.74","5.7","Burnes, Corbin",571771,669203,,"ball",,,,,14,"Ball","R","R","R","AZ","LAD","B",,,0,2,2025,"0.67","-0.15","1.51","0.75",,681624,571970,1,4,"Top",,,,,,,4.068799717620788,-127.3778861823316,-5.512379865017751,6.415515298975683,26.23462558455796,-32.871285059722425,"3.4","1.66",,,,"88",2983,"6.6",777975,672515,647304,606466,553993,672695,694374,677950,682998,"53.92",,,,,,,,28,3,"Slider",1,0,0,1,0,1,0,1,"Standard","Standard",83,"-0.006","0.014",,,,"-0.014",,1,-1,0.591,0.40900000000000003,30,33,31,34,2,1,10,1,6,1,"3.12","-0.67","-0.67","40.2",,,,,
"SL","2025-05-10","88.2","-0.83","5.73","Burnes, Corbin",571771,669203,,"swinging_strike",,,,,14,"Swinging Strike","R","R","R","AZ","LAD","S",,,0,1,2025,"0.54","-0.01","0.87","2.01",,681624,571970,1,4,"Top",,,,,,,3.0275948568050257,-128.53157476939697,-2.997664248429062,5.438765491679335,25.4786769763716,-31.87915914838594,"3.45","1.66",,,,"89",2794,"6.6",777975,672515,647304,606466,553993,672695,694374,677950,682998,"53.91",,,,,,,,28,2,"Slider",1,0,0,1,0,1,0,1,"Standard","Standard",100,"0.012","-0.053","71.7","8.3",,"0.053",,1,-1,0.579,0.42100000000000004,30,33,31,34,2,1,10,1,6,1,"2.92","-0.54","-0.54","38.1",20.46385195952715,-25.073194130847934,25.659873353878535,47.19434814532988,41.99940582669289
"SI","2025-05-10","96.6","-0.79","5.83","Burnes, Corbin",571771,669203,,"swinging_strike",,,,,8,"Swinging Strike","R","R","R","AZ","LAD","S",,,0,0,2025,"-1","0.94","-0.26","2.01",,681624,571970,1,4,"Top",,,,,,,3.713866297348616,-140.58488235473428,-6.823076076128624,-14.115035208597863,29.886476657486156,-18.366883246043297,"3.45","1.66",,,,"97.4",2586,"6.6",777975,672515,647304,606466,553993,672695,694374,677950,682998,"53.89",,,,,,,,28,1,"Sinker",1,0,0,1,0,1,0,1,"Standard","Standard",195,"0.009","-0.033","57.0","5.8",,"0.033",,1,-1,0.57,0.43000000000000005,30,33,31,34,2,1,10,1,6,1,"1.49","1","1","39.9",-8.3821442135389,41.62110587931024,31.278855180646534,33.827225801751034,5.992486659968994
"CH","2025-05-10","90.8","-0.77","5.53","Burnes, Corbin",571970,669203,"walk","ball",,,,,14,"Max Muncy walks.","R","L","R","AZ","LAD","B",,,3,2,2025,"-1.27","0.46","0.58","0.6",,681624,,1,4,"Top",,,,,,,6.1656489038804265,-131.89198240056487,-7.419737664314944,-16.123841168174202,29.585208712841307,-25.353151018958535,"2.97","1.47",,,,"91.5",2171,"6.9",777975,672515,647304,606466,553993,672695,694374,677950,682998,"53.57",,0.691497,"0.7",1,0,0,,27,8,"Changeup",1,0,0,1,0,1,0,1,"Standard","Standard",219,"-0.025","0.212",,,,"-0.212",,1,-1,0.595,0.405,30,34,31,35,2,1,10,1,6,1,"2.33","1.27","-1.27","40.5",,,,,
"FC","2025-05-10","95.3","-0.86","5.76","Burnes, Corbin",571970,669203,,"foul",,,,,6,"Foul","R","L","R","AZ","LAD","S",,,3,2,2025,"0.28","0.71","0.66","2.11",,681624,,1,4,"Top",,,,,,,3.3747373167458274,-138.73784011417538,-5.6174614936559975,2.8894449917562155,30.643078492158804,-21.893917473485352,"3.08","1.47",84,"102",3,"96",2708,"6.7",777975,672515,647304,606466,553993,672695,694374,677950,682998,"53.85",,,,,,,,27,7,"Cutter",1,0,0,1,0,1,0,1,"Infield shade","Standard",184,"0","0","77.0","7.0",,"0","102.0",1,-1,0.595,0.405,30,34,31,35,2,1,10,1,6,1,"1.79","-0.28","0.28","37.0",18.782236379036718,-10.744293335237739,38.69764644730281,30.76823792539232,38.18435038225608
"CU","2025-05-10","80.5","-0.65","5.89","Burnes, Corbin",571970,669203,,"ball",,,,,13,"Ball","R","L","R","AZ","LAD","B",,,2,2,2025,"0.75","-1.2","-1.59","1.64",,681624,,1,4,"Top",,,,,,,-3.537743908695841,-117.18438052587527,-0.42959730373019034,7.63347357771853,23.79199997719849,-43.30437656334397,"3.03","1.47",,,,"80.4",2878,"6.4",777975,672515,647304,606466,553993,672695,694374,677950,682998,"54.12",,,,,,,,27,6,"Curveball",1,0,0,1,0,1,0,1,"Infield shade","Standard",46,"-0.009","0.068",,,,"-0.068",,1,-1,0.604,0.396,30,34,31,35,2,1,10,1,6,1,"4.73","-0.75","0.75","42.7",,,,,
"FC","2025-05-10","95.7","-0.98","5.73","Burnes, Corbin",571970,669203,,"foul",,,,,8,"Foul","R","L","R","AZ","LAD","S",,,2,2,2025,"0.23","0.58","0.26","1.71",,681624,,1,4,"Top",,,,,,,2.7710369972821014,-139.23783830961858,-6.32551719928281,2.3784582078670318,31.91116391038106,-23.447394318232657,"3.08","1.47",,,,"96.3",2708,"6.7",777975,672515,647304,606466,553993,672695,694374,677950,682998,"53.82",,,,,,,,27,5,"Cutter",1,0,0,1,0,1,0,1,"Infield shade","Standard",189,"0","0","75.9","7.6",,"0",,1,-1,0.604,0.396,30,34,31,35,2,1,10,1,6,1,"1.92","-0.23","0.23","36.3",21.360880287785438,-14.366668740032765,38.41513333287239,34.6736146929164,41.646670264525724
"CU","2025-05-10","81","-0.55","5.87","Burnes, Corbin",571970,669203,,"blocked_ball",,,,,14,"Ball In Dirt","R","L","R","AZ","LAD","B",,,1,2,2025,"0.73","-1.15","0.09","-0.88",,,681624,1,4,"Top",,,,,,,0.029959490098533992,-117.7429579286014,-6.151558552844367,6.721827740202799,25.61819295759997,-41.666144199851686,"2.92","1.42",,,,"80.9",2922,"6.6",777975,672515,647304,606466,553993,672695,694374,677950,682998,"53.92",,,,,,,,27,4,"Curveball",1,0,0,1,0,1,0,1,"Infield shade","Standard",42,"-0.025","0.044",,,,"-0.044",,1,-1,0.629,0.371,30,34,31,35,2,1,10,1,6,1,"4.67","-0.73","0.73","44.8",,,,,
"CH","2025-05-10","88.4","-0.94","5.58","Burnes, Corbin",571970,669203,,"swinging_strike",,,,,4,"Swinging Strike","R","L","R","AZ","LAD","S",,,1,1,2025,"-1.07","0.91","-0.61","2.08",,,681624,1,4,"Top",,,,,,,3.072344976654504,-128.61720685686433,-4.3519677271699315,-12.5259951986897,28.701833979488388,-21.357039944807635,"3.08","1.47",,,,"88.9",1973,"6.8",777975,672515,647304,606466,553993,672695,694374,677950,682998,"53.71",,,,,,,,27,3,"Changeup",1,0,0,1,0,1,0,1,"Infield shade","Standard",224,"0.008","-0.056","72.6","8.1",,"0.056",,1,-1,0.621,0.379,30,34,31,35,2,1,10,1,6,1,"2.02","1.07","-1.07","37.2",32.01075493153679,-40.67497102523142,33.172633550063956,44.170141519899204,56.45770740480475
"CU","2025-05-10","80.7","-0.71","5.8","Burnes, Corbin",571970,669203,,"ball",,,,,14,"Ball","R","L","R","AZ","LAD","B",,,0,1,2025,"0.87","-1.06","0.42","0.89",,,681624,1,4,"Top",,,,,,,0.8644253789056451,-117.52510179615413,-2.2282175820749957,7.824571037605893,24.283383555403997,-41.678393401347,"3.03","1.47",,,,"80.8",2845,"6.5",777975,672515,647304,606466,553993,672695,694374,677950,682998,"53.99",,,,,,,,27,2,"Curveball",1,0,0,1,0,1,0,1,"Infield shade","Standard",46,"-0.004","0.019",,,,"-0.019",,1,-1,0.625,0.375,30,34,31,35,2,1,10,1,6,1,"4.58","-0.87","0.87","40.7",,,,,
"FC","2025-05-10","95.4","-0.95","5.74","Burnes, Corbin",571970,669203,,"called_strike",,,,,9,"Called Strike","R","L","R","AZ","LAD","S",,,0,0,2025,"0.46","0.94","0.34","1.89",,,681624,1,4,"Top",,,,,,,2.351250315276734,-138.91868476068268,-6.709973840247336,5.5147834650775485,28.370297022869394,-18.681408925516205,"3.03","1.47",,,,"96.4",2655,"6.6",777975,672515,647304,606466,553993,672695,694374,677950,682998,"53.9",,,,,,,,27,1,"Cutter",1,0,0,1,0,1,0,1,"Infield shade","Standard",187,"0.006","-0.04",,,,"0.04",,1,-1,0.619,0.381,30,34,31,35,2,1,10,1,6,1,"1.54","-0.46","0.46","38.6",,,,,
"CU","2025-05-10","80","-0.61","5.93","Burnes, Corbin",681624,669203,"single","hit_into_play",,,,,14,"Andy Pages singles on a line drive to center fielder Alek Thomas.","R","R","R","AZ","LAD","X",8,"line_drive",1,1,2025,"0.79","-0.9","0.74","1.08",,,,1,4,"Top",159.12,77.23,,,,,1.4994101026047149,-116.53079767318725,-2.221095547263081,6.8061457285456965,23.959237276617642,-40.10952497205619,"3.49","1.63",280,"82.6",24,"80.1",2746,"6.5",777975,672515,647304,606466,553993,672695,694374,677950,682998,"53.99",0.286,0.261,"0.9",1,1,0,3,26,3,"Curveball",1,0,0,1,0,1,0,1,"Standard","Standard",44,"-0.034","0.425","69.3","8.5",0.358,"-0.425","88.0",1,-1,0.653,0.347,30,24,31,25,2,1,10,1,6,1,"4.48","-0.79","-0.79","47.5",8.945247857002206,-2.3150077323415905,47.670347316843184,46.82602806467709,35.06353714860629
"SI","2025-05-10","95.9","-0.89","5.73","Burnes, Corbin",681624,669203,,"foul",,,,,1,"Foul","R","R","R","AZ","LAD","S",,,1,0,2025,"-0.84","0.99","-0.8","3.25",,,,1,4,"Top",,,,,,,2.145422385087777,-139.63610839321328,-3.178577075904159,-11.429734150346409,32.06025045402554,-18.79001802015848,"3.49","1.63",189,"66.2",56,"96.3",2496,"6.5",777975,672515,647304,606466,553993,672695,694374,677950,682998,"53.98",,,,,,,,26,2,"Sinker",1,0,0,1,0,1,0,1,"Standard","Standard",202,"0.004","-0.049","73.8","7.3",,"0.049","88.0",1,-1,0.649,0.351,30,24,31,25,2,1,10,1,6,1,"1.49","0.84","0.84","40.2",6.33600099770971,-6.723544695279992,37.86922000381719,29.074373018727577,26.365068178590754
"CU","2025-05-10","78.6","-0.77","5.91","Burnes, Corbin",681624,669203,,"ball",,,,,13,"Ball","R","R","R","AZ","LAD","B",,,0,0,2025,"0.69","-1.02","-0.86","2.74",,,,1,4,"Top",,,,,,,-1.486083320779552,-114.39698650998552,1.9111019058644725,6.334705953865694,22.87682815717495,-41.68490787649435,"3.87","1.74",,,,"78.3",2769,"6.3",777975,672515,647304,606466,553993,672695,694374,677950,682998,"54.23",,,,,,,,26,1,"Curveball",1,0,0,1,0,1,0,1,"Standard","Standard",46,"-0.003","0.039",,,,"-0.039",,1,-1,0.652,0.348,30,24,31,25,2,1,10,1,6,1,"4.73","-0.69","-0.69","46.1",,,,,
"CU","2025-05-10","80.3","-0.67","5.91","Burnes, Corbin",518692,669203,"field_out","hit_into_play",,,,,7,"Freddie Freeman grounds out to first baseman Josh Naylor.","R","L","R","AZ","LAD","X",3,"ground_ball",1,0,2025,"0.73","-0.98","-0.62","2.06",,,,0,4,"Top",156.7,161.06,,,,,-1.2898554123240145,-116.96044404884427,0.06554150507263778,6.967718605402286,23.575169035398826,-41.32838091802944,"3.71","1.83",4,"80.5",-26,"80.4",2840,"6.4",777975,672515,647304,606466,553993,672695,694374,677950,682998,"54.06",0.048,0.041,"0",1,0,0,2,25,2,"Curveball",1,0,0,1,0,1,0,1,"Standard","Standard",53,"0.034","-0.301","73.2","7.2",0.054,"0.301","88.0",1,-1,0.618,0.382,30,35,31,36,2,1,10,1,6,1,"4.52","-0.73","0.73","43.1",13.661981784237035,8.906107158254962,44.71010852863839,45.19190895913171,26.58619467055395
"FC","2025-05-10","94.5","-0.97","5.82","Burnes, Corbin",518692,669203,,"ball",,,,,14,"Ball","R","L","R","AZ","LAD","B",,,0,0,2025,"0.3","1.33","1.36","2.18",,,,0,4,"Top",,,,,,,5.447392131128986,-137.45121425396178,-6.820320819869322,2.674992057736948,28.18110313890215,-14.054044135341602,"3.63","1.83",,,,"95.4",2768,"6.6",777975,672515,647304,606466,553993,672695,694374,677950,682998,"53.86",,,,,,,,25,1,"Cutter",1,0,0,1,0,1,0,1,"Standard","Standard",200,"-0.005","0.041",,,,"-0.041",,1,-1,0.623,0.377,30,35,31,36,2,1,10,1,6,1,"1.21","-0.3","0.3","42.1",,,,,
"FC","2025-05-10","95.5","-0.79","5.75","Burnes, Corbin",605141,669203,"field_out","hit_into_play",,,,,8,"Mookie Betts flies out to center fielder Alek Thomas.","R","R","R","AZ","LAD","X",8,"fly_ball",2,0,2025,"0.32","1.11","-0.04","1.92",,808975,660271,2,3,"Top",121,62,,,,,1.2673855354565837,-138.99542421773018,-7.011890113281991,3.878831268264304,29.912654039403616,-16.467984084158005,"3.21","1.5",347,"92.2",33,"96.2",2660,"6.6",777975,672515,647304,606466,553993,672695,694374,677950,682998,"53.9",0.081,0.134,"0",1,0,0,3,20,3,"Cutter",0,0,0,0,0,0,0,0,"Standard","Standard",197,"0.059","-0.335","71.5","7.1",0.237,"0.335","92.2",0,0,0.496,0.504,30,32,31,33,2,1,10,1,6,1,"1.38","-0.32","-0.32","40.3",9.396211840381497,-13.53022088536731,40.66783936270054,35.93214036465394,34.21404898169494
"SI","2025-05-10","97.2","-0.92","5.73","Burnes, Corbin",605141,669203,,"ball",,,,,13,"Ball","R","R","R","AZ","LAD","B",,,1,0,2025,"-0.97","0.84","-0.07","1.21",,808975,660271,2,3,"Top",,,,,,,4.550414731852496,-141.28218974099929,-8.577376125780269,-14.064441327992913,32.32663831510161,-19.09105290870402,"3.18","1.45",,,,"97.9",2556,"6.7",777975,672515,647304,606466,553993,672695,694374,677950,682998,"53.75",,,,,,,,20,2,"Sinker",0,0,0,0,0,0,0,0,"Standard","Standard",199,"-0.007","0.029",,,,"-0.029",,0,0,0.503,0.497,30,32,31,33,2,1,10,1,6,1,"1.57","0.97","0.97","43.4",,,,,
"CU","2025-05-10","82","-0.51","5.92","Burnes, Corbin",605141,669203,,"blocked_ball",,,,,14,"Ball In Dirt","R","R","R","AZ","LAD","B",,,0,0,2025,"0.85","-1.04","0.71","0.33",,808975,660271,2,3,"Top",,,,,,,1.1257065600057823,-119.37564676295227,-4.014781073776123,7.828887874601597,26.506565634888464,-41.34421065345648,"3.24","1.45",,,,"82.1",2960,"6.7",777975,672515,647304,606466,553993,672695,694374,677950,682998,"53.83",,,,,,,,20,1,"Curveball",0,0,0,0,0,0,0,0,"Standard","Standard",39,"-0.003","0.024",,,,"-0.024",,0,0,0.506,0.494,30,32,31,33,2,1,10,1,6,1,"4.47","-0.85","-0.85","47.6",,,,,
"CH","2025-05-10","89.4","-0.95","5.58","Burnes, Corbin",660271,669203,,"ball",,,,,11,"Ball","R","L","R","AZ","LAD","B",,,2,0,2025,"-1.3","0.5","-1.93","2.76",,808975,,2,3,"Top",,,,,,,0.31857555316675845,-130.1311175830874,-1.988958747479192,-14.807543323377665,28.780209980993963,-26.269172789356475,"3.48","1.61",,,,"89.6",2236,"6.5",777975,672515,647304,606466,553993,672695,694374,677950,682998,"53.97",,,,,,,,19,3,"Changeup",0,0,0,0,0,0,0,0,"Infield shade","Standard",215,"-0.003","0.041",,,,"-0.041",,0,0,0.514,0.486,30,30,31,31,2,1,10,1,6,1,"2.36","1.3","-1.3","39.9",,,,,
"CH","2025-05-10","89.3","-0.92","5.51","Burnes, Corbin",660271,669203,,"ball",,,,,14,"Ball","R","L","R","AZ","LAD","B",,,1,0,2025,"-1.42","0.52","0.14","0.88",,,808975,2,3,"Top",,,,,,,5.6741173495052974,-129.85217288257184,-6.520408825676256,-17.266148958054814,28.918202296083507,-25.011388962696245,"3.48","1.61",,,,"90.2",2248,"7",777975,672515,647304,606466,553993,672695,694374,677950,682998,"53.47",,,,,,,,19,2,"Changeup",0,0,0,0,0,0,0,0,"Infield shade","Standard",222,"-0.005","0.048",,,,"-0.048",,0,0,0.528,0.472,30,30,31,31,2,1,10,1,6,1,"2.35","1.42","-1.42","40.2",,,,,
"FC","2025-05-10","95.5","-1.01","5.72","Burnes, Corbin",660271,669203,,"ball",,,,,13,"Ball","R","L","R","AZ","LAD","B",,,0,0,2025,"0.25","0.89","-1.41","1.68",,,808975,2,3,"Top",,,,,,,-1.636000519010028,-139.06797357744503,-7.082264044431849,3.6696676895120657,29.76723156025083,-19.287365024653845,"3.53","1.63",,,,"96.2",2728,"6.6",777975,672515,647304,606466,553993,672695,694374,677950,682998,"53.95",,,,,,,,19,1,"Cutter",0,0,0,0,0,0,0,0,"Infield shade","Standard",185,"-0.002","0.035",,,,"-0.035",,0,0,0.53,0.47,30,30,31,31,2,1,10,1,6,1,"1.6","-0.25","0.25","35.9",,,,,
"SI","2025-05-10","95.6","-0.81","5.76","Burnes, Corbin",605131,669203,"field_out","hit_into_play",,,,,4,"Austin Barnes lines out to second baseman Ketel Marte.","R","R","R","AZ","LAD","X",4,"line_drive",0,0,2025,"-1.07","0.92","-0.6","2.62",,,808975,1,3,"Top",139.99,133.25,,,,,2.972803134478555,-139.18988672465545,-4.755121178136944,-14.589771209700686,32.96633675840769,-19.30932776553077,"3.23","1.51",173,"57.2",38,"95.9",2407,"6.6",777975,672515,647304,606466,553993,672695,694374,677950,682998,"53.92",0.243,0.219,"0",1,0,0,1,18,1,"Sinker",0,0,0,0,0,0,0,0,"Standard","Standard",197,"0.033","-0.256","67.2","5.9",0.243,"0.256","88.0",0,0,0.497,0.503,30,35,31,36,1,0,10,3,6,,"1.58","1.07","1.07","37.7",-0.6924355241702882,4.343493731403955,30.08779203941961,28.083689093697025,25.534844078031842
"FC","2025-05-10","95.2","-0.88","5.77","Burnes, Corbin",808975,669203,"force_out","hit_into_play",,,,,8,"Hyeseong Kim grounds into a force out, second baseman Ketel Marte to shortstop Geraldo Perdomo. Michael Conforto out at 2nd. Hyeseong Kim to 1st.","R","L","R","AZ","LAD","X",4,"ground_ball",1,0,2025,"0.18","0.99","0.08","1.57",,,624424,0,3,"Top",152.88,157.1,,,,,2.112492590933951,-138.6391743295064,-7.727546634277814,1.9290423979967866,27.66129429111399,-17.905389223689937,"3.3","1.5",5,"94.3",-16,"96.2",2527,"6.6",777975,672515,647304,606466,553993,672695,694374,677950,682998,"53.93",0.157,0.162,"0",1,0,0,2,17,2,"Cutter",0,0,0,0,0,0,0,0,"Standard","Standard",202,"0.044","-0.375","72.6","7.3",0.174,"0.375","94.3",0,0,0.453,0.5469999999999999,30,26,31,26,1,0,10,2,6,1,"1.5","-0.18","0.18","42.2",0.5294372364238067,5.632927434084419,44.6495213586014,34.466374896194175,20.30857342711815
"FC","2025-05-10","95.2","-0.98","5.77","Burnes, Corbin",808975,669203,,"ball",,,,,11,"Ball","R","L","R","AZ","LAD","B",,,0,0,2025,"0.23","0.95","-1.28","2.35",,,624424,0,3,"Top",,,,,,,-1.3045698698007997,-138.80331990944535,-5.620055430380537,3.252354384540097,25.758889161742328,-18.838367504401646,"2.87","1.48",,,,"96.5",2512,"6.5",777975,672515,647304,606466,553993,672695,694374,677950,682998,"53.96",,,,,,,,17,1,"Cutter",0,0,0,0,0,0,0,0,"Standard","Standard",194,"-0.006","0.04",,,,"-0.04",,0,0,0.459,0.5409999999999999,30,26,31,26,1,0,10,2,6,1,"1.52","-0.23","0.23","38.8",,,,,
"FC","2025-05-10","95.1","-0.8","5.85","Burnes, Corbin",624424,669203,"single","hit_into_play",,,,,6,"Michael Conforto singles on a line drive to right fielder Corbin Carroll.","R","L","R","AZ","LAD","X",9,"line_drive",2,1,2025,"0.42","0.9","0.81","2.21",,,,0,3,"Top",202.44,111.99,,,,,3.3061133032858816,-138.42125703550965,-5.9310617883630785,4.643634506785835,31.0320938764114,-19.46807987933168,"3.24","1.53",251,"80.9",24,"95.5",2791,"6.5",777975,672515,647304,606466,553993,672695,694374,677950,682998,"54",0.425,0.403,"0.9",1,1,0,3,16,4,"Cutter",0,0,0,0,0,0,0,0,"Infield shade","Standard",185,"-0.037","0.392","78.0","7.5",0.526,"-0.392","88.0",0,0,0.496,0.504,30,32,31,32,1,0,10,1,6,1,"1.62","-0.42","0.42","38.4",6.693744439148719,-6.969112638568646,38.26280570378403,28.89675140958129,28.810066432044
"CH","2025-05-10","87.6","-0.96","5.56","Burnes, Corbin",624424,669203,,"ball",,,,,11,"Ball","R","L","R","AZ","LAD","B",,,1,1,2025,"-1.12","0.54","-1.04","3.6",,,,0,3,"Top",,,,,,,2.125308077330202,-127.51819356323806,0.3349573350651235,-12.598684892010674,28.454992999243203,-26.66781379750815,"3.1","1.5",,,,"87.9",2083,"6.7",777975,672515,647304,606466,553993,672695,694374,677950,682998,"53.83",,,,,,,,16,3,"Changeup",0,0,0,0,0,0,0,0,"Infield shade","Standard",218,"-0.005","0.055",,,,"-0.055",,0,0,0.501,0.499,30,32,31,32,1,0,10,1,6,1,"2.45","1.12","-1.12","35.0",,,,,
"FC","2025-05-10","95.7","-1.05","5.7","Burnes, Corbin",624424,669203,,"called_strike",,,,,4,"Called Strike","R","L","R","AZ","LAD","S",,,1,0,2025,"0.33","1.04","-0.46","2.07",,,,0,3,"Top",,,,,,,0.7996555269922794,-139.26018305246322,-6.365461835192792,4.0808550402994594,30.618815980662507,-17.389846667861544,"3.16","1.53",,,,"96.4",2725,"6.6",777975,672515,647304,606466,553993,672695,694374,677950,682998,"53.88",,,,,,,,16,2,"Cutter",0,0,0,0,0,0,0,0,"Infield shade","Standard",195,"0.005","-0.05",,,,"0.05",,0,0,0.496,0.504,30,32,31,32,1,0,10,1,6,1,"1.44","-0.33","0.33","35.7",,,,,
"FC","2025-05-10","94.3","-1.02","5.79","Burnes, Corbin",624424,669203,,"ball",,,,,14,"Ball","R","L","R","AZ","LAD","B",,,0,0,2025,"0.42","0.8","0.43","0.79",,,,0,3,"Top",,,,,,,2.823076099996693,-137.04226560452423,-9.07022271536971,4.6559690821250435,31.56736612031826,-20.281053284271383,"3.19","1.53",,,,"94.5",2758,"6.6",777975,672515,647304,606466,553993,672695,694374,677950,682998,"53.92",,,,,,,,16,1,"Cutter",0,0,0,0,0,0,0,0,"Infield shade","Standard",191,"-0.004","0.041",,,,"-0.041",,0,0,0.5,0.5,30,32,31,32,1,0,10,1,6,1,"1.78","-0.42","0.42","37.8",,,,,
"SI","2025-05-10","97","-0.75","5.87","Burnes, Corbin",571771,669203,"field_out","hit_into_play",,,,,6,"Enrique Hernández grounds out, pitcher Corbin Burnes to first baseman Josh Naylor.","R","R","R","AZ","LAD","X",1,"ground_ball",2,2,2025,"-0.93","0.94","0.35","2.67",,,,2,2,"Top",137.67,188.54,,,,,5.106062982470382,-141.20484726286023,-5.209146454406677,-13.555064540488306,31.93798175160414,-18.609614899267378,"3.45","1.66",1,"68.5",-70,"97.8",2449,"6.7",777975,672515,647304,606466,553993,672695,694374,677950,682998,"53.8",0.253,0.227,"0",1,0,0,2,11,5,"Sinker",0,0,0,0,0,0,0,0,"Standard","Standard",201,"0.01","-0.224","63.0","6.3",0.253,"0.224","88.0",0,0,0.541,0.45899999999999996,30,33,31,34,1,0,10,1,6,1,"1.48","0.93","0.93","39.8",-7.129108609936702,31.67218697655835,24.36474708530098,40.57727182094614,10.035609787883082
"SL","2025-05-10","88.6","-0.79","5.79","Burnes, Corbin",571771,669203,,"ball",,,,,14,"Ball","R","R","R","AZ","LAD","B",,,1,2,2025,"0.54","0.09","1.21","1.32",,,,2,2,"Top",,,,,,,3.7824521241124462,-128.9965181370411,-5.068800661828304,5.2754448244792345,26.403240953931803,-30.30397601722653,"3.48","1.72",,,,"89.1",2966,"6.6",777975,672515,647304,606466,553993,672695,694374,677950,682998,"53.95",,,,,,,,11,4,"Slider",0,0,0,0,0,0,0,0,"Standard","Standard",92,"-0.002","0.042",,,,"-0.042",,0,0,0.543,0.45699999999999996,30,33,31,34,1,0,10,1,6,1,"2.8","-0.54","-0.54","41.4",,,,,
"CU","2025-05-10","80.4","-0.57","5.88","Burnes, Corbin",571771,669203,,"swinging_strike",,,,,6,"Swinging Strike","R","R","R","AZ","LAD","S",,,1,1,2025,"0.82","-1.02","0.55","2.27",,,,2,2,"Top",,,,,,,0.926789165656556,-117.03813502024192,0.6528293357181418,7.300778343829098,23.682207050380953,-41.88374808329149,"3.45","1.66",,,,"80.6",2823,"6.5",777975,672515,647304,606466,553993,672695,694374,677950,682998,"53.96",,,,,,,,11,3,"Curveball",0,0,0,0,0,0,0,0,"Standard","Standard",51,"0.002","-0.062","73.3","8.2",,"0.062",,0,0,0.541,0.45899999999999996,30,33,31,34,1,0,10,1,6,1,"4.57","-0.82","-0.82","45.7",14.799673163616381,-32.71235798238976,24.955751361595475,42.39514481985091,49.144794288712426
"CU","2025-05-10","80.3","-0.59","5.92","Burnes, Corbin",571771,669203,,"ball",,,,,14,"Ball","R","R","R","AZ","LAD","B",,,0,1,2025,"0.73","-0.89","1.62","1.44",,,,2,2,"Top",,,,,,,3.5190085438457435,-116.86324930891479,-1.5034169699511006,5.969558009730433,23.52281045467685,-40.192724033654095,"3.39","1.63",,,,"80.5",2879,"6.5",777975,672515,647304,606466,553993,672695,694374,677950,682998,"53.96",,,,,,,,11,2,"Curveball",0,0,0,0,0,0,0,0,"Standard","Standard",42,"-0.001","0.027",,,,"-0.027",,0,0,0.542,0.45799999999999996,30,33,31,34,1,0,10,1,6,1,"4.44","-0.73","-0.73","48.9",,,,,
"FC","2025-05-10","94","-0.74","5.86","Burnes, Corbin",571771,669203,,"called_strike",,,,,14,"Called Strike","R","R","R","AZ","LAD","S",,,0,0,2025,"0.25","0.8","0.88","2.09",,,,2,2,"Top",,,,,,,3.6608469907645316,-136.8372564212264,-5.918315373590223,2.4630170252274803,26.87834838407736,-21.02603870584289,"3.51","1.67",,,,"94.9",2600,"6.6",777975,672515,647304,606466,553993,672695,694374,677950,682998,"53.93",,,,,,,,11,1,"Cutter",0,0,0,0,0,0,0,0,"Standard","Standard",181,"0.002","-0.043",,,,"0.043",,0,0,0.54,0.45999999999999996,30,33,31,34,1,0,10,1,6,1,"1.75","-0.25","-0.25","40.4",,,,,
"FC","2025-05-10","95.4","-0.77","5.87","Burnes, Corbin",571970,669203,"field_out","hit_into_play",,,,,8,"Max Muncy grounds out, first baseman Josh Naylor to pitcher Corbin Burnes.","R","L","R","AZ","LAD","X",3,"ground_ball",1,1,2025,"0.22","0.83","0","1.78",,,,1,2,"Top",156.94,168.25,,,,,1.5467408516692989,-138.82335858994642,-7.042457295400811,2.5368404870579577,29.20656137400325,-20.163037481420478,"3.08","1.47",5,"109",-20,"96.1",2795,"6.5",777975,672515,647304,606466,553993,672695,694374,677950,682998,"53.96",0.137,0.12,"0",1,0,0,2,10,3,"Cutter",0,0,0,0,0,0,0,0,"Infield shade","Standard",194,"0.016","-0.244","75.3","7.2",0.15,"0.244","109.0",0,0,0.524,0.476,30,34,31,35,1,0,10,1,6,1,"1.67","-0.22","0.22","41.1",12.845122668906624,2.8191311981285487,38.95410215388434,37.73301119306677,32.39795785772453
"CU","2025-05-10","79.2","-0.64","5.9","Burnes, Corbin",571970,669203,,"called_strike",,,,,9,"Called Strike","R","L","R","AZ","LAD","S",,,1,0,2025,"1.01","-0.89","0.43","1.91",,,,1,2,"Top",,,,,,,0.4657650329601447,-115.38572174814743,-0.2632679789293557,8.966671734991039,21.34882126667812,-40.308302684641895,"3.05","1.44",,,,"79.5",2821,"6.4",777975,672515,647304,606466,553993,672695,694374,677950,682998,"54.1",,,,,,,,10,2,"Curveball",0,0,0,0,0,0,0,0,"Infield shade","Standard",53,"0.004","-0.049",,,,"0.049",,0,0,0.52,0.48,30,34,31,35,1,0,10,1,6,1,"4.51","-1.01","1.01","46.0",,,,,
"FC","2025-05-10","93.8","-0.83","5.88","Burnes, Corbin",571970,669203,,"ball",,,,,13,"Ball","R","L","R","AZ","LAD","B",,,0,0,2025,"0.2","0.78","-0.25","1.15",,,,1,2,"Top",,,,,,,1.070186014292091,-136.529520995399,-8.310242304722292,2.328064228300791,26.58673994667758,-20.918673940841323,"3.08","1.52",,,,"94.5",2795,"6.4",777975,672515,647304,606466,553993,672695,694374,677950,682998,"54.08",,,,,,,,10,1,"Cutter",0,0,0,0,0,0,0,0,"Infield shade","Standard",185,"-0.003","0.039",,,,"-0.039",,0,0,0.523,0.477,30,34,31,35,1,0,10,1,6,1,"1.79","-0.2","0.2","39.1",,,,,
"FC","2025-05-10","94","-0.8","5.86","Burnes, Corbin",681624,669203,"field_out","hit_into_play",,,,,8,"Andy Pages lines out sharply, third baseman Eugenio Suárez to first baseman Josh Naylor.","R","R","R","AZ","LAD","X",5,"line_drive",1,0,2025,"0.29","0.97","0.03","1.73",,,,0,2,"Top",93.01,153.87,,,,,1.4973836981837751,-136.7900467153745,-7.176665821771742,3.319826279202728,30.490269882554568,-18.577858103150547,"3.49","1.63",143,"101.7",8,"94.3",2631,"6.5",777975,672515,647304,606466,553993,672695,694374,677950,682998,"54.02",0.658,0.598,"0",1,0,0,4,9,2,"Cutter",0,0,0,0,0,0,0,0,"Standard","Standard",187,"0.027","-0.301","83.4","8.6",0.717,"0.301","101.7",0,0,0.496,0.504,30,24,31,25,1,0,10,1,6,1,"1.61","-0.29","-0.29","38.3",18.528537951759812,-8.72648760993411,49.18089935356066,36.241589678828035,36.94987135082327
"CU","2025-05-10","80.5","-0.7","5.94","Burnes, Corbin",681624,669203,,"ball",,,,,14,"Ball","R","R","R","AZ","LAD","B",,,0,0,2025,"0.63","-0.98","1.08","1.35",,,,0,2,"Top",,,,,,,2.756182837904911,-117.13459054869439,-1.5867234634366734,5.210103703468432,24.37296853993086,-41.05267385322033,"3.46","1.6",,,,"80.5",2799,"6.5",777975,672515,647304,606466,553993,672695,694374,677950,682998,"53.99",,,,,,,,9,1,"Curveball",0,0,0,0,0,0,0,0,"Standard","Standard",48,"-0.004","0.041",,,,"-0.041",,0,0,0.5,0.5,30,24,31,25,1,0,10,1,6,1,"4.53","-0.63","-0.63","46.7",,,,,
"FC","2025-05-10","94.8","-0.89","5.85","Burnes, Corbin",518692,669203,"field_out","hit_into_play",,,,,8,"Freddie Freeman grounds out, second baseman Ketel Marte to first baseman Josh Naylor.","R","L","R","AZ","LAD","X",4,"ground_ball",1,2,2025,"0.49","0.89","0.07","1.82",,,,2,1,"Top",147.04,140.31,,,,,1.4162768755211597,-138.0018668201816,-6.950135667742889,6.022779256537061,27.279366222628216,-19.4809942495902,"3.71","1.83",18,"99.8",-5,"95.5",2745,"6.4",777975,672515,647304,606466,553993,672695,694374,677950,682998,"54.09",0.314,0.254,"0",1,0,0,2,3,4,"Cutter",0,0,0,0,0,0,0,0,"Infield shade","Standard",176,"0.008","-0.182","71.8","6.9",0.34,"0.182","99.8",0,0,0.54,0.45999999999999996,30,35,31,36,1,0,10,1,6,1,"1.62","-0.49","0.49","38.3",4.225606063150192,5.109010731307868,48.22065543548637,35.79609750575983,21.522578683728085
"CU","2025-05-10","81.7","-0.63","5.92","Burnes, Corbin",518692,669203,,"ball",,,,,13,"Ball","R","L","R","AZ","LAD","B",,,0,2,2025,"1","-0.94","0","0.31",,,,2,1,"Top",,,,,,,-0.5327763816333049,-118.99201852459093,-4.227030655982787,9.590895793830226,24.677897243064038,-40.40114420471952,"3.6","1.8",,,,"81.7",2871,"6.5",777975,672515,647304,606466,553993,672695,694374,677950,682998,"54.05",,,,,,,,3,3,"Curveball",0,0,0,0,0,0,0,0,"Infield shade","Standard",51,"-0.001","0.022",,,,"-0.022",,0,0,0.541,0.45899999999999996,30,35,31,36,1,0,10,1,6,1,"4.37","-1","1","44.7",,,,,
"CH","2025-05-10","91.2","-1.01","5.58","Burnes, Corbin",518692,669203,,"swinging_strike",,,,,13,"Swinging Strike","R","L","R","AZ","LAD","S",,,0,1,2025,"-1.19","0.63","-0.46","1.45",,,,2,1,"Top",,,,,,,3.943025573908839,-132.583131813987,-5.791526962408174,-14.855359681266364,31.725071717687293,-23.613640088099416,"3.71","1.83",,,,"91.1",2141,"6.6",777975,672515,647304,606466,553993,672695,694374,677950,682998,"53.93",,,,,,,,3,2,"Changeup",0,0,0,0,0,0,0,0,"Infield shade","Standard",217,"0.001","-0.057","54.5","6.2",,"0.057",,0,0,0.54,0.45999999999999996,30,35,31,36,1,0,10,1,6,1,"2.14","1.19","-1.19","37.8",-3.159124965189989,16.607026728743758,47.62304980991899,43.638130017191,16.23971146990857
"FC","2025-05-10","93.9","-0.92","5.86","Burnes, Corbin",518692,669203,,"foul",,,,,9,"Foul","R","L","R","AZ","LAD","S",,,0,0,2025,"0.43","0.82","0.31","1.74",,,,2,1,"Top",,,,,,,2.232023337875406,-136.71545192374614,-6.8045657719368124,5.000757870850942,27.79684914039718,-20.701056127408076,"3.71","1.83",5,"79.3",-21,"94.3",2720,"6.3",777975,672515,647304,606466,553993,672695,694374,677950,682998,"54.15",,,,,,,,3,1,"Cutter",0,0,0,0,0,0,0,0,"Infield shade","Standard",176,"0.002","-0.043","73.4","7.3",,"0.043","88.0",0,0,0.538,0.46199999999999997,30,35,31,36,1,0,10,1,6,1,"1.75","-0.43","0.43","44.7",11.290156568531206,1.2389695088201822,46.311825606442994,34.98706605535379,26.52177684717968
"SL","2025-05-10","86.3","-0.89","5.81","Burnes, Corbin",605141,669203,"grounded_into_double_play","hit_into_play",,,,,6,"Mookie Betts grounds into a double play, shortstop Geraldo Perdomo to second baseman Ketel Marte to first baseman Josh Naylor. Shohei Ohtani out at 2nd. Mookie Betts out at 1st.","R","R","R","AZ","LAD","X",6,"ground_ball",1,2,2025,"0.54","-0.15","0.37","2.27",,,660271,0,1,"Top",113.83,154.56,,,,,1.9139670673227613,-125.75127326808045,-1.939806334274958,5.3145446258181765,24.796295135730247,-33.57002455949349,"3.21","1.5",10,"98.8",-13,"86.7",2839,"6.4",777975,672515,647304,606466,553993,672695,694374,677950,682998,"54.11",0.185,0.179,"0",1,0,0,2,2,4,"Slider",0,0,0,0,0,0,0,0,"Standard","Standard",91,"0.065","-0.258","70.5","6.6",0.185,"0.258","98.8",0,0,0.473,0.527,30,32,31,33,1,0,10,1,6,1,"3.19","-0.54","-0.54","39.5",-3.993354859971537,4.117316492139569,33.69727834383054,42.07528241375945,25.06124964093336
"CU","2025-05-10","80.4","-0.64","5.93","Burnes, Corbin",605141,669203,,"called_strike",,,,,7,"Called Strike","R","R","R","AZ","LAD","S",,,1,1,2025,"0.76","-1.17","-0.35","1.85",,,660271,0,1,"Top",,,,,,,-0.8011866964209703,-117.10589814135193,-0.162740067417942,7.131957704192483,22.4846552994673,-43.088523275119044,"3.07","1.36",,,,"80.6",2752,"6.4",777975,672515,647304,606466,553993,672695,694374,677950,682998,"54.1",,,,,,,,2,3,"Curveball",0,0,0,0,0,0,0,0,"Standard","Standard",51,"0.007","-0.07",,,,"0.07",,0,0,0.466,0.534,30,32,31,33,1,0,10,1,6,1,"4.69","-0.76","-0.76","45.6",,,,,
"CU","2025-05-10","81.8","-0.69","5.83","Burnes, Corbin",605141,669203,,"blocked_ball",,,,,14,"Ball In Dirt","R","R","R","AZ","LAD","B",,,0,1,2025,"0.82","-0.52","2.17","0.42",,,660271,0,1,"Top",,,,,,,4.885063390518327,-119.02688442629217,-4.597484378462138,6.740619936455789,24.753006663710234,-36.36504905506758,"3.07","1.34",,,,"82",2830,"6.6",777975,672515,647304,606466,553993,672695,694374,677950,682998,"53.86",,,,,,,,2,2,"Curveball",0,0,0,0,0,0,0,0,"Standard","Standard",52,"-0.003","0.034",,,,"-0.034",,0,0,0.469,0.531,30,32,31,33,1,0,10,1,6,1,"3.95","-0.82","-0.82","47.6",,,,,
"FC","2025-05-10","94.6","-0.79","5.9","Burnes, Corbin",605141,669203,,"called_strike",,,,,5,"Called Strike","R","R","R","AZ","LAD","S",,,0,0,2025,"0.08","0.89","0.24","2.23",,,660271,0,1,"Top",,,,,,,2.4940998191753003,-137.70435934431615,-5.863799934215341,0.4746787908925067,32.03376473293488,-19.74850117141303,"3.18","1.47",,,,"94.8",2670,"6.5",777975,672515,647304,606466,553993,672695,694374,677950,682998,"53.99",,,,,,,,2,1,"Cutter",0,0,0,0,0,0,0,0,"Standard","Standard",182,"0.005","-0.043",,,,"0.043",,0,0,0.464,0.536,30,32,31,33,1,0,10,1,6,1,"1.67","-0.08","-0.08","40.6",,,,,
"FC","2025-05-10","94.9","-0.96","5.79","Burnes, Corbin",660271,669203,"single","hit_into_play",,,,,9,"Shohei Ohtani singles on a sharp ground ball to right fielder Corbin Carroll.","R","L","R","AZ","LAD","X",9,"ground_ball",1,0,2025,"0.14","1.02","0.41","1.87",,,,0,1,"Top",188.38,115.52,,,,,3.2980045948483734,-138.22866133546455,-6.975116694772389,1.190731555426766,28.26090166973697,-17.81380845972744,"3.48","1.58",85,"109.5",4,"95.7",2654,"6.5",777975,672515,647304,606466,553993,672695,694374,677950,682998,"53.97",0.603,0.55,"0.9",1,1,0,4,1,2,"Cutter",0,0,0,0,0,0,0,0,"Infield shade","Standard",192,"-0.032","0.396","80.1","8.5",0.673,"-0.396","109.5",0,0,0.496,0.504,30,30,31,31,1,0,10,1,6,1,"1.49","-0.14","0.14","39.2",19.5512783641471,-3.3589532515446727,43.48270420753915,35.12596102133206,28.76270142253939
"FC","2025-05-10","94.2","-1.05","5.84","Burnes, Corbin",660271,669203,,"ball",,,,,7,"Ball","R","L","R","AZ","LAD","B",,,0,0,2025,"0.27","1.13","-0.83","1.98",,,,0,1,"Top",,,,,,,-0.014821633375970478,-137.08498168108176,-6.886150771305074,3.3938026643415995,28.484580074597158,-16.625047528395577,"3.49","1.62",,,,"94.8",2628,"6.5",777975,672515,647304,606466,553993,672695,694374,677950,682998,"54.02",,,,,,,,1,1,"Cutter",0,0,0,0,0,0,0,0,"Infield shade","Standard",195,"-0.004","0.041",,,,"-0.041",,0,0,0.5,0.5,30,30,31,31,1,0,10,1,6,1,"1.43","-0.27","0.27","39.6",,,,,
,"2025-05-10",,,,"Burnes, Corbin",660271,669203,"intent_walk","automatic_ball",,,,,,"Corbin Burnes intentionally walks Shohei Ohtani.","R","L","R","AZ","LAD","B",,,3,0,2025,,,,,,808975,,2,3,"Top",,,,,,,,,,,,,,,,,,,,,777975,672515,647304,606466,553993,672695,694374,677950,682998,,,,"0.4",0,0,0,,19,4,,0,0,0,0,0,0,0,0,,,,"-0.005",,,,,,,0,0,0.511,0.489,30,30,31,31,2,1,10,1,6,1,,,,,,,,,
"SL","2025-04-30","85.9","-0.9","5.65","Burnes, Corbin",682668,669203,"strikeout","swinging_strike",,,,,14,"Luisangel Acuña strikes out swinging.","R","R","R","NYM","AZ","S",2,,1,2,2025,"0.51","-0.18","0.26","0.86",,,682626,2,6,"Bot",,,,,,,1.7162955247970746,-125.17583622390177,-4.805903975840462,5.064414630387967,23.9791141751813,-33.35431279186171,"3.23","1.54",,,,"86.8",2722,"6.7",778117,672515,647304,694374,553993,641658,666971,678489,682998,"53.82",,0,"0",1,0,0,,48,4,"Slider",1,0,1,0,0,1,1,0,"Standard","Standard",101,"-0.017","-0.183","66.6","7.7",,"0.183",,1,1,0.709,0.709,30,23,31,23,3,2,6,1,10,2,"3.25","-0.51","-0.51","38.4",8.534304798743058,7.682360847280635,31.35523016434111,36.59392279553573,30.521595055422086
"SL","2025-04-30","86.4","-0.9","5.59","Burnes, Corbin",682668,669203,,"blocked_ball",,,,,14,"Ball In Dirt","R","R","R","NYM","AZ","B",,,0,2,2025,"0.44","0.24","1.03","0.13",,,682626,2,6,"Bot",,,,,,,3.7193796564868653,-125.68088258581969,-7.283599611213389,3.8318094618050496,27.330291296900153,-28.25151096158172,"3.24","1.52",,,,"86.7",2892,"6.7",778117,672515,647304,694374,553993,641658,666971,678489,682998,"53.84",,,,,,,,48,3,"Slider",1,0,1,0,0,1,1,0,"Standard","Standard",91,"0.002","0.009",,,,"-0.009",,1,1,0.707,0.707,30,23,31,23,3,2,6,1,10,2,"2.83","-0.44","-0.44","39.5",,,,,
"SI","2025-04-30","94.2","-0.88","5.67","Burnes, Corbin",682668,669203,,"foul",,,,,11,"Foul","R","R","R","NYM","AZ","S",,,0,1,2025,"-1.5","0.74","-1.14","2.95",,,682626,2,6,"Bot",,,,,,,2.6958280892871835,-137.11506895603378,-2.9572544361550066,-19.462921001083583,32.89748475536047,-22.431705169236565,"3.23","1.54",119,"51.6",20,"94.5",2418,"6.7",778117,672515,647304,694374,553993,641658,666971,678489,682998,"53.84",,,,,,,,48,2,"Sinker",1,0,1,0,0,1,1,0,"Standard","Standard",200,"-0.005","-0.055","60.9","5.6",,"0.055","88.0",1,1,0.712,0.712,30,23,31,23,3,2,6,1,10,2,"1.85","1.5","1.5","40.5",-15.7323251899291,27.666703924811817,27.595260858489066,20.65211935274613,19.854535769216184
"FC","2025-04-30","93.1","-0.93","5.7","Burnes, Corbin",682668,669203,,"called_strike",,,,,1,"Called Strike","R","R","R","NYM","AZ","S",,,0,0,2025,"0.01","0.84","-0.74","2.85",,,682626,2,6,"Bot",,,,,,,0.47034112463512934,-135.60670669157375,-3.402304295029839,-0.016520112181156305,29.80197374747318,-21.340059277486027,"3.28","1.63",,,,"93.8",2564,"6.7",778117,672515,647304,694374,553993,641658,666971,678489,682998,"53.83",,,,,,,,48,1,"Cutter",1,0,1,0,0,1,1,0,"Standard","Standard",186,"-0.003","-0.042",,,,"0.042",,1,1,0.715,0.715,30,23,31,23,3,2,6,1,10,2,"1.79","-0.01","-0.01","37.2",,,,,
"FC","2025-04-30","94.7","-0.81","5.75","Burnes, Corbin",682626,669203,"walk","ball",,,,,14,"Francisco Alvarez walks.","R","R","R","NYM","AZ","B",,,3,2,2025,"-0.06","1.45","0.95","1.36",,,,2,6,"Bot",,,,,,,4.7448988673035934,-137.69610873553762,-9.067121575350672,-1.7777581187195708,30.35841503286987,-11.840370119493148,"3.12","1.43",,,,"95.2",2745,"6.6",778117,672515,647304,694374,553993,641658,666971,678489,682998,"53.87",,0.691497,"0.7",1,0,0,,47,6,"Cutter",1,0,1,0,0,1,1,0,"Standard","Standard",206,"0.01","0.259",,,,"-0.259",,1,1,0.705,0.705,30,23,31,24,3,2,6,1,10,2,"1.09","0.06","0.06","43.6",,,,,
"SI","2025-04-30","96.3","-0.91","5.61","Burnes, Corbin",682626,669203,,"ball",,,,,14,"Ball","R","R","R","NYM","AZ","B",,,2,2,2025,"-0.97","1.06","0.21","0.88",,,,2,6,"Bot",,,,,,,5.218816091631203,-139.90404667538212,-9.441681907140156,-13.848346570515822,30.6595120851816,-16.354973095087278,"3.27","1.52",,,,"97.1",2498,"6.8",778117,672515,647304,694374,553993,641658,666971,678489,682998,"53.75",,,,,,,,47,5,"Sinker",1,0,1,0,0,1,1,0,"Strategic","Standard",212,"0.003","0.104",,,,"-0.104",,1,1,0.702,0.702,30,23,31,24,3,2,6,1,10,2,"1.4","0.97","0.97","37.0",,,,,
"CU","2025-04-30","78.7","-0.64","5.82","Burnes, Corbin",682626,669203,,"ball",,,,,13,"Ball","R","R","R","NYM","AZ","B",,,1,2,2025,"0.83","-0.92","-0.57","0.45",,,,2,6,"Bot",,,,,,,-1.4016520188596981,-114.53017753059723,-3.0450073493812173,7.529416141923627,24.57198874179209,-39.74438130737762,"3.11","1.48",,,,"78.8",2796,"6.7",778117,672515,647304,694374,553993,641658,666971,678489,682998,"53.77",,,,,,,,47,4,"Curveball",1,0,1,0,0,1,1,0,"Strategic","Standard",49,"0.002","0.042",,,,"-0.042",,1,1,0.7,0.7,30,23,31,24,3,2,6,1,10,2,"4.65","-0.83","-0.83","46.4",,,,,
"FC","2025-04-30","94.2","-0.84","5.67","Burnes, Corbin",682626,669203,,"called_strike",,,,,9,"Called Strike","R","R","R","NYM","AZ","S",,,1,1,2025,"0.17","1.13","0.75","1.66",,,,2,6,"Bot",,,,,,,3.7802844845429324,-137.02857062036273,-7.275827811717357,1.238319121144995,31.047014604437752,-16.510817511033892,"3.2","1.48",,,,"94.8",2679,"6.7",778117,672515,647304,694374,553993,641658,666971,678489,682998,"53.76",,,,,,,,47,3,"Cutter",1,0,1,0,0,1,1,0,"Standard","Standard",197,"-0.002","-0.062",,,,"0.062",,1,1,0.702,0.702,30,23,31,24,3,2,6,1,10,2,"1.44","-0.17","-0.17","33.6",,,,,
"FC","2025-04-30","93.8","-0.8","5.76","Burnes, Corbin",682626,669203,,"swinging_strike",,,,,3,"Swinging Strike","R","R","R","NYM","AZ","S",,,1,0,2025,"0.11","1.14","0.55","2.87",,,,2,6,"Bot",,,,,,,3.2824353290223347,-136.60224687131816,-4.291778556501717,0.5988373874447049,31.05236142690927,-17.166622374577667,"3.26","1.52",,,,"94.2",2644,"6.6",778117,672515,647304,694374,553993,641658,666971,678489,682998,"53.93",,,,,,,,47,2,"Cutter",1,0,1,0,0,1,1,0,"Standard","Standard",199,"-0.002","-0.054","75.9","6.7",,"0.054",,1,1,0.704,0.704,30,23,31,24,3,2,6,1,10,2,"1.45","-0.11","-0.11","38.2",5.23842553669877,21.74521595939879,25.745884566421307,42.53874232268448,17.465029108993754
"SI","2025-04-30","95.9","-0.89","5.64","Burnes, Corbin",682626,669203,,"ball",,,,,14,"Ball","R","R","R","NYM","AZ","B",,,0,0,2025,"-1.32","1.25","0.42","0.34",,,,2,6,"Bot",,,,,,,6.464944978866006,-139.1129057979502,-11.207067333079738,-18.55067182948747,32.465156224410414,-13.51954356124114,"3.19","1.55",,,,"96",2527,"6.6",778117,672515,647304,694374,553993,641658,666971,678489,682998,"53.9",,,,,,,,47,1,"Sinker",1,0,1,0,0,1,1,0,"Standard","Standard",212,"0.001","0.037",,,,"-0.037",,1,1,0.703,0.703,30,23,31,24,3,2,6,1,10,2,"1.25","1.32","1.32","38.8",,,,,
"CH","2025-04-30","86.1","-0.94","5.37","Burnes, Corbin",643446,669203,"strikeout","swinging_strike",,,,,13,"Jeff McNeil strikes out swinging.","R","L","R","NYM","AZ","S",2,,2,2,2025,"-1.28","0.59","-0.91","2.04",,,,1,6,"Bot",,,,,,,2.695935692136639,-125.26701178296928,-2.7956398875446222,-13.908911684102403,28.701315866826995,-25.58335603467424,"3.53","1.69",,,,"86.4",2029,"6.8",778117,672515,647304,694374,553993,641658,666971,678489,682998,"53.68",,0,"0",1,0,0,,46,5,"Changeup",1,0,1,0,0,1,1,0,"Infield shade","Standard",224,"-0.014","-0.228","67.6","7.8",,"0.228",,1,1,0.717,0.717,30,33,31,33,3,2,6,2,10,1,"2.52","1.28","-1.28","40.5",16.201463885717885,-18.188683934664777,26.002124211095357,43.641264264010836,43.136271354311184
"FC","2025-04-30","93.4","-0.75","5.69","Burnes, Corbin",643446,669203,,"ball",,,,,14,"Ball","R","L","R","NYM","AZ","B",,,1,2,2025,"0.42","1.11","1.77","1.64",,,,1,6,"Bot",,,,,,,5.585927924387487,-135.84628946178105,-7.153752796188989,3.988619480747684,30.436106847778774,-17.053236745346332,"3.51","1.65",,,,"94",2611,"6.7",778117,672515,647304,694374,553993,641658,666971,678489,682998,"53.79",,,,,,,,46,4,"Cutter",1,0,1,0,0,1,1,0,"Infield shade","Standard",191,"0.002","0.048",,,,"-0.048",,1,1,0.715,0.715,30,33,31,33,3,2,6,2,10,1,"1.51","-0.42","0.42","37.6",,,,,
"CU","2025-04-30","79.1","-0.44","5.91","Burnes, Corbin",643446,669203,,"ball",,,,,14,"Ball","R","L","R","NYM","AZ","B",,,0,2,2025,"0.83","-1.15","0.1","-0.97",,,,1,6,"Bot",,,,,,,-0.37725951977696326,-115.05532197071847,-5.97267646776872,7.33373098273984,24.310188338746233,-41.26794310570751,"3.48","1.62",,,,"79",2769,"6.6",778117,672515,647304,694374,553993,641658,666971,678489,682998,"53.95",,,,,,,,46,3,"Curveball",1,0,1,0,0,1,1,0,"Infield shade","Standard",43,"0.002","0.017",,,,"-0.017",,1,1,0.713,0.713,30,33,31,33,3,2,6,2,10,1,"4.84","-0.83","0.83","46.4",,,,,
"CU","2025-04-30","78.7","-0.63","5.84","Burnes, Corbin",643446,669203,,"foul",,,,,8,"Foul","R","L","R","NYM","AZ","S",,,0,1,2025,"0.79","-0.63","-0.27","1.66",,,,1,6,"Bot",,,,,,,-0.6882162392625691,-114.56503885914162,-0.9682283441762407,7.04495292356324,24.398654930127115,-37.667444755254635,"3.53","1.69",12,"72.3",-8,"78.6",2693,"6.6",778117,672515,647304,694374,553993,641658,666971,678489,682998,"53.93",,,,,,,,46,2,"Curveball",1,0,1,0,0,1,1,0,"Standard","Standard",56,"-0.004","-0.052","75.5","8.3",,"0.052","88.0",1,1,0.717,0.717,30,33,31,33,3,2,6,2,10,1,"4.35","-0.79","0.79","46.8",17.084261107941646,-20.708908121138503,33.82861003579377,39.06969383418963,46.32480532381394
"FC","2025-04-30","93.3","-0.75","5.67","Burnes, Corbin",643446,669203,,"called_strike",,,,,7,"Called Strike","R","L","R","NYM","AZ","S",,,0,0,2025,"-0.14","1.46","-0.33","1.9",,,,1,6,"Bot",,,,,,,1.3946413792663062,-135.83939432227268,-7.190023605150347,-2.0598940103828007,29.471147266130483,-12.748943462444593,"3.6","1.76",,,,"93.8",2517,"6.5",778117,672515,647304,694374,553993,641658,666971,678489,682998,"53.99",,,,,,,,46,1,"Cutter",1,0,1,0,0,1,1,0,"Standard","Standard",199,"-0.002","-0.039",,,,"0.039",,1,1,0.719,0.719,30,33,31,33,3,2,6,2,10,1,"1.15","0.14","-0.14","37.6",,,,,
"FC","2025-04-30","92.1","-0.82","5.77","Burnes, Corbin",516782,669203,"field_out","hit_into_play",,,,,5,"Starling Marte pops out to shortstop Garrett Hampson.","R","R","R","NYM","AZ","X",6,"popup",1,0,2025,"0.07","1.17","-0.26","2.7",,,,0,6,"Bot",125.25,135.87,,,,,1.3001247768275668,-134.1162618177934,-4.50524646480754,0.5229033796734465,29.62137390071318,-17.355638610945604,"3.53","1.56",162,"85",59,"92.8",2527,"6.7",778117,672515,647304,694374,553993,641658,666971,678489,682998,"53.81",0.02,0.02,"0",1,0,0,3,45,2,"Cutter",1,0,1,0,0,1,1,0,"Standard","Standard",198,"-0.024","-0.301","78.5","7.6",0.026,"0.301","88.0",1,1,0.743,0.743,30,36,31,37,3,2,6,1,10,2,"1.52","-0.07","-0.07","39.3",11.511750054764311,-5.167766228460466,33.55586392654204,33.76503845628614,26.637521027554204
"FC","2025-04-30","92.4","-0.71","5.83","Burnes, Corbin",516782,669203,,"ball",,,,,14,"Ball","R","R","R","NYM","AZ","B",,,0,0,2025,"-0.07","1.42","0.83","0.82",,,,0,6,"Bot",,,,,,,4.1026628289913525,-134.23003995702297,-10.052932929727369,-1.6993281011320676,28.996459885730967,-13.052176668768292,"3.39","1.49",,,,"92.7",2527,"6.6",778117,672515,647304,694374,553993,641658,666971,678489,682998,"53.94",,,,,,,,45,1,"Cutter",1,0,1,0,0,1,1,0,"Standard","Standard",198,"0.003","0.041",,,,"-0.041",,1,1,0.74,0.74,30,36,31,37,3,2,6,1,10,2,"1.26","0.07","0.07","42.5",,,,,
"SI","2025-04-30","95.7","-0.8","5.67","Burnes, Corbin",668901,669203,"grounded_into_double_play","hit_into_play",,,,,8,"Mark Vientos grounds into a double play, shortstop Garrett Hampson to second baseman Tim Tawa to first baseman Josh Naylor. Pete Alonso out at 2nd. Mark Vientos out at 1st.","R","R","R","NYM","AZ","X",6,"ground_ball",3,2,2025,"-1.73","0.93","-0.25","2.08",,665742,624413,1,5,"Bot",109.27,151.7,,,,,5.388395654818001,-139.1049267893821,-5.887144934242036,-23.564389538391925,36.95471372072514,-18.881800383443544,"3.58","1.62",5,"81.6",-21,"95.6",2484,"6.7",778117,672515,647304,694374,553993,641658,666971,678489,682998,"53.8",0.056,0.045,"0",1,0,0,2,41,6,"Sinker",1,0,1,0,0,1,1,0,"Standard","Standard",201,"-0.092","-0.381","67.4","7.5",0.066,"0.381","88.0",1,1,0.752,0.752,30,25,31,26,3,2,6,1,10,1,"1.6","1.73","1.73","44.4",7.1781152344039025,11.47279389602673,35.76562441171028,33.85461447981115,19.57853719095663
"FC","2025-04-30","93.9","-0.75","5.8","Burnes, Corbin",668901,669203,,"foul",,,,,2,"Foul","R","R","R","NYM","AZ","S",,,3,1,2025,"-0.11","1.59","-0.11","2.99",,665742,624413,1,5,"Bot",,,,,,,1.9079657864929176,-136.64780095582233,-5.011402688485036,-1.878889241505313,34.446230723985785,-11.45106533701912,"3.58","1.62",60,"95.1",80,"93.9",2587,"6.6",778117,672515,647304,694374,553993,641658,666971,678489,682998,"53.9",,,,,,,,41,5,"Cutter",1,0,1,0,0,1,1,0,"Standard","Standard",197,"-0.013","-0.075","70.1","7.5",,"0.075","95.1",1,1,0.765,0.765,30,25,31,26,3,2,6,1,10,1,"1.03","0.11","0.11","40.2",20.791922564424066,2.1156133662148626,36.41654933338464,36.415759062426304,29.8021678763943
"FC","2025-04-30","93.8","-0.83","5.68","Burnes, Corbin",668901,669203,,"ball",,,,,14,"Ball","R","R","R","NYM","AZ","B",,,2,1,2025,"0.29","1.15","0.29","1.66",,665742,624413,1,5,"Bot",,,,,,,2.2572916643088945,-136.40745343522235,-7.160455491861447,3.064631078782642,33.71657263690346,-16.412003447892527,"3.58","1.83",,,,"93.6",2632,"6.5",778117,672515,647304,694374,553993,641658,666971,678489,682998,"53.98",,,,,,,,41,4,"Cutter",1,0,1,0,0,1,1,0,"Standard","Standard",201,"0.016","0.108",,,,"-0.108",,1,1,0.749,0.749,30,25,31,26,3,2,6,1,10,1,"1.47","-0.29","-0.29","36.9",,,,,
"SI","2025-04-30","93.6","-0.74","5.63","Burnes, Corbin",668901,669203,,"ball",,,,,14,"Ball","R","R","R","NYM","AZ","B",,,1,1,2025,"-1.15","0.91","1.03","0.85",,665742,624413,1,5,"Bot",,,,,,,7.1572069853317855,-135.74995801530662,-8.49566916458719,-15.877386150605235,35.89305448061165,-19.05171340546581,"3.55","1.72",,,,"93.1",2378,"6.7",778117,672515,647304,694374,553993,641658,666971,678489,682998,"53.84",,,,,,,,41,3,"Sinker",1,0,1,0,0,1,1,0,"Standard","Standard",208,"0.007","0.048",,,,"-0.048",,1,1,0.742,0.742,30,25,31,26,3,2,6,1,10,1,"1.75","1.15","1.15","35.8",,,,,
"SL","2025-04-30","83.7","-0.84","5.65","Burnes, Corbin",668901,669203,,"ball",,,,,14,"Ball","R","R","R","NYM","AZ","B",,,0,1,2025,"0.76","-0.13","0.73","1.54",,665742,624413,1,5,"Bot",,,,,,,2.1452408377119303,-121.7585350773647,-2.66896094038879,6.959773144504315,28.59528275429559,-33.104917962352474,"3.59","1.77",,,,"83.5",2744,"6.6",778117,672515,647304,694374,553993,641658,666971,678489,682998,"53.87",,,,,,,,41,2,"Slider",1,0,1,0,0,1,1,0,"Standard","Standard",99,"0.004","0.018",,,,"-0.018",,1,1,0.738,0.738,30,25,31,26,3,2,6,1,10,1,"3.44","-0.76","-0.76","39.6",,,,,
"SI","2025-04-30","93.7","-0.81","5.63","Burnes, Corbin",668901,669203,,"called_strike",,,,,9,"Called Strike","R","R","R","NYM","AZ","S",,,0,0,2025,"-1.12","0.92","0.55","1.92",,665742,624413,1,5,"Bot",,,,,,,6.0594755577190895,-136.18339159767584,-5.846159871870502,-15.290062176664385,33.96666855293206,-19.590085529441374,"3.67","1.71",,,,"93.9",2311,"6.8",778117,672515,647304,694374,553993,641658,666971,678489,682998,"53.7",,,,,,,,41,1,"Sinker",1,0,1,0,0,1,1,0,"Standard","Standard",205,"-0.006","-0.033",,,,"0.033",,1,1,0.744,0.744,30,25,31,26,3,2,6,1,10,1,"1.71","1.12","1.12","41.9",,,,,
"SI","2025-04-30","95.8","-0.73","5.72","Burnes, Corbin",624413,669203,"walk","blocked_ball",,,,,14,"Pete Alonso walks.","R","R","R","NYM","AZ","B",,,3,2,2025,"-1.34","0.86","0.1","0.34",,665742,,1,5,"Bot",,,,,,,5.229386205088138,-139.05720911034078,-10.519022360841886,-18.549854453826278,33.07388445168576,-18.762547294022678,"3.49","1.63",,,,"95.8",2576,"6.6",778117,672515,647304,694374,553993,641658,666971,678489,682998,"53.95",,0.691497,"0.7",1,0,0,,40,7,"Sinker",1,0,1,0,0,1,1,0,"Standard","Standard",207,"0.014","0.212",,,,"-0.212",,1,1,0.73,0.73,30,30,31,31,3,2,6,1,10,1,"1.65","1.34","1.34","36.1",,,,,
"CU","2025-04-30","78.1","-0.48","6.01","Burnes, Corbin",624413,669203,,"foul",,,,,13,"Foul","R","R","R","NYM","AZ","S",,,3,2,2025,"1.12","-1.32","-0.18","1.43",,,665742,1,5,"Bot",,,,,,,-1.428890509538466,-113.7128050247411,-0.4510949669042503,9.928255001397016,23.839656320767165,-43.68336212142161,"3.5","1.62",156,"62.1",44,"78.3",2778,"6.7",778117,672515,647304,694374,553993,641658,666971,678489,682998,"53.79",,,,,,,,40,6,"Curveball",1,0,1,0,0,1,1,0,"Standard","Standard",45,"0","0","71.1","7.8",,"0","88.0",1,1,0.715,0.715,30,30,31,31,3,2,6,1,10,1,"5.1","-1.12","-1.12","47.8",14.899084793951817,-32.887082964611835,37.06656981040788,32.31031909497873,52.15599649295688
"SI","2025-04-30","94.7","-0.85","5.69","Burnes, Corbin",624413,669203,,"blocked_ball",,,,,13,"Ball In Dirt","R","R","R","NYM","AZ","B",,,2,2,2025,"-1.08","1.15","-0.63","0.73",,,665742,1,5,"Bot",,,,,,,3.0106009666608013,-137.56877939465554,-9.855322126171119,-14.284608748560741,33.90099241634822,-15.483437178669405,"3.51","1.69",,,,"95.1",2512,"6.8",778117,672515,647304,694374,553993,641658,666971,678489,682998,"53.66",,,,,,,,40,5,"Sinker",1,0,1,0,0,1,1,0,"Standard","Standard",204,"0.008","0.098",,,,"-0.098",,1,1,0.707,0.707,30,30,31,31,3,2,6,1,10,1,"1.42","1.08","1.08","37.7",,,,,
"SI","2025-04-30","94.4","-0.72","5.74","Burnes, Corbin",624413,669203,,"foul",,,,,7,"Foul","R","R","R","NYM","AZ","S",,,2,1,2025,"-1.37","0.84","-0.38","1.84",,,665742,1,5,"Bot",,,,,,,3.955187250538481,-137.21790709387707,-6.267887178868837,-18.15650606644194,34.58910152719088,-20.297776327015477,"3.5","1.62",2,"74.8",-45,"94.3",2425,"6.6",778117,672515,647304,694374,553993,641658,666971,678489,682998,"53.87",,,,,,,,40,4,"Sinker",1,0,1,0,0,1,1,0,"Standard","Standard",207,"-0.006","-0.075","75.8","7.2",,"0.075","88.0",1,1,0.713,0.713,30,30,31,31,3,2,6,1,10,1,"1.75","1.37","1.37","37.0",8.512090348636162,2.483636342079364,36.872703416888186,30.25924234106478,26.701396099055025
"FC","2025-04-30","94.4","-0.75","5.76","Burnes, Corbin",624413,669203,,"ball",,,,,14,"Ball","R","R","R","NYM","AZ","B",,,1,1,2025,"0.15","1.19","0.95","1.49",,,665742,1,5,"Bot",,,,,,,4.1311789853417435,-137.1127872812515,-8.029204388283857,0.8658114019782571,34.7115300349173,-15.568865100440659,"3.52","1.67",,,,"94.5",2633,"6.8",778117,672515,647304,694374,553993,641658,666971,678489,682998,"53.72",,,,,,,,40,3,"Cutter",1,0,1,0,0,1,1,0,"Standard","Standard",197,"0.004","0.063",,,,"-0.063",,1,1,0.709,0.709,30,30,31,31,3,2,6,1,10,1,"1.41","-0.15","-0.15","46.6",,,,,
"CU","2025-04-30","79.8","-0.72","5.85","Burnes, Corbin",624413,669203,,"foul",,,,,8,"Foul","R","R","R","NYM","AZ","S",,,1,0,2025,"0.93","-0.9","0.01","1.74",,,665742,1,5,"Bot",,,,,,,-0.15382844795336187,-116.1709918126779,-0.5733497250652192,8.452507880610959,23.28391892548768,-40.3899991447433,"3.5","1.62",340,"96.8",32,"80.2",2679,"6.7",778117,672515,647304,694374,553993,641658,666971,678489,682998,"53.82",,,,,,,,40,2,"Curveball",1,0,1,0,0,1,1,0,"Standard","Standard",62,"-0.004","-0.056","71.7","8.0",,"0.056","96.8",1,1,0.713,0.713,30,30,31,31,3,2,6,1,10,1,"4.5","-0.93","-0.93","44.7",20.47057791292214,-21.742143026851373,31.37294338949748,36.30174874901882,45.2371940574904
"FC","2025-04-30","94.6","-0.79","5.7","Burnes, Corbin",624413,669203,,"blocked_ball",,,,,14,"Ball In Dirt","R","R","R","NYM","AZ","B",,,0,0,2025,"0.29","1.34","1.53","0.59",,,665742,1,5,"Bot",,,,,,,5.425188867520959,-137.26676169854102,-10.65307210233572,2.4701569432565917,31.094912570285832,-13.011164031680249,"3.53","1.68",,,,"95.1",2621,"6.8",778117,672515,647304,694374,553993,641658,666971,678489,682998,"53.73",,,,,,,,40,1,"Cutter",1,0,1,0,0,1,1,0,"Standard","Standard",211,"0.003","0.035",,,,"-0.035",,1,1,0.71,0.71,30,30,31,31,3,2,6,1,10,1,"1.22","-0.29","-0.29","37.8",,,,,
"CH","2025-04-30","87.2","-0.87","5.51","Burnes, Corbin",665742,669203,"force_out","hit_into_play",,,,,7,"Juan Soto grounds into a force out, pitcher Corbin Burnes to shortstop Garrett Hampson. Francisco Lindor out at 2nd. Juan Soto to 1st.","R","L","R","NYM","AZ","X",1,"ground_ball",0,1,2025,"-1.6","0.63","-0.69","2.02",,,596019,0,5,"Bot",126.48,185.63,,,,,3.767797368538453,-126.87815963460582,-3.4723251499609917,-17.96068774970238,29.834232825627115,-24.869384373114755,"3.19","1.54",1,"56.8",-59,"87.4",2108,"6.7",778117,672515,647304,694374,553993,641658,666971,678489,682998,"53.76",0.261,0.233,"0",1,0,0,1,39,2,"Changeup",1,0,1,0,0,1,1,0,"Infield shade","Standard",226,"-0.026","-0.293","75.9","7.0",0.274,"0.293","88.0",1,1,0.736,0.736,30,26,31,27,3,2,6,1,10,1,"2.41","1.6","-1.6","35.6",3.9125925196095186,14.094451702813354,31.94282966222443,46.71015562959904,18.962609936721126
"FC","2025-04-30","93.1","-0.88","5.72","Burnes, Corbin",665742,669203,,"called_strike",,,,,9,"Called Strike","R","L","R","NYM","AZ","S",,,0,0,2025,"0.31","1.01","0.52","1.58",,,596019,0,5,"Bot",,,,,,,2.919280102698589,-135.28842853558058,-7.0123948757651435,3.015406530022406,34.26033458427889,-18.353369630294814,"3.26","1.52",,,,"93",2545,"6.7",778117,672515,647304,694374,553993,641658,666971,678489,682998,"53.84",,,,,,,,39,1,"Cutter",1,0,1,0,0,1,1,0,"Infield shade","Standard",201,"-0.005","-0.043",,,,"0.043",,1,1,0.741,0.741,30,26,31,27,3,2,6,1,10,1,"1.66","-0.31","0.31","37.8",,,,,
"FC","2025-04-30","92.2","-0.77","5.69","Burnes, Corbin",596019,669203,"single","hit_into_play",,,,,5,"Francisco Lindor singles on a ground ball to right fielder Corbin Carroll.","R","L","R","NYM","AZ","X",9,"ground_ball",2,1,2025,"0.19","1.42","-0.05","2.39",,,,0,5,"Bot",155.87,152.7,,,,,1.4511385019566203,-134.19108516060084,-5.651878680751144,1.91301371194254,30.829325871126784,-14.020745457934492,"3.37","1.55",78,"102",4,"92.6",2594,"6.6",778117,672515,647304,694374,553993,641658,666971,678489,682998,"53.86",0.554,0.505,"0.9",1,1,0,4,38,4,"Cutter",1,0,1,0,0,1,1,0,"Standard","Standard",198,"0.03","0.392",,,0.618,"-0.392","102.0",1,1,0.711,0.711,30,31,31,32,3,2,6,1,10,1,"1.27","-0.19","0.19","36.0",,,,,
"FC","2025-04-30","92.9","-0.99","5.7","Burnes, Corbin",596019,669203,,"called_strike",,,,,4,"Called Strike","R","L","R","NYM","AZ","S",,,2,0,2025,"0.07","1.51","-0.59","2.45",,,,0,5,"Bot",,,,,,,0.900225646535351,-135.1352810321753,-5.85631463532211,0.6471300567866781,30.685531695685953,-12.612143681196056,"3.2","1.44",,,,"93.4",2652,"6.7",778117,672515,647304,694374,553993,641658,666971,678489,682998,"53.83",,,,,,,,38,3,"Cutter",1,0,1,0,0,1,1,0,"Standard","Standard",201,"-0.007","-0.072",,,,"0.072",,1,1,0.718,0.718,30,31,31,32,3,2,6,1,10,1,"1.14","-0.07","0.07","36.9",,,,,
"FC","2025-04-30","92.1","-0.86","5.74","Burnes, Corbin",596019,669203,,"ball",,,,,14,"Ball","R","L","R","NYM","AZ","B",,,1,0,2025,"0.28","1.46","0.98","1.04",,,,0,5,"Bot",,,,,,,4.083440838203898,-133.7643993939079,-9.279145512976392,2.4841974982672643,29.118741196363384,-12.833871377644506,"3.26","1.43",,,,"92.6",2516,"6.7",778117,672515,647304,694374,553993,641658,666971,678489,682998,"53.8",,,,,,,,38,2,"Cutter",1,0,1,0,0,1,1,0,"Standard","Standard",203,"0.007","0.077",,,,"-0.077",,1,1,0.711,0.711,30,31,31,32,3,2,6,1,10,1,"1.24","-0.28","0.28","36.4",,,,,
"CU","2025-04-30","76.4","-0.7","5.9","Burnes, Corbin",596019,669203,,"ball",,,,,13,"Ball","R","L","R","NYM","AZ","B",,,0,0,2025,"0.92","-1.15","-0.34","1.04",,,,0,5,"Bot",,,,,,,-0.9013966445273932,-111.16566990371264,-0.9836543299679901,7.720848598885775,24.061550516791282,-41.63607905737694,"3.24","1.45",,,,"76",2605,"6.5",778117,672515,647304,694374,553993,641658,666971,678489,682998,"54.01",,,,,,,,38,1,"Curveball",1,0,1,0,0,1,1,0,"Standard","Standard",49,"0.003","0.041",,,,"-0.041",,1,1,0.708,0.708,30,31,31,32,3,2,6,1,10,1,"5.13","-0.92","0.92","44.7",,,,,
"FC","2025-04-30","92.2","-0.87","5.74","Burnes, Corbin",621438,669203,"field_out","hit_into_play",,,,,6,"Tyrone Taylor flies out to right fielder Corbin Carroll.","R","R","R","NYM","AZ","X",9,"fly_ball",1,0,2025,"0.13","0.92","0.28","2.58",,,682668,2,4,"Bot",168.82,128.95,,,,,2.65130227933395,-134.19634766405179,-4.1639651745453765,0.9424813101663585,32.61920231153541,-20.35075264471051,"3.62","1.69",206,"85.7",56,"92.4",2595,"6.7",778117,672515,647304,694374,553993,641658,666971,678489,682998,"53.83",0.018,0.017,"0",1,0,0,3,34,2,"Cutter",1,0,1,0,0,1,1,0,"Standard","Standard",188,"-0.024","-0.305","71.9","7.5",0.021,"0.305","88.0",1,1,0.662,0.662,30,31,31,31,2,1,6,1,10,1,"1.78","-0.13","-0.13","38.1",3.7005943469722338,-3.9871773027906343,33.01800597565641,36.67518090037921,31.43155952804925
"FC","2025-04-30","92","-0.97","5.71","Burnes, Corbin",621438,669203,,"ball",,,,,14,"Ball","R","R","R","NYM","AZ","B",,,0,0,2025,"0.2","0.9","1.03","1.93",,,682668,2,4,"Bot",,,,,,,4.649265234914147,-133.83672243453384,-5.658594455324747,1.2498220678452403,31.72248318504821,-20.279222090699164,"3.57","1.6",,,,"92.1",2513,"6.6",778117,672515,647304,694374,553993,641658,666971,678489,682998,"53.91",,,,,,,,34,1,"Cutter",1,0,1,0,0,1,1,0,"Standard","Standard",195,"0.002","0.035",,,,"-0.035",,1,1,0.66,0.66,30,31,31,31,2,1,6,1,10,1,"1.81","-0.2","-0.2","37.0",,,,,
"FC","2025-04-30","91.3","-0.85","5.69","Burnes, Corbin",682668,669203,"force_out","hit_into_play",,,,,9,"Luisangel Acuña grounds into a force out, second baseman Tim Tawa to shortstop Garrett Hampson. Jeff McNeil out at 2nd. Luisangel Acuña to 1st.","R","R","R","NYM","AZ","X",4,"ground_ball",0,0,2025,"0","1.16","0.77","1.5",,,643446,1,4,"Bot",146.24,152.19,,,,,4.129443188333042,-132.69653205565373,-7.184936365747083,-0.9918906297776012,30.0910184566363,-17.106958312474358,"3.23","1.54",5,"75.4",-17,"91.9",2545,"6.8",778117,672515,647304,694374,553993,641658,666971,678489,682998,"53.67",0.063,0.077,"0",1,0,0,2,33,1,"Cutter",1,0,1,0,0,1,1,0,"Standard","Standard",200,"-0.027","-0.318","77.0","7.9",0.073,"0.318","88.0",1,1,0.687,0.687,30,23,31,23,2,1,6,1,10,2,"1.59","0","0","37.2",2.4629973529044498,11.504245153582431,30.807096436551177,43.54988384629269,21.47834965347571
"SL","2025-04-30","84.7","-0.91","5.66","Burnes, Corbin",682626,669203,"field_out","hit_into_play",,,,,4,"Francisco Alvarez flies out to center fielder Jorge Barrosa.","R","R","R","NYM","AZ","X",8,"fly_ball",0,1,2025,"0.5","0.17","-0.3","2.43",,,643446,0,4,"Bot",109.76,76.18,,,,,0.43901444150687025,-123.23971281118884,-1.4432311967788076,4.912963428306917,28.57334610545768,-30.336470472741635,"3.26","1.52",350,"97.5",40,"84.7",2653,"6.7",778117,672515,647304,694374,553993,641658,666971,678489,682998,"53.81",0.073,0.134,"0",1,0,0,3,32,2,"Slider",1,0,1,0,0,1,1,0,"Standard","Standard",134,"-0.026","-0.199","75.9","7.5",0.263,"0.199","97.5",1,1,0.713,0.713,30,23,31,24,2,1,6,1,10,2,"3.05","-0.5","-0.5","36.7",15.4180013197642,-12.236535552009643,30.660154992020228,30.54280329876476,35.7591127686775
"FC","2025-04-30","92.4","-0.88","5.68","Burnes, Corbin",682626,669203,,"swinging_strike",,,,,9,"Swinging Strike","R","R","R","NYM","AZ","S",,,0,0,2025,"0.36","1.2","0.56","1.95",,,643446,0,4,"Bot",,,,,,,2.884905704210084,-134.37065817773146,-6.265371595159943,3.6654791507773044,32.37863565184342,-16.515832013163745,"3.26","1.52",,,,"92.5",2542,"6.7",778117,672515,647304,694374,553993,641658,666971,678489,682998,"53.83",,,,,,,,32,1,"Cutter",1,0,1,0,0,1,1,0,"Standard","Standard",192,"-0.005","-0.043","68.7","7.7",,"0.043",,1,1,0.718,0.718,30,23,31,24,2,1,6,1,10,2,"1.5","-0.36","-0.36","43.1",16.70118690089336,-3.6023821029334524,37.70064218354319,41.56760948807852,35.06681940265389
"FC","2025-04-30","91.6","-0.89","5.65","Burnes, Corbin",643446,669203,"walk","ball",,,,,14,"Jeff McNeil walks.","R","L","R","NYM","AZ","B",,,3,1,2025,"0.38","1.34","0.32","1.03",,,,0,4,"Bot",,,,,,,2.2353858810973106,-133.14537507085637,-8.668868952078354,3.938358759020585,31.64739671821082,-14.565593711909665,"3.47","1.77",,,,"91.7",2530,"6.6",778117,672515,647304,694374,553993,641658,666971,678489,682998,"53.86",,0.691497,"0.7",1,0,0,,31,5,"Cutter",1,0,1,0,0,1,1,0,"Infield shade","Standard",198,"0.02","0.262",,,,"-0.262",,1,1,0.698,0.698,30,33,31,33,2,1,6,2,10,1,"1.41","-0.38","0.38","34.5",,,,,
"FC","2025-04-30","92.6","-0.84","5.62","Burnes, Corbin",643446,669203,,"ball",,,,,14,"Ball","R","L","R","NYM","AZ","B",,,2,1,2025,"0.06","1.33","2.05","1.85",,,,0,4,"Bot",,,,,,,7.296940291932805,-134.4704862533632,-6.653654032792857,-1.1531703440395273,34.13985241846638,-14.808991020179516,"3.55","1.82",,,,"92.4",2590,"6.7",778117,672515,647304,694374,553993,641658,666971,678489,682998,"53.83",,,,,,,,31,4,"Cutter",1,0,1,0,0,1,1,0,"Infield shade","Standard",207,"0.01","0.134",,,,"-0.134",,1,1,0.688,0.688,30,33,31,33,2,1,6,2,10,1,"1.38","-0.06","0.06","34.0",,,,,
"FC","2025-04-30","91.8","-0.9","5.69","Burnes, Corbin",643446,669203,,"ball",,,,,14,"Ball","R","L","R","NYM","AZ","B",,,1,1,2025,"0.35","1.16","1.48","1.77",,,,0,4,"Bot",,,,,,,5.304862368017422,-133.4877097824379,-6.554560221794344,2.9189371923107266,30.538420704391424,-17.12898624439407,"3.52","1.66",,,,"92.2",2548,"6.7",778117,672515,647304,694374,553993,641658,666971,678489,682998,"53.8",,,,,,,,31,3,"Cutter",1,0,1,0,0,1,1,0,"Infield shade","Standard",202,"0.004","0.055",,,,"-0.055",,1,1,0.684,0.684,30,33,31,33,2,1,6,2,10,1,"1.57","-0.35","0.35","35.3",,,,,
"CU","2025-04-30","78.1","-0.77","5.87","Burnes, Corbin",643446,669203,,"ball",,,,,14,"Ball","R","L","R","NYM","AZ","B",,,0,1,2025,"0.73","-0.75","0.38","-0.03",,,,0,4,"Bot",,,,,,,1.12105488893558,-113.55117509075308,-4.295767777000482,5.969722713742617,25.444676883396667,-37.87537341870619,"3.5","1.55",,,,"77.7",2671,"6.6",778117,672515,647304,694374,553993,641658,666971,678489,682998,"53.92",,,,,,,,31,2,"Curveball",1,0,1,0,0,1,1,0,"Standard","Standard",62,"0.002","0.031",,,,"-0.031",,1,1,0.682,0.682,30,33,31,33,2,1,6,2,10,1,"4.57","-0.73","0.73","44.3",,,,,
"FC","2025-04-30","89.6","-1.01","5.73","Burnes, Corbin",643446,669203,,"called_strike",,,,,4,"Called Strike","R","L","R","NYM","AZ","S",,,0,0,2025,"0.34","1.04","-0.29","2.27",,,,0,4,"Bot",,,,,,,1.064635059330421,-130.27712822035178,-4.647150772353424,3.575816841842095,32.46213238037754,-19.59219432696089,"3.51","1.59",,,,"89.4",2479,"6.6",778117,672515,647304,694374,553993,641658,666971,678489,682998,"53.86",,,,,,,,31,1,"Cutter",1,0,1,0,0,1,1,0,"Standard","Standard",188,"-0.003","-0.039",,,,"0.039",,1,1,0.685,0.685,30,33,31,33,2,1,6,2,10,1,"1.85","-0.34","0.34","36.1",,,,,
"FC","2025-04-30","93.1","-0.63","5.85","Burnes, Corbin",516782,669203,"field_out","hit_into_play",,,,,9,"Starling Marte grounds out, shortstop Garrett Hampson to first baseman Josh Naylor.","R","R","R","NYM","AZ","X",6,"ground_ball",1,1,2025,"0.24","0.94","0.58","2.01",,,,2,3,"Bot",116.23,148.8,,,,,2.5971158699234054,-135.340080778837,-6.065438406116099,2.242304272794394,34.70347157439412,-19.469699325413064,"3.53","1.56",51,"71.9",4,"92.7",2695,"6.5",778117,672515,647304,694374,553993,641658,666971,678489,682998,"53.97",0.162,0.171,"0",1,0,0,2,25,3,"Cutter",1,0,1,0,0,1,1,0,"Standard","Standard",191,"-0.009","-0.244","75.5","8.2",0.164,"0.244","88.0",1,1,0.632,0.632,30,36,31,37,2,1,6,1,10,2,"1.73","-0.24","-0.24","40.6",19.98147830831523,-11.723812276178995,35.1365321532668,42.250254962336456,32.57552630539911
"SL","2025-04-30","86.1","-0.91","5.65","Burnes, Corbin",516782,669203,,"ball",,,,,14,"Ball","R","R","R","NYM","AZ","B",,,0,1,2025,"0.45","0.19","0.24","1.19",,,,2,3,"Bot",,,,,,,1.8349247781818463,-125.33066831763699,-4.7124308460422695,4.330913853612661,27.622499892889262,-29.38213523668844,"3.44","1.61",,,,"86.2",2803,"6.6",778117,672515,647304,694374,553993,641658,666971,678489,682998,"53.94",,,,,,,,25,2,"Slider",1,0,1,0,0,1,1,0,"Standard","Standard",118,"0","0.027",,,,"-0.027",,1,1,0.632,0.632,30,36,31,37,2,1,6,1,10,2,"2.91","-0.45","-0.45","39.3",,,,,
"FC","2025-04-30","92.7","-0.67","5.78","Burnes, Corbin",516782,669203,,"swinging_strike",,,,,14,"Swinging Strike","R","R","R","NYM","AZ","S",,,0,0,2025,"0.28","0.95","0.89","1.55",,,,2,3,"Bot",,,,,,,3.3837356584806373,-134.81669350620473,-7.075991170823332,2.639473182246431,31.780800362818734,-19.195248230845337,"3.53","1.56",,,,"92.7",2691,"6.5",778117,672515,647304,694374,553993,641658,666971,678489,682998,"53.97",,,,,,,,25,1,"Cutter",1,0,1,0,0,1,1,0,"Standard","Standard",194,"-0.001","-0.043","74.1","8.4",,"0.043",,1,1,0.633,0.633,30,36,31,37,2,1,6,1,10,2,"1.72","-0.28","-0.28","40.5",18.35112236971393,-3.980413428450609,37.87345776972911,46.40755888201657,28.171054256193525
"FC","2025-04-30","93.8","-0.78","5.84","Burnes, Corbin",668901,669203,"home_run","hit_into_play",,,,,5,"Mark Vientos homers (4) on a fly ball to left field.","R","R","R","NYM","AZ","X",,"fly_ball",1,0,2025,"0.13","0.98","0.07","2.93",,,,2,3,"Bot",34.94,78.96,,,,,1.916675538066175,-136.54596677248043,-3.9816314470397725,1.1951136533060063,30.617655742360647,-19.290175050853033,"3.58","1.62",371,"99.2",30,"94.3",2697,"6.6",778117,672515,647304,694374,553993,641658,666971,678489,682998,"53.88",0.431,0.8408124999999997,"2",1,0,3,6,24,2,"Cutter",0,0,0,0,0,1,1,0,"Strategic","Standard",191,"0.12","2.559","76.2","7.7",1.6400625000000004,"-2.559","99.2",0,0,0.513,0.513,30,25,31,26,2,1,6,1,10,1,"1.62","-0.13","-0.13","41.4",32.51158647664558,-0.44305823499855723,31.117441565882846,38.26463343214347,37.05966370821373
"FC","2025-04-30","93.5","-0.67","5.79","Burnes, Corbin",668901,669203,,"ball",,,,,14,"Ball","R","R","R","NYM","AZ","B",,,0,0,2025,"0.23","0.96","0.43","0.88",,,,2,3,"Bot",,,,,,,2.350749554747564,-135.92177195124881,-9.08158158603871,2.3709879228854907,28.74713526790036,-18.57724756906649,"3.49","1.59",,,,"94.3",2761,"6.7",778117,672515,647304,694374,553993,641658,666971,678489,682998,"53.76",,,,,,,,24,1,"Cutter",0,0,0,0,0,0,0,0,"Standard","Standard",188,"0.001","0.037",,,,"-0.037",,0,0,0.512,0.512,30,25,31,26,2,1,6,1,10,1,"1.65","-0.23","-0.23","44.6",,,,,
"FC","2025-04-30","94.5","-0.7","5.92","Burnes, Corbin",624413,669203,"field_out","hit_into_play",,,,,5,"Pete Alonso grounds out sharply, shortstop Garrett Hampson to first baseman Josh Naylor.","R","R","R","NYM","AZ","X",6,"ground_ball",2,2,2025,"0.29","1.02","0.22","2.59",,,,1,3,"Bot",110.67,150.71,,,,,1.7871162583322038,-137.64459704511162,-5.323828725411046,3.271433126270473,28.56135921602265,-18.28955260461133,"3.5","1.62",32,"107.4",-3,"95.2",2548,"6.5",778117,672515,647304,694374,553993,641658,666971,678489,682998,"53.98",0.425,0.383,"0",1,0,0,4,23,5,"Cutter",0,0,0,0,0,0,0,0,"Standard","Standard",194,"-0.016","-0.228","75.0","6.6",0.453,"0.228","107.4",0,0,0.528,0.528,30,30,31,31,2,1,6,1,10,1,"1.52","-0.29","-0.29","44.0",10.158587565700165,8.542810391652468,32.79523136452907,36.17233986901028,25.353268879275678
"FC","2025-04-30","93.1","-0.8","5.76","Burnes, Corbin",624413,669203,,"swinging_strike",,,,,5,"Swinging Strike","R","R","R","NYM","AZ","S",,,2,1,2025,"0.47","0.99","-0.04","2.45",,,,1,3,"Bot",,,,,,,0.9132914442289591,-135.73527897183524,-5.054427784265642,5.767175384355169,24.967606942344286,-18.997293061417533,"3.5","1.62",,,,"94.3",2690,"6.5",778117,672515,647304,694374,553993,641658,666971,678489,682998,"53.96",,,,,,,,23,4,"Cutter",0,0,0,0,0,0,0,0,"Standard","Standard",182,"-0.005","-0.07","82.1","7.1",,"0.07",,0,0,0.533,0.533,30,30,31,31,2,1,6,1,10,1,"1.59","-0.47","-0.47","40.9",12.679691439414132,-3.8158574694829035,36.867922419717104,35.607884904670314,30.755078615611286
"SL","2025-04-30","86.7","-0.86","5.76","Burnes, Corbin",624413,669203,,"ball",,,,,14,"Ball","R","R","R","NYM","AZ","B",,,1,1,2025,"0.69","0.08","1.3","1.56",,,,1,3,"Bot",,,,,,,3.804058442596156,-126.32829038548579,-4.086890544702844,6.6406845751999315,24.488229944463363,-30.68622381170533,"3.5","1.67",,,,"87.4",2857,"6.6",778117,672515,647304,694374,553993,641658,666971,678489,682998,"53.93",,,,,,,,23,3,"Slider",0,0,0,0,0,0,0,0,"Standard","Standard",111,"0.004","0.055",,,,"-0.055",,0,0,0.529,0.529,30,30,31,31,2,1,6,1,10,1,"2.93","-0.69","-0.69","40.2",,,,,
"FC","2025-04-30","93.5","-0.76","5.79","Burnes, Corbin",624413,669203,,"called_strike",,,,,2,"Called Strike","R","R","R","NYM","AZ","S",,,1,0,2025,"0.19","1.11","-0.06","3.1",,,,1,3,"Bot",,,,,,,1.3910496245961745,-136.17080193727992,-3.640998010871998,2.0277362734271853,31.712448164821534,-17.80210901145104,"3.38","1.61",,,,"94",2545,"6.7",778117,672515,647304,694374,553993,641658,666971,678489,682998,"53.85",,,,,,,,23,2,"Cutter",0,0,0,0,0,0,0,0,"Standard","Standard",191,"-0.004","-0.049",,,,"0.049",,0,0,0.533,0.533,30,30,31,31,2,1,6,1,10,1,"1.51","-0.19","-0.19","38.4",,,,,
"FC","2025-04-30","93.8","-0.69","5.84","Burnes, Corbin",624413,669203,,"ball",,,,,14,"Ball","R","R","R","NYM","AZ","B",,,0,0,2025,"0.14","0.92","0.49","1.31",,,,1,3,"Bot",,,,,,,2.771949106325844,-136.4821687882334,-8.078580048742397,1.1609106717389277,29.651915801485696,-19.05441820699651,"3.45","1.59",,,,"94.4",2540,"6.6",778117,672515,647304,694374,553993,641658,666971,678489,682998,"53.87",,,,,,,,23,1,"Cutter",0,0,0,0,0,0,0,0,"Standard","Standard",192,"0.003","0.039",,,,"-0.039",,0,0,0.53,0.53,30,30,31,31,2,1,6,1,10,1,"1.66","-0.14","-0.14","39.9",,,,,
"CU","2025-04-30","78.2","-0.52","5.96","Burnes, Corbin",665742,669203,"field_out","hit_into_play",,,,,5,"Juan Soto flies out to left fielder Lourdes Gurriel Jr.","R","L","R","NYM","AZ","X",7,"fly_ball",2,1,2025,"0.9","-0.94","-0.07","2.43",,,,0,3,"Bot",68.44,80.19,,,,,-0.7002340187205601,-113.86681105900526,1.0178868342299054,7.9015743207090665,21.758115382993477,-40.7864376302631,"3.19","1.54",327,"98.9",35,"78.6",2797,"6.6",778117,672515,647304,694374,553993,641658,666971,678489,682998,"53.9",0.30749999999999994,0.60625,"0",1,0,0,5,22,4,"Curveball",0,0,0,0,0,0,0,0,"Infield shade","Standard",53,"-0.029","-0.305","77.6","7.1",1.1908125,"0.305","98.9",0,0,0.559,0.559,30,26,31,27,2,1,6,1,10,1,"4.68","-0.9","0.9","48.8",7.5054783666861145,4.316259850073844,27.782021971632748,39.61528311899083,25.038241780699224
"FC","2025-04-30","92","-0.83","5.77","Burnes, Corbin",665742,669203,,"called_strike",,,,,4,"Called Strike","R","L","R","NYM","AZ","S",,,2,0,2025,"0.26","1.25","-0.28","2.29",,,,0,3,"Bot",,,,,,,0.8311528546059012,-134.01119739742043,-5.794425770379798,2.9687443354736156,27.108254891331626,-16.07371413550438,"3.16","1.57",,,,"93.1",2669,"6.7",778117,672515,647304,694374,553993,641658,666971,678489,682998,"53.79",,,,,,,,22,3,"Cutter",0,0,0,0,0,0,0,0,"Infield shade","Standard",183,"-0.008","-0.072",,,,"0.072",,0,0,0.567,0.567,30,26,31,27,2,1,6,1,10,1,"1.42","-0.26","0.26","38.9",,,,,
"FC","2025-04-30","92.5","-0.92","5.8","Burnes, Corbin",665742,669203,,"ball",,,,,11,"Ball","R","L","R","NYM","AZ","B",,,1,0,2025,"-0.08","1.28","-1.05","2.69",,,,0,3,"Bot",,,,,,,-0.16832647411678878,-134.6731553544134,-4.944245652307825,-0.8912918795882161,29.289001253882375,-15.694583698627993,"3.23","1.54",,,,"93",2560,"6.6",778117,672515,647304,694374,553993,641658,666971,678489,682998,"53.91",,,,,,,,22,2,"Cutter",0,0,0,0,0,0,0,0,"Infield shade","Standard",190,"0.008","0.077",,,,"-0.077",,0,0,0.559,0.559,30,26,31,27,2,1,6,1,10,1,"1.38","0.08","-0.08","38.7",,,,,
"FC","2025-04-30","93.4","-0.81","5.8","Burnes, Corbin",665742,669203,,"ball",,,,,14,"Ball","R","L","R","NYM","AZ","B",,,0,0,2025,"0.04","1.38","0.68","0.44",,,,0,3,"Bot",,,,,,,3.758090461582859,-135.63261912817322,-11.090857761170158,-0.3396599033485128,31.208744164767776,-12.88010560292057,"3.3","1.64",,,,"93.6",2679,"6.7",778117,672515,647304,694374,553993,641658,666971,678489,682998,"53.85",,,,,,,,22,1,"Cutter",0,0,0,0,0,0,0,0,"Infield shade","Standard",199,"0.004","0.041",,,,"-0.041",,0,0,0.555,0.555,30,26,31,27,2,1,6,1,10,1,"1.26","-0.04","0.04","40.9",,,,,
"CH","2025-04-30","89.8","-0.76","5.62","Burnes, Corbin",596019,669203,"field_out","hit_into_play",,,,,7,"Francisco Lindor grounds out, pitcher Corbin Burnes to first baseman Josh Naylor.","R","L","R","NYM","AZ","X",1,"ground_ball",1,2,2025,"-1.43","0.63","-0.67","1.47",,,621438,2,2,"Bot",134.08,190.7,,,,,3.295681165115923,-130.6080587577985,-5.614628047213882,-16.9662221269838,29.64643950765583,-23.99041479639365,"3.37","1.55",1,"60.2",-69,"90.4",2229,"6.9",778117,672515,647304,694374,553993,641658,666971,678489,682998,"53.64",0.289,0.272,"0",1,0,0,2,17,5,"Changeup",0,0,0,0,0,0,0,0,"Infield shade","Standard",220,"-0.018","-0.183","63.4","7.7",0.313,"0.183","88.0",0,0,0.518,0.518,30,31,31,32,2,1,6,1,10,1,"2.22","1.43","-1.43","38.3",20.225649114529237,-1.6567019516166968,30.260846473871542,43.318202071092855,31.249318481821792
"CU","2025-04-30","80.7","-0.38","5.92","Burnes, Corbin",596019,669203,,"foul",,,,,14,"Foul","R","L","R","NYM","AZ","S",,,1,2,2025,"0.85","-0.77","0.59","1.21",,,621438,2,2,"Bot",,,,,,,0.5360859305561412,-117.40989895146296,-2.21484556977795,7.5789702922359306,27.00242258142492,-38.95102918711252,"3.37","1.55",5,"96",-15,"80.3",2841,"6.5",778117,672515,647304,694374,553993,641658,666971,678489,682998,"53.96",,,,,,,,17,4,"Curveball",0,0,0,0,0,0,0,0,"Infield shade","Standard",40,"0","0","72.7","8.1",,"0","96.0",0,0,0.518,0.518,30,31,31,32,2,1,6,1,10,1,"4.34","-0.85","0.85","49.2",31.61939136112079,-13.961720893555682,39.41154988418529,29.79376491817807,38.419449719499454
"CH","2025-04-30","88.3","-0.74","5.67","Burnes, Corbin",596019,669203,,"foul",,,,,4,"Foul","R","L","R","NYM","AZ","S",,,1,1,2025,"-1.58","0.61","-0.59","2.57",,,621438,2,2,"Bot",,,,,,,3.6941476604441443,-128.43886723209388,-2.7095415167915635,-18.19542040453405,28.58289783364134,-25.033245700298988,"3.37","1.55",220,"85.7",56,"88.8",2153,"6.8",778117,672515,647304,694374,553993,641658,666971,678489,682998,"53.73",,,,,,,,17,3,"Changeup",0,0,0,0,0,0,0,0,"Standard","Standard",219,"-0.005","-0.073","68.0","6.9",,"0.073","88.0",0,0,0.523,0.523,30,31,31,32,2,1,6,1,10,1,"2.33","1.58","-1.58","44.7",12.526846870862391,14.888651102791236,30.7931859944633,42.82234009183823,24.64563335185941
"CH","2025-04-30","87.6","-0.81","5.61","Burnes, Corbin",596019,669203,,"ball",,,,,13,"Ball","R","L","R","NYM","AZ","B",,,0,1,2025,"-1.6","0.6","-1.88","1.8",,,621438,2,2,"Bot",,,,,,,0.7310172848975348,-127.5742751584884,-4.306361184550699,-17.516819437202315,28.487171213404984,-24.905673588246454,"3.21","1.38",,,,"88.1",2122,"6.8",778117,672515,647304,694374,553993,641658,666971,678489,682998,"53.74",,,,,,,,17,2,"Changeup",0,0,0,0,0,0,0,0,"Standard","Standard",220,"0.003","0.027",,,,"-0.027",,0,0,0.52,0.52,30,31,31,32,2,1,6,1,10,1,"2.38","1.6","-1.6","38.0",,,,,
"FC","2025-04-30","91.9","-0.72","5.82","Burnes, Corbin",596019,669203,,"called_strike",,,,,4,"Called Strike","R","L","R","NYM","AZ","S",,,0,0,2025,"0.36","0.8","-0.3","2.38",,,621438,2,2,"Bot",,,,,,,0.2763046517391485,-133.85352383385202,-4.645474190303293,4.281191342112406,27.49285328206573,-21.823855892583893,"3.33","1.53",,,,"92.7",2728,"6.6",778117,672515,647304,694374,553993,641658,666971,678489,682998,"53.9",,,,,,,,17,1,"Cutter",0,0,0,0,0,0,0,0,"Standard","Standard",176,"-0.004","-0.042",,,,"0.042",,0,0,0.524,0.524,30,31,31,32,2,1,6,1,10,1,"1.89","-0.36","0.36","39.6",,,,,
"SL","2025-04-30","87.9","-0.66","5.9","Burnes, Corbin",621438,669203,"single","hit_into_play",,,,,8,"Tyrone Taylor singles on a line drive to shortstop Garrett Hampson, deflected by center fielder Jorge Barrosa.","R","R","R","NYM","AZ","X",8,"line_drive",1,2,2025,"0.37","0.29","0.09","1.99",,,,2,2,"Bot",129.01,111.83,,,,,1.0590525258612857,-128.08473194755086,-3.9761946354320594,3.819420659226678,26.377615715835027,-28.42700895259332,"3.62","1.69",253,"79.6",21,"88.5",2885,"6.6",778117,672515,647304,694374,553993,641658,666971,678489,682998,"53.95",0.846,0.785,"0.9",1,1,0,4,16,4,"Slider",0,0,0,0,0,0,0,0,"Standard","Standard",97,"0.016","0.403","71.0","7.5",0.947,"-0.403","88.0",0,0,0.508,0.508,30,31,31,31,1,0,6,1,10,1,"2.66","-0.37","-0.37","42.4",-6.682226677981519,-3.779559270306059,37.54452376609141,34.73045090683219,28.19186649259736
"SL","2025-04-30","85.4","-0.75","5.84","Burnes, Corbin",621438,669203,,"called_strike",,,,,8,"Called Strike","R","R","R","NYM","AZ","S",,,1,1,2025,"0.4","0.12","0.08","1.74",,,,2,2,"Bot",,,,,,,1.1582415179304903,-124.41237422666993,-3.627842059404262,3.929473365862285,24.288218560823537,-30.467785148732663,"3.6","1.68",,,,"86",2805,"6.5",778117,672515,647304,694374,553993,641658,666971,678489,682998,"53.98",,,,,,,,16,3,"Slider",0,0,0,0,0,0,0,0,"Standard","Standard",83,"-0.002","-0.062",,,,"0.062",,0,0,0.51,0.51,30,31,31,31,1,0,6,1,10,1,"3","-0.4","-0.4","44.1",,,,,
"FC","2025-04-30","91.5","-0.57","5.97","Burnes, Corbin",621438,669203,,"swinging_strike",,,,,14,"Swinging Strike","R","R","R","NYM","AZ","S",,,1,0,2025,"0.63","0.61","0.7","1.34",,,,2,2,"Bot",,,,,,,1.8544052025678661,-133.15273075724863,-7.183255302156939,7.148259482001713,27.68087945759656,-23.60464976961459,"3.62","1.69",,,,"92.1",2896,"6.6",778117,672515,647304,694374,553993,641658,666971,678489,682998,"53.94",,,,,,,,16,2,"Cutter",0,0,0,0,0,0,0,0,"Standard","Standard",161,"-0.002","-0.054","71.4","8.5",,"0.054",,0,0,0.512,0.512,30,31,31,31,1,0,6,1,10,1,"2.1","-0.63","-0.63","43.7",15.789742389753776,-17.192229866153152,38.428707441373,42.199365435536734,37.12616320272148
"FC","2025-04-30","93.7","-0.63","5.99","Burnes, Corbin",621438,669203,,"ball",,,,,11,"Ball","R","R","R","NYM","AZ","B",,,0,0,2025,"-0.09","1.2","-1.21","4.3",,,,2,2,"Bot",,,,,,,-1.2895746288598335,-136.54403858021962,-1.3061625021191845,-0.8878779235063669,30.76310708457975,-17.0601764434143,"3.58","1.66",,,,"94.1",2600,"6.5",778117,672515,647304,694374,553993,641658,666971,678489,682998,"53.98",,,,,,,,16,1,"Cutter",0,0,0,0,0,0,0,0,"Standard","Standard",185,"0.001","0.037",,,,"-0.037",,0,0,0.511,0.511,30,31,31,31,1,0,6,1,10,1,"1.39","0.09","0.09","43.1",,,,,
"FC","2025-04-30","92.2","-0.52","5.93","Burnes, Corbin",682668,669203,"field_out","hit_into_play",,,,,4,"Luisangel Acuña flies out to center fielder Jorge Barrosa.","R","R","R","NYM","AZ","X",8,"fly_ball",2,0,2025,"0.12","0.96","-0.61","2.54",,,,1,2,"Bot",131.1,88.51,,,,,-0.4962917001318967,-134.17800274881995,-4.859546733812603,1.5968758837135872,29.65502818488609,-19.761424654337716,"3.23","1.54",276,"92.6",45,"92.3",2754,"6.4",778117,672515,647304,694374,553993,641658,666971,678489,682998,"54.12",0.008,0.012,"0",1,0,0,3,15,3,"Cutter",0,0,0,0,0,0,0,0,"Standard","Standard",182,"-0.025","-0.364","68.5","7.1",0.024,"0.364","92.6",0,0,0.536,0.536,30,23,31,23,1,0,6,1,10,2,"1.73","-0.12","-0.12","48.6",7.529635341379407,-10.887586100219739,26.590836010997982,25.99297951620121,34.3781638725016
"FC","2025-04-30","93.8","-0.8","5.91","Burnes, Corbin",682668,669203,,"ball",,,,,11,"Ball","R","R","R","NYM","AZ","B",,,1,0,2025,"-0.17","1.32","-1.25","3.35",,,,1,2,"Bot",,,,,,,-0.7801304163722357,-136.52946306101532,-3.786098087542205,-1.8855584724913221,31.944994126454077,-15.080879865203693,"3.26","1.62",,,,"93.9",2711,"6.5",778117,672515,647304,694374,553993,641658,666971,678489,682998,"54.02",,,,,,,,15,2,"Cutter",0,0,0,0,0,0,0,0,"Standard","Standard",194,"0.005","0.071",,,,"-0.071",,0,0,0.531,0.531,30,23,31,23,1,0,6,1,10,2,"1.28","0.17","0.17","37.9",,,,,
"FC","2025-04-30","92","-0.82","5.8","Burnes, Corbin",682668,669203,,"ball",,,,,12,"Ball","R","R","R","NYM","AZ","B",,,0,0,2025,"0.25","0.94","0.08","3.42",,,,1,2,"Bot",,,,,,,1.7572885487920689,-133.96866556269927,-2.24178218275687,2.6000873723821174,29.709288006012553,-20.55943455312332,"3.03","1.46",,,,"92.5",2648,"6.6",778117,672515,647304,694374,553993,641658,666971,678489,682998,"53.91",,,,,,,,15,1,"Cutter",0,0,0,0,0,0,0,0,"Standard","Standard",180,"0.003","0.039",,,,"-0.039",,0,0,0.528,0.528,30,23,31,23,1,0,6,1,10,2,"1.75","-0.25","-0.25","38.5",,,,,
"FC","2025-04-30","89.9","-0.77","5.9","Burnes, Corbin",682626,669203,"field_out","hit_into_play",,,,,8,"Francisco Alvarez lines out to center fielder Jorge Barrosa.","R","R","R","NYM","AZ","X",8,"line_drive",0,0,2025,"0.2","0.65","0","1.67",,,,0,2,"Bot",122.43,93.41,,,,,1.4977438557058356,-130.86631334768927,-5.905616677913458,1.958870267529802,28.001629118926623,-23.68938459952843,"3.26","1.52",328,"101.7",16,"90.2",2871,"6.5",778117,672515,647304,694374,553993,641658,666971,678489,682998,"53.99",0.519,0.544,"0",1,0,0,4,14,1,"Cutter",0,0,0,0,0,0,0,0,"Infield shade","Standard",163,"-0.023","-0.259","69.3","7.5",0.784,"0.259","101.7",0,0,0.551,0.551,30,23,31,24,1,0,6,1,10,2,"2.17","-0.2","-0.2","39.1",8.701638563373193,-2.2329859298699297,38.657340171302515,35.15372790127701,32.49512338856276
"CU","2025-04-30","80.5","-0.39","6.04","Burnes, Corbin",643446,669203,"field_out","hit_into_play",,,,,5,"Jeff McNeil grounds out to first baseman Josh Naylor.","R","L","R","NYM","AZ","X",3,"ground_ball",0,0,2025,"0.83","-0.97","-0.22","2.28",596019,624413,668901,2,1,"Bot",160.94,163.84,,,,,-1.2201771003070614,-117.09809419072147,0.2874707668182246,7.837950307596989,25.822685050520096,-41.308081744566124,"3.53","1.69",4,"77.9",-32,"80",2873,"6.4",778117,672515,647304,694374,553993,641658,666971,678489,682998,"54.13",0.03,0.036,"0",1,0,0,2,9,1,"Curveball",0,0,0,0,0,0,0,0,"Standard","Standard",50,"-0.072","-0.255","70.3","7.4",0.03,"0.255","88.0",0,0,0.572,0.572,30,33,31,33,1,0,6,2,10,1,"4.54","-0.83","0.83","48.9",9.222013355145979,-1.164953620812526,31.958306375364902,37.368652305139,30.225403861196174
"SL","2025-04-30","87.6","-0.86","5.85","Burnes, Corbin",516782,669203,"strikeout","swinging_strike",,,,,14,"Starling Marte strikes out swinging.","R","R","R","NYM","AZ","S",2,,1,2,2025,"0.7","0.08","0.91","1.15",596019,624413,668901,1,1,"Bot",,,,,,,2.8661406054241425,-127.40624597497731,-5.340415367151258,6.911582085141707,28.44448615876859,-30.344640917256825,"3.53","1.56",,,,"87.9",2963,"6.7",778117,672515,647304,694374,553993,641658,666971,678489,682998,"53.78",,0,"0",1,0,0,,8,4,"Slider",0,0,0,0,0,0,0,0,"Standard","Standard",102,"-0.055","-0.223","62.0","8.3",,"0.223",,0,0,0.627,0.627,30,36,31,37,1,0,6,1,10,2,"2.91","-0.7","-0.7","43.5",19.481525831983305,-20.83259962576976,36.842158600222014,47.58492224811141,36.46370768263431
"SI","2025-04-30","94.6","-0.56","5.97","Burnes, Corbin",516782,669203,,"foul",,,,,8,"Foul","R","R","R","NYM","AZ","S",,,1,1,2025,"-0.63","1.43","-0.12","1.89",596019,624413,668901,1,1,"Bot",,,,,,,2.5945588374718356,-137.4159112012912,-8.107670099983347,-8.583154987130465,33.88778189340417,-12.421273985185875,"3.53","1.56",118,"66.1",70,"94.6",2596,"6.7",778117,672515,647304,694374,553993,641658,666971,678489,682998,"53.83",,,,,,,,8,3,"Sinker",0,0,0,0,0,0,0,0,"Standard","Standard",194,"-0.014","-0.073","77.8","8.5",,"0.073","88.0",0,0,0.641,0.641,30,36,31,37,1,0,6,1,10,2,"1.15","0.63","0.63","43.6",27.678894526729305,-13.802783428786695,40.81650827375269,36.606691363944535,38.280421442793944
"SI","2025-04-30","95.7","-0.81","5.83","Burnes, Corbin",516782,669203,,"ball",,,,,13,"Ball","R","R","R","NYM","AZ","B",,,0,1,2025,"-1.28","1.25","-0.17","1.02",596019,624413,668901,1,1,"Bot",,,,,,,4.616723216395275,-138.9204489071083,-9.856988033711673,-17.57415573527414,35.2339478986198,-13.896032848106358,"3.54","1.57",,,,"95.6",2509,"6.7",778117,672515,647304,694374,553993,641658,666971,678489,682998,"53.83",,,,,,,,8,2,"Sinker",0,0,0,0,0,0,0,0,"Standard","Standard",202,"0.007","0.034",,,,"-0.034",,0,0,0.634,0.634,30,36,31,37,1,0,6,1,10,2,"1.28","1.28","1.28","42.4",,,,,
"FC","2025-04-30","94.1","-0.79","5.94","Burnes, Corbin",516782,669203,,"called_strike",,,,,8,"Called Strike","R","R","R","NYM","AZ","S",,,0,0,2025,"0.13","1.2","-0.21","1.59",596019,624413,668901,1,1,"Bot",,,,,,,1.2275513107831357,-136.8405501632901,-8.270841751792396,1.295586627182571,30.734398243957166,-15.461845774906012,"3.52","1.59",,,,"94.6",2724,"6.6",778117,672515,647304,694374,553993,641658,666971,678489,682998,"53.87",,,,,,,,8,1,"Cutter",0,0,0,0,0,0,0,0,"Standard","Standard",197,"-0.011","-0.05",,,,"0.05",,0,0,0.645,0.645,30,36,31,37,1,0,6,1,10,2,"1.38","-0.13","-0.13","40.9",,,,,
"FC","2025-04-30","94","-0.7","5.98","Burnes, Corbin",668901,669203,"walk","ball",,,,,14,"Mark Vientos walks. Pete Alonso to 2nd.","R","R","R","NYM","AZ","B",,,3,0,2025,"0.31","1.1","0.2","1.16",596019,,624413,1,1,"Bot",,,,,,,1.6380881834572785,-136.71632703845464,-9.236308433261902,3.498767722183604,30.645567043561186,-16.56188629786457,"3.62","1.55",,,,"94.4",2587,"6.6",778117,672515,647304,694374,553993,641658,666971,678489,682998,"53.9",,0.691497,"0.7",1,0,0,,7,4,"Cutter",0,0,0,0,0,0,0,0,"Standard","Standard",192,"0.013","0.091",,,,"-0.091",,0,0,0.632,0.632,30,25,31,26,1,0,6,1,10,1,"1.49","-0.31","-0.31","43.6",,,,,
"FC","2025-04-30","95","-0.78","5.88","Burnes, Corbin",668901,669203,,"blocked_ball",,,,,14,"Ball In Dirt","R","R","R","NYM","AZ","B",,,2,0,2025,"0.1","1.19","0.33","0.66",596019,,624413,1,1,"Bot",,,,,,,2.710040862232946,-138.06092518592442,-10.73505859022027,0.7427065332149467,30.49980279530086,-14.821667346825155,"3.6","1.63",,,,"95.6",2698,"6.7",778117,672515,647304,694374,553993,641658,666971,678489,682998,"53.79",,,,,,,,7,3,"Cutter",0,0,0,0,0,0,0,0,"Standard","Standard",197,"0.009","0.088",,,,"-0.088",,0,0,0.623,0.623,30,25,31,26,1,0,6,1,10,1,"1.34","-0.1","-0.1","39.1",,,,,
"FC","2025-04-30","94.5","-0.74","5.87","Burnes, Corbin",668901,669203,,"ball",,,,,14,"Ball","R","R","R","NYM","AZ","B",,,1,0,2025,"-0.03","1.19","0.15","1.37",596019,,624413,1,1,"Bot",,,,,,,2.4074834446615045,-137.49574606716678,-8.764576879447917,-0.9243475597929198,30.02696925207281,-15.394454458900732,"3.47","1.62",,,,"95.2",2758,"6.7",778117,672515,647304,694374,553993,641658,666971,678489,682998,"53.82",,,,,,,,7,2,"Cutter",0,0,0,0,0,0,0,0,"Standard","Standard",188,"0.007","0.045",,,,"-0.045",,0,0,0.616,0.616,30,25,31,26,1,0,6,1,10,1,"1.36","0.03","0.03","41.0",,,,,
"FC","2025-04-30","94","-0.71","5.89","Burnes, Corbin",668901,669203,,"ball",,,,,14,"Ball","R","R","R","NYM","AZ","B",,,0,0,2025,"0.1","0.88","0.71","0.95",596019,,624413,1,1,"Bot",,,,,,,3.4857587294073933,-136.69575668267967,-9.100767951971354,0.4862788326026818,28.754650486093038,-19.348156072885565,"3.56","1.69",,,,"94.7",2602,"6.6",778117,672515,647304,694374,553993,641658,666971,678489,682998,"53.88",,,,,,,,7,1,"Cutter",0,0,0,0,0,0,0,0,"Standard","Standard",192,"0.003","0.029",,,,"-0.029",,0,0,0.613,0.613,30,25,31,26,1,0,6,1,10,1,"1.69","-0.1","-0.1","40.0",,,,,
"FC","2025-04-30","94.3","-0.69","5.88","Burnes, Corbin",624413,669203,"walk","blocked_ball",,,,,14,"Pete Alonso walks.","R","R","R","NYM","AZ","B",,,3,0,2025,"0","1.17","1.31","0.71",596019,,,1,1,"Bot",,,,,,,5.240266915576744,-136.8109938688262,-10.313268270815014,-1.300685458271697,33.86982973029359,-15.210396424059416,"3.52","1.72",,,,"94.3",2775,"6.7",778117,672515,647304,694374,553993,641658,666971,678489,682998,"53.77",,0.691497,"0.7",1,0,0,,6,4,"Cutter",0,0,0,0,0,0,0,0,"Standard","Standard",190,"0.007","0.061",,,,"-0.061",,0,0,0.606,0.606,30,30,31,31,1,0,6,1,10,1,"1.43","0","0","43.3",,,,,
"SI","2025-04-30","95.8","-0.64","5.98","Burnes, Corbin",624413,669203,,"ball",,,,,13,"Ball","R","R","R","NYM","AZ","B",,,2,0,2025,"-1.4","1.13","-1.35","1.32",596019,,,1,1,"Bot",,,,,,,1.3032286423280435,-139.23719829394827,-9.186375673149737,-18.32791056336303,34.99355842029867,-15.55004809969388,"3.49","1.62",,,,"95.7",2439,"6.6",778117,672515,647304,694374,553993,641658,666971,678489,682998,"53.91",,,,,,,,6,3,"Sinker",0,0,0,0,0,0,0,0,"Standard","Standard",200,"0.006","0.064",,,,"-0.064",,0,0,0.6,0.6,30,30,31,31,1,0,6,1,10,1,"1.39","1.4","1.4","42.3",,,,,
"CU","2025-04-30","78.5","-0.56","6.06","Burnes, Corbin",624413,669203,,"ball",,,,,13,"Ball","R","R","R","NYM","AZ","B",,,1,0,2025,"0.87","-0.75","-1.38","2.5",596019,,,1,1,"Bot",,,,,,,-3.40077093844265,-114.10116068512761,0.647595912378452,8.257241532437012,24.711827965679163,-39.0212066808614,"3.44","1.58",,,,"78",2860,"6.4",778117,672515,647304,694374,553993,641658,666971,678489,682998,"54.11",,,,,,,,6,2,"Curveball",0,0,0,0,0,0,0,0,"Standard","Standard",57,"0.003","0.037",,,,"-0.037",,0,0,0.597,0.597,30,30,31,31,1,0,6,1,10,1,"4.51","-0.87","-0.87","48.2",,,,,
"FC","2025-04-30","94.3","-0.71","5.96","Burnes, Corbin",624413,669203,,"ball",,,,,14,"Ball","R","R","R","NYM","AZ","B",,,0,0,2025,"0.36","1.39","1.43","1.64",596019,,,1,1,"Bot",,,,,,,4.81093504980082,-137.0054993239229,-8.636300309027762,3.406861818236185,30.6094282528003,-12.963606101989933,"3.5","1.69",,,,"94.7",2614,"6.6",778117,672515,647304,694374,553993,641658,666971,678489,682998,"53.87",,,,,,,,6,1,"Cutter",0,0,0,0,0,0,0,0,"Standard","Standard",189,"0.002","0.026",,,,"-0.026",,0,0,0.595,0.595,30,30,31,31,1,0,6,1,10,1,"1.19","-0.36","-0.36","41.4",,,,,
"FC","2025-04-30","93.5","-0.8","5.97","Burnes, Corbin",665742,669203,"field_out","hit_into_play",,,,,5,"Juan Soto lines out sharply to right fielder Corbin Carroll. Francisco Lindor to 3rd.","R","L","R","NYM","AZ","X",9,"line_drive",3,1,2025,"0.23","1.13","-0.01","2.15",,596019,,0,1,"Bot",177.16,72.36,,,,,1.5492946256034923,-136.06162128899115,-6.599016092415199,2.451643785332379,31.543699836446944,-16.854701184425508,"3.19","1.54",338,"112.7",16,"93.5",2651,"6.4",778117,672515,647304,694374,553993,641658,666971,678489,682998,"54.07",0.5993999999999999,0.9259999999999999,"0",1,0,0,6,5,5,"Cutter",0,0,0,0,0,0,0,0,"Standard","Standard",188,"-0.024","-0.432","80.4","7.4",1.6522999999999999,"0.432","112.7",0,0,0.619,0.619,30,26,31,27,1,0,6,1,10,1,"1.49","-0.23","0.23","40.1",10.292268145930688,-0.43984159781588733,29.022755088215526,38.170283597707055,27.646687330867763
"FC","2025-04-30","94.3","-1.06","5.83","Burnes, Corbin",665742,669203,,"ball",,,,,13,"Ball","R","L","R","NYM","AZ","B",,,2,1,2025,"0.12","1.44","-1.29","1.82",,596019,,0,1,"Bot",,,,,,,-0.8503281602176918,-137.14969629414196,-7.916220032018805,1.6443034987042968,31.483100049593023,-12.467489415546536,"3.21","1.53",,,,"94.5",2636,"6.5",778117,672515,647304,694374,553993,641658,666971,678489,682998,"53.98",,,,,,,,5,4,"Cutter",0,0,0,0,0,0,0,0,"Standard","Standard",191,"0.009","0.115",,,,"-0.115",,0,0,0.61,0.61,30,26,31,27,1,0,6,1,10,1,"1.13","-0.12","0.12","36.3",,,,,
"FC","2025-04-30","93.3","-0.79","5.87","Burnes, Corbin",665742,669203,,"foul",,,,,8,"Foul","R","L","R","NYM","AZ","S",,,2,0,2025,"0.37","1.16","0.15","1.95",,596019,,0,1,"Bot",,,,,,,1.6120045637443656,-135.75560159029337,-6.869078679838833,4.152531470105733,30.713217237389454,-16.54414763593232,"3.19","1.54",262,"91",48,"93.5",2656,"6.5",778117,672515,647304,694374,553993,641658,666971,678489,682998,"53.99",,,,,,,,5,3,"Cutter",0,0,0,0,0,0,0,0,"Standard","Standard",198,"-0.006","-0.078","79.3","7.2",,"0.078","91.0",0,0,0.616,0.616,30,26,31,27,1,0,6,1,10,1,"1.47","-0.37","0.37","40.1",3.763507848933025,0.869808146294988,34.901023909330966,35.7228855396561,22.553005937356737
"CU","2025-04-30","77.6","-0.62","6.05","Burnes, Corbin",665742,669203,,"ball",,,,,11,"Ball","R","L","R","NYM","AZ","B",,,1,0,2025,"1.01","-1.26","-1.17","2.82",,596019,,0,1,"Bot",,,,,,,-3.005556852292201,-112.76062971682188,2.496263515763003,9.111901160286731,25.063908887377767,-43.5532068187048,"3.15","1.54",,,,"76.6",2681,"6.2",778117,672515,647304,694374,553993,641658,666971,678489,682998,"54.33",,,,,,,,5,2,"Curveball",0,0,0,0,0,0,0,0,"Standard","Standard",50,"0.006","0.075",,,,"-0.075",,0,0,0.61,0.61,30,26,31,27,1,0,6,1,10,1,"5.12","-1.01","1.01","45.3",,,,,
"FC","2025-04-30","93.3","-1.06","5.85","Burnes, Corbin",665742,669203,,"ball",,,,,13,"Ball","R","L","R","NYM","AZ","B",,,0,0,2025,"0.28","1.38","-0.46","1.6",,596019,,0,1,"Bot",,,,,,,0.9241148817859927,-135.67622356566523,-8.233316848080815,3.2009634347382487,29.59701751101268,-13.514860405257451,"3.33","1.78",,,,"93.7",2550,"6.6",778117,672515,647304,694374,553993,641658,666971,678489,682998,"53.94",,,,,,,,5,1,"Cutter",0,0,0,0,0,0,0,0,"Standard","Standard",192,"0.003","0.032",,,,"-0.032",,0,0,0.607,0.607,30,26,31,27,1,0,6,1,10,1,"1.24","-0.28","0.28","37.1",,,,,
"FC","2025-04-30","92.1","-0.75","5.98","Burnes, Corbin",596019,669203,"double","hit_into_play",,,,,6,"Francisco Lindor doubles (5) on a sharp line drive to right fielder Corbin Carroll.","R","L","R","NYM","AZ","X",9,"line_drive",1,1,2025,"0.47","1.54","0.39","2.79",,,,0,1,"Bot",223,107,,,,,1.8871130375255527,-133.96031040676985,-5.482986746538297,5.057237773553325,34.63589743511296,-12.793065540098734,"3.37","1.55",200,"100.7",13,"91.6",2584,"6.5",778117,672515,647304,694374,553993,641658,666971,678489,682998,"54.04",0.929,0.921,"1.25",1,1,1,4,4,3,"Cutter",0,0,0,0,0,0,0,0,"Standard","Standard",198,"0.06","0.725",,,1.184,"-0.725","100.7",0,0,0.547,0.547,30,31,31,32,1,0,6,1,10,1,"1.2","-0.47","0.47","41.6",,,,,
"FC","2025-04-30","91.9","-0.77","5.97","Burnes, Corbin",596019,669203,,"ball",,,,,14,"Ball","R","L","R","NYM","AZ","B",,,0,1,2025,"0.49","1.1","1.58","1.49",,,,0,1,"Bot",,,,,,,4.897586789745663,-133.61524707073642,-7.925138184281199,4.850802187336511,28.513872761566457,-17.427225193613463,"3.23","1.44",,,,"92.3",2617,"6.5",778117,672515,647304,694374,553993,641658,666971,678489,682998,"53.97",,,,,,,,4,2,"Cutter",0,0,0,0,0,0,0,0,"Standard","Standard",191,"0.002","0.031",,,,"-0.031",,0,0,0.545,0.545,30,31,31,32,1,0,6,1,10,1,"1.6","-0.49","0.49","41.9",,,,,
"FC","2025-04-30","92.6","-0.78","5.97","Burnes, Corbin",596019,669203,,"called_strike",,,,,9,"Called Strike","R","L","R","NYM","AZ","S",,,0,0,2025,"0.41","1.4","0.69","2.09",,,,0,1,"Bot",,,,,,,2.8686678771396483,-134.4936857968428,-7.046731725122545,4.102272419136416,34.804637259441705,-13.823655059750157,"3.35","1.53",,,,"92",2525,"6.5",778117,672515,647304,694374,553993,641658,666971,678489,682998,"54.01",,,,,,,,4,1,"Cutter",0,0,0,0,0,0,0,0,"Standard","Standard",194,"-0.003","-0.039",,,,"0.039",,0,0,0.548,0.548,30,31,31,32,1,0,6,1,10,1,"1.31","-0.41","0.41","44.4",,,,,
"FC","2025-04-24","95.4","-0.79","5.83","Burnes, Corbin",691406,669203,"fielders_choice","hit_into_play",,,,,14,"Junior Caminero reaches on a fielder's choice, fielded by pitcher Corbin Burnes. Yandy Díaz scores. Brandon Lowe to 2nd. Fielding error by pitcher Corbin Burnes.","R","R","R","AZ","TB","X",1,"ground_ball",3,2,2025,"0.33","0.74","1.3","1.19",650490,,664040,1,6,"Top",136.82,185.49,,,,,4.795097326916618,-138.6998115690387,-8.260886431382868,3.169325576138299,31.533062823016675,-20.92398391549177,"3.53","1.61",1,"66.6",-57,"95.8",2801,"6.6",778188,672515,656976,694374,553993,672695,666971,677950,682998,"53.9",0.273,0.242,"0.9",1,0,0,2,43,6,"Cutter",4,1,1,4,2,4,2,4,"Standard","Standard",183,"-0.069","0.449","82.9","8.4",0.289,"-0.449","88.0",3,-3,0.785,0.21499999999999997,30,21,31,22,3,2,6,1,6,1,"1.77","-0.33","-0.33","41.0",-6.762913612860777,5.68229161352718,30.362161811344823,50.01948628317081,24.81588064808053
"SI","2025-04-24","97.1","-0.8","5.71","Burnes, Corbin",691406,669203,,"ball",,,,,13,"Ball","R","R","R","AZ","TB","B",,,2,2,2025,"-1.05","0.75","-1.27","1.14",650490,,664040,1,6,"Top",,,,,,,1.1258566081778056,-141.25350298553107,-8.484384540156706,-14.307277595276323,29.958729624712074,-20.514279808497047,"3.6","1.65",,,,"97.7",2509,"6.5",778188,672515,656976,694374,553993,672695,666971,677950,682998,"54.01",,,,,,,,43,5,"Sinker",4,1,1,4,1,4,1,4,"Standard","Standard",204,"-0.015","0.053",,,,"-0.053",,3,-3,0.8,0.19999999999999996,30,21,31,22,3,2,6,1,6,1,"1.66","1.05","1.05","37.1",,,,,
"SL","2025-04-24","91.3","-0.88","5.68","Burnes, Corbin",691406,669203,,"foul",,,,,14,"Foul","R","R","R","AZ","TB","S",,,2,1,2025,"0.55","0.51","0.97","1.36",650490,,664040,1,6,"Top",,,,,,,3.484381784448277,-132.9250056914287,-6.131481720854122,5.864279116525875,27.50638583230683,-24.99360565850529,"3.53","1.61",139,"58.6",57,"91.7",2871,"6.4",778188,672515,656976,694374,553993,672695,666971,677950,682998,"54.05",,,,,,,,43,4,"Slider",4,1,1,4,1,4,1,4,"Standard","Standard",153,"0.013","-0.069","78.8","8.5",,"0.069","88.0",3,-3,0.787,0.21299999999999997,30,21,31,22,3,2,6,1,6,1,"2.21","-0.55","-0.55","38.1",0.19532025269812545,0.16284249464727923,29.2914626739446,47.40458885648361,32.29758375585866
"SI","2025-04-24","94.7","-0.78","5.83","Burnes, Corbin",691406,669203,,"ball",,,,,13,"Ball","R","R","R","AZ","TB","B",,,1,1,2025,"-1.2","0.91","-1.34","0.71",650490,,664040,1,6,"Top",,,,,,,1.1989462102644168,-137.62505832388007,-9.716649050526014,-15.45651925528812,31.185859153186982,-18.673396549105117,"3.56","1.58",,,,"94.9",2527,"6.5",778188,672515,656976,694374,553993,672695,666971,677950,682998,"53.95",,,,,,,,43,3,"Sinker",4,1,1,4,1,4,1,4,"Standard","Standard",209,"-0.009","0.044",,,,"-0.044",,3,-3,0.796,0.20399999999999996,30,21,31,22,3,2,6,1,6,1,"1.65","1.2","1.2","39.5",,,,,
"SI","2025-04-24","95.5","-0.79","5.79","Burnes, Corbin",691406,669203,,"foul",,,,,7,"Foul","R","R","R","AZ","TB","S",,,1,0,2025,"-0.92","0.99","-0.59","1.83",650490,,664040,1,6,"Top",,,,,,,2.584672608696886,-138.96839861232047,-7.102085002077731,-12.468891850068921,29.438227409489134,-17.916560042983754,"3.53","1.61",2,"87.3",-37,"96.2",2605,"6.5",778188,672515,656976,694374,553993,672695,666971,677950,682998,"53.96",,,,,,,,43,2,"Sinker",4,1,1,4,1,4,1,4,"Standard","Standard",195,"0.009","-0.059","78.5","8.1",,"0.059","88.0",3,-3,0.787,0.21299999999999997,30,21,31,22,3,2,6,1,6,1,"1.49","0.92","0.92","39.6",6.36985374956029,-3.416778476214952,33.24166284207666,28.27295474480114,27.78932699708838
"SI","2025-04-24","95.7","-0.84","5.82","Burnes, Corbin",691406,669203,,"blocked_ball",,,,,13,"Ball In Dirt","R","R","R","AZ","TB","B",,,0,0,2025,"-0.83","0.82","-0.61","0.64",650490,,664040,1,6,"Top",,,,,,,2.4905545949832595,-139.14653053593526,-9.978183759780586,-11.301321064029077,29.629567248091178,-19.48532006810417,"3.54","1.63",,,,"96.4",2574,"6.6",778188,672515,656976,694374,553993,672695,666971,677950,682998,"53.89",,,,,,,,43,1,"Sinker",4,1,1,4,1,4,1,4,"Standard","Standard",206,"-0.006","0.029",,,,"-0.029",,3,-3,0.793,0.20699999999999996,30,21,31,22,3,2,6,1,6,1,"1.66","0.83","0.83","41.4",,,,,
"CH","2025-04-24","88.8","-0.76","5.57","Burnes, Corbin",666018,669203,"field_out","hit_into_play",,,,,5,"Jonathan Aranda lines out sharply to center fielder Alek Thomas. Yandy Díaz to 3rd.","R","L","R","AZ","TB","X",8,"line_drive",1,1,2025,"-1.13","0.83","-0.11","2.23",,650490,664040,0,6,"Top",123.39,73.45,,,,,4.015403744093108,-129.19822269296674,-3.8729133067580808,-13.540766986462598,28.428542381297202,-22.284146979057017,"3.33","1.52",312,"105.5",17,"89.3",1978,"6.8",778188,672515,656976,694374,553993,672695,666971,677950,682998,"53.74",0.504,0.59,"0",1,0,0,5,42,3,"Changeup",4,1,1,4,1,4,1,4,"Infield shade","Standard",224,"0.04","-0.238","74.5","7.5",0.89,"0.238","105.5",3,-3,0.753,0.247,30,27,31,27,3,2,6,1,6,1,"2.08","1.13","-1.13","38.9",6.639752520393428,-0.918446981605405,37.523868301896044,41.22583562180196,29.499073100862713
"FC","2025-04-24","94.7","-0.78","5.79","Burnes, Corbin",666018,669203,,"called_strike",,,,,14,"Called Strike","R","L","R","AZ","TB","S",,,1,0,2025,"0.18","0.83","1.09","2.06",,650490,664040,0,6,"Top",,,,,,,4.506467390085446,-137.8823516013364,-5.957375529306695,1.3275714051325331,29.677848247322387,-20.41429246528655,"3.29","1.61",,,,"95.2",2607,"6.5",778188,672515,656976,694374,553993,672695,666971,677950,682998,"54.01",,,,,,,,42,2,"Cutter",4,1,1,4,1,4,1,4,"Infield shade","Standard",197,"0.013","-0.07",,,,"0.07",,3,-3,0.74,0.26,30,27,31,27,3,2,6,1,6,1,"1.7","-0.18","0.18","43.2",,,,,
"CU","2025-04-24","78.6","-0.64","5.99","Burnes, Corbin",666018,669203,,"ball",,,,,11,"Ball","R","L","R","AZ","TB","B",,,0,0,2025,"0.97","-1.07","-0.87","2.93",,650490,664040,0,6,"Top",,,,,,,-2.3017952327595665,-114.45149169161428,2.2203625171430783,8.912144464805644,22.064008046706313,-42.16862969652329,"3.39","1.45",,,,"78.8",2696,"6.5",778188,672515,656976,694374,553993,672695,666971,677950,682998,"54.04",,,,,,,,42,1,"Curveball",4,1,1,4,1,4,1,4,"Infield shade","Standard",46,"-0.01","0.045",,,,"-0.045",,3,-3,0.75,0.25,30,27,31,27,3,2,6,1,6,1,"4.76","-0.97","0.97","51.5",,,,,
"CU","2025-04-24","79","-0.51","6","Burnes, Corbin",664040,669203,"walk","ball",,,,,11,"Brandon Lowe walks.","R","L","R","AZ","TB","B",,,3,2,2025,"0.96","-1.11","-1.39","3.36",,650490,,0,6,"Top",,,,,,,-3.7101759290667276,-114.90363738048781,3.192935295109601,9.232248605622361,22.84443311253704,-42.78705770384643,"3.17","1.25",,,,"78.9",2767,"6.4",778188,672515,656976,694374,553993,672695,666971,677950,682998,"54.12",,0.691497,"0.7",1,0,0,,41,6,"Curveball",4,1,1,4,1,4,1,4,"Standard","Standard",45,"-0.043","0.265",,,,"-0.265",,3,-3,0.793,0.20699999999999996,30,30,31,31,3,2,6,1,6,1,"4.78","-0.96","0.96","47.0",,,,,
"CU","2025-04-24","80.3","-0.58","5.96","Burnes, Corbin",664040,669203,,"ball",,,,,13,"Ball","R","L","R","AZ","TB","B",,,2,2,2025,"0.89","-0.93","-1.09","1.66",,650490,,0,6,"Top",,,,,,,-2.841479307788664,-116.85760170290749,-1.0600473118208043,8.730303455657877,22.804864317804295,-40.70350146531326,"3.16","1.32",,,,"80.4",2830,"6.4",778188,672515,656976,694374,553993,672695,666971,677950,682998,"54.08",,,,,,,,41,5,"Curveball",4,1,1,4,1,4,1,4,"Standard","Standard",52,"-0.013","0.1",,,,"-0.1",,3,-3,0.806,0.19399999999999995,30,30,31,31,3,2,6,1,6,1,"4.48","-0.89","0.89","49.9",,,,,
"FC","2025-04-24","94.4","-0.84","5.76","Burnes, Corbin",664040,669203,,"foul",,,,,14,"Foul","R","L","R","AZ","TB","S",,,2,1,2025,"0.29","0.92","0.92","1.9",,650490,,0,6,"Top",,,,,,,3.9557608456638174,-137.4487491998637,-6.451664075618659,2.862158109964643,29.877770770456223,-19.260097629066834,"3.25","1.46",3,"91.6",-30,"94.9",2751,"6.5",778188,672515,656976,694374,553993,672695,666971,677950,682998,"53.97",,,,,,,,41,4,"Cutter",4,1,1,4,1,4,1,4,"Standard","Standard",181,"0.01","-0.081","71.1","7.1",,"0.081","91.6",3,-3,0.796,0.20399999999999996,30,30,31,31,3,2,6,1,6,1,"1.63","-0.29","0.29","39.3",19.743366716193517,-7.518945849303533,38.14655154331551,24.79208605313064,37.30940259628326
"CH","2025-04-24","88.7","-0.97","5.52","Burnes, Corbin",664040,669203,,"ball",,,,,13,"Ball","R","L","R","AZ","TB","B",,,1,1,2025,"-1.31","0.66","-1.35","2.19",,650490,,0,6,"Top",,,,,,,1.8327940317092295,-129.09628570684708,-3.4514417637131842,-15.04530880364705,28.44858541447047,-24.307602646102087,"3.29","1.4",,,,"89.2",1985,"6.7",778188,672515,656976,694374,553993,672695,666971,677950,682998,"53.79",,,,,,,,41,3,"Changeup",4,1,1,4,1,4,1,4,"Standard","Standard",226,"-0.007","0.045",,,,"-0.045",,3,-3,0.803,0.19699999999999995,30,30,31,31,3,2,6,1,6,1,"2.25","1.31","-1.31","37.5",,,,,
"CH","2025-04-24","88.2","-0.88","5.57","Burnes, Corbin",664040,669203,,"swinging_strike",,,,,14,"Swinging Strike","R","L","R","AZ","TB","S",,,1,0,2025,"-0.83","0.47","0.48","1.31",,650490,,0,6,"Top",,,,,,,5.073983490854645,-128.2618947226093,-5.267547770540303,-10.238530089769528,26.45774583021798,-26.073264751889795,"3.25","1.46",,,,"88.6",2134,"6.6",778188,672515,656976,694374,553993,672695,666971,677950,682998,"53.94",,,,,,,,41,2,"Changeup",4,1,1,4,1,4,1,4,"Standard","Standard",219,"0.007","-0.049","73.1","8.2",,"0.049",,3,-3,0.796,0.20399999999999996,30,30,31,31,3,2,6,1,6,1,"2.46","0.83","-0.83","37.9",28.214241177162876,-25.24806330830055,38.65411909977341,29.78727694926098,47.88918756841369
"CU","2025-04-24","80","-0.7","5.95","Burnes, Corbin",664040,669203,,"ball",,,,,11,"Ball","R","L","R","AZ","TB","B",,,0,0,2025,"0.97","-0.92","-1.03","2.58",,650490,,0,6,"Top",,,,,,,-2.5536538041931567,-116.50874052893506,1.0210933158045052,9.31662696828995,22.40244820442916,-40.95138411309583,"3.23","1.4",,,,"80",2820,"6.3",778188,672515,656976,694374,553993,672695,666971,677950,682998,"54.19",,,,,,,,41,1,"Curveball",4,1,1,4,1,4,1,4,"Standard","Standard",54,"-0.005","0.032",,,,"-0.032",,3,-3,0.801,0.19899999999999995,30,30,31,31,3,2,6,1,6,1,"4.48","-0.97","0.97","51.1",,,,,
"SL","2025-04-24","89.8","-0.99","5.65","Burnes, Corbin",650490,669203,"double","hit_into_play",,,,,5,"Yandy Díaz doubles (7) on a sharp line drive to center fielder Alek Thomas.","R","R","R","AZ","TB","X",8,"line_drive",1,2,2025,"0.58","0.38","0.25","2.6",,,,0,6,"Top",143.39,13.58,,,,,1.8619922061800431,-130.85424357407933,-2.438864199206005,6.265361919968545,26.026559304869373,-27.531963388452713,"3.46","1.55",396,"110.6",18,"90.6",2723,"6.6",778188,672515,656976,694374,553993,672695,666971,677950,682998,"53.94",0.7245,1.2236875,"1.25",1,1,1,6,40,4,"Slider",4,1,1,4,1,4,1,4,"Strategic","Standard",133,"-0.068","0.786","76.4","7.3",2.2680625000000005,"-0.786","110.6",3,-3,0.869,0.131,30,33,31,34,3,2,6,1,6,1,"2.43","-0.58","-0.58","36.7",1.7019301444241177,4.9900180442825075,20.815713361748042,38.535614570863004,34.59193999058512
"CU","2025-04-24","79.4","-0.62","5.85","Burnes, Corbin",650490,669203,,"ball",,,,,14,"Ball","R","R","R","AZ","TB","B",,,0,2,2025,"0.76","-1.11","0.61","0.38",,,,0,6,"Top",,,,,,,1.2724710373663306,-115.51651760493937,-3.060169431009503,6.4594242288693025,23.886967034038488,-41.6391749129933,"3.4","1.52",,,,"79.4",2807,"6.6",778188,672515,656976,694374,553993,672695,666971,677950,682998,"53.92",,,,,,,,40,3,"Curveball",4,1,1,4,1,4,1,4,"Strategic","Standard",46,"-0.002","0.024",,,,"-0.024",,3,-3,0.871,0.129,30,33,31,34,3,2,6,1,6,1,"4.76","-0.76","-0.76","46.4",,,,,
"SL","2025-04-24","89","-0.91","5.74","Burnes, Corbin",650490,669203,,"foul",,,,,14,"Foul","R","R","R","AZ","TB","S",,,0,1,2025,"0.62","0.61","1.06","1.95",,,,0,6,"Top",,,,,,,3.5378802161641203,-129.73958082703436,-4.680722869005267,6.439632864923362,22.688790420325322,-24.542511641052155,"3.46","1.55",197,"67.8",42,"89.8",2805,"6.3",778188,672515,656976,694374,553993,672695,666971,677950,682998,"54.17",,,,,,,,40,2,"Slider",4,1,1,4,1,4,1,4,"Strategic","Standard",163,"0.004","-0.055","69.6","7.7",,"0.055","88.0",3,-3,0.867,0.133,30,33,31,34,3,2,6,1,6,1,"2.22","-0.62","-0.62","38.6",-8.780598208453341,19.262557354086734,26.94323456609567,48.86242932224609,21.70387732021578
"FC","2025-04-24","92.6","-0.89","5.82","Burnes, Corbin",650490,669203,,"called_strike",,,,,14,"Called Strike","R","R","R","AZ","TB","S",,,0,0,2025,"0.08","0.85","0.83","1.62",,,,0,6,"Top",,,,,,,4.24346459073446,-134.69259742700095,-6.821995223727895,0.051871568648716324,28.000232104375446,-20.51027429210037,"3.54","1.62",,,,"93",2676,"6.4",778188,672515,656976,694374,553993,672695,666971,677950,682998,"54.07",,,,,,,,40,1,"Cutter",4,1,1,4,1,4,1,4,"Strategic","Standard",193,"0.004","-0.039",,,,"0.039",,3,-3,0.863,0.137,30,33,31,34,3,2,6,1,6,1,"1.8","-0.08","-0.08","43.9",,,,,
"CU","2025-04-24","79.4","-0.58","5.88","Burnes, Corbin",643376,669203,"strikeout","swinging_strike",,,,,13,"Danny Jansen strikes out swinging.","R","R","R","AZ","TB","S",2,,2,2,2025,"0.84","-1.14","-0.11","1.2",,676609,802415,2,5,"Top",,,,,,,-0.5261686023856362,-115.65379315575328,-1.3426997299780536,7.5861037268072025,21.94136832563724,-42.359450765435305,"3.32","1.51",,,,"79.8",2843,"6.5",778188,672515,656976,694374,553993,672695,666971,677950,682998,"53.96",,0,"0",1,0,0,,35,5,"Curveball",3,1,1,3,1,3,1,3,"Standard","Standard",47,"0.05","-0.203","68.3","7.5",,"0.203",,2,-2,0.762,0.238,30,30,31,30,2,1,6,1,6,2,"4.75","-0.84","-0.84","47.0",24.47707815353009,-32.134306537558096,31.908724982391963,36.10156216741817,52.60296965587753
"FC","2025-04-24","93.6","-0.86","5.79","Burnes, Corbin",643376,669203,,"foul",,,,,14,"Foul","R","R","R","AZ","TB","S",,,2,1,2025,"0.3","0.77","1.1","2.26",,676609,802415,2,5,"Top",,,,,,,4.399629286099957,-136.2446319788231,-5.1603628526984116,2.895272758802666,27.925298852127277,-21.682391288184736,"3.32","1.51",192,"69.8",29,"94.5",2763,"6.6",778188,672515,656976,694374,553993,672695,666971,677950,682998,"53.87",,,,,,,,35,4,"Cutter",3,1,1,3,1,3,1,3,"Standard","Standard",184,"0.01","-0.08","70.3","7.0",,"0.08","88.0",2,-2,0.752,0.248,30,30,31,30,2,1,6,1,6,2,"1.82","-0.3","-0.3","40.6",13.446348252253385,-0.8674102891739175,27.722842971258217,51.60992409218755,37.51902259266578
"SL","2025-04-24","89.3","-0.87","5.68","Burnes, Corbin",643376,669203,,"blocked_ball",,,,,14,"Ball In Dirt","R","R","R","AZ","TB","B",,,1,1,2025,"0.34","0.24","1.17","0.87",,676609,802415,2,5,"Top",,,,,,,4.348453075872792,-130.07252587323623,-6.434194949827166,3.0631697775621185,24.84983426482434,-28.430837540877356,"3.19","1.51",,,,"90.2",2909,"6.6",778188,672515,656976,694374,553993,672695,666971,677950,682998,"53.89",,,,,,,,35,3,"Slider",3,1,1,3,1,3,1,3,"Standard","Standard",135,"-0.007","0.03",,,,"-0.03",,2,-2,0.759,0.241,30,30,31,30,2,1,6,1,6,2,"2.6","-0.34","-0.34","39.8",,,,,
"SL","2025-04-24","88.9","-0.92","5.7","Burnes, Corbin",643376,669203,,"ball",,,,,14,"Ball","R","R","R","AZ","TB","B",,,0,1,2025,"0.35","0.14","0.01","0.97",,676609,802415,2,5,"Top",,,,,,,1.5568492515985644,-129.5085890560981,-5.90465248693341,3.672502828233915,25.579616933685955,-29.676620482536578,"3.27","1.51",,,,"89.7",2943,"6.6",778188,672515,656976,694374,553993,672695,666971,677950,682998,"53.88",,,,,,,,35,2,"Slider",3,1,1,3,1,3,1,3,"Standard","Standard",128,"-0.005","0.018",,,,"-0.018",,2,-2,0.764,0.236,30,30,31,30,2,1,6,1,6,2,"2.73","-0.35","-0.35","38.4",,,,,
"CU","2025-04-24","79.8","-0.71","5.92","Burnes, Corbin",643376,669203,,"called_strike",,,,,4,"Called Strike","R","R","R","AZ","TB","S",,,0,0,2025,"0.91","-1","-0.62","2.39",,676609,802415,2,5,"Top",,,,,,,-1.5391279788719565,-116.2809000804574,0.8453400901972195,8.542049605610881,22.22189015184844,-41.61676269712935,"3.26","1.5",,,,"80.2",2822,"6.5",778188,672515,656976,694374,553993,672695,666971,677950,682998,"53.98",,,,,,,,35,1,"Curveball",3,1,1,3,1,3,1,3,"Standard","Standard",48,"0.008","-0.047",,,,"0.047",,2,-2,0.756,0.244,30,30,31,30,2,1,6,1,6,2,"4.58","-0.91","-0.91","48.3",,,,,
"CU","2025-04-24","79.9","-0.57","6","Burnes, Corbin",802415,669203,"walk","ball",,,,,11,"Chandler Simpson walks.","R","L","R","AZ","TB","B",,,3,2,2025,"0.9","-0.9","-0.59","3.84",,676609,,2,5,"Top",,,,,,,-1.7597591640081385,-116.36990170037177,3.6486476655556936,8.549326780107108,21.45398044040034,-41.265719759846455,"3.55","1.56",,,,"80.1",2802,"6.3",778188,672515,656976,694374,553993,672695,666971,677950,682998,"54.16",,0.691497,"0.7",1,0,0,,34,6,"Curveball",3,1,1,3,1,3,1,3,"Strategic","Strategic",49,"-0.014","0.134",,,,"-0.134",,2,-2,0.77,0.22999999999999998,30,24,31,25,2,1,6,1,6,1,"4.46","-0.9","0.9","50.1",,,,,
"FC","2025-04-24","94.9","-0.81","5.79","Burnes, Corbin",802415,669203,,"blocked_ball",,,,,14,"Ball In Dirt","R","L","R","AZ","TB","B",,,2,2,2025,"0.28","0.88","1.34","0.71",,676609,,2,5,"Top",,,,,,,5.019445955524051,-137.90430978671515,-9.623568204588743,2.40605413057123,30.75894239574656,-18.99580679079323,"3.6","1.59",,,,"95.4",2800,"6.6",778188,672515,656976,694374,553993,672695,666971,677950,682998,"53.87",,,,,,,,34,5,"Cutter",3,1,1,3,1,3,1,3,"Standard","Strategic",196,"-0.007","0.057",,,,"-0.057",,2,-2,0.777,0.22299999999999998,30,24,31,25,2,1,6,1,6,1,"1.66","-0.28","0.28","38.2",,,,,
"CU","2025-04-24","79.4","-0.65","5.88","Burnes, Corbin",802415,669203,,"called_strike",,,,,4,"Called Strike","R","L","R","AZ","TB","S",,,2,1,2025,"0.88","-1.02","-0.5","2.15",,676609,,2,5,"Top",,,,,,,-1.3022037185465722,-115.6612286082579,0.5450185115343644,8.103255305820213,22.718873314532562,-41.638183452020854,"3.51","1.49",,,,"79.6",2785,"6.5",778188,672515,656976,694374,553993,672695,666971,677950,682998,"54.02",,,,,,,,34,4,"Curveball",3,1,1,3,1,3,1,3,"Standard","Strategic",52,"0.006","-0.064",,,,"0.064",,2,-2,0.771,0.22899999999999998,30,24,31,25,2,1,6,1,6,1,"4.64","-0.88","0.88","45.5",,,,,
"FC","2025-04-24","94.6","-0.83","5.79","Burnes, Corbin",802415,669203,,"ball",,,,,14,"Ball","R","L","R","AZ","TB","B",,,1,1,2025,"0.04","0.64","1.53","2.27",,676609,,2,5,"Top",,,,,,,6.131850019788705,-137.61220627698467,-4.93054127768068,-0.9458222372912611,31.330408500897256,-23.13240836837078,"3.64","1.59",,,,"95.1",2669,"6.6",778188,672515,656976,694374,553993,672695,666971,677950,682998,"53.87",,,,,,,,34,3,"Cutter",3,1,1,3,1,3,1,3,"Standard","Strategic",188,"-0.004","0.02",,,,"-0.02",,2,-2,0.775,0.22499999999999998,30,24,31,25,2,1,6,1,6,1,"1.91","-0.04","0.04","40.9",,,,,
"FC","2025-04-24","95.8","-0.83","5.8","Burnes, Corbin",802415,669203,,"called_strike",,,,,9,"Called Strike","R","L","R","AZ","TB","S",,,1,0,2025,"0.09","0.77","0.54","1.55",,676609,,2,5,"Top",,,,,,,3.4129199739376515,-139.35399909564813,-7.355430654796384,0.43353109598117306,32.325957715961344,-20.626948934609604,"3.65","1.62",,,,"96.1",2636,"6.5",778188,672515,656976,694374,553993,672695,666971,677950,682998,"53.95",,,,,,,,34,2,"Cutter",3,1,1,3,1,3,1,3,"Standard","Strategic",198,"0.004","-0.044",,,,"0.044",,2,-2,0.771,0.22899999999999998,30,24,31,25,2,1,6,1,6,1,"1.72","-0.09","0.09","42.1",,,,,
"CU","2025-04-24","80.2","-0.72","5.93","Burnes, Corbin",802415,669203,,"ball",,,,,4,"Ball","R","L","R","AZ","TB","B",,,0,0,2025,"0.81","-0.76","-0.8","2.32",,676609,,2,5,"Top",,,,,,,-1.7171823411461737,-116.83756262565535,0.1759115289743638,7.73214395058862,23.118190472961988,-39.357463924778244,"3.56","1.67",,,,"80.5",2764,"6.5",778188,672515,656976,694374,553993,672695,666971,677950,682998,"53.98",,,,,,,,34,1,"Curveball",3,1,1,3,1,3,1,3,"Strategic","Strategic",55,"-0.002","0.019",,,,"-0.019",,2,-2,0.773,0.22699999999999998,30,24,31,25,2,1,6,1,6,1,"4.31","-0.81","0.81","44.2",,,,,
"SI","2025-04-24","96.1","-0.88","5.77","Burnes, Corbin",676609,669203,"double","hit_into_play",,,,,8,"José Caballero doubles (4) on a sharp line drive to center fielder Alek Thomas. Kameron Misner scores.","R","R","R","AZ","TB","X",8,"line_drive",0,1,2025,"-1.02","0.91","0.15","1.6",,,670224,2,5,"Top",167.01,69.25,,,,,5.062227588174368,-139.7580127940596,-7.548951829665833,-14.52665364037357,31.414509650124177,-18.684264956521773,"3.12","1.43",295,"102.3",14,"96.6",2573,"6.6",778188,672515,656976,694374,553993,672695,666971,677950,682998,"53.9",0.79,0.791,"1.25",1,1,1,4,33,2,"Sinker",3,0,0,3,1,3,1,3,"Standard","Standard",206,"-0.093","0.958","73.1","6.9",1.036,"-0.958","102.3",3,-3,0.866,0.134,30,28,31,29,2,1,6,1,6,2,"1.56","1.02","1.02","42.0",3.6923522883944515,5.240906091665707,38.15649808745407,34.83688485040439,29.605190225808087
"SL","2025-04-24","88.9","-1.03","5.75","Burnes, Corbin",676609,669203,,"foul",,,,,5,"Foul","R","R","R","AZ","TB","S",,,0,0,2025,"0.63","0.34","0.26","2.4",,,670224,2,5,"Top",,,,,,,1.8545525076092415,-129.58352011375806,-2.9577293130863485,6.831255759032314,24.703587515863685,-27.968552049278,"3.12","1.43",152,"73.2",15,"89.7",2857,"6.5",778188,672515,656976,694374,553993,672695,666971,677950,682998,"54.03",,,,,,,,33,1,"Slider",3,0,0,3,0,3,0,3,"Standard","Standard",134,"0.003","-0.042","72.5","6.6",,"0.042","88.0",3,-3,0.863,0.137,30,28,31,29,2,1,6,1,6,2,"2.52","-0.63","-0.63","42.2",4.756528490782924,3.398122375029194,35.07184524596911,36.29639470382381,29.470365244684036
"SI","2025-04-24","96.2","-0.72","5.87","Burnes, Corbin",666624,669203,"field_out","hit_into_play",,,,,8,"Christopher Morel flies out to center fielder Alek Thomas.","R","R","R","AZ","TB","X",8,"fly_ball",0,1,2025,"-0.75","1.02","-0.03","2.06",,,670224,1,5,"Top",146.96,41.48,,,,,3.5569603908347722,-139.98856219113432,-6.880859181430293,-10.684775731548713,30.287432396559993,-17.41522163473975,"3.62","1.65",402,"103.3",29,"96.9",2591,"6.6",778188,672515,656976,694374,553993,672695,666971,677950,682998,"53.92",0.6560246913580249,1.294395061728395,"0",1,0,0,6,32,2,"Sinker",3,0,0,3,0,3,0,3,"Standard","Standard",197,"0.026","-0.216","76.8","8.6",2.5330493827160505,"0.216","103.3",3,-3,0.837,0.16300000000000003,30,26,31,26,2,1,6,1,6,1,"1.43","0.75","0.75","41.7",12.708238470678912,-0.13818515961945319,35.060375623224004,34.322921667575024,28.464747815027486
"CU","2025-04-24","78.8","-0.56","5.96","Burnes, Corbin",666624,669203,,"foul",,,,,8,"Foul","R","R","R","AZ","TB","S",,,0,0,2025,"0.87","-1.15","-0.14","2.06",,,670224,1,5,"Top",,,,,,,-0.6979543062609931,-114.67541600172835,0.559784387779312,7.743836136228761,23.320296629883913,-42.61240304006182,"3.62","1.65",178,"106.7",10,"79",2797,"6.6",778188,672515,656976,694374,553993,672695,666971,677950,682998,"53.87",,,,,,,,32,1,"Curveball",3,0,0,3,0,3,0,3,"Standard","Standard",49,"0.004","-0.04","76.4","8.9",,"0.04","106.7",3,-3,0.833,0.16700000000000004,30,26,31,26,2,1,6,1,6,1,"4.85","-0.87","-0.87","48.4",20.735086796899246,-25.76083445997009,32.09645771175302,33.39828752210101,43.50413240370914
"CU","2025-04-24","80","-0.53","5.91","Burnes, Corbin",670224,669203,"walk","ball",,,,,14,"Kameron Misner walks.","R","L","R","AZ","TB","B",,,3,2,2025,"0.74","-0.92","0.95","1.14",,,,1,5,"Top",,,,,,,1.8741456987471663,-116.50194932760641,-2.0186550100097143,6.341349611270662,23.28628000480553,-40.35852565485876,"3.74","1.67",,,,"80.1",2863,"6.5",778188,672515,656976,694374,553993,672695,666971,677950,682998,"54.02",,0.691497,"0.7",1,0,0,,31,6,"Curveball",3,0,0,3,0,3,0,3,"Infield shade","Standard",46,"-0.022","0.339",,,,"-0.339",,3,-3,0.855,0.14500000000000002,30,27,31,27,2,1,6,1,6,1,"4.5","-0.74","0.74","45.3",,,,,
"FC","2025-04-24","95.7","-0.73","5.86","Burnes, Corbin",670224,669203,,"ball",,,,,14,"Ball","R","L","R","AZ","TB","B",,,2,2,2025,"0.15","0.75","1","1.15",,,,1,5,"Top",,,,,,,4.236062632013304,-139.25615658223347,-8.577342219546342,1.1006848874598847,28.80652382254469,-20.814698973352534,"3.71","1.65",,,,"96.5",2671,"6.6",778188,672515,656976,694374,553993,672695,666971,677950,682998,"53.92",,,,,,,,31,5,"Cutter",3,0,0,3,0,3,0,3,"Infield shade","Standard",194,"-0.006","0.104",,,,"-0.104",,3,-3,0.861,0.139,30,27,31,27,2,1,6,1,6,1,"1.73","-0.15","0.15","42.4",,,,,
"CU","2025-04-24","80","-0.5","5.97","Burnes, Corbin",670224,669203,,"ball",,,,,14,"Ball","R","L","R","AZ","TB","B",,,1,2,2025,"1.04","-1.08","0.42","0.42",,,,1,5,"Top",,,,,,,0.06528648478846177,-116.5370018051739,-3.4670931818924338,9.374984227151007,23.499072042871326,-41.47495536351497,"3.74","1.73",,,,"80.2",2882,"6.5",778188,672515,656976,694374,553993,672695,666971,677950,682998,"53.98",,,,,,,,31,4,"Curveball",3,0,0,3,0,3,0,3,"Infield shade","Standard",48,"-0.002","0.048",,,,"-0.048",,3,-3,0.863,0.137,30,27,31,27,2,1,6,1,6,1,"4.65","-1.04","1.04","45.2",,,,,
"CU","2025-04-24","80.2","-0.66","5.92","Burnes, Corbin",670224,669203,,"called_strike",,,,,4,"Called Strike","R","L","R","AZ","TB","S",,,1,1,2025,"0.81","-0.86","-0.48","2.28",,,,1,5,"Top",,,,,,,-1.14472088223922,-116.82758644314117,0.30579426540510135,7.575859845479434,23.583778372811356,-40.28237619477728,"3.66","1.62",,,,"80.3",2794,"6.4",778188,672515,656976,694374,553993,672695,666971,677950,682998,"54.05",,,,,,,,31,3,"Curveball",3,0,0,3,0,3,0,3,"Infield shade","Standard",45,"0.003","-0.064",,,,"0.064",,3,-3,0.86,0.14,30,27,31,27,2,1,6,1,6,1,"4.41","-0.81","0.81","47.0",,,,,
"FC","2025-04-24","93.8","-1.01","5.74","Burnes, Corbin",670224,669203,,"called_strike",,,,,8,"Called Strike","R","L","R","AZ","TB","S",,,1,0,2025,"0.12","0.79","-0.22","1.61",,,,1,5,"Top",,,,,,,1.7851705792304686,-136.53838513183626,-6.766740631323109,1.135878807667583,28.993438173615775,-20.971521072682208,"3.76","1.62",,,,"94.4",2739,"6.5",778188,672515,656976,694374,553993,672695,666971,677950,682998,"53.95",,,,,,,,31,2,"Cutter",3,0,0,3,0,3,0,3,"Infield shade","Standard",191,"0.004","-0.049",,,,"0.049",,3,-3,0.856,0.14400000000000002,30,27,31,27,2,1,6,1,6,1,"1.79","-0.12","0.12","41.4",,,,,
"FC","2025-04-24","93.8","-0.99","5.7","Burnes, Corbin",670224,669203,,"ball",,,,,14,"Ball","R","L","R","AZ","TB","B",,,0,0,2025,"0.06","0.76","0.16","0.83",,,,1,5,"Top",,,,,,,2.8557451395116837,-136.49681264324764,-8.61515959458125,0.18149944365043513,28.65896066999703,-21.07563040116094,"3.7","1.69",,,,"94.5",2750,"6.6",778188,672515,656976,694374,553993,672695,666971,677950,682998,"53.88",,,,,,,,31,1,"Cutter",3,0,0,3,0,3,0,3,"Infield shade","Standard",196,"-0.003","0.039",,,,"-0.039",,3,-3,0.859,0.14100000000000001,30,27,31,27,2,1,6,1,6,1,"1.82","-0.06","0.06","37.3",,,,,
"SL","2025-04-24","90.4","-0.78","5.88","Burnes, Corbin",691406,669203,"strikeout","called_strike",,,,,9,"Junior Caminero called out on strikes.","R","R","R","AZ","TB","S",2,,1,2,2025,"0.65","0.36","0.76","1.7",,,,0,5,"Top",,,,,,,2.454938145705597,-131.74249666309768,-5.375462180165969,7.236147618518383,23.87120930444946,-27.117672481805215,"3.5","1.51",,,,"91.4",2884,"6.5",778188,672515,656976,694374,553993,672695,666971,677950,682998,"54.02",,0,"0",1,0,0,,30,5,"Slider",3,0,0,3,0,3,0,3,"Standard","Standard",134,"0.017","-0.189",,,,"0.189",,3,-3,0.842,0.15800000000000003,30,21,31,22,2,1,6,1,6,1,"2.39","-0.65","-0.65","41.5",,,,,
"FC","2025-04-24","95.2","-0.88","5.81","Burnes, Corbin",691406,669203,,"foul",,,,,9,"Foul","R","R","R","AZ","TB","S",,,1,2,2025,"0.23","0.94","0.42","2.03",,,,0,5,"Top",,,,,,,2.9073981551193797,-138.62659782419468,-6.439462907127319,2.399229505323926,29.420037662734945,-18.811923900485134,"3.53","1.61",,,,"95.8",2660,"6.5",778188,672515,656976,694374,553993,672695,666971,677950,682998,"54.02",,,,,,,,30,4,"Cutter",3,0,0,3,0,3,0,3,"Strategic","Standard",196,"0","0","80.3","8.4",,"0",,3,-3,0.842,0.15800000000000003,30,21,31,22,2,1,6,1,6,1,"1.56","-0.23","-0.23","44.1",2.9311252845595765,-1.7524701823018303,35.64718276824474,39.96638069615706,27.81389105987219
"SL","2025-04-24","87.9","-0.96","5.64","Burnes, Corbin",691406,669203,,"foul",,,,,9,"Foul","R","R","R","AZ","TB","S",,,1,1,2025,"0.6","0.27","0.38","1.93",,,,0,5,"Top",,,,,,,2.016183545598625,-128.06062829434828,-3.540205714191553,6.256018121895599,23.98054638295981,-28.690869881804463,"3.53","1.61",171,"69.4",21,"88.7",2833,"6.5",778188,672515,656976,694374,553993,672695,666971,677950,682998,"53.98",,,,,,,,30,3,"Slider",3,0,0,3,0,3,0,3,"Standard","Standard",137,"0.005","-0.061","74.3","9.0",,"0.061","88.0",3,-3,0.837,0.16300000000000003,30,21,31,22,2,1,6,1,6,1,"2.65","-0.6","-0.6","35.7",9.214914450663619,-17.164901154709387,31.517904673866987,40.494453474539064,41.24433008523782
"SL","2025-04-24","88","-0.91","5.65","Burnes, Corbin",691406,669203,,"ball",,,,,14,"Ball","R","R","R","AZ","TB","B",,,0,1,2025,"0.48","0.29","0.76","1.33",,,,0,5,"Top",,,,,,,3.0678145163814334,-128.2054953320727,-5.059141105545595,4.761049488216466,24.431559011256795,-28.16562441732455,"3.54","1.61",,,,"88.7",2826,"6.5",778188,672515,656976,694374,553993,672695,666971,677950,682998,"54.03",,,,,,,,30,2,"Slider",3,0,0,3,0,3,0,3,"Standard","Standard",135,"-0.002","0.031",,,,"-0.031",,3,-3,0.839,0.16100000000000003,30,21,31,22,2,1,6,1,6,1,"2.63","-0.48","-0.48","36.6",,,,,
"FC","2025-04-24","93.7","-0.91","5.9","Burnes, Corbin",691406,669203,,"called_strike",,,,,14,"Called Strike","R","R","R","AZ","TB","S",,,0,0,2025,"0.32","0.88","0.93","2.44",,,,0,5,"Top",,,,,,,4.063737510431025,-136.4445276487134,-5.169892648647829,3.1883809101792324,29.38884761926269,-20.277911184946458,"3.53","1.62",,,,"94.2",2601,"6.5",778188,672515,656976,694374,553993,672695,666971,677950,682998,"54.02",,,,,,,,30,1,"Cutter",3,0,0,3,0,3,0,3,"Standard","Standard",185,"0.003","-0.039",,,,"0.039",,3,-3,0.836,0.16400000000000003,30,21,31,22,2,1,6,1,6,1,"1.71","-0.32","-0.32","40.7",,,,,
"FC","2025-04-24","95","-0.85","5.82","Burnes, Corbin",666018,669203,"grounded_into_double_play","hit_into_play",,,,,9,"Jonathan Aranda grounds into a double play, second baseman Tim Tawa to shortstop Geraldo Perdomo to first baseman Pavin Smith. Yandy Díaz out at 2nd. Jonathan Aranda out at 1st.","R","L","R","AZ","TB","X",4,"ground_ball",2,2,2025,"0.28","0.89","0.5","1.42",,,650490,1,4,"Top",150.51,157.1,,,,,2.9038393999090975,-138.12743442676697,-7.859659452968127,2.9383102135597423,32.50569171496608,-19.15098254986298,"3.33","1.52",8,"95.4",-10,"95.3",2786,"6.6",778188,672515,656976,694374,553993,672695,666971,677950,682998,"53.89",0.23,0.187,"0",1,0,0,2,26,5,"Cutter",3,0,0,3,0,3,0,3,"Infield shade","Standard",187,"0.046","-0.285","71.7","7.1",0.286,"0.285","95.4",3,-3,0.814,0.18600000000000005,30,27,31,27,2,1,6,1,6,1,"1.65","-0.28","0.28","36.7",-3.5629681614198887,9.66807926687358,45.98383620835855,32.71191348963697,22.73490226834725
"CU","2025-04-24","80.5","-0.63","5.91","Burnes, Corbin",666018,669203,,"called_strike",,,,,6,"Called Strike","R","L","R","AZ","TB","S",,,2,1,2025,"0.79","-0.85","0.4","2.38",,,650490,1,4,"Top",,,,,,,0.7664233947395194,-117.26047926179739,0.468241676929555,7.176278365258078,22.6096457341699,-40.338150266597815,"3.32","1.49",,,,"80.9",2732,"6.5",778188,672515,656976,694374,553993,672695,666971,677950,682998,"53.98",,,,,,,,26,4,"Curveball",3,0,0,3,0,3,0,3,"Infield shade","Standard",58,"0.007","-0.075",,,,"0.075",,3,-3,0.807,0.19299999999999995,30,27,31,27,2,1,6,1,6,1,"4.37","-0.79","0.79","44.4",,,,,
"FC","2025-04-24","94.3","-1","5.81","Burnes, Corbin",666018,669203,,"called_strike",,,,,7,"Called Strike","R","L","R","AZ","TB","S",,,2,0,2025,"0.23","1.34","-0.42","1.89",,,650490,1,4,"Top",,,,,,,1.0043474673352357,-137.2488979329983,-7.500540879153569,2.741484632079089,29.79670134784264,-13.802220917133864,"3.35","1.49",,,,"94.7",2640,"6.5",778188,672515,656976,694374,553993,672695,666971,677950,682998,"54.02",,,,,,,,26,3,"Cutter",3,0,0,3,0,3,0,3,"Infield shade","Standard",195,"0.009","-0.062",,,,"0.062",,3,-3,0.798,0.20199999999999996,30,27,31,27,2,1,6,1,6,1,"1.22","-0.23","0.23","37.9",,,,,
"CU","2025-04-24","79.5","-0.67","5.95","Burnes, Corbin",666018,669203,,"ball",,,,,11,"Ball","R","L","R","AZ","TB","B",,,1,0,2025,"0.64","-0.75","-0.92","3.36",,,650490,1,4,"Top",,,,,,,-1.7266753676783528,-115.72565617191657,2.4769396185801806,6.0519179656212145,22.103973210540577,-39.551946119495874,"3.36","1.51",,,,"79.5",2706,"6.3",778188,672515,656976,694374,553993,672695,666971,677950,682998,"54.18",,,,,,,,26,2,"Curveball",3,0,0,3,0,3,0,3,"Infield shade","Standard",60,"-0.009","0.068",,,,"-0.068",,3,-3,0.807,0.19299999999999995,30,27,31,27,2,1,6,1,6,1,"4.36","-0.64","0.64","44.2",,,,,
"FC","2025-04-24","95.6","-0.7","5.89","Burnes, Corbin",666018,669203,,"ball",,,,,14,"Ball","R","L","R","AZ","TB","B",,,0,0,2025,"0.48","1.12","1.82","1.3",,,650490,1,4,"Top",,,,,,,5.5764537407172945,-138.89754354471324,-9.015786511577028,4.9477144718892845,30.80361710490289,-15.876823698393183,"3.36","1.44",,,,"95.9",2748,"6.5",778188,672515,656976,694374,553993,672695,666971,677950,682998,"53.98",,,,,,,,26,1,"Cutter",3,0,0,3,0,3,0,3,"Infield shade","Standard",193,"-0.004","0.035",,,,"-0.035",,3,-3,0.811,0.18899999999999995,30,27,31,27,2,1,6,1,6,1,"1.38","-0.48","0.48","40.6",,,,,
"FC","2025-04-24","95.5","-0.71","5.89","Burnes, Corbin",664040,669203,"strikeout","swinging_strike",,,,,14,"Brandon Lowe strikes out swinging.","R","L","R","AZ","TB","S",2,,3,2,2025,"0.09","0.91","0.89","1.38",,,650490,0,4,"Top",,,,,,,4.025390626852405,-138.87227038891544,-8.329130129258461,0.2298173160706887,31.678398218976017,-18.685977295645852,"3.25","1.46",,,,"95.9",2704,"6.6",778188,672515,656976,694374,553993,672695,666971,677950,682998,"53.91",,0,"0",1,0,0,,25,6,"Cutter",3,0,0,3,0,3,0,3,"Infield shade","Standard",192,"0.045","-0.315","72.3","6.7",,"0.315",,3,-3,0.766,0.23399999999999999,30,30,31,31,2,1,6,1,6,1,"1.59","-0.09","0.09","40.3",1.411031725530368,9.090691462602074,44.247556084139376,24.155556519030675,23.378682675526175
"CH","2025-04-24","88.9","-0.92","5.62","Burnes, Corbin",664040,669203,,"ball",,,,,11,"Ball","R","L","R","AZ","TB","B",,,2,2,2025,"-1.45","0.33","-1.54","2.83",,,650490,0,4,"Top",,,,,,,1.526730398935428,-129.42823296567806,-1.4491463504385178,-16.532808063393798,28.893563226295534,-28.43136253665181,"3.26","1.44",,,,"89",2287,"6.5",778188,672515,656976,694374,553993,672695,666971,677950,682998,"54.04",,,,,,,,25,5,"Changeup",3,0,0,3,0,3,0,3,"Infield shade","Standard",217,"-0.013","0.113",,,,"-0.113",,3,-3,0.779,0.22099999999999997,30,30,31,31,2,1,6,1,6,1,"2.57","1.45","-1.45","36.7",,,,,
"FC","2025-04-24","95.7","-0.74","5.84","Burnes, Corbin",664040,669203,,"ball",,,,,14,"Ball","R","L","R","AZ","TB","B",,,1,2,2025,"0.19","0.98","1.18","0.89",,,650490,0,4,"Top",,,,,,,4.668806310619364,-139.17165781165198,-9.736718244135226,1.5257442277194435,29.697609866453544,-17.504505265243232,"3.27","1.48",,,,"96.5",2688,"6.6",778188,672515,656976,694374,553993,672695,666971,677950,682998,"53.85",,,,,,,,25,4,"Cutter",3,0,0,3,0,3,0,3,"Infield shade","Standard",200,"-0.005","0.036",,,,"-0.036",,3,-3,0.784,0.21599999999999997,30,30,31,31,2,1,6,1,6,1,"1.5","-0.19","0.19","48.7",,,,,
"CH","2025-04-24","89","-0.82","5.65","Burnes, Corbin",664040,669203,,"called_strike",,,,,8,"Called Strike","R","L","R","AZ","TB","S",,,1,1,2025,"-1.25","0.82","0.17","1.76",,,650490,0,4,"Top",,,,,,,5.090149437734027,-129.52572829438594,-5.269944978670232,-15.156981547633514,25.804824026325786,-22.082449348346277,"3.27","1.36",,,,"89.7",2219,"6.6",778188,672515,656976,694374,553993,672695,666971,677950,682998,"53.88",,,,,,,,25,3,"Changeup",3,0,0,3,0,3,0,3,"Standard","Standard",222,"0.007","-0.07",,,,"0.07",,3,-3,0.777,0.22299999999999998,30,30,31,31,2,1,6,1,6,1,"2.05","1.25","-1.25","39.0",,,,,
"CU","2025-04-24","80.3","-0.66","5.93","Burnes, Corbin",664040,669203,,"swinging_strike_blocked",,,,,13,"Swinging Strike (Blocked)","R","L","R","AZ","TB","S",,,1,0,2025,"0.63","-1.04","-0.3","0.98",,,650490,0,4,"Top",,,,,,,-0.4143228349422439,-116.96092287567157,-2.2855269684840094,5.866916497269961,22.894461442562363,-41.51353052218425,"3.25","1.46",,,,"80.6",2813,"6.6",778188,672515,656976,694374,553993,672695,666971,677950,682998,"53.95",,,,,,,,25,2,"Curveball",3,0,0,3,0,3,0,3,"Standard","Standard",46,"0.008","-0.048","73.9","8.5",,"0.048",,3,-3,0.769,0.23099999999999998,30,30,31,31,2,1,6,1,6,1,"4.58","-0.63","0.63","43.9",34.26066707480098,-29.12562513778234,36.91599296576032,39.73995070669375,54.61470888520426
"CH","2025-04-24","87.6","-0.91","5.74","Burnes, Corbin",664040,669203,,"ball",,,,,11,"Ball","R","L","R","AZ","TB","B",,,0,0,2025,"-0.93","0.68","-0.97","4.17",,,650490,0,4,"Top",,,,,,,1.7888724863770056,-127.53462001777316,0.9772941502052155,-10.550527851634014,27.15152529598499,-25.223998111409923,"3.19","1.34",,,,"87.9",2169,"6.5",778188,672515,656976,694374,553993,672695,666971,677950,682998,"53.96",,,,,,,,25,1,"Changeup",3,0,0,3,0,3,0,3,"Standard","Standard",219,"-0.006","0.04",,,,"-0.04",,3,-3,0.775,0.22499999999999998,30,30,31,31,2,1,6,1,6,1,"2.3","0.93","-0.93","37.9",,,,,
"CU","2025-04-24","79","-0.58","6.02","Burnes, Corbin",650490,669203,"single","hit_into_play",,,,,14,"Yandy Díaz singles on a line drive to left fielder Lourdes Gurriel Jr.","R","R","R","AZ","TB","X",7,"line_drive",0,1,2025,"0.66","-1.04","0.2","1.39",,,,0,4,"Top",73.51,112.71,,,,,0.4596021426057244,-114.97600683334501,-1.286156049103039,5.754062566258947,23.045962606932704,-41.35855991042125,"3.46","1.55",166,"91.4",8,"79",2709,"6.5",778188,672515,656976,694374,553993,672695,666971,677950,682998,"54.02",0.519,0.467,"0.9",1,1,0,4,24,2,"Curveball",3,0,0,3,0,3,0,3,"Strategic","Standard",44,"-0.042","0.477","76.7","7.9",0.558,"-0.477","91.4",3,-3,0.817,0.18300000000000005,30,33,31,34,2,1,6,1,6,1,"4.72","-0.66","-0.66","47.2",9.03686112189104,-10.077615754743956,28.001716628503445,38.44135046794202,44.46936256709382
"CU","2025-04-24","78.4","-0.58","6","Burnes, Corbin",650490,669203,,"called_strike",,,,,5,"Called Strike","R","R","R","AZ","TB","S",,,0,0,2025,"0.83","-1.09","-0.19","2.77",,,,0,4,"Top",,,,,,,-0.7065210147834363,-114.11240944142264,1.9119026888326922,7.426357196754142,20.87862980880373,-42.29956694554113,"3.41","1.54",,,,"78.8",2729,"6.5",778188,672515,656976,694374,553993,672695,666971,677950,682998,"53.98",,,,,,,,24,1,"Curveball",3,0,0,3,0,3,0,3,"Standard","Standard",46,"0.003","-0.039",,,,"0.039",,3,-3,0.814,0.18600000000000005,30,33,31,34,2,1,6,1,6,1,"4.8","-0.83","-0.83","47.6",,,,,
"FC","2025-04-24","95.5","-0.91","5.82","Burnes, Corbin",643376,669203,"field_out","hit_into_play",,,,,9,"Danny Jansen flies out to center fielder Alek Thomas.","R","R","R","AZ","TB","X",8,"fly_ball",0,0,2025,"0.09","0.87","0.58","2.03",,,,2,3,"Top",125.79,40.51,,,,,3.722452246283796,-139.07431464069006,-6.364471695610386,0.43569126625030075,29.594421036934683,-19.68960313893694,"3.32","1.51",390,"98.6",27,"96.2",2705,"6.6",778188,672515,656976,694374,553993,672695,666971,677950,682998,"53.94",0.40284375000000006,0.7258437499999998,"0",1,0,0,6,20,1,"Cutter",3,0,0,3,0,3,0,3,"Standard","Standard",192,"0.008","-0.26","72.2","7.2",1.4046562500000002,"0.26","98.6",3,-3,0.831,0.16900000000000004,30,30,31,30,1,0,6,1,6,2,"1.62","-0.09","-0.09","38.7",15.001765977899668,-2.3684316130965044,27.989909111709608,44.74878539597943,34.508333767837236
"CU","2025-04-24","81","-0.59","5.93","Burnes, Corbin",802415,669203,"strikeout","swinging_strike_blocked",,,,,14,"Chandler Simpson strikes out swinging.","R","L","R","AZ","TB","S",2,,1,2,2025,"0.86","-1.05","1.11","0.81",,,,1,3,"Top",,,,,,,2.170472534360592,-117.90733204972494,-2.7662950061555325,7.530115009980025,24.134069499748403,-41.53465452795894,"3.32","1.51",,,,"81.2",2914,"6.6",778188,672515,656976,694374,553993,672695,666971,677950,682998,"53.89",,0,"0",1,0,0,,19,4,"Curveball",3,0,0,3,0,3,0,3,"Standard","Strategic",52,"0.011","-0.18","57.6","8.1",,"0.18",,3,-3,0.82,0.18000000000000005,30,24,31,25,1,0,6,1,6,1,"4.54","-0.86","0.86","48.8",25.637553767718266,-37.454441522810036,40.16878518758448,26.05674692423485,43.627393057157136
"FC","2025-04-24","94.3","-0.76","5.9","Burnes, Corbin",802415,669203,,"swinging_strike",,,,,14,"Swinging Strike","R","L","R","AZ","TB","S",,,1,1,2025,"0.36","0.98","1.41","1.28",,,,1,3,"Top",,,,,,,4.849633757092453,-137.01224381633892,-8.522813937432652,3.481167149682135,30.759613465069418,-18.131119652003502,"3.32","1.51",,,,"94.7",2715,"6.6",778188,672515,656976,694374,553993,672695,666971,677950,682998,"53.88",,,,,,,,19,3,"Cutter",3,0,0,3,0,3,0,3,"Standard","Strategic",188,"0.003","-0.064","28.1","5.5",,"0.064",,3,-3,0.817,0.18300000000000005,30,24,31,25,1,0,6,1,6,1,"1.59","-0.36","0.36","41.3",-10.688600802225977,14.078784897348129,45.26172846808479,21.385554510175993,10.31987608698328
"FC","2025-04-24","94.8","-0.82","5.88","Burnes, Corbin",802415,669203,,"ball",,,,,14,"Ball","R","L","R","AZ","TB","B",,,0,1,2025,"0.45","0.95","1.24","1.07",,,,1,3,"Top",,,,,,,4.394068857087823,-137.75514522951914,-9.05782439368391,4.7501760427958875,29.65589645162186,-18.24783923214072,"3.59","1.64",,,,"95.2",2762,"6.5",778188,672515,656976,694374,553993,672695,666971,677950,682998,"53.97",,,,,,,,19,2,"Cutter",3,0,0,3,0,3,0,3,"Standard","Strategic",193,"-0.001","0.029",,,,"-0.029",,3,-3,0.818,0.18200000000000005,30,24,31,25,1,0,6,1,6,1,"1.58","-0.45","0.45","41.5",,,,,
"FC","2025-04-24","93.5","-0.97","5.87","Burnes, Corbin",802415,669203,,"foul_bunt",,,,,8,"Foul Bunt","R","L","R","AZ","TB","S",,,0,0,2025,"0.19","0.87","-0.12","1.77",,,,1,3,"Top",,,,,,,1.7650313813271508,-136.16800885037523,-6.8506973545044865,2.0851247254989804,27.29695841626005,-20.069970392162002,"3.32","1.51",,,,"94.4",2725,"6.6",778188,672515,656976,694374,553993,672695,666971,677950,682998,"53.9",,,,,,,,19,1,"Cutter",3,0,0,3,0,3,0,3,"Standard","Strategic",195,"0.002","-0.039","4.9","1.9",,"0.039","88.0",3,-3,0.816,0.18400000000000005,30,24,31,25,1,0,6,1,6,1,"1.71","-0.19","0.19","38.8",50.04113361350701,174.54319723503053,38.87057338629002,41.60549095722602,20.443846335604974
"SI","2025-04-24","96.2","-0.79","5.83","Burnes, Corbin",676609,669203,"strikeout","called_strike",,,,,7,"José Caballero called out on strikes.","R","R","R","AZ","TB","S",2,,2,2,2025,"-1.17","0.68","-0.83","1.94",,,,0,3,"Top",,,,,,,2.5672709297774103,-140.0332112242939,-6.341001159579441,-16.027333807322503,30.19032912708517,-22.015669458365288,"3.11","1.47",,,,"96.7",2521,"6.4",778188,672515,656976,694374,553993,672695,666971,677950,682998,"54.05",,0,"0",1,0,0,,18,5,"Sinker",3,0,0,3,0,3,0,3,"Standard","Standard",207,"0.02","-0.232",,,,"0.232",,3,-3,0.796,0.20399999999999996,30,28,31,29,1,0,6,1,6,2,"1.77","1.17","1.17","39.7",,,,,
"SI","2025-04-24","96.5","-0.77","5.9","Burnes, Corbin",676609,669203,,"ball",,,,,13,"Ball","R","R","R","AZ","TB","B",,,1,2,2025,"-1.14","0.83","-0.85","1.98",,,,0,3,"Top",,,,,,,2.3882713757828578,-140.4556943451641,-6.785522313929809,-15.645443959404584,30.760972641190577,-19.86810293316813,"3.09","1.42",,,,"97.1",2559,"6.6",778188,672515,656976,694374,553993,672695,666971,677950,682998,"53.95",,,,,,,,18,4,"Sinker",3,0,0,3,0,3,0,3,"Standard","Standard",204,"-0.003","0.043",,,,"-0.043",,3,-3,0.799,0.20099999999999996,30,28,31,29,1,0,6,1,6,2,"1.61","1.14","1.14","39.4",,,,,
"CU","2025-04-24","78.5","-0.74","5.89","Burnes, Corbin",676609,669203,,"ball",,,,,14,"Ball","R","R","R","AZ","TB","B",,,0,2,2025,"0.88","-1.05","0.52","0.81",,,,0,3,"Top",,,,,,,1.1093293607842059,-114.39959421956056,-2.211134962759351,7.496031137915973,21.4861976269853,-41.22811048826697,"3.18","1.46",,,,"78.8",2792,"6.5",778188,672515,656976,694374,553993,672695,666971,677950,682998,"54.01",,,,,,,,18,3,"Curveball",3,0,0,3,0,3,0,3,"Standard","Standard",53,"-0.003","0.024",,,,"-0.024",,3,-3,0.802,0.19799999999999995,30,28,31,29,1,0,6,1,6,2,"4.75","-0.88","-0.88","50.1",,,,,
"SL","2025-04-24","89.7","-0.86","5.8","Burnes, Corbin",676609,669203,,"foul",,,,,3,"Foul","R","R","R","AZ","TB","S",,,0,1,2025,"0.44","0.52","0.63","2.63",,,,0,3,"Top",,,,,,,2.759822280445497,-130.63552300646893,-2.9511354902114215,4.491166768976044,27.01619111611257,-25.826425710594886,"3.12","1.43",124,"76.8",10,"90",2725,"6.4",778188,672515,656976,694374,553993,672695,666971,677950,682998,"54.13",,,,,,,,18,2,"Slider",3,0,0,3,0,3,0,3,"Standard","Standard",158,"0.005","-0.055","70.6","7.1",,"0.055","88.0",3,-3,0.797,0.20299999999999996,30,28,31,29,1,0,6,1,6,2,"2.31","-0.44","-0.44","38.5",16.23496547140261,-7.559440115649052,31.01381259686406,38.5586879910575,36.97736392330931
"FC","2025-04-24","93.3","-0.79","5.97","Burnes, Corbin",676609,669203,,"foul",,,,,6,"Foul","R","R","R","AZ","TB","S",,,0,0,2025,"-0.04","0.89","0.51","2.41",,,,0,3,"Top",,,,,,,3.4350546679717096,-135.79793029459302,-5.341690914428305,-1.287518087322198,31.507183564818817,-20.134006565548564,"3.12","1.43",129,"70.1",73,"93.3",2476,"6.4",778188,672515,656976,694374,553993,672695,666971,677950,682998,"54.1",,,,,,,,18,1,"Cutter",3,0,0,3,0,3,0,3,"Standard","Standard",191,"0.003","-0.039","73.9","7.0",,"0.039","88.0",3,-3,0.794,0.20599999999999996,30,28,31,29,1,0,6,1,6,2,"1.74","0.04","0.04","45.9",17.49288203016793,-1.818853310623481,31.951745587455083,38.87355567658031,38.066928533116766
"SI","2025-04-24","95.8","-0.68","5.95","Burnes, Corbin",666624,669203,"strikeout","called_strike",,,,,14,"Christopher Morel called out on strikes.","R","R","R","AZ","TB","S",2,,0,2,2025,"-1.04","0.72","0.23","1.45",,,,2,2,"Top",,,,,,,4.774509452611581,-139.3970373901913,-7.990257320774463,-14.686198445637936,28.588140266173873,-21.302973946614475,"3.7","1.67",,,,"96.8",2552,"6.6",778188,672515,656976,694374,553993,672695,666971,677950,682998,"53.85",,0,"0",1,0,0,,11,3,"Sinker",1,0,0,1,0,1,0,1,"Strategic","Standard",204,"0.007","-0.16",,,,"0.16",,1,-1,0.649,0.351,30,26,31,26,1,0,6,1,6,1,"1.75","1.04","1.04","42.8",,,,,
"CU","2025-04-24","80.5","-0.56","5.92","Burnes, Corbin",666624,669203,,"swinging_strike",,,,,14,"Swinging Strike","R","R","R","AZ","TB","S",,,0,1,2025,"0.88","-0.93","0.8","0.69",,,,2,2,"Top",,,,,,,1.3610826075777118,-117.15465097111735,-3.0732819307863837,7.748423569820763,25.210467714656097,-40.206362939059744,"3.62","1.65",,,,"80.6",2919,"6.7",778188,672515,656976,694374,553993,672695,666971,677950,682998,"53.83",,,,,,,,11,2,"Curveball",1,0,0,1,0,1,0,1,"Strategic","Standard",45,"0.002","-0.057","67.9","8.9",,"0.057",,1,-1,0.647,0.353,30,26,31,26,1,0,6,1,6,1,"4.48","-0.88","-0.88","44.6",27.43822965800673,-41.79257692505665,32.15544345810805,42.00481354064021,61.22762911487203
"CU","2025-04-24","80.2","-0.65","5.96","Burnes, Corbin",666624,669203,,"swinging_strike",,,,,14,"Swinging Strike","R","R","R","AZ","TB","S",,,0,0,2025,"0.76","-0.71","0.89","1.35",,,,2,2,"Top",,,,,,,1.9599626222669877,-116.7171765680041,-2.0960242436840035,6.521736787492684,24.222004002877693,-38.38134643311344,"3.62","1.65",,,,"80.3",2847,"6.6",778188,672515,656976,694374,553993,672695,666971,677950,682998,"53.91",,,,,,,,11,1,"Curveball",1,0,0,1,0,1,0,1,"Strategic","Standard",45,"0.002","-0.043","70.8","9.1",,"0.043",,1,-1,0.645,0.355,30,26,31,26,1,0,6,1,6,1,"4.28","-0.76","-0.76","45.6",25.246783388365177,-37.05396268469605,28.877832297990032,44.13322255089129,60.3392560638991
"FC","2025-04-24","95.7","-0.78","5.89","Burnes, Corbin",670224,669203,"strikeout","swinging_strike",,,,,14,"Kameron Misner strikes out swinging.","R","L","R","AZ","TB","S",2,,3,2,2025,"0.36","0.9","1.28","1.43",,,,1,2,"Top",,,,,,,4.642155847198218,-139.14170587005393,-8.218327099156093,3.721126398875916,30.44715685728251,-18.910561616471924,"3.76","1.73",,,,"96.3",2823,"6.6",778188,672515,656976,694374,553993,672695,666971,677950,682998,"53.86",,0,"0",1,0,0,,10,6,"Cutter",1,0,0,1,0,1,0,1,"Infield shade","Standard",189,"0.022","-0.332","72.5","7.8",,"0.332",,1,-1,0.623,0.377,30,27,31,27,1,0,6,1,6,1,"1.59","-0.36","0.36","42.7",11.059619437536002,-14.371270840006883,45.154283947760796,23.13148262188901,28.604727387259896
"FC","2025-04-24","94.3","-0.82","5.89","Burnes, Corbin",670224,669203,,"ball",,,,,14,"Ball","R","L","R","AZ","TB","B",,,2,2,2025,"0.4","0.67","1.71","0.81",,,,1,2,"Top",,,,,,,5.707543174322708,-137.10768253371538,-9.079081657593871,3.982252110108885,27.783053672336667,-22.01055867318126,"3.86","1.68",,,,"95.1",2826,"6.6",778188,672515,656976,694374,553993,672695,666971,677950,682998,"53.87",,,,,,,,10,5,"Cutter",1,0,0,1,0,1,0,1,"Infield shade","Standard",179,"-0.006","0.104",,,,"-0.104",,1,-1,0.629,0.371,30,27,31,27,1,0,6,1,6,1,"1.88","-0.4","0.4","42.6",,,,,
"FC","2025-04-24","95.3","-0.97","5.84","Burnes, Corbin",670224,669203,,"foul",,,,,5,"Foul","R","L","R","AZ","TB","S",,,2,1,2025,"-0.25","0.91","-0.13","2.6",,,,1,2,"Top",,,,,,,2.7964402891855826,-138.71294811478614,-4.90466145221825,-3.936987536361549,33.8556089378731,-19.57743827181128,"3.76","1.73",182,"75.1",63,"95.7",2712,"6.7",778188,672515,656976,694374,553993,672695,666971,677950,682998,"53.81",,,,,,,,10,4,"Cutter",1,0,0,1,0,1,0,1,"Infield shade","Standard",187,"0.005","-0.07","74.4","8.1",,"0.07","88.0",1,-1,0.624,0.376,30,27,31,27,1,0,6,1,6,1,"1.62","0.25","-0.25","37.5",10.539907379842521,-11.847513871806944,36.20421427933621,39.07536330274924,34.703995695547405
"FC","2025-04-24","94.5","-0.84","5.85","Burnes, Corbin",670224,669203,,"ball",,,,,14,"Ball","R","L","R","AZ","TB","B",,,1,1,2025,"0.09","0.93","0.19","1.08",,,,1,2,"Top",,,,,,,2.491099938669353,-137.3426268419648,-8.78897237733657,0.5580149545438391,32.02283725292592,-18.614751235830642,"3.78","1.68",,,,"94.6",2640,"6.5",778188,672515,656976,694374,553993,672695,666971,677950,682998,"53.98",,,,,,,,10,3,"Cutter",1,0,0,1,0,1,0,1,"Infield shade","Standard",201,"-0.004","0.055",,,,"-0.055",,1,-1,0.628,0.372,30,27,31,27,1,0,6,1,6,1,"1.64","-0.09","0.09","42.2",,,,,
"CH","2025-04-24","89.7","-0.94","5.62","Burnes, Corbin",670224,669203,,"ball",,,,,13,"Ball","R","L","R","AZ","TB","B",,,0,1,2025,"-1.5","0.57","-1.2","2.05",,,,1,2,"Top",,,,,,,2.5453858804949907,-130.44477851828228,-3.95747841788583,-17.55367559764146,30.68806998960236,-25.083796498951358,"3.85","1.78",,,,"89.5",2211,"6.5",778188,672515,656976,694374,553993,672695,666971,677950,682998,"54",,,,,,,,10,2,"Changeup",1,0,0,1,0,1,0,1,"Infield shade","Standard",227,"-0.002","0.029",,,,"-0.029",,1,-1,0.63,0.37,30,27,31,27,1,0,6,1,6,1,"2.3","1.5","-1.5","36.6",,,,,
"FC","2025-04-24","93.7","-0.87","5.84","Burnes, Corbin",670224,669203,,"swinging_strike",,,,,14,"Swinging Strike","R","L","R","AZ","TB","S",,,0,0,2025,"0.26","0.79","0.69","1.51",,,,1,2,"Top",,,,,,,3.4695008350962366,-136.23671910652587,-7.1941729591426,2.4810340313672374,30.421634437299826,-20.916666800777165,"3.76","1.73",,,,"94",2740,"6.6",778188,672515,656976,694374,553993,672695,666971,677950,682998,"53.94",,,,,,,,10,1,"Cutter",1,0,0,1,0,1,0,1,"Infield shade","Standard",184,"0.003","-0.039","76.4","8.7",,"0.039",,1,-1,0.627,0.373,30,27,31,27,1,0,6,1,6,1,"1.81","-0.26","0.26","39.6",18.31456047988128,-16.412212923165445,41.95624414118497,30.447226961522997,38.77766032544889
"CU","2025-04-24","80.1","-0.48","5.89","Burnes, Corbin",691406,669203,"field_out","hit_into_play",,,,,14,"Junior Caminero grounds out, shortstop Geraldo Perdomo to first baseman Pavin Smith.","R","R","R","AZ","TB","X",6,"ground_ball",1,2,2025,"0.77","-0.7","1.55","1.32",,,,0,2,"Top",116.03,152.03,,,,,3.039720277036336,-116.57993650580205,-2.0627221799810704,6.46247661104735,22.45281826850752,-38.335766887581286,"3.53","1.61",11,"70.8",-7,"80.7",2790,"6.7",778188,672515,656976,694374,553993,672695,666971,677950,682998,"53.76",0.046,0.044,"0",1,0,0,2,9,4,"Curveball",1,0,0,1,0,1,0,1,"Standard","Standard",50,"0.018","-0.189","71.1","8.4",0.046,"0.189","88.0",1,-1,0.609,0.391,30,21,31,22,1,0,6,1,6,1,"4.25","-0.77","-0.77","50.0",-4.607258940794494,-9.766238597080523,28.223480118869723,51.61934778714908,40.302359158475646
"SI","2025-04-24","96.2","-0.75","5.84","Burnes, Corbin",691406,669203,,"foul",,,,,13,"Foul","R","R","R","AZ","TB","S",,,1,1,2025,"-1.12","0.75","-1.01","1.75",,,,0,2,"Top",,,,,,,1.8957488987165438,-139.9386736610748,-6.9855645199192855,-15.196387510681058,31.56427698416719,-20.977531734815962,"3.53","1.61",4,"96.4",-23,"96.8",2405,"6.7",778188,672515,656976,694374,553993,672695,666971,677950,682998,"53.84",,,,,,,,9,3,"Sinker",1,0,0,1,0,1,0,1,"Standard","Standard",202,"0.005","-0.061","81.5","7.6",,"0.061","96.4",1,-1,0.604,0.396,30,21,31,22,1,0,6,1,6,1,"1.72","1.12","1.12","41.2",-4.1512515383379425,-0.2726082008582568,39.57180200040577,22.364522197105373,25.393144948507828
"SI","2025-04-24","94.6","-0.8","5.95","Burnes, Corbin",691406,669203,,"foul",,,,,13,"Foul","R","R","R","AZ","TB","S",,,1,0,2025,"-1.1","1.14","-1.31","2.32",,,,0,2,"Top",,,,,,,1.1067775873142707,-137.7325995425303,-6.367300422019718,-14.246492022614573,30.155708770895163,-16.4662373952821,"3.53","1.61",6,"83.5",-20,"95",2455,"6.5",778188,672515,656976,694374,553993,672695,666971,677950,682998,"54.05",,,,,,,,9,2,"Sinker",1,0,0,1,0,1,0,1,"Standard","Standard",201,"0.005","-0.05","74.1","7.7",,"0.05","88.0",1,-1,0.599,0.401,30,21,31,22,1,0,6,1,6,1,"1.4","1.1","1.1","41.6",7.145613197143455,-18.418214990715743,36.39723599027772,19.144934625623378,26.57026131537834
"FC","2025-04-24","94.1","-0.83","6.02","Burnes, Corbin",691406,669203,,"ball",,,,,14,"Ball","R","R","R","AZ","TB","B",,,0,0,2025,"0.18","1.31","1.02","1.99",,,,0,2,"Top",,,,,,,4.422295682805084,-136.9467617055869,-7.713688830313821,1.334150154209055,28.58283522685862,-14.135900497926977,"3.62","1.56",,,,"94.6",2482,"6.5",778188,672515,656976,694374,553993,672695,666971,677950,682998,"54.03",,,,,,,,9,1,"Cutter",1,0,0,1,0,1,0,1,"Standard","Standard",193,"-0.004","0.041",,,,"-0.041",,1,-1,0.603,0.397,30,21,31,22,1,0,6,1,6,1,"1.25","-0.18","-0.18","42.1",,,,,
"FC","2025-04-24","95.6","-0.84","5.89","Burnes, Corbin",666018,669203,"field_out","hit_into_play",,,,,14,"Jonathan Aranda grounds out, first baseman Pavin Smith to pitcher Corbin Burnes.","R","L","R","AZ","TB","X",3,"ground_ball",1,0,2025,"0.23","1.34","1.16","2.13",,,,2,1,"Top",149.69,165.15,,,,,4.789913426770608,-138.96572895580167,-7.321052988859856,1.8209006276198185,31.8676217778763,-13.368409631510776,"3.33","1.52",10,"53.4",-10,"95.8",2660,"6.5",778188,672515,656976,694374,553993,672695,666971,677950,682998,"53.97",0.073,0.058,"0",1,0,0,1,3,2,"Cutter",0,0,0,0,0,0,0,0,"Infield shade","Standard",196,"0.011","-0.297","67.5","6.8",0.083,"0.297","88.0",0,0,0.537,0.46299999999999997,30,27,31,27,1,0,6,1,6,1,"1.16","-0.23","0.23","40.9",3.424278992945233,7.776395792182975,45.1005781085114,23.780492053756767,21.861730903783844
"FC","2025-04-24","95.8","-1.02","5.82","Burnes, Corbin",666018,669203,,"ball",,,,,13,"Ball","R","L","R","AZ","TB","B",,,0,0,2025,"-0.05","1.13","-0.56","0.79",,,,2,1,"Top",,,,,,,1.3263896327952085,-139.2307312041853,-10.245348857747906,-0.9175932782530981,30.53878952416507,-15.390683933344372,"3.36","1.57",,,,"96.1",2584,"6.5",778188,672515,656976,694374,553993,672695,666971,677950,682998,"54.04",,,,,,,,3,1,"Cutter",0,0,0,0,0,0,0,0,"Infield shade","Standard",196,"-0.001","0.037",,,,"-0.037",,0,0,0.538,0.46199999999999997,30,27,31,27,1,0,6,1,6,1,"1.35","0.05","-0.05","39.0",,,,,
"FC","2025-04-24","94.6","-1.04","5.87","Burnes, Corbin",664040,669203,"field_out","hit_into_play",,,,,6,"Brandon Lowe lines out to first baseman Pavin Smith.","R","L","R","AZ","TB","X",3,"line_drive",0,0,2025,"0.34","0.95","0.62","2.21",,,,1,1,"Top",161.47,160.88,,,,,3.5547792081188865,-137.6757516349398,-6.001656632432973,3.6018297402071173,30.251727746654,-18.974008075507786,"3.25","1.46",132,"98.8",7,"95",2696,"6.5",778188,672515,656976,694374,553993,672695,666971,677950,682998,"54.03",0.587,0.529,"0",1,0,0,4,2,1,"Cutter",0,0,0,0,0,0,0,0,"Standard","Standard",190,"0.016","-0.254","75.5","7.2",0.636,"0.254","98.8",0,0,0.522,0.478,30,30,31,31,1,0,6,1,6,1,"1.59","-0.34","0.34","38.0",17.577336294487747,-6.336028877565424,37.700879247744474,27.31709858011522,34.96802347590501
"FC","2025-04-24","95.8","-0.83","5.86","Burnes, Corbin",650490,669203,"strikeout","called_strike",,,,,9,"Yandy Díaz called out on strikes.","R","R","R","AZ","TB","S",2,,2,2,2025,"0.15","1.31","0.76","1.81",,,,0,1,"Top",,,,,,,3.875711759442407,-139.40825575584475,-8.101128017611547,1.1253429890916218,30.600582894363992,-13.469282058103174,"3.48","1.51",,,,"96.4",2748,"6.6",778188,672515,656976,694374,553993,672695,666971,677950,682998,"53.92",,0,"0",1,0,0,,1,5,"Cutter",0,0,0,0,0,0,0,0,"Standard","Standard",200,"0.02","-0.232",,,,"0.232",,0,0,0.502,0.498,30,33,31,34,1,0,6,1,6,1,"1.17","-0.15","-0.15","39.6",,,,,
"FC","2025-04-24","94.7","-0.89","5.9","Burnes, Corbin",650490,669203,,"foul",,,,,5,"Foul","R","R","R","AZ","TB","S",,,2,1,2025,"0.18","0.98","0.26","2.58",,,,0,1,"Top",,,,,,,2.6218354511454156,-137.92959360567266,-5.231811891921235,1.7591379029146867,30.701268374214493,-18.71926764477125,"3.46","1.55",213,"79.9",57,"95.2",2575,"6.5",778188,672515,656976,694374,553993,672695,666971,677950,682998,"53.99",,,,,,,,1,4,"Cutter",0,0,0,0,0,0,0,0,"Standard","Standard",192,"0.006","-0.073","70.6","7.6",,"0.073","88.0",0,0,0.496,0.504,30,33,31,34,1,0,6,1,6,1,"1.56","-0.18","-0.18","41.9",-4.311194428756251,9.210456751137656,26.69616213741897,40.2900940617864,25.487462851896055
"CU","2025-04-24","79.7","-0.72","5.95","Burnes, Corbin",650490,669203,,"ball",,,,,14,"Ball","R","R","R","AZ","TB","B",,,1,1,2025,"0.55","-0.53","0.78","0.8",,,,0,1,"Top",,,,,,,2.265201805159584,-116.0302113205356,-3.58491394783779,4.56934662626569,21.624701673642342,-36.51517612529306,"3.44","1.47",,,,"79.9",2790,"6.4",778188,672515,656976,694374,553993,672695,666971,677950,682998,"54.09",,,,,,,,1,3,"Curveball",0,0,0,0,0,0,0,0,"Standard","Standard",54,"-0.005","0.055",,,,"-0.055",,0,0,0.501,0.499,30,33,31,34,1,0,6,1,6,1,"4.11","-0.55","-0.55","45.6",,,,,
"SI","2025-04-24","94.7","-0.8","5.98","Burnes, Corbin",650490,669203,,"ball",,,,,13,"Ball","R","R","R","AZ","TB","B",,,0,1,2025,"-1.07","1.05","-1.67","2.19",,,,0,1,"Top",,,,,,,0.15059648131661368,-137.84308337622463,-6.528714267985107,-13.662131927822168,32.64625916666002,-17.518358118730028,"3.57","1.66",,,,"94.6",2556,"6.3",778188,672515,656976,694374,553993,672695,666971,677950,682998,"54.16",,,,,,,,1,2,"Sinker",0,0,0,0,0,0,0,0,"Standard","Standard",197,"-0.002","0.031",,,,"-0.031",,0,0,0.503,0.497,30,33,31,34,1,0,6,1,6,1,"1.5","1.07","1.07","42.9",,,,,
"FC","2025-04-24","92.8","-1.1","5.85","Burnes, Corbin",650490,669203,,"called_strike",,,,,8,"Called Strike","R","R","R","AZ","TB","S",,,0,0,2025,"-0.08","0.91","-0.01","2.09",,,,0,1,"Top",,,,,,,2.9590115599316364,-135.08844514739778,-5.801478197480432,-1.5962418536395815,29.965374627655255,-19.998424607811,"3.53","1.58",,,,"92.8",2631,"6.3",778188,672515,656976,694374,553993,672695,666971,677950,682998,"54.16",,,,,,,,1,1,"Cutter",0,0,0,0,0,0,0,0,"Standard","Standard",195,"0.003","-0.039",,,,"0.039",,0,0,0.5,0.5,30,33,31,34,1,0,6,1,6,1,"1.74","0.08","0.08","40.8",,,,,
"FC","2025-04-18","94.5","-0.94","5.87","Burnes, Corbin",621020,669203,"field_out","hit_into_play",,,,,6,"Dansby Swanson grounds out softly to pitcher Corbin Burnes.","R","R","R","CHC","AZ","X",1,"ground_ball",1,0,2025,"0.09","0.87","0.66","2.39",,,,2,6,"Bot",137.55,188.55,,,,,3.9993781549194853,-137.52299949445646,-5.331654801647031,0.2416495797048202,31.641177645156574,-20.1638678389425,"3.64","1.7",1,"64",-60,"94.8",2862,"6.6",778268,672515,647304,641658,553993,672695,666971,664983,682998,"53.94",0.256,0.271,"0",1,0,0,2,48,2,"Cutter",2,1,2,1,1,2,2,1,"Standard","Standard",190,"-0.012","-0.297","69.8","7.8",0.256,"0.297","88.0",1,1,0.704,0.704,30,31,31,31,3,2,6,2,6,1,"1.69","-0.09","-0.09","39.9",23.101403011313835,1.97276165370106,30.00752580514601,47.19607636550901,31.37021246185626
"FC","2025-04-18","93.9","-0.85","5.87","Burnes, Corbin",621020,669203,,"ball",,,,,14,"Ball","R","R","R","CHC","AZ","B",,,0,0,2025,"0.21","0.98","0.81","1.39",,,,2,6,"Bot",,,,,,,3.852068107495367,-136.55503667084815,-8.08765437316826,1.7492144331329533,30.88760733754463,-18.312495357208455,"3.68","1.87",,,,"94.4",2882,"6.7",778268,672515,647304,641658,553993,672695,666971,664983,682998,"53.85",,,,,,,,48,1,"Cutter",2,1,2,1,1,2,2,1,"Standard","Standard",184,"0.001","0.037",,,,"-0.037",,1,1,0.703,0.703,30,31,31,31,3,2,6,2,6,1,"1.61","-0.21","-0.21","37.3",,,,,
"FC","2025-04-18","92.9","-1","5.89","Burnes, Corbin",683737,669203,"strikeout","called_strike",,,,,4,"Michael Busch called out on strikes.","R","L","R","CHC","AZ","S",2,,2,2,2025,"0.27","0.83","-0.68","2.08",,,,1,6,"Bot",,,,,,,0.22378529380837242,-135.3123622435175,-5.828420917094817,3.2846852783263487,29.91867317704992,-20.8785485117363,"3.13","1.6",,,,"93.3",2872,"6.5",778268,672515,647304,641658,553993,672695,666971,664983,682998,"53.97",,0,"0",1,0,0,,47,5,"Cutter",2,1,2,1,1,2,2,1,"Infield shade","Standard",179,"-0.014","-0.228",,,,"0.228",,1,1,0.717,0.717,30,27,31,28,3,2,6,2,6,1,"1.81","-0.27","0.27","43.1",,,,,
"CH","2025-04-18","88.8","-1.06","5.61","Burnes, Corbin",683737,669203,,"ball",,,,,13,"Ball","R","L","R","CHC","AZ","B",,,1,2,2025,"-1.46","0.47","-1.27","1.84",,,,1,6,"Bot",,,,,,,2.5556005687969727,-129.2762118999374,-4.187600099120252,-16.87367741344695,27.345598651797953,-26.24692892431112,"3.23","1.7",,,,"89.5",2153,"6.7",778268,672515,647304,641658,553993,672695,666971,664983,682998,"53.76",,,,,,,,47,4,"Changeup",2,1,2,1,1,2,2,1,"Infield shade","Standard",226,"0.002","0.048",,,,"-0.048",,1,1,0.715,0.715,30,27,31,28,3,2,6,2,6,1,"2.42","1.46","-1.46","35.9",,,,,
"CH","2025-04-18","88.8","-1.05","5.62","Burnes, Corbin",683737,669203,,"foul",,,,,13,"Foul","R","L","R","CHC","AZ","S",,,1,1,2025,"-1.45","0.51","-0.93","1.74",,,,1,6,"Bot",,,,,,,3.362731702068389,-129.18513900060998,-4.512180446925623,-16.876623340078442,27.599186456906978,-25.752036743257747,"3.35","1.59",1,"59",-50,"89.2",2220,"6.6",778268,672515,647304,641658,553993,672695,666971,664983,682998,"53.89",,,,,,,,47,3,"Changeup",2,1,2,1,1,2,2,1,"Infield shade","Standard",227,"-0.003","-0.064","66.8","7.5",,"0.064","88.0",1,1,0.718,0.718,30,27,31,28,3,2,6,2,6,1,"2.39","1.45","-1.45","34.2",21.112764150388173,9.55482914797821,34.48050429646763,48.363652251032335,26.22283896211795
"FC","2025-04-18","92.3","-0.89","5.88","Burnes, Corbin",683737,669203,,"ball",,,,,14,"Ball","R","L","R","CHC","AZ","B",,,0,1,2025,"0.24","0.8","1.3","1.32",,,,1,6,"Bot",,,,,,,5.0877218096084125,-134.32533614582928,-7.587515612034806,1.8726381747387515,27.073997674562236,-21.13630088326642,"3.22","1.66",,,,"93.2",2838,"6.7",778268,672515,647304,641658,553993,672695,666971,664983,682998,"53.84",,,,,,,,47,2,"Cutter",2,1,2,1,1,2,2,1,"Infield shade","Standard",185,"0.001","0.029",,,,"-0.029",,1,1,0.717,0.717,30,27,31,28,3,2,6,2,6,1,"1.86","-0.24","0.24","37.7",,,,,
"FC","2025-04-18","93.5","-1.01","5.89","Burnes, Corbin",683737,669203,,"swinging_strike",,,,,14,"Swinging Strike","R","L","R","CHC","AZ","S",,,0,0,2025,"0.16","0.91","1.12","1.78",,,,1,6,"Bot",,,,,,,5.162115851826862,-136.03217264073774,-6.870573043136254,0.8918079950777177,29.939370967650586,-19.590682950303876,"3.35","1.59",,,,"93.9",2782,"6.5",778268,672515,647304,641658,553993,672695,666971,664983,682998,"53.96",,,,,,,,47,1,"Cutter",2,1,2,1,1,2,2,1,"Infield shade","Standard",187,"-0.002","-0.039","70.2","7.4",,"0.039",,1,1,0.719,0.719,30,27,31,28,3,2,6,2,6,1,"1.7","-0.16","0.16","40.1",17.700390691539834,-2.277054321070397,46.89245924087507,23.41521381568387,30.085978730433496
"FC","2025-04-18","92.2","-1.08","5.85","Burnes, Corbin",673548,669203,"field_out","hit_into_play",,,,,9,"Seiya Suzuki grounds out, third baseman Eugenio Suárez to first baseman Josh Naylor.","R","R","R","CHC","AZ","X",5,"ground_ball",1,0,2025,"0.08","1.02","0.42","1.77",,,,0,6,"Bot",89.66,154.69,,,,,3.639950834904161,-134.00539423054119,-6.713469396380693,0.07402484068314485,31.3168676963652,-18.567097724613575,"3.16","1.42",3,"74.7",-32,"92.2",2587,"6.6",778268,672515,647304,641658,553993,672695,666971,664983,682998,"53.95",0.035,0.044,"0",1,0,0,2,46,2,"Cutter",2,1,2,1,1,2,2,1,"Standard","Standard",197,"-0.024","-0.301","75.6","7.8",0.035,"0.301","88.0",1,1,0.743,0.743,30,30,31,31,3,2,6,2,6,1,"1.68","-0.08","-0.08","36.5",14.46976884206611,-3.260220081812365,34.5516851292015,42.17261352000453,34.06951157847714
"CU","2025-04-18","78.2","-0.71","6.02","Burnes, Corbin",673548,669203,,"ball",,,,,14,"Ball","R","R","R","CHC","AZ","B",,,0,0,2025,"0.49","-1.02","0.26","0.64",,,,0,6,"Bot",,,,,,,1.1929088275486295,-113.92242096491432,-2.889905434252219,4.018141938393417,21.131144239195486,-40.68754846888292,"3.12","1.4",,,,"78.4",2763,"6.4",778268,672515,647304,641658,553993,672695,666971,664983,682998,"54.11",,,,,,,,46,1,"Curveball",2,1,2,1,1,2,2,1,"Standard","Standard",39,"0.003","0.041",,,,"-0.041",,1,1,0.74,0.74,30,30,31,31,3,2,6,2,6,1,"4.74","-0.49","-0.49","44.8",,,,,
"CU","2025-04-18","79.9","-0.72","6.04","Burnes, Corbin",663656,669203,"field_out","hit_into_play",,,,,4,"Kyle Tucker grounds out, shortstop Geraldo Perdomo to first baseman Josh Naylor.","R","L","R","CHC","AZ","X",6,"ground_ball",1,1,2025,"0.93","-0.76","-0.65","2.43",660644,,,2,5,"Bot",128.45,142.33,,,,,-1.6137237805438978,-116.3806077680998,0.24385055488423713,8.756442169523092,23.420043788858983,-39.35832204086598,"3.45","1.59",12,"95.5",-10,"80",2828,"6.5",778268,672515,647304,641658,553993,672695,666971,664983,682998,"54.03",0.23,0.204,"0",1,0,0,2,42,3,"Curveball",2,1,2,1,1,2,2,1,"Standard","Standard",49,"-0.037","-0.26","67.8","6.9",0.286,"0.26","95.5",1,1,0.697,0.697,30,28,31,28,3,2,6,2,6,1,"4.35","-0.93","0.93","44.3",-2.722656345454142,10.111734244885232,30.66585106721971,48.43044952628661,15.8429496085975
"FC","2025-04-18","93.9","-1.01","5.85","Burnes, Corbin",663656,669203,,"ball",,,,,13,"Ball","R","L","R","CHC","AZ","B",,,0,1,2025,"0.16","1","-1.91","1.95",660644,,,2,5,"Bot",,,,,,,-2.687677155364265,-136.58873039450935,-6.614883535608356,2.5691590508303777,30.078689984334545,-18.40498932703732,"3.37","1.7",,,,"94.3",2756,"6.5",778268,672515,647304,641658,553993,672695,666971,664983,682998,"53.99",,,,,,,,42,2,"Cutter",2,1,2,1,1,2,2,1,"Standard","Standard",188,"0.004","0.029",,,,"-0.029",,1,1,0.693,0.693,30,28,31,28,3,2,6,2,6,1,"1.59","-0.16","0.16","35.7",,,,,
"CU","2025-04-18","80","-0.77","6","Burnes, Corbin",663656,669203,,"foul",,,,,7,"Foul","R","L","R","CHC","AZ","S",,,0,0,2025,"0.36","-0.8","-0.81","1.9",660644,,,2,5,"Bot",,,,,,,-0.7633269909496425,-116.55401139564849,-0.829309633402988,3.423923711413227,22.138092669872258,-39.49908058020337,"3.45","1.59",,,,"80.3",2822,"6.5",778268,672515,647304,641658,553993,672695,666971,664983,682998,"54.02",,,,,,,,42,1,"Curveball",2,1,2,1,1,2,2,1,"Standard","Standard",53,"-0.006","-0.044","65.4","8.3",,"0.044",,1,1,0.699,0.699,30,28,31,28,3,2,6,2,6,1,"4.35","-0.36","0.36","42.5",21.982243024966262,-17.51352574441179,30.99301739118106,49.10500191207535,37.461322066665716
"CU","2025-04-18","79.8","-0.68","6.04","Burnes, Corbin",664023,669203,"field_out","hit_into_play",,,,,8,"Ian Happ grounds out, second baseman Garrett Hampson to first baseman Josh Naylor. Vidal Bruján to 3rd.","R","L","R","CHC","AZ","X",4,"ground_ball",0,2,2025,"0.8","-0.92","-0.24","2.15",,660644,,1,5,"Bot",149.03,150.2,,,,,-0.5449475044819697,-116.1998840270587,-0.06449716425165475,7.3142401622862305,22.96165232902389,-40.65047566199885,"3.57","1.65",109,"75.8",11,"80",2894,"6.5",778268,672515,647304,641658,553993,672695,666971,664983,682998,"54",0.342,0.308,"0",1,0,0,4,41,3,"Curveball",2,1,2,1,1,2,2,1,"Standard","Standard",49,"-0.017","-0.169","81.5","7.8",0.344,"0.169","88.0",1,1,0.716,0.716,30,30,31,31,3,2,6,2,6,1,"4.51","-0.8","0.8","49.5",24.641910864339508,-26.900842853913947,27.875439669394627,39.66616506546616,52.587355481007876
"FC","2025-04-18","93.6","-1.26","5.8","Burnes, Corbin",664023,669203,,"called_strike",,,,,7,"Called Strike","R","L","R","CHC","AZ","S",,,0,1,2025,"0.06","0.78","-0.46","1.57",,660644,,1,5,"Bot",,,,,,,1.9306801970047236,-136.24070609763103,-6.936426577580939,0.37480279037715913,29.983967369112,-21.107421758272565,"3.5","1.61",,,,"94.1",2771,"6.6",778268,672515,647304,641658,553993,672695,666971,664983,682998,"53.94",,,,,,,,41,2,"Cutter",2,1,2,1,1,2,2,1,"Standard","Standard",193,"-0.007","-0.052",,,,"0.052",,1,1,0.723,0.723,30,30,31,31,3,2,6,2,6,1,"1.82","-0.06","0.06","38.0",,,,,
"CH","2025-04-18","87.4","-1.09","5.72","Burnes, Corbin",664023,669203,,"called_strike",,,,,5,"Called Strike","R","L","R","CHC","AZ","S",,,0,0,2025,"-1.17","0.82","0.06","2.33",,660644,,1,5,"Bot",,,,,,,5.218239157518682,-127.29135256020128,-3.7587826832684605,-13.763049652149778,24.796731595257896,-22.690955451961464,"3.46","1.69",,,,"88.3",2218,"6.7",778268,672515,647304,641658,553993,672695,666971,664983,682998,"53.83",,,,,,,,41,1,"Changeup",2,1,2,1,1,2,2,1,"Standard","Standard",223,"-0.005","-0.038",,,,"0.038",,1,1,0.728,0.728,30,30,31,31,3,2,6,2,6,1,"2.15","1.17","-1.17","34.7",,,,,
"FC","2025-04-18","92.4","-1.09","5.87","Burnes, Corbin",660644,669203,"double","hit_into_play",,,,,4,"Vidal Bruján doubles (1) on a sharp fly ball to left fielder Lourdes Gurriel Jr.","R","L","R","CHC","AZ","X",7,"fly_ball",0,0,2025,"0.16","0.74","-0.38","2.37",,,,1,5,"Bot",48.84,78.1,,,,,1.467580951269548,-134.54229720731084,-4.761620919669353,1.631919434318204,27.417527037829274,-22.41774653247968,"3.3","1.51",354,"97.8",24,"93.1",2775,"6.5",778268,672515,647304,641658,553993,672695,666971,664983,682998,"53.99",0.2690909090909091,0.4559090909090909,"1.25",1,1,1,5,40,1,"Cutter",2,1,2,1,1,2,2,1,"Standard","Standard",186,"0.041","0.642",,,0.8528181818181818,"-0.642","97.8",1,1,0.687,0.687,30,27,31,27,2,1,6,,6,8,"1.92","-0.16","0.16","37.8",,,,,
"SI","2025-04-18","94.6","-0.94","5.82","Burnes, Corbin",608348,669203,"field_out","hit_into_play",,,,,9,"Carson Kelly lines out to right fielder Corbin Carroll.","R","R","R","CHC","AZ","X",9,"line_drive",2,2,2025,"-1.03","0.9","0.7","2",,,,0,5,"Bot",190.64,107.38,,,,,6.6154172750713425,-137.50260787085782,-6.345908086165029,-14.549802830230556,29.75055271771579,-19.52001846448925,"3.35","1.63",278,"98.9",15,"95.2",2551,"6.6",778268,672515,647304,641658,553993,672695,666971,664983,682998,"53.85",0.716,0.731,"0",1,0,0,4,39,6,"Sinker",2,1,2,1,1,2,2,1,"Standard","Standard",206,"-0.019","-0.232","71.1","6.8",0.966,"0.232","98.9",1,1,0.706,0.706,30,30,31,31,2,1,6,2,6,2,"1.65","1.03","1.03","35.9",-0.042849984923244454,10.803284409995392,34.96590174796205,45.67030303177786,19.093800027277013
"SI","2025-04-18","95.4","-0.91","5.93","Burnes, Corbin",608348,669203,,"foul",,,,,1,"Foul","R","R","R","CHC","AZ","S",,,2,2,2025,"-1.38","0.74","-0.55","3.32",,,,0,5,"Bot",,,,,,,4.072845013226825,-138.96391967942955,-2.9297973099814563,-18.831599532183642,31.28307977408495,-22.18429188396424,"3.35","1.63",133,"54.9",57,"95.9",2568,"6.5",778268,672515,647304,641658,553993,672695,666971,664983,682998,"53.95",,,,,,,,39,5,"Sinker",2,1,2,1,1,2,2,1,"Standard","Standard",200,"0","0","68.6","6.0",,"0","88.0",1,1,0.706,0.706,30,30,31,31,2,1,6,2,6,2,"1.76","1.38","1.38","38.0",5.216432105812178,9.627351771953549,26.33609824159755,30.476720331554553,21.33626078223231
"SL","2025-04-18","89.3","-0.96","5.87","Burnes, Corbin",608348,669203,,"ball",,,,,14,"Ball","R","R","R","CHC","AZ","B",,,1,2,2025,"0.28","0.4","1.01","0.97",,,,0,5,"Bot",,,,,,,4.286702428490518,-129.9555488669192,-6.971457815207729,2.4288414472293414,24.485566187896403,-26.46343945147741,"3.3","1.72",,,,"90.1",2909,"6.5",778268,672515,647304,641658,553993,672695,666971,664983,682998,"53.96",,,,,,,,39,4,"Slider",2,1,2,1,1,2,2,1,"Standard","Standard",142,"0.003","0.043",,,,"-0.043",,1,1,0.703,0.703,30,30,31,31,2,1,6,2,6,2,"2.43","-0.28","-0.28","43.8",,,,,
"SL","2025-04-18","87.5","-1.04","5.77","Burnes, Corbin",608348,669203,,"swinging_strike",,,,,14,"Swinging Strike","R","R","R","CHC","AZ","S",,,1,1,2025,"0.35","0.24","0.97","1.45",,,,0,5,"Bot",,,,,,,4.144155688033264,-127.46324169121893,-4.856006018614088,3.07858433856315,24.331514070448474,-28.811923362763142,"3.35","1.63",,,,"88.3",2827,"6.6",778268,672515,647304,641658,553993,672695,666971,664983,682998,"53.9",,,,,,,,39,3,"Slider",2,1,2,1,1,2,2,1,"Standard","Standard",147,"-0.004","-0.061","71.7","8.2",,"0.061",,1,1,0.707,0.707,30,30,31,31,2,1,6,2,6,2,"2.71","-0.35","-0.35","35.4",23.512911998201275,-20.92906860501542,31.571595698412057,49.555733159059656,42.525120395006894
"SL","2025-04-18","88.7","-1.03","5.84","Burnes, Corbin",608348,669203,,"ball",,,,,14,"Ball","R","R","R","CHC","AZ","B",,,0,1,2025,"0.39","0.45","0.9","1.01",,,,0,5,"Bot",,,,,,,3.941510732342338,-129.19169404004305,-6.799939922882423,3.670250554404571,24.401203314315428,-25.96715896206017,"3.29","1.74",,,,"89.6",2894,"6.6",778268,672515,647304,641658,553993,672695,666971,664983,682998,"53.91",,,,,,,,39,2,"Slider",2,1,2,1,1,2,2,1,"Standard","Standard",158,"0.002","0.031",,,,"-0.031",,1,1,0.705,0.705,30,30,31,31,2,1,6,2,6,2,"2.42","-0.39","-0.39","37.8",,,,,
"CU","2025-04-18","77.1","-0.79","6.15","Burnes, Corbin",608348,669203,,"called_strike",,,,,4,"Called Strike","R","R","R","CHC","AZ","S",,,0,0,2025,"0.87","-0.96","-0.55","2.45",,,,0,5,"Bot",,,,,,,-1.0605222889918622,-112.23459091252089,0.864149637846594,7.5172681928378156,21.115783119596312,-40.61819232657199,"3.28","1.63",,,,"77.3",2696,"6.5",778268,672515,647304,641658,553993,672695,666971,664983,682998,"54.03",,,,,,,,39,1,"Curveball",2,1,2,1,1,2,2,1,"Standard","Standard",54,"-0.003","-0.039",,,,"0.039",,1,1,0.708,0.708,30,30,31,31,2,1,6,2,6,2,"4.8","-0.87","-0.87","47.0",,,,,
"CH","2025-04-18","89.4","-1.09","5.69","Burnes, Corbin",691718,669203,"field_out","hit_into_play",,,,,13,"Pete Crow-Armstrong lines out to center fielder Jake McCarthy.","R","L","R","CHC","AZ","X",8,"line_drive",2,2,2025,"-1.04","0.45","-0.94","1.92",,,663538,2,4,"Bot",125.42,92.69,,,,,2.5627840570334364,-130.27303749911044,-4.303400391661155,-12.350806974229329,26.154744486890056,-26.330630774833764,"3.19","1.51",295,"88.2",21,"90.2",2346,"6.6",778268,672515,647304,641658,553993,672695,666971,664983,682998,"53.88",0.385,0.389,"0",1,0,0,3,31,5,"Changeup",2,0,2,0,0,2,2,0,"Infield shade","Standard",225,"-0.014","-0.216","71.8","7.7",0.518,"0.216","88.2",2,2,0.765,0.765,30,23,31,23,2,1,6,2,6,1,"2.38","1.04","-1.04","43.9",13.557861630230413,3.7479858686159435,33.43607493932085,48.24845720102482,34.12486794848157
"FC","2025-04-18","94.9","-1.02","5.85","Burnes, Corbin",691718,669203,,"foul_tip",,,,,5,"Foul Tip","R","L","R","CHC","AZ","S",,,2,1,2025,"0.19","1.25","-0.06","2.56",,,663538,2,4,"Bot",,,,,,,2.096762587186606,-138.18064281624603,-5.825691521663462,2.0579707038588064,29.395269959067615,-15.030650714365331,"3.19","1.51",,,,"95.7",2733,"6.6",778268,672515,647304,641658,553993,672695,666971,664983,682998,"53.89",,,,,,,,31,4,"Cutter",2,0,2,0,0,2,2,0,"Standard","Standard",192,"-0.003","-0.093","76.7","7.3",,"0.093","88.0",2,2,0.768,0.768,30,23,31,23,2,1,6,2,6,1,"1.27","-0.19","0.19","43.0",16.36904460160394,4.210854424954546,35.025136596707256,36.91416271712448,29.217072226966607
"FC","2025-04-18","94.4","-1.04","5.92","Burnes, Corbin",691718,669203,,"swinging_strike",,,,,11,"Swinging Strike","R","L","R","CHC","AZ","S",,,2,0,2025,"0.21","1.08","-0.08","3.5",,,663538,2,4,"Bot",,,,,,,2.0420037866336527,-137.52906501030162,-3.0732862858817,2.17713082463769,29.221144727901294,-17.954791119538942,"3.19","1.51",,,,"95.1",2652,"6.5",778268,672515,647304,641658,553993,672695,666971,664983,682998,"53.96",,,,,,,,31,3,"Cutter",2,0,2,0,0,2,2,0,"Standard","Standard",189,"-0.003","-0.044","70.6","6.0",,"0.044",,2,2,0.771,0.771,30,23,31,23,2,1,6,2,6,1,"1.46","-0.21","0.21","38.2",8.673805639559575,18.492624231252236,27.32699918642126,37.439489620335436,23.86818947243221
"FC","2025-04-18","94.1","-1.09","5.81","Burnes, Corbin",691718,669203,,"ball",,,,,13,"Ball","R","L","R","CHC","AZ","B",,,1,0,2025,"-0.3","0.84","-1.53","1.94",,,663538,2,4,"Bot",,,,,,,-0.4929149940540616,-136.9360371194736,-6.208118170490002,-3.6661704174806435,31.29895001025759,-20.486141551580378,"3.08","1.51",,,,"94.3",2799,"6.5",778268,672515,647304,641658,553993,672695,666971,664983,682998,"53.99",,,,,,,,31,2,"Cutter",2,0,2,0,0,2,2,0,"Standard","Standard",193,"0.003","0.048",,,,"-0.048",,2,2,0.768,0.768,30,23,31,23,2,1,6,2,6,1,"1.75","0.3","-0.3","33.4",,,,,
"CH","2025-04-18","86.7","-1.06","5.73","Burnes, Corbin",691718,669203,,"ball",,,,,11,"Ball","R","L","R","CHC","AZ","B",,,0,0,2025,"-0.79","0.69","-0.78","3.27",,,663538,2,4,"Bot",,,,,,,2.2939631279803234,-126.33684530834982,-1.1306772051588454,-8.90733726994086,24.51535034426462,-24.747445016822635,"3.09","1.53",,,,"87.5",2303,"6.6",778268,672515,647304,641658,553993,672695,666971,664983,682998,"53.86",,,,,,,,31,1,"Changeup",2,0,2,0,0,2,2,0,"Standard","Standard",216,"0.001","0.035",,,,"-0.035",,2,2,0.767,0.767,30,23,31,23,2,1,6,2,6,1,"2.32","0.79","-0.79","35.4",,,,,
"SI","2025-04-18","97.1","-0.91","5.91","Burnes, Corbin",663538,669203,"fielders_choice_out","hit_into_play",,,,,7,"Nico Hoerner reaches on a fielder's choice out, third baseman Eugenio Suárez to catcher Gabriel Moreno. Michael Busch out at home.","R","R","R","CHC","AZ","X",5,"ground_ball",2,2,2025,"-1.1","0.91","-0.52","1.77",683737,,,1,4,"Bot",107.87,175.63,,,,,3.560335457283791,-141.2953002088566,-7.677250295850992,-15.569370124403482,31.84133681773252,-18.399055802079836,"3.31","1.58",4,"90.8",-22,"97.7",2581,"6.6",778268,672515,647304,641658,553993,672695,666971,664983,682998,"53.91",0.076,0.082,"0",1,0,0,2,30,5,"Sinker",2,0,2,0,0,2,2,0,"Strategic","Standard",203,"-0.052","-0.207","68.1","7.1",0.09,"0.207","90.8",2,2,0.819,0.819,30,28,31,28,2,1,6,2,6,1,"1.5","1.1","1.1","38.4",0.8689480317834619,2.695132033924991,43.58917193221726,28.45682992376613,20.7405125347018
"SL","2025-04-18","90","-0.82","5.88","Burnes, Corbin",663538,669203,,"blocked_ball",,,,,14,"Ball In Dirt","R","R","R","CHC","AZ","B",,,1,2,2025,"0.56","0.2","1.63","0.49",683737,,,1,4,"Bot",,,,,,,4.899047146421159,-130.83534689190427,-7.855193958805381,5.465704737733368,27.084316587340233,-28.464439942937954,"3.3","1.59",,,,"90.5",2876,"6.6",778268,672515,647304,641658,553993,672695,666971,664983,682998,"53.91",,,,,,,,30,4,"Slider",2,0,2,0,0,2,2,0,"Strategic","Standard",141,"0.007","0.025",,,,"-0.025",,2,2,0.812,0.812,30,28,31,28,2,1,6,2,6,1,"2.62","-0.56","-0.56","38.6",,,,,
"SL","2025-04-18","88.9","-0.85","5.85","Burnes, Corbin",663538,669203,,"foul",,,,,14,"Foul","R","R","R","CHC","AZ","S",,,1,1,2025,"0.5","0.26","0.81","0.79",683737,,,1,4,"Bot",,,,,,,3.0324627384873613,-129.34891605018444,-6.953644342130607,5.046509191502232,25.12092608912541,-28.09509415687269,"3.31","1.58",142,"56.4",29,"89.6",2894,"6.6",778268,672515,647304,641658,553993,672695,666971,664983,682998,"53.94",,,,,,,,30,3,"Slider",2,0,2,0,0,2,2,0,"Strategic","Standard",144,"-0.009","-0.088","64.2","8.1",,"0.088","88.0",2,2,0.821,0.821,30,28,31,28,2,1,6,2,6,1,"2.61","-0.5","-0.5","38.2",5.316582306086062,-2.3539094965063367,42.006147330140436,45.324950541521076,24.990275767606175
"SI","2025-04-18","95.8","-1.03","5.89","Burnes, Corbin",663538,669203,,"ball",,,,,13,"Ball","R","R","R","CHC","AZ","B",,,0,1,2025,"-1.15","0.77","-1.89","2.41",683737,,,1,4,"Bot",,,,,,,0.3320080011167365,-139.52649869995332,-5.347866211918154,-15.112440711706846,32.063089997985294,-21.162150060731236,"3.33","1.59",,,,"96.3",2486,"6.6",778268,672515,647304,641658,553993,672695,666971,664983,682998,"53.92",,,,,,,,30,2,"Sinker",2,0,2,0,0,2,2,0,"Strategic","Standard",205,"0.005","0.025",,,,"-0.025",,2,2,0.816,0.816,30,28,31,28,2,1,6,2,6,1,"1.72","1.15","1.15","39.1",,,,,
"SL","2025-04-18","90","-0.93","5.82","Burnes, Corbin",663538,669203,,"foul",,,,,9,"Foul","R","R","R","CHC","AZ","S",,,0,0,2025,"0.47","0.27","0.44","1.47",683737,,,1,4,"Bot",,,,,,,2.431354485062092,-131.13556650150943,-5.444857601498291,4.907425468406965,26.224775518382355,-28.207884125898367,"3.31","1.58",13,"61.9",-4,"90.5",2949,"6.4",778268,672515,647304,641658,553993,672695,666971,664983,682998,"54.07",,,,,,,,30,1,"Slider",2,0,2,0,0,2,2,0,"Strategic","Standard",143,"-0.007","-0.045","53.5","6.6",,"0.045","88.0",2,2,0.823,0.823,30,28,31,28,2,1,6,2,6,1,"2.53","-0.47","-0.47","37.0",-6.0564083326216105,23.607427616756723,38.70468385093186,42.38777161768656,10.006151170450853
"SL","2025-04-18","87.9","-1.04","5.83","Burnes, Corbin",621020,669203,"field_out","hit_into_play",,,,,9,"Dansby Swanson grounds out, shortstop Geraldo Perdomo to first baseman Josh Naylor. Michael Busch to 3rd.","R","R","R","CHC","AZ","X",6,"ground_ball",0,1,2025,"0.57","0.3","0.44","1.83",,683737,,0,4,"Bot",116.66,156.51,,,,,2.4107423896644624,-128.09409680812388,-4.272504165158653,5.847600033887044,25.247924266809274,-28.19672454938457,"3.64","1.7",12,"73.6",-8,"88.5",2833,"6.5",778268,672515,647304,641658,553993,672695,666971,664983,682998,"54.03",0.041,0.052,"0",1,0,0,2,29,2,"Slider",2,0,2,0,0,2,2,0,"Standard","Standard",137,"-0.001","-0.182","74.4","8.1",0.041,"0.182","88.0",2,2,0.824,0.824,30,31,31,31,2,1,6,2,6,1,"2.63","-0.57","-0.57","38.9",17.469857169411135,-4.027373590880813,36.644107507575434,43.89896085014301,33.78060753729049
"FC","2025-04-18","93.7","-0.97","5.9","Burnes, Corbin",621020,669203,,"called_strike",,,,,5,"Called Strike","R","R","R","CHC","AZ","S",,,0,0,2025,"0.31","0.88","-0.06","2.91",,683737,,0,4,"Bot",,,,,,,1.6723089014092931,-136.48231003151128,-4.007777737799316,3.6069598960661584,28.242845858359328,-20.484710203356645,"3.61","1.78",,,,"94.4",2747,"6.5",778268,672515,647304,641658,553993,672695,666971,664983,682998,"53.98",,,,,,,,29,1,"Cutter",2,0,2,0,0,2,2,0,"Standard","Standard",184,"-0.004","-0.043",,,,"0.043",,2,2,0.828,0.828,30,31,31,31,2,1,6,2,6,1,"1.7","-0.31","-0.31","39.6",,,,,
"CU","2025-04-18","77.6","-0.71","6.06","Burnes, Corbin",683737,669203,"double","hit_into_play",,,,,1,"Michael Busch doubles (6) on a sharp line drive to center fielder Jake McCarthy.","R","L","R","CHC","AZ","X",8,"line_drive",3,2,2025,"0.73","-0.97","-0.3","2.85",,,,0,4,"Bot",160.64,58.66,,,,,-0.45376453775324405,-113.01039259942553,1.883730754113046,6.291603265445375,22.550877349680743,-41.00989918961584,"3.35","1.59",316,"102.9",20,"77.5",2715,"6.4",778268,672515,647304,641658,553993,672695,666971,664983,682998,"54.11",0.3935294117647059,0.6096470588235294,"1.25",1,1,1,5,28,7,"Curveball",2,0,2,0,0,2,2,0,"Infield shade","Standard",54,"0.039","0.631",,,1.0956470588235292,"-0.631","102.9",2,2,0.789,0.789,30,27,31,28,2,1,6,2,6,1,"4.78","-0.73","0.73","47.3",,,,,
"FC","2025-04-18","92.8","-0.95","5.92","Burnes, Corbin",683737,669203,,"ball",,,,,13,"Ball","R","L","R","CHC","AZ","B",,,2,2,2025,"0.28","0.81","-0.33","1.22",,,,0,4,"Bot",,,,,,,0.9941915032967539,-135.10154264578944,-8.135855758384663,3.245073626422758,25.56952913906812,-20.817039007228242,"3.34","1.7",,,,"93.9",2675,"6.6",778268,672515,647304,641658,553993,672695,666971,664983,682998,"53.86",,,,,,,,28,6,"Cutter",2,0,2,0,0,2,2,0,"Infield shade","Standard",193,"0.005","0.112",,,,"-0.112",,2,2,0.784,0.784,30,27,31,28,2,1,6,2,6,1,"1.81","-0.28","0.28","38.7",,,,,
"CH","2025-04-18","88.1","-1.2","5.61","Burnes, Corbin",683737,669203,,"ball",,,,,13,"Ball","R","L","R","CHC","AZ","B",,,1,2,2025,"-1.16","0.88","-1.64","1.34",,,,0,4,"Bot",,,,,,,1.3568871880830977,-128.17680273561376,-6.075127827951778,-13.033400940964878,28.715717410254726,-21.44197450075401,"3.28","1.74",,,,"88.3",2107,"6.6",778268,672515,647304,641658,553993,672695,666971,664983,682998,"53.9",,,,,,,,28,5,"Changeup",2,0,2,0,0,2,2,0,"Infield shade","Standard",226,"0.002","0.043",,,,"-0.043",,2,2,0.782,0.782,30,27,31,28,2,1,6,2,6,1,"2.08","1.16","-1.16","35.4",,,,,
"CU","2025-04-18","79.3","-0.79","6.1","Burnes, Corbin",683737,669203,,"foul",,,,,9,"Foul","R","L","R","CHC","AZ","S",,,1,2,2025,"0.92","-0.94","0.33","1.66",,,,0,4,"Bot",,,,,,,0.7365323824977636,-115.5731111767582,-1.1543562088330441,8.040054798395419,22.55547927814546,-40.58954701153461,"3.35","1.59",4,"79.9",-23,"79.5",2789,"6.4",778268,672515,647304,641658,553993,672695,666971,664983,682998,"54.05",,,,,,,,28,4,"Curveball",2,0,2,0,0,2,2,0,"Infield shade","Standard",57,"0","0","79.4","7.6",,"0","88.0",2,2,0.782,0.782,30,27,31,28,2,1,6,2,6,1,"4.57","-0.92","0.92","46.9",27.691380205029493,-5.444916012700719,41.15430010890046,33.24703013551864,41.92269502751894
"FC","2025-04-18","92.2","-0.85","5.98","Burnes, Corbin",683737,669203,,"called_strike",,,,,8,"Called Strike","R","L","R","CHC","AZ","S",,,1,1,2025,"0.07","1.1","-0.01","1.78",,,,0,4,"Bot",,,,,,,1.9881973811737883,-134.15926501123235,-7.319996549110039,0.47134233100902784,26.78100897845869,-17.574143376308257,"3.33","1.69",,,,"93.1",2693,"6.6",778268,672515,647304,641658,553993,672695,666971,664983,682998,"53.85",,,,,,,,28,3,"Cutter",2,0,2,0,0,2,2,0,"Infield shade","Standard",193,"-0.003","-0.061",,,,"0.061",,2,2,0.785,0.785,30,27,31,28,2,1,6,2,6,1,"1.57","-0.07","0.07","42.6",,,,,
"CH","2025-04-18","87.5","-1.09","5.66","Burnes, Corbin",683737,669203,,"ball",,,,,14,"Ball","R","L","R","CHC","AZ","B",,,0,1,2025,"-0.94","0.85","0.72","1.25",,,,0,4,"Bot",,,,,,,6.339184946376972,-127.2840465021041,-6.3195647817289915,-11.454465293293229,24.347816131158783,-21.860247000478246,"3.34","1.73",,,,"88.2",2209,"6.6",778268,672515,647304,641658,553993,672695,666971,664983,682998,"53.88",,,,,,,,28,2,"Changeup",2,0,2,0,0,2,2,0,"Infield shade","Standard",228,"0.001","0.031",,,,"-0.031",,2,2,0.784,0.784,30,27,31,28,2,1,6,2,6,1,"2.11","0.94","-0.94","38.8",,,,,
"FC","2025-04-18","92.1","-0.96","6","Burnes, Corbin",683737,669203,,"foul",,,,,12,"Foul","R","L","R","CHC","AZ","S",,,0,0,2025,"0.41","1","1.09","2.84",,,,0,4,"Bot",,,,,,,4.333412471256141,-134.1693970290783,-4.419050026293654,4.110852374119228,28.050913785899585,-19.29966102397142,"3.35","1.59",20,"75.4",-6,"92.8",2765,"6.6",778268,672515,647304,641658,553993,672695,666971,664983,682998,"53.91",,,,,,,,28,1,"Cutter",2,0,2,0,0,2,2,0,"Infield shade","Standard",190,"-0.002","-0.039","70.6","6.5",,"0.039","88.0",2,2,0.786,0.786,30,27,31,28,2,1,6,2,6,1,"1.67","-0.41","0.41","39.9",17.772870240302954,-9.043941554944245,39.99224546940653,23.5195337279068,28.823478868924557
"SI","2025-04-18","94.4","-0.94","5.93","Burnes, Corbin",673548,669203,"field_out","hit_into_play",,,,,1,"Seiya Suzuki pops out to second baseman Garrett Hampson.","R","R","R","CHC","AZ","X",4,"popup",2,1,2025,"-1.36","0.8","-0.75","3.06",,,,2,3,"Bot",139.23,121.2,,,,,3.530607507735434,-137.46710126287786,-3.568468457175827,-18.002886845375627,31.49508957226344,-21.44278316871806,"3.16","1.42",201,"63.5",39,"94.8",2386,"6.6",778268,672515,647304,641658,553993,672695,666971,664983,682998,"53.94",0.446,0.401,"0",1,0,0,4,23,4,"Sinker",2,0,2,0,0,2,2,0,"Standard","Standard",201,"-0.009","-0.296","71.6","6.3",0.469,"0.296","88.0",2,2,0.738,0.738,30,30,31,31,2,1,6,2,6,1,"1.76","1.36","1.36","39.7",1.2622776037581556,8.66248387695739,31.118513263858237,28.36201088705949,27.63260302627126
"FC","2025-04-18","93.6","-0.86","5.99","Burnes, Corbin",673548,669203,,"called_strike",,,,,6,"Called Strike","R","R","R","CHC","AZ","S",,,2,0,2025,"0.09","0.79","0.47","2.22",,,,2,3,"Bot",,,,,,,3.247961757588718,-136.2063412464315,-5.7576553792626655,0.3897318320121094,30.926964528689048,-21.216374622511044,"3.17","1.47",,,,"94",2769,"6.6",778268,672515,647304,641658,553993,672695,666971,664983,682998,"53.9",,,,,,,,23,3,"Cutter",2,0,2,0,0,2,2,0,"Standard","Standard",184,"-0.002","-0.066",,,,"0.066",,2,2,0.74,0.74,30,30,31,31,2,1,6,2,6,1,"1.81","-0.09","-0.09","44.4",,,,,
"SL","2025-04-18","88.6","-1.07","5.78","Burnes, Corbin",673548,669203,,"ball",,,,,14,"Ball","R","R","R","CHC","AZ","B",,,1,0,2025,"0.45","0.44","0.35","1.21",,,,2,3,"Bot",,,,,,,2.5430205887713204,-129.13040833212858,-6.162825770679157,4.6972613758634605,21.915173028167274,-26.313239177220705,"3.15","1.47",,,,"89.8",2882,"6.5",778268,672515,647304,641658,553993,672695,666971,664983,682998,"53.96",,,,,,,,23,2,"Slider",2,0,2,0,0,2,2,0,"Standard","Standard",164,"0.002","0.065",,,,"-0.065",,2,2,0.738,0.738,30,30,31,31,2,1,6,2,6,1,"2.41","-0.45","-0.45","37.1",,,,,
"FC","2025-04-18","93.8","-0.88","5.96","Burnes, Corbin",673548,669203,,"ball",,,,,14,"Ball","R","R","R","CHC","AZ","B",,,0,0,2025,"0.06","0.95","1.05","1.94",,,,2,3,"Bot",,,,,,,4.890072126102061,-136.3809650384909,-6.8110031201617955,-0.37526855408838217,30.137255959417168,-18.969739676467317,"3.23","1.46",,,,"94.4",2820,"6.7",778268,672515,647304,641658,553993,672695,666971,664983,682998,"53.78",,,,,,,,23,1,"Cutter",2,0,2,0,0,2,2,0,"Standard","Standard",188,"0.001","0.037",,,,"-0.037",,2,2,0.737,0.737,30,30,31,31,2,1,6,2,6,1,"1.64","-0.06","-0.06","41.5",,,,,
"FC","2025-04-18","94.5","-0.98","5.89","Burnes, Corbin",663656,669203,"field_out","hit_into_play",,,,,4,"Kyle Tucker grounds out, second baseman Garrett Hampson to first baseman Josh Naylor.","R","L","R","CHC","AZ","X",4,"ground_ball",3,2,2025,"0.27","1.07","-0.37","2.57",,,,1,3,"Bot",150.24,152.62,,,,,0.9974933429129536,-137.55362706609418,-5.360039698800645,3.2002410425146244,31.30195632007979,-17.650797493121082,"3.45","1.59",11,"99",-12,"94.9",2737,"6.6",778268,672515,647304,641658,553993,672695,666971,664983,682998,"53.94",0.223,0.199,"0",1,0,0,2,22,6,"Cutter",2,0,2,0,0,2,2,0,"Infield shade","Standard",182,"-0.015","-0.332","69.5","7.1",0.238,"0.332","99.0",2,2,0.752,0.752,30,28,31,28,2,1,6,2,6,1,"1.49","-0.27","0.27","42.6",-2.1058886695079497,4.1565090144688615,27.427635042128525,43.83967423260117,20.61159245192322
"FC","2025-04-18","93.4","-1.04","5.88","Burnes, Corbin",663656,669203,,"foul",,,,,14,"Foul","R","L","R","CHC","AZ","S",,,3,1,2025,"0.24","0.97","0.23","1.4",,,,1,3,"Bot",,,,,,,2.773443657299434,-135.93552209936283,-8.02587536631858,2.423851338183923,26.62197892457807,-18.606413658504454,"3.45","1.59",3,"78.9",-24,"94.4",2819,"6.6",778268,672515,647304,641658,553993,672695,666971,664983,682998,"53.89",,,,,,,,22,5,"Cutter",2,0,2,0,0,2,2,0,"Infield shade","Standard",194,"-0.004","-0.087","76.0","8.1",,"0.087","88.0",2,2,0.756,0.756,30,28,31,28,2,1,6,2,6,1,"1.61","-0.24","0.24","36.8",14.648030754327294,-10.427638042816268,38.14038452970612,36.75770150040392,30.201998874384838
"CH","2025-04-18","88.1","-1.05","5.67","Burnes, Corbin",663656,669203,,"ball",,,,,13,"Ball","R","L","R","CHC","AZ","B",,,2,1,2025,"-1.45","0.6","-0.7","1.24",,,,1,3,"Bot",,,,,,,3.900254194025126,-128.08466455640897,-5.857745011610696,-16.7523324690687,29.226956157823807,-24.53803582047113,"3.41","1.7",,,,"88.1",2358,"6.6",778268,672515,647304,641658,553993,672695,666971,664983,682998,"53.91",,,,,,,,22,4,"Changeup",2,0,2,0,0,2,2,0,"Infield shade","Standard",218,"0.005","0.121",,,,"-0.121",,2,2,0.751,0.751,30,28,31,28,2,1,6,2,6,1,"2.37","1.45","-1.45","39.0",,,,,
"FC","2025-04-18","92.6","-1.16","5.79","Burnes, Corbin",663656,669203,,"ball",,,,,13,"Ball","R","L","R","CHC","AZ","B",,,1,1,2025,"0.36","0.86","-0.34","1.1",,,,1,3,"Bot",,,,,,,1.304542476239859,-134.7807269968261,-8.135291192129772,4.180732637811909,28.163884552465554,-20.10474094880534,"3.37","1.62",,,,"93.2",2843,"6.5",778268,672515,647304,641658,553993,672695,666971,664983,682998,"53.97",,,,,,,,22,3,"Cutter",2,0,2,0,0,2,2,0,"Infield shade","Standard",192,"0.003","0.055",,,,"-0.055",,2,2,0.748,0.748,30,28,31,28,2,1,6,2,6,1,"1.78","-0.36","0.36","33.9",,,,,
"CH","2025-04-18","86.3","-1.08","5.67","Burnes, Corbin",663656,669203,,"ball",,,,,11,"Ball","R","L","R","CHC","AZ","B",,,0,1,2025,"-1.17","0.86","-1.33","2.95",,,,1,3,"Bot",,,,,,,1.8005470699519912,-125.64586707769291,-1.8930324861980996,-12.64245912040642,29.63909087737583,-23.018770857179486,"3.32","1.67",,,,"86.2",2246,"6.5",778268,672515,647304,641658,553993,672695,666971,664983,682998,"53.95",,,,,,,,22,2,"Changeup",2,0,2,0,0,2,2,0,"Infield shade","Standard",226,"0.001","0.029",,,,"-0.029",,2,2,0.747,0.747,30,28,31,28,2,1,6,2,6,1,"2.24","1.17","-1.17","34.5",,,,,
"FC","2025-04-18","92.7","-1.18","5.87","Burnes, Corbin",663656,669203,,"called_strike",,,,,14,"Called Strike","R","L","R","CHC","AZ","S",,,0,0,2025,"0.48","1.01","0.14","1.3",,,,1,3,"Bot",,,,,,,2.3264691791170233,-134.92521482552976,-8.126986624496736,5.393576204803112,28.21401207270824,-18.32554455119828,"3.46","1.68",,,,"93.3",2887,"6.5",778268,672515,647304,641658,553993,672695,666971,664983,682998,"53.97",,,,,,,,22,1,"Cutter",2,0,2,0,0,2,2,0,"Infield shade","Standard",190,"-0.002","-0.039",,,,"0.039",,2,2,0.749,0.749,30,28,31,28,2,1,6,2,6,1,"1.63","-0.48","0.48","35.0",,,,,
"CU","2025-04-18","78.7","-0.7","5.99","Burnes, Corbin",664023,669203,"strikeout","swinging_strike",,,,,14,"Ian Happ strikes out swinging.","R","L","R","CHC","AZ","S",2,,0,2,2025,"0.7","-1.09","0.32","0.99",,,,0,3,"Bot",,,,,,,0.9135664907490826,-114.51416290459225,-1.9280785987713698,5.959343725777591,23.253305274313423,-41.53700842583424,"3.57","1.65",,,,"78.7",2868,"6.5",778268,672515,647304,641658,553993,672695,666971,664983,682998,"54.01",,0,"0",1,0,0,,21,3,"Curveball",2,0,2,0,0,2,2,0,"Infield shade","Standard",52,"-0.01","-0.165","72.3","7.8",,"0.165",,2,2,0.759,0.759,30,30,31,31,2,1,6,2,6,1,"4.8","-0.7","0.7","43.3",23.813420813373813,-27.442566553579613,36.68783780210221,32.3398932857717,49.89809811416933
"CH","2025-04-18","86","-1.09","5.75","Burnes, Corbin",664023,669203,,"swinging_strike",,,,,13,"Swinging Strike","R","L","R","CHC","AZ","S",,,0,1,2025,"-1.12","0.78","-0.96","2.26",,,,0,3,"Bot",,,,,,,2.593671611103755,-125.16019080366307,-3.560194136045939,-12.292909291843266,27.329703534127287,-23.51675146533414,"3.57","1.65",,,,"86.1",2235,"6.6",778268,672515,647304,641658,553993,672695,666971,664983,682998,"53.94",,,,,,,,21,2,"Changeup",2,0,2,0,0,2,2,0,"Infield shade","Standard",222,"-0.003","-0.055","74.3","7.4",,"0.055",,2,2,0.762,0.762,30,30,31,31,2,1,6,2,6,1,"2.33","1.12","-1.12","36.4",15.761938894667859,-12.153289970724826,25.04223798441097,47.54113916189452,38.53471883067982
"CU","2025-04-18","78.3","-0.87","6.07","Burnes, Corbin",664023,669203,,"called_strike",,,,,7,"Called Strike","R","L","R","CHC","AZ","S",,,0,0,2025,"0.55","-0.99","-0.73","1.96",,,,0,3,"Bot",,,,,,,-0.7189464168502849,-114.0100650534223,-0.1822500963616016,4.973615282426701,20.64184109684336,-41.01681809962576,"3.37","1.75",,,,"78.6",2782,"6.4",778268,672515,647304,641658,553993,672695,666971,664983,682998,"54.06",,,,,,,,21,1,"Curveball",2,0,2,0,0,2,2,0,"Infield shade","Standard",59,"-0.002","-0.039",,,,"0.039",,2,2,0.764,0.764,30,30,31,31,2,1,6,2,6,1,"4.7","-0.55","0.55","43.7",,,,,
"CU","2025-04-18","80","-0.73","6.04","Burnes, Corbin",660644,669203,"strikeout","swinging_strike_blocked",,,,,13,"Vidal Bruján strikes out swinging, catcher Gabriel Moreno to first baseman Josh Naylor.","R","L","R","CHC","AZ","S",2,,2,2,2025,"0.55","-0.63","-0.1","1.01",,,,2,2,"Bot",,,,,,,0.3466478479992853,-116.50451789288651,-3.152355486213173,4.895961349148151,23.086987637143476,-37.532773989638066,"3.3","1.51",,,,"80.2",2824,"6.5",778268,672515,647304,641658,553993,672695,666971,664983,682998,"54",,0,"0",1,0,0,,17,5,"Curveball",2,0,2,0,0,2,2,0,"Standard","Standard",46,"-0.007","-0.224","68.5","8.0",,"0.224",,2,2,0.719,0.719,30,27,31,27,1,0,6,,6,8,"4.21","-0.55","0.55","50.9",16.264633854601126,-20.710677911681678,36.135328622088174,41.55697736411056,45.04035125726211
"FC","2025-04-18","93.6","-0.95","5.96","Burnes, Corbin",660644,669203,,"foul",,,,,5,"Foul","R","L","R","CHC","AZ","S",,,2,1,2025,"-0.01","1.03","-0.1","2.32",,,,2,2,"Bot",,,,,,,2.2373713720261157,-136.25902469600183,-5.985696418336271,-0.603963789936354,27.863312175593812,-18.253093271886485,"3.3","1.51",227,"77.5",45,"94.3",2667,"6.5",778268,672515,647304,641658,553993,672695,666971,664983,682998,"53.98",,,,,,,,17,4,"Cutter",2,0,2,0,0,2,2,0,"Standard","Standard",195,"-0.002","-0.073","64.8","6.5",,"0.073","88.0",2,2,0.721,0.721,30,27,31,27,1,0,6,,6,8,"1.56","0.01","-0.01","38.5",-4.542346443219007,15.892706290472232,34.30025905599071,40.983341187250275,20.949239370282914
"CH","2025-04-18","87.9","-1.07","5.71","Burnes, Corbin",660644,669203,,"ball",,,,,11,"Ball","R","L","R","CHC","AZ","B",,,1,1,2025,"-1.47","0.39","-1.53","2.75",,,,2,2,"Bot",,,,,,,1.9357535868096851,-127.93334775728177,-1.850958611085642,-16.5425192519161,27.831786881768316,-27.774140554577382,"3.26","1.54",,,,"88.1",2163,"6.5",778268,672515,647304,641658,553993,672695,666971,664983,682998,"53.99",,,,,,,,17,3,"Changeup",2,0,2,0,0,2,2,0,"Standard","Standard",214,"0.001","0.053",,,,"-0.053",,2,2,0.72,0.72,30,27,31,27,1,0,6,,6,8,"2.58","1.47","-1.47","40.8",,,,,
"FC","2025-04-18","93.4","-0.98","5.97","Burnes, Corbin",660644,669203,,"called_strike",,,,,7,"Called Strike","R","L","R","CHC","AZ","S",,,1,0,2025,"-0.19","1.08","-0.5","1.48",,,,2,2,"Bot",,,,,,,1.6652020465414463,-135.8467694156412,-8.239650663636285,-2.7525019505952413,28.541741711473797,-17.179115416154605,"3.24","1.56",,,,"93.9",2669,"6.5",778268,672515,647304,641658,553993,672695,666971,664983,682998,"53.97",,,,,,,,17,2,"Cutter",2,0,2,0,0,2,2,0,"Standard","Standard",197,"-0.001","-0.054",,,,"0.054",,2,2,0.721,0.721,30,27,31,27,1,0,6,,6,8,"1.52","0.19","-0.19","39.2",,,,,
"FC","2025-04-18","93.1","-1","6.03","Burnes, Corbin",660644,669203,,"ball",,,,,11,"Ball","R","L","R","CHC","AZ","B",,,0,0,2025,"-0.21","1.1","-1.18","2.88",,,,2,2,"Bot",,,,,,,-0.005961084920827184,-135.5649427023277,-4.72287806406705,-2.5486599920704958,31.22418059323982,-17.817797698642305,"3.23","1.57",,,,"93.4",2673,"6.5",778268,672515,647304,641658,553993,672695,666971,664983,682998,"53.96",,,,,,,,17,1,"Cutter",2,0,2,0,0,2,2,0,"Standard","Standard",190,"0.001","0.037",,,,"-0.037",,2,2,0.72,0.72,30,27,31,27,1,0,6,,6,8,"1.54","0.21","-0.21","40.0",,,,,
"FC","2025-04-18","95.1","-0.82","5.97","Burnes, Corbin",608348,669203,"home_run","hit_into_play",,,,,8,"Carson Kelly homers (5) on a fly ball to center field. Pete Crow-Armstrong scores.","R","R","R","CHC","AZ","X",,"fly_ball",2,2,2025,"-0.2","1.29","0.09","2.11",,691718,,2,2,"Bot",100.6,41.23,,,,,2.859456797622353,-138.30619977493754,-7.368385672781421,-3.2638739211892216,31.282218313946153,-14.216189158533561,"3.35","1.63",409,"100.8",27,"95.6",2784,"6.6",778268,672515,647304,641658,553993,672695,666971,664983,682998,"53.88",0.5617872340425529,1.053936170212766,"2",1,0,3,6,16,5,"Cutter",0,0,0,0,0,2,2,0,"Standard","Standard",192,"0.188","1.674","73.4","7.1",2.0571702127659566,"-1.674","100.8",0,0,0.532,0.532,30,30,31,31,1,0,6,2,6,2,"1.24","0.2","0.2","39.3",11.689576065025738,-6.512091216508984,36.450374393576325,39.138563705273086,31.577764751273037
"SL","2025-04-18","88.7","-0.94","5.87","Burnes, Corbin",608348,669203,,"ball",,,,,14,"Ball","R","R","R","CHC","AZ","B",,,1,2,2025,"0.45","0.13","1.62","0.94",,691718,,2,2,"Bot",,,,,,,5.332782603922564,-129.03736178192761,-6.304979087895131,3.9788784149245275,26.10675300762166,-29.63594792284624,"3.25","1.66",,,,"89.2",2977,"6.6",778268,672515,647304,641658,553993,672695,666971,664983,682998,"53.95",,,,,,,,16,4,"Slider",0,0,0,0,0,0,0,0,"Standard","Standard",134,"0.006","0.012",,,,"-0.012",,0,0,0.526,0.526,30,30,31,31,1,0,6,2,6,2,"2.76","-0.45","-0.45","37.2",,,,,
"FC","2025-04-18","95.7","-0.92","5.95","Burnes, Corbin",608348,669203,,"called_strike",,,,,9,"Called Strike","R","R","R","CHC","AZ","S",,,1,1,2025,"0.16","1.36","0.42","1.6",,691718,,2,2,"Bot",,,,,,,3.2067883523962526,-139.19092475354344,-8.995270811495478,1.3385551835231226,31.383429141145022,-12.675450211922252,"3.28","1.65",,,,"96.4",2821,"6.7",778268,672515,647304,641658,553993,672695,666971,664983,682998,"53.79",,,,,,,,16,3,"Cutter",0,0,0,0,0,0,0,0,"Standard","Standard",196,"-0.007","-0.056",,,,"0.056",,0,0,0.533,0.533,30,30,31,31,1,0,6,2,6,2,"1.13","-0.16","-0.16","37.7",,,,,
"FC","2025-04-18","95.3","-0.92","5.95","Burnes, Corbin",608348,669203,,"ball",,,,,14,"Ball","R","R","R","CHC","AZ","B",,,0,1,2025,"0.12","1.41","1.3","2.13",,691718,,2,2,"Bot",,,,,,,5.599834934325467,-138.57728896999663,-7.602570015805433,0.3241494450002371,30.40711438919092,-12.536665869197634,"3.29","1.65",,,,"96.1",2861,"6.8",778268,672515,647304,641658,553993,672695,666971,664983,682998,"53.73",,,,,,,,16,2,"Cutter",0,0,0,0,0,0,0,0,"Standard","Standard",194,"0.003","0.015",,,,"-0.015",,0,0,0.53,0.53,30,30,31,31,1,0,6,2,6,2,"1.1","-0.12","-0.12","41.7",,,,,
"FC","2025-04-18","95.4","-0.82","5.95","Burnes, Corbin",608348,669203,,"foul",,,,,5,"Foul","R","R","R","CHC","AZ","S",,,0,0,2025,"0.07","1.29","-0.28","2.55",,691718,,2,2,"Bot",,,,,,,1.281698231681488,-138.83217417305275,-6.227735085385635,0.6522049156962207,31.661389013139743,-14.30546381907878,"3.35","1.63",255,"77",34,"95.8",2737,"6.6",778268,672515,647304,641658,553993,672695,666971,664983,682998,"53.92",,,,,,,,16,1,"Cutter",0,0,0,0,0,0,0,0,"Standard","Standard",198,"-0.005","-0.04","74.3","7.1",,"0.04","88.0",0,0,0.535,0.535,30,30,31,31,1,0,6,2,6,2,"1.22","-0.07","-0.07","38.1",13.178280513475098,-10.719877124626942,33.61506472057435,35.40249575438417,33.506580699821846
"CU","2025-04-18","79.3","-0.63","6.05","Burnes, Corbin",691718,669203,"double","hit_into_play",,,,,14,"Pete Crow-Armstrong doubles (7) on a line drive to right fielder Corbin Carroll.","R","L","R","CHC","AZ","X",9,"line_drive",2,1,2025,"0.83","-1.14","0.74","0.94",,,,2,2,"Bot",196.25,129.01,,,,,1.4402311915692583,-115.4514277371621,-2.245462669421178,7.141171019151242,22.420937327197308,-42.08061461275332,"3.19","1.51",139,"78.4",13,"79.4",2853,"6.4",778268,672515,647304,641658,553993,672695,666971,664983,682998,"54.05",0.542,0.488,"1.25",1,1,1,4,15,4,"Curveball",0,0,0,0,0,0,0,0,"Standard","Standard",46,"0.023","0.542","77.1","8.1",0.578,"-0.542","88.0",0,0,0.512,0.512,30,23,31,23,1,0,6,2,6,1,"4.77","-0.83","0.83","49.2",27.676242054442707,-28.398153921314332,46.88346779060381,28.522587426967895,53.14961993718514
"FC","2025-04-18","93.4","-0.82","5.96","Burnes, Corbin",691718,669203,,"ball",,,,,14,"Ball","R","L","R","CHC","AZ","B",,,1,1,2025,"0.24","1.09","1.47","0.58",,,,2,2,"Bot",,,,,,,5.366474752439302,-135.52789068487445,-10.455412313796469,1.7073951911009475,31.525117994807818,-16.620555257020147,"3.1","1.48",,,,"93.4",2773,"6.6",778268,672515,647304,641658,553993,672695,666971,664983,682998,"53.88",,,,,,,,15,3,"Cutter",0,0,0,0,0,0,0,0,"Standard","Standard",200,"0.002","0.053",,,,"-0.053",,0,0,0.51,0.51,30,23,31,23,1,0,6,2,6,1,"1.56","-0.24","0.24","39.7",,,,,
"CU","2025-04-18","78.1","-0.74","6.12","Burnes, Corbin",691718,669203,,"called_strike",,,,,1,"Called Strike","R","L","R","CHC","AZ","S",,,1,0,2025,"0.83","-0.65","-0.44","2.8",,,,2,2,"Bot",,,,,,,-0.8759971370510425,-113.6661721553388,1.0304812601034656,7.27626132786916,23.82116633236471,-38.200753672518935,"2.95","1.3",,,,"77.9",2779,"6.4",778268,672515,647304,641658,553993,672695,666971,664983,682998,"54.05",,,,,,,,15,2,"Curveball",0,0,0,0,0,0,0,0,"Standard","Standard",57,"-0.002","-0.054",,,,"0.054",,0,0,0.512,0.512,30,23,31,23,1,0,6,2,6,1,"4.43","-0.83","0.83","49.5",,,,,
"FC","2025-04-18","94.7","-1.07","5.93","Burnes, Corbin",691718,669203,,"ball",,,,,13,"Ball","R","L","R","CHC","AZ","B",,,0,0,2025,"0.08","0.98","-1.26","1.65",,,,2,2,"Bot",,,,,,,-0.6783183150567708,-137.77720400424695,-7.689088095225524,1.2049189718558446,31.9271437115395,-18.21618187875701,"3.06","1.54",,,,"94.9",2691,"6.5",778268,672515,647304,641658,553993,672695,666971,664983,682998,"54",,,,,,,,15,1,"Cutter",0,0,0,0,0,0,0,0,"Standard","Standard",198,"0.001","0.037",,,,"-0.037",,0,0,0.511,0.511,30,23,31,23,1,0,6,2,6,1,"1.58","-0.08","0.08","38.6",,,,,
"FC","2025-04-18","95.2","-0.87","5.99","Burnes, Corbin",663538,669203,"field_out","hit_into_play",,,,,8,"Nico Hoerner flies out to left fielder Lourdes Gurriel Jr.","R","R","R","CHC","AZ","X",7,"fly_ball",3,2,2025,"0.03","1.3","-0.14","1.88",,,,1,2,"Bot",72.34,87.79,,,,,1.8649569644040436,-138.51569522465996,-8.140249033084034,0.040382622548866876,29.287389751783884,-13.858673877767258,"3.31","1.58",305,"81",37,"96",2850,"6.6",778268,672515,647304,641658,553993,672695,666971,664983,682998,"53.87",0.038,0.048,"0",1,0,0,3,14,9,"Cutter",0,0,0,0,0,0,0,0,"Standard","Standard",195,"-0.021","-0.332","75.0","8.0",0.075,"0.332","88.0",0,0,0.532,0.532,30,28,31,28,1,0,6,2,6,1,"1.21","-0.03","-0.03","39.0",20.537173373145393,-15.534770664530047,36.552500857464246,32.92041271454435,39.365350182171056
"SI","2025-04-18","95.2","-0.8","6.02","Burnes, Corbin",663538,669203,,"ball",,,,,14,"Ball","R","R","R","CHC","AZ","B",,,2,2,2025,"-0.99","1.31","0.82","0.85",,,,1,2,"Bot",,,,,,,6.487729137682653,-138.03797518650973,-10.82440514702016,-14.159903800495597,33.5024150014788,-13.047012296346372,"3.22","1.54",,,,"95.2",2537,"6.7",778268,672515,647304,641658,553993,672695,666971,664983,682998,"53.81",,,,,,,,14,8,"Sinker",0,0,0,0,0,0,0,0,"Standard","Standard",195,"0.006","0.104",,,,"-0.104",,0,0,0.526,0.526,30,28,31,28,1,0,6,2,6,1,"1.24","0.99","0.99","41.0",,,,,
"FC","2025-04-18","95.3","-0.86","6.07","Burnes, Corbin",663538,669203,,"foul",,,,,5,"Foul","R","R","R","CHC","AZ","S",,,2,2,2025,"0.3","1.14","0.22","2.4",,,,1,2,"Bot",,,,,,,2.1671575881071896,-138.71309176816405,-6.615287186718101,3.4065028019182484,30.723945115529514,-16.152346625475637,"3.31","1.58",237,"71.2",42,"96",2716,"6.7",778268,672515,647304,641658,553993,672695,666971,664983,682998,"53.83",,,,,,,,14,7,"Cutter",0,0,0,0,0,0,0,0,"Standard","Standard",194,"0","0","66.4","7.5",,"0","88.0",0,0,0.526,0.526,30,28,31,28,1,0,6,2,6,1,"1.36","-0.3","-0.3","40.4",5.563131224251314,-14.271244749987979,34.241675089386014,37.652278659746095,31.245617029293463
"SL","2025-04-18","87.8","-0.91","5.93","Burnes, Corbin",663538,669203,,"ball",,,,,14,"Ball","R","R","R","CHC","AZ","B",,,1,2,2025,"0.34","0.37","0.8","0.39",,,,1,2,"Bot",,,,,,,3.4548205614338494,-127.69694933171154,-8.085881941610008,2.980672244079778,25.701587687923794,-26.68433062087426,"3.25","1.53",,,,"88.3",2975,"6.6",778268,672515,647304,641658,553993,672695,666971,664983,682998,"53.89",,,,,,,,14,6,"Slider",0,0,0,0,0,0,0,0,"Standard","Standard",102,"0.002","0.048",,,,"-0.048",,0,0,0.524,0.524,30,28,31,28,1,0,6,2,6,1,"2.58","-0.34","-0.34","38.2",,,,,
"CU","2025-04-18","81.4","-0.8","5.9","Burnes, Corbin",663538,669203,,"ball",,,,,14,"Ball","R","R","R","CHC","AZ","B",,,0,2,2025,"0.96","-0.87","2.3","-1.58",,,,1,2,"Bot",,,,,,,5.126945918015322,-118.18394243101577,-8.453336084861794,7.816064991207896,25.097991147897524,-38.6642882281604,"3.18","1.59",,,,"81.4",2964,"6.7",778268,672515,647304,641658,553993,672695,666971,664983,682998,"53.83",,,,,,,,14,5,"Curveball",0,0,0,0,0,0,0,0,"Standard","Standard",49,"0.002","0.017",,,,"-0.017",,0,0,0.522,0.522,30,28,31,28,1,0,6,2,6,1,"4.36","-0.96","-0.96","42.4",,,,,
"SI","2025-04-18","94.9","-0.89","5.92","Burnes, Corbin",663538,669203,,"foul",,,,,13,"Foul","R","R","R","CHC","AZ","S",,,0,2,2025,"-1.17","0.82","-0.34","1.19",,,,1,2,"Bot",,,,,,,4.079844597863112,-138.02146954707368,-8.590819652018007,-15.818873227831721,30.548571867547338,-20.00975362370236,"3.31","1.58",,,,"95.7",2534,"6.7",778268,672515,647304,641658,553993,672695,666971,664983,682998,"53.76",,,,,,,,14,4,"Sinker",0,0,0,0,0,0,0,0,"Standard","Standard",202,"0","0","68.5","7.7",,"0",,0,0,0.522,0.522,30,28,31,28,1,0,6,2,6,1,"1.71","1.17","1.17","39.0",5.159444672222793,-3.4899020169817057,46.7187252091698,31.04468071807739,22.8037512274909
"CU","2025-04-18","79.4","-0.56","6.12","Burnes, Corbin",663538,669203,,"foul",,,,,14,"Foul","R","R","R","CHC","AZ","S",,,0,2,2025,"0.89","-1","0.91","1.12",,,,1,2,"Bot",,,,,,,1.5539669120027049,-115.52833514272842,-2.2277073066285835,7.566274609660341,24.338521274822927,-40.799406634805266,"3.31","1.58",124,"59.2",21,"79.4",2852,"6.6",778268,672515,647304,641658,553993,672695,666971,664983,682998,"53.88",,,,,,,,14,3,"Curveball",0,0,0,0,0,0,0,0,"Standard","Standard",44,"0","0","57.6","8.1",,"0","88.0",0,0,0.522,0.522,30,28,31,28,1,0,6,2,6,1,"4.65","-0.89","-0.89","47.1",4.105438799978198,-11.980937682215162,37.545670295079304,46.67764627487921,29.45959438644541
"SL","2025-04-18","88.4","-0.96","5.88","Burnes, Corbin",663538,669203,,"foul",,,,,5,"Foul","R","R","R","CHC","AZ","S",,,0,1,2025,"0.44","0.31","0.21","2.19",,,,1,2,"Bot",,,,,,,1.9281526690819668,-128.85167693668868,-3.627586483362063,4.56838451540452,25.325816894025323,-28.142766358796855,"3.31","1.58",194,"70.2",56,"89.1",2807,"6.5",778268,672515,647304,641658,553993,672695,666971,664983,682998,"53.97",,,,,,,,14,2,"Slider",0,0,0,0,0,0,0,0,"Standard","Standard",147,"-0.003","-0.052","70.3","7.8",,"0.052","88.0",0,0,0.525,0.525,30,28,31,28,1,0,6,2,6,1,"2.58","-0.44","-0.44","43.4",10.973147076475117,-9.790369239421235,31.332428582162343,38.41641242152127,33.98823555720245
"FC","2025-04-18","95","-0.93","6.03","Burnes, Corbin",663538,669203,,"foul",,,,,5,"Foul","R","R","R","CHC","AZ","S",,,0,0,2025,"0.11","1.09","-0.17","2.24",,,,1,2,"Bot",,,,,,,1.7693669293063434,-138.286443328571,-6.768771389884824,1.0168716769784085,29.827883966742313,-16.907896681787925,"3.31","1.58",164,"76.1",15,"95.8",2653,"6.6",778268,672515,647304,641658,553993,672695,666971,664983,682998,"53.86",,,,,,,,14,1,"Cutter",0,0,0,0,0,0,0,0,"Standard","Standard",198,"-0.003","-0.039","69.3","7.2",,"0.039","88.0",0,0,0.528,0.528,30,28,31,28,1,0,6,2,6,1,"1.43","-0.11","-0.11","44.2",5.261991755515888,0.7976931087227095,40.23224356016877,33.5400980989961,27.39755335354218
"SI","2025-04-18","96","-0.87","5.91","Burnes, Corbin",621020,669203,"field_out","hit_into_play",,,,,8,"Dansby Swanson grounds out, shortstop Geraldo Perdomo to first baseman Josh Naylor.","R","R","R","CHC","AZ","X",6,"ground_ball",3,2,2025,"-0.99","0.8","0.23","1.74",,,,0,2,"Bot",118.76,142.94,,,,,5.190775530343992,-139.74265985877784,-7.379584009378,-14.183865741278435,28.54772198603303,-20.23386521040908,"3.64","1.7",3,"108.6",-27,"97.1",2497,"6.7",778268,672515,647304,641658,553993,672695,666971,664983,682998,"53.84",0.114,0.119,"0",1,0,0,2,13,8,"Sinker",0,0,0,0,0,0,0,0,"Standard","Standard",200,"-0.029","-0.345","72.7","7.2",0.135,"0.345","108.6",0,0,0.557,0.557,30,31,31,31,1,0,6,2,6,1,"1.65","0.99","0.99","38.4",0.34279273083096923,19.05158356064729,36.101381493610056,39.486350536551285,19.57150432722731
"FC","2025-04-18","95.1","-0.82","6.07","Burnes, Corbin",621020,669203,,"foul",,,,,6,"Foul","R","R","R","CHC","AZ","S",,,3,2,2025,"0.15","0.92","0.43","2.32",,,,0,2,"Bot",,,,,,,2.957211147433785,-138.4272538086491,-6.317037184244263,1.346968898040029,29.709532981019436,-19.12947553807698,"3.64","1.7",,,,"95.7",2671,"6.6",778268,672515,647304,641658,553993,672695,666971,664983,682998,"53.94",,,,,,,,13,7,"Cutter",0,0,0,0,0,0,0,0,"Standard","Standard",191,"0","0","73.5","7.2",,"0",,0,0,0.557,0.557,30,31,31,31,1,0,6,2,6,1,"1.59","-0.15","-0.15","41.0",5.494633000180978,14.368393607722894,31.504201270078156,43.077391723403345,24.100346369490595
"FC","2025-04-18","94.1","-0.81","6.15","Burnes, Corbin",621020,669203,,"foul",,,,,7,"Foul","R","R","R","CHC","AZ","S",,,3,2,2025,"-0.07","1.09","-0.48","2.29",,,,0,2,"Bot",,,,,,,1.0045581156787424,-137.00839156190213,-6.773777660218789,-1.0622179469732245,30.032033952087268,-17.15127217651224,"3.64","1.7",4,"95.3",-32,"94.8",2703,"6.6",778268,672515,647304,641658,553993,672695,666971,664983,682998,"53.85",,,,,,,,13,6,"Cutter",0,0,0,0,0,0,0,0,"Standard","Standard",188,"0","0","72.1","7.9",,"0","95.3",0,0,0.557,0.557,30,31,31,31,1,0,6,2,6,1,"1.48","0.07","0.07","43.9",26.47056106144971,-15.82799168071172,37.02012407888752,30.600994309462813,43.368450917630334
"FC","2025-04-18","93.9","-0.96","5.96","Burnes, Corbin",621020,669203,,"foul",,,,,5,"Foul","R","R","R","CHC","AZ","S",,,3,1,2025,"0.03","1.36","0.16","2.41",,,,0,2,"Bot",,,,,,,2.854942201727003,-136.6265063021556,-6.515133448328713,-0.2846564986550773,31.225212636145365,-13.853446530991565,"3.64","1.7",256,"76.5",38,"94.3",2754,"6.6",778268,672515,647304,641658,553993,672695,666971,664983,682998,"53.88",,,,,,,,13,5,"Cutter",0,0,0,0,0,0,0,0,"Standard","Standard",195,"-0.009","-0.094","75.9","7.9",,"0.094","88.0",0,0,0.566,0.566,30,31,31,31,1,0,6,2,6,1,"1.23","-0.03","-0.03","39.0",13.026652991275132,-2.6735094802329664,34.9080513618226,40.590809558230895,32.15829406278216
"FC","2025-04-18","94","-0.9","6.01","Burnes, Corbin",621020,669203,,"ball",,,,,14,"Ball","R","R","R","CHC","AZ","B",,,2,1,2025,"0.31","1.27","1.19","1.96",,,,0,2,"Bot",,,,,,,4.771670584326692,-136.74057447853042,-7.644536816459377,2.8807841670370964,30.569564083159083,-14.792734137462583,"3.53","1.7",,,,"94.7",2754,"6.7",778268,672515,647304,641658,553993,672695,666971,664983,682998,"53.76",,,,,,,,13,4,"Cutter",0,0,0,0,0,0,0,0,"Standard","Standard",196,"0.011","0.134",,,,"-0.134",,0,0,0.555,0.555,30,31,31,31,1,0,6,2,6,1,"1.32","-0.31","-0.31","41.5",,,,,
"SL","2025-04-18","87.6","-1.06","5.85","Burnes, Corbin",621020,669203,,"ball",,,,,13,"Ball","R","R","R","CHC","AZ","B",,,1,1,2025,"0.62","0.1","0","0.99",,,,0,2,"Bot",,,,,,,1.2961652578602214,-127.66080540931837,-5.8949208600371295,6.529878473299441,24.05786067027347,-30.190553448780392,"3.61","1.74",,,,"88.3",2885,"6.4",778268,672515,647304,641658,553993,672695,666971,664983,682998,"54.05",,,,,,,,13,3,"Slider",0,0,0,0,0,0,0,0,"Standard","Standard",149,"0.005","0.055",,,,"-0.055",,0,0,0.55,0.55,30,31,31,31,1,0,6,2,6,1,"2.84","-0.62","-0.62","38.3",,,,,
"FC","2025-04-18","93.4","-0.75","6.05","Burnes, Corbin",621020,669203,,"ball",,,,,12,"Ball","R","R","R","CHC","AZ","B",,,0,1,2025,"-0.01","1.42","1.41","2.8",,,,0,2,"Bot",,,,,,,5.635518130117129,-135.80837890174843,-5.799781882611105,-1.3701636599149918,29.507907386831256,-13.469308277583892,"3.48","1.69",,,,"94",2735,"6.7",778268,672515,647304,641658,553993,672695,666971,664983,682998,"53.81",,,,,,,,13,2,"Cutter",0,0,0,0,0,0,0,0,"Standard","Standard",195,"0.002","0.031",,,,"-0.031",,0,0,0.548,0.548,30,31,31,31,1,0,6,2,6,1,"1.19","0.01","0.01","39.7",,,,,
"FC","2025-04-18","93.1","-0.87","6.05","Burnes, Corbin",621020,669203,,"called_strike",,,,,14,"Called Strike","R","R","R","CHC","AZ","S",,,0,0,2025,"0.08","1.44","0.44","1.58",,,,0,2,"Bot",,,,,,,3.2043967751131524,-135.38670922634807,-8.896944910158957,0.28035751704550066,29.85693149370789,-12.728519586328863,"3.62","1.79",,,,"93.5",2689,"6.6",778268,672515,647304,641658,553993,672695,666971,664983,682998,"53.89",,,,,,,,13,1,"Cutter",0,0,0,0,0,0,0,0,"Standard","Standard",197,"-0.003","-0.039",,,,"0.039",,0,0,0.551,0.551,30,31,31,31,1,0,6,2,6,1,"1.2","-0.08","-0.08","41.0",,,,,
"CU","2025-04-18","79.1","-0.73","6.09","Burnes, Corbin",683737,669203,"field_out","hit_into_play",,,,,8,"Michael Busch flies out to center fielder Jake McCarthy.","R","L","R","CHC","AZ","X",8,"fly_ball",1,1,2025,"1.04","-0.53","-0.11","1.72",664023,,,2,1,"Bot",123.76,82.7,,,,,-0.5996135623757421,-115.29300197523375,-1.8045828500716456,9.400641255080911,21.089054716233793,-36.76203417603216,"3.35","1.59",290,"91.9",51,"79.5",2902,"6.4",778268,672515,647304,641658,553993,672695,666971,664983,682998,"54.07",0.01,0.011,"0",1,0,0,3,8,3,"Curveball",0,0,0,0,0,0,0,0,"Infield shade","Standard",47,"-0.035","-0.261","70.1","7.9",0.016,"0.261","91.9",0,0,0.535,0.535,30,27,31,28,1,0,6,2,6,1,"4.15","-1.04","1.04","44.9",22.64504494319515,-7.970939064036475,39.84924327593761,38.690818997060234,41.79396082274136
"FC","2025-04-18","94.7","-0.96","5.95","Burnes, Corbin",683737,669203,,"ball",,,,,13,"Ball","R","L","R","CHC","AZ","B",,,0,1,2025,"-0.09","0.96","-1.5","1.76",664023,,,2,1,"Bot",,,,,,,-1.2319653856324673,-137.75396924015308,-7.451677359229509,-0.8759729756698245,29.826086665715724,-18.478615448893713,"3.31","1.68",,,,"95.4",2803,"6.7",778268,672515,647304,641658,553993,672695,666971,664983,682998,"53.84",,,,,,,,8,2,"Cutter",0,0,0,0,0,0,0,0,"Infield shade","Standard",196,"0.004","0.029",,,,"-0.029",,0,0,0.531,0.531,30,27,31,28,1,0,6,2,6,1,"1.57","0.09","-0.09","38.3",,,,,
"CU","2025-04-18","78.6","-0.8","6.09","Burnes, Corbin",683737,669203,,"foul",,,,,7,"Foul","R","L","R","CHC","AZ","S",,,0,0,2025,"0.79","-0.92","-0.69","1.93",664023,,,2,1,"Bot",,,,,,,-1.2183704301123555,-114.50399526087986,-0.44306512847368107,7.173884998500393,22.35455172512236,-40.38577624689162,"3.35","1.59",170,"65.6",35,"78.8",2749,"6.5",778268,672515,647304,641658,553993,672695,666971,664983,682998,"54.04",,,,,,,,8,1,"Curveball",0,0,0,0,0,0,0,0,"Infield shade","Standard",54,"-0.006","-0.044","52.5","6.3",,"0.044","88.0",0,0,0.537,0.537,30,27,31,28,1,0,6,2,6,1,"4.62","-0.79","0.79","49.7",0.879480239676961,24.260018275431936,36.67382519818467,43.98520910094164,20.128561843764306
"CU","2025-04-18","79.1","-0.53","6.14","Burnes, Corbin",673548,669203,"grounded_into_double_play","hit_into_play",,,,,9,"Seiya Suzuki grounds into a double play, third baseman Eugenio Suárez to second baseman Garrett Hampson to first baseman Josh Naylor. Ian Happ to 3rd. Kyle Tucker out at 2nd. Seiya Suzuki out at 1st.","R","R","R","CHC","AZ","X",5,"ground_ball",1,2,2025,"0.82","-0.87","0.66","1.91",,664023,663656,0,1,"Bot",102.42,166.55,,,,,1.0721393150028273,-115.21615558006378,-0.8383484700402207,7.154851249560945,20.52124638484231,-40.00289646933248,"3.16","1.42",40,"83.3",0,"79.6",2788,"6.5",778268,672515,647304,641658,553993,672695,666971,664983,682998,"54.01",0.21,0.205,"0",1,0,0,2,7,4,"Curveball",0,0,0,0,0,0,0,0,"Standard","Standard",54,"-0.087","-0.242","68.3","7.9",0.254,"0.242","88.0",0,0,0.624,0.624,30,30,31,31,1,0,6,2,6,1,"4.49","-0.82","-0.82","48.7",16.53631268233798,-11.75021517641994,30.968614524253873,44.94371570818572,43.226052958845294
"SI","2025-04-18","95.3","-0.67","6.12","Burnes, Corbin",673548,669203,,"foul",,,,,1,"Foul","R","R","R","CHC","AZ","S",,,1,1,2025,"-0.85","1.27","-0.64","2.66",,664023,663656,0,1,"Bot",,,,,,,2.0123807162701017,-138.70718119250898,-6.368649039630854,-11.40879907376483,29.439253867267656,-14.57408507296257,"3.16","1.42",87,"67",80,"96.1",2599,"6.6",778268,672515,647304,641658,553993,672695,666971,664983,682998,"53.91",,,,,,,,7,3,"Sinker",0,0,0,0,0,0,0,0,"Standard","Standard",202,"-0.01","-0.065","72.9","7.3",,"0.065","88.0",0,0,0.634,0.634,30,30,31,31,1,0,6,2,6,1,"1.23","0.85","0.85","42.3",10.24026006418268,-8.6130307897329,33.80405983034043,30.17722035743912,31.633010069735118
"FC","2025-04-18","94.4","-0.85","6","Burnes, Corbin",673548,669203,,"foul",,,,,3,"Foul","R","R","R","CHC","AZ","S",,,1,0,2025,"0.35","1.2","0.32","2.63",,664023,663656,0,1,"Bot",,,,,,,2.2820135873911243,-137.42629549965557,-5.797830663766572,3.9539573861693373,29.124653633957188,-15.911070522960724,"3.16","1.42",253,"75",36,"95.1",2662,"6.6",778268,672515,647304,641658,553993,672695,666971,664983,682998,"53.94",,,,,,,,7,2,"Cutter",0,0,0,0,0,0,0,0,"Standard","Standard",194,"-0.009","-0.07","73.2","7.2",,"0.07","88.0",0,0,0.643,0.643,30,30,31,31,1,0,6,2,6,1,"1.35","-0.35","-0.35","40.9",6.795677453303761,1.5050886615681855,33.96716113101515,40.69598700967481,28.250702218298628
"FC","2025-04-18","93.5","-0.86","5.98","Burnes, Corbin",673548,669203,,"ball",,,,,14,"Ball","R","R","R","CHC","AZ","B",,,0,0,2025,"0.37","1.11","0.73","1.12",,664023,663656,0,1,"Bot",,,,,,,3.3037060671288927,-135.9879745227524,-9.30965215310958,3.872461029327224,28.378718242990193,-16.629464331863936,"3.07","1.42",,,,"94.2",2640,"6.6",778268,672515,647304,641658,553993,672695,666971,664983,682998,"53.89",,,,,,,,7,1,"Cutter",0,0,0,0,0,0,0,0,"Standard","Standard",195,"0.007","0.045",,,,"-0.045",,0,0,0.636,0.636,30,30,31,31,1,0,6,2,6,1,"1.49","-0.37","-0.37","45.4",,,,,
"CU","2025-04-18","79","-0.77","6.09","Burnes, Corbin",663656,669203,"single","hit_into_play",,,,,13,"Kyle Tucker singles on a soft fly ball to center fielder Jake McCarthy, deflected by shortstop Geraldo Perdomo. Ian Happ to 2nd.","R","L","R","CHC","AZ","X",6,"fly_ball",2,2,2025,"0.75","-0.86","-0.51","1.47",,,664023,0,1,"Bot",127.24,104.8,,,,,-0.8458594520879493,-115.11009938709601,-1.7276045570682192,6.811193590325195,20.706560218742602,-39.69898342590402,"3.45","1.59",229,"72.4",42,"79.5",2820,"6.5",778268,672515,647304,641658,553993,672695,666971,664983,682998,"54.01",0.311,0.309,"0.9",1,1,0,3,6,5,"Curveball",0,0,0,0,0,0,0,0,"Infield shade","Standard",54,"0.056","0.511","63.2","8.3",0.387,"-0.511","88.0",0,0,0.58,0.58,30,28,31,28,1,0,6,2,6,1,"4.49","-0.75","0.75","44.7",15.441498209068026,-11.894568020934601,37.06330829224733,45.65663098603217,36.17224853051511
"CH","2025-04-18","87.6","-1.17","5.77","Burnes, Corbin",663656,669203,,"ball",,,,,11,"Ball","R","L","R","CHC","AZ","B",,,1,2,2025,"-1.51","0.49","-2.46","2.86",,,664023,0,1,"Bot",,,,,,,0.0077075260080213814,-127.58788438561331,-1.845497701259706,-16.39236223433346,29.197855869531974,-26.683005520178842,"3.33","1.74",,,,"87.8",2381,"6.6",778268,672515,647304,641658,553993,672695,666971,664983,682998,"53.9",,,,,,,,6,4,"Changeup",0,0,0,0,0,0,0,0,"Infield shade","Standard",218,"0.005","0.036",,,,"-0.036",,0,0,0.575,0.575,30,28,31,28,1,0,6,2,6,1,"2.5","1.51","-1.51","35.2",,,,,
"FC","2025-04-18","93.8","-0.91","5.96","Burnes, Corbin",663656,669203,,"foul",,,,,9,"Foul","R","L","R","CHC","AZ","S",,,1,1,2025,"0.18","1.23","0.66","1.92",,,664023,0,1,"Bot",,,,,,,3.6799762685254187,-136.41691198579693,-7.430849512761226,1.3445963993903332,31.18948844308919,-15.414536408778085,"3.45","1.59",4,"83.9",-28,"94.1",2782,"6.6",778268,672515,647304,641658,553993,672695,666971,664983,682998,"53.93",,,,,,,,6,3,"Cutter",0,0,0,0,0,0,0,0,"Infield shade","Standard",194,"-0.006","-0.07",,,,"0.07","88.0",0,0,0.581,0.581,30,28,31,28,1,0,6,2,6,1,"1.38","-0.18","0.18","37.7",,,,,
"CH","2025-04-18","87.2","-1.14","5.73","Burnes, Corbin",663656,669203,,"ball",,,,,13,"Ball","R","L","R","CHC","AZ","B",,,0,1,2025,"-1.57","0.61","-1.41","1.53",,,664023,0,1,"Bot",,,,,,,2.6038162660707824,-126.79299468828492,-5.136269011814669,-17.394445246916927,28.81331563157628,-24.677568088319536,"3.24","1.59",,,,"87.3",2230,"6.6",778268,672515,647304,641658,553993,672695,666971,664983,682998,"53.88",,,,,,,,6,2,"Changeup",0,0,0,0,0,0,0,0,"Infield shade","Standard",223,"0.003","0.034",,,,"-0.034",,0,0,0.578,0.578,30,28,31,28,1,0,6,2,6,1,"2.42","1.57","-1.57","33.9",,,,,
"FC","2025-04-18","93.3","-1.1","5.96","Burnes, Corbin",663656,669203,,"called_strike",,,,,4,"Called Strike","R","L","R","CHC","AZ","S",,,0,0,2025,"0.05","1.19","-0.71","2.42",,,664023,0,1,"Bot",,,,,,,0.8944941703789662,-135.79100737614252,-5.941585803409717,0.4456727777011294,31.805602691738187,-16.384237891617623,"3.32","1.67",,,,"93.3",2785,"6.4",778268,672515,647304,641658,553993,672695,666971,664983,682998,"54.06",,,,,,,,6,1,"Cutter",0,0,0,0,0,0,0,0,"Infield shade","Standard",198,"-0.005","-0.043",,,,"0.043",,0,0,0.583,0.583,30,28,31,28,1,0,6,2,6,1,"1.44","-0.05","0.05","39.9",,,,,
"FC","2025-04-18","92.2","-0.97","6","Burnes, Corbin",664023,669203,"single","hit_into_play",,,,,4,"Ian Happ singles on a ground ball to center fielder Jake McCarthy.","R","L","R","CHC","AZ","X",8,"ground_ball",0,0,2025,"0.32","1.15","-0.3","2.3",,,,0,1,"Bot",133.9,94.51,,,,,1.027971778391169,-134.2192910547238,-6.126764721771757,3.6364887811940747,27.17100704537136,-17.17799165812465,"3.57","1.65",40,"107.5",-1,"92.7",2639,"6.4",778268,672515,647304,641658,553993,672695,666971,664983,682998,"54.1",0.494,0.453,"0.9",1,1,0,4,5,1,"Cutter",0,0,0,0,0,0,0,0,"Standard","Standard",192,"0.035","0.438",,,0.537,"-0.438","107.5",0,0,0.548,0.548,30,30,31,31,1,0,6,2,6,1,"1.52","-0.32","0.32","37.7",,,,,
"FC","2025-04-12","94.2","-0.92","5.79","Burnes, Corbin",661388,669203,"field_out","hit_into_play",,,,,9,"William Contreras lines out to right fielder Corbin Carroll.","R","R","R","AZ","MIL","X",9,"line_drive",0,0,2025,"0.24","0.95","0.44","2.15",,,,2,6,"Top",186.96,110.44,,,,,3.0326410822822107,-137.13457033818537,-5.9405090445247675,2.4176816187655925,27.6231687403446,-19.05879782727751,"3.49","1.66",298,"100.6",17,"95.1",2664,"6.6",778350,672515,647304,641658,553993,672695,666971,677950,682998,"53.93",0.468,0.514,"0",1,0,0,4,44,1,"Cutter",0,3,3,0,3,0,3,0,"Strategic","Standard",197,"0.006","-0.26","75.1","6.8",0.754,"0.26","100.6",-3,3,0.157,0.843,30,27,31,28,3,2,6,1,6,1,"1.59","-0.24","-0.24","36.9",5.4683876556170885,21.33337401699826,33.196750577236166,41.72261187947456,22.973512833352814
"FC","2025-04-12","94.2","-0.85","5.8","Burnes, Corbin",592885,669203,"field_out","hit_into_play",,,,,14,"Christian Yelich lines out sharply to shortstop Geraldo Perdomo.","R","L","R","AZ","MIL","X",6,"line_drive",3,2,2025,"0.23","0.84","0.01","1.56",,,,1,6,"Top",118.77,123.69,,,,,1.753845303632831,-137.17056644418088,-7.303627050275286,2.53520081892763,27.740261806479886,-20.224828421215175,"3.41","1.74",193,"113.4",8,"95.5",2564,"6.8",778350,672515,647304,641658,553993,672695,666971,677950,682998,"53.7",0.759,0.752,"0",1,0,0,5,43,7,"Cutter",0,3,3,0,3,0,3,0,"Infield shade","Standard",201,"0.011","-0.332","78.3","7.7",0.985,"0.332","113.4",-3,3,0.146,0.854,30,33,31,34,3,2,6,1,6,1,"1.71","-0.23","0.23","36.1",5.655789115168902,8.734992493066379,42.949994588234,38.28809054784185,25.317720530418658
"FC","2025-04-12","94.6","-0.87","5.83","Burnes, Corbin",592885,669203,,"foul",,,,,8,"Foul","R","L","R","AZ","MIL","S",,,3,2,2025,"0.13","0.8","0.01","1.71",,,,1,6,"Top",,,,,,,2.0075765179528107,-137.6459136382043,-6.902042643736529,1.2714138089856157,29.52920309822494,-20.714345471816056,"3.41","1.74",3,"68.3",-25,"95.2",2614,"6.6",778350,672515,647304,641658,553993,672695,666971,677950,682998,"53.91",,,,,,,,43,6,"Cutter",0,3,3,0,3,0,3,0,"Infield shade","Standard",192,"0","0","78.8","7.9",,"0","88.0",-3,3,0.146,0.854,30,33,31,34,3,2,6,1,6,1,"1.74","-0.13","0.13","38.4",15.383557140819663,4.787350429961619,38.500097578401316,37.77514957327604,26.897872438871772
"CU","2025-04-12","80.1","-0.58","5.88","Burnes, Corbin",592885,669203,,"ball",,,,,14,"Ball","R","L","R","AZ","MIL","B",,,2,2,2025,"0.66","-1.25","1.01","-1.04",,,,1,6,"Top",,,,,,,2.2737908729172776,-116.54283838715308,-6.150158189775681,5.511747348597108,24.610176378999665,-42.40782791266484,"3.33","1.77",,,,"80.3",2851,"6.7",778350,672515,647304,641658,553993,672695,666971,677950,682998,"53.78",,,,,,,,43,5,"Curveball",0,3,3,0,3,0,3,0,"Infield shade","Standard",44,"-0.003","0.104",,,,"-0.104",,-3,3,0.149,0.851,30,33,31,34,3,2,6,1,6,1,"4.84","-0.66","0.66","43.8",,,,,
"CU","2025-04-12","79.9","-0.67","5.9","Burnes, Corbin",592885,669203,,"ball",,,,,13,"Ball","R","L","R","AZ","MIL","B",,,1,2,2025,"0.79","-0.85","-0.02","-0.61",,,,1,6,"Top",,,,,,,-0.046464357632923614,-116.21481823082169,-5.974144318657787,7.077778499225507,23.907410683041324,-38.81914148446262,"3.36","1.74",,,,"80",2808,"6.6",778350,672515,647304,641658,553993,672695,666971,677950,682998,"53.88",,,,,,,,43,4,"Curveball",0,3,3,0,3,0,3,0,"Infield shade","Standard",52,"-0.001","0.048",,,,"-0.048",,-3,3,0.15,0.85,30,33,31,34,3,2,6,1,6,1,"4.45","-0.79","0.79","44.3",,,,,
"FC","2025-04-12","94.5","-1.08","5.75","Burnes, Corbin",592885,669203,,"ball",,,,,13,"Ball","R","L","R","AZ","MIL","B",,,0,2,2025,"0.29","0.87","-0.94","1.83",,,,1,6,"Top",,,,,,,-0.28060167326275437,-137.5985092271457,-6.559942925204764,3.741028913660003,28.784858879792722,-19.867546031771905,"3.37","1.82",,,,"95.2",2725,"6.6",778350,672515,647304,641658,553993,672695,666971,677950,682998,"53.94",,,,,,,,43,3,"Cutter",0,3,3,0,3,0,3,0,"Infield shade","Standard",191,"-0.001","0.017",,,,"-0.017",,-3,3,0.151,0.849,30,33,31,34,3,2,6,1,6,1,"1.66","-0.29","0.29","37.0",,,,,
"FC","2025-04-12","94.4","-0.97","5.79","Burnes, Corbin",592885,669203,,"missed_bunt",,,,,8,"Missed Bunt","R","L","R","AZ","MIL","S",,,0,1,2025,"0.09","0.92","0.23","1.63",,,,1,6,"Top",,,,,,,2.941513051443399,-137.3974662047889,-7.270551229906992,0.4982845505611939,29.14152693322586,-19.113981049474372,"3.41","1.74",,,,"95.4",2622,"6.7",778350,672515,647304,641658,553993,672695,666971,677950,682998,"53.77",,,,,,,,43,2,"Cutter",0,3,3,0,3,0,3,0,"Infield shade","Standard",199,"0.002","-0.052","5.8","1.4",,"0.052",,-3,3,0.149,0.851,30,33,31,34,3,2,6,1,6,1,"1.63","-0.09","0.09","39.1",11.730228717912308,22.497120145897178,49.87572784212291,31.26103881382661,16.274603971477298
"FC","2025-04-12","93.5","-1.01","5.79","Burnes, Corbin",592885,669203,,"called_strike",,,,,7,"Called Strike","R","L","R","AZ","MIL","S",,,0,0,2025,"0.18","1.07","-0.63","2.24",,,,1,6,"Top",,,,,,,0.6102473760831236,-136.21164138495794,-5.798264734803656,2.0977976251997004,28.97105684594714,-17.8352554051403,"3.38","1.81",,,,"94.2",2618,"6.6",778350,672515,647304,641658,553993,672695,666971,677950,682998,"53.93",,,,,,,,43,1,"Cutter",0,3,3,0,3,0,3,0,"Infield shade","Standard",206,"0.001","-0.039",,,,"0.039",,-3,3,0.148,0.852,30,33,31,34,3,2,6,1,6,1,"1.53","-0.18","0.18","37.2",,,,,
"SL","2025-04-12","88.5","-0.88","5.76","Burnes, Corbin",694192,669203,"home_run","hit_into_play",,,,,7,"Jackson Chourio homers (5) on a fly ball to left center field.","R","R","R","AZ","MIL","X",,"fly_ball",0,0,2025,"0.45","0.35","-0.38","1.83",,,,1,6,"Top",52.72,32.45,,,,,0.2865159791190597,-129.00469652907083,-4.329125581721847,5.028326275339144,24.386728083550178,-27.664876497864896,"3.35","1.6",448,"110",25,"89.3",2734,"6.5",778350,672515,647304,641658,553993,672695,666971,677950,682998,"54.03",0.9706818181818182,2,"2",1,0,3,6,42,1,"Slider",0,2,2,0,3,0,3,0,"Strategic","Standard",146,"-0.09","1.583","81.1","8.1",3.840954545454545,"-1.583","110.0",-2,2,0.238,0.762,30,21,31,21,3,2,6,1,6,1,"2.53","-0.45","-0.45","37.6",7.3991132740903645,-11.904948105979422,32.53096171448248,33.99341307139795,33.253150133148964
"CH","2025-04-12","89.4","-0.83","5.64","Burnes, Corbin",668930,669203,"field_out","hit_into_play",,,,,14,"Brice Turang grounds out, second baseman Garrett Hampson to first baseman Josh Naylor.","R","L","R","AZ","MIL","X",4,"ground_ball",2,2,2025,"-1.28","0.54","0.08","1.29",,,,0,6,"Top",143.29,146.7,,,,,5.0014953187429905,-130.05834962668496,-5.925123241911761,-15.624224995342006,26.264954088597044,-24.997776913966728,"3.38","1.55",6,"92.5",-14,"90.4",2212,"6.8",778350,672515,647304,641658,553993,672695,666971,677950,682998,"53.66",0.165,0.168,"0",1,0,0,2,41,5,"Changeup",0,2,2,0,2,0,2,0,"Strategic","Standard",229,"0.015","-0.232","69.6","7.1",0.213,"0.232","92.5",-2,2,0.223,0.777,30,25,31,26,3,2,6,1,6,1,"2.3","1.28","-1.28","35.4",-9.81358927702397,3.6170910088652692,38.052769311674126,36.68760353375085,33.563293152684324
"CU","2025-04-12","81.5","-0.58","5.98","Burnes, Corbin",668930,669203,,"ball",,,,,14,"Ball","R","L","R","AZ","MIL","B",,,1,2,2025,"0.54","-0.88","0.53","-0.32",,,,0,6,"Top",,,,,,,1.4637233148524966,-118.5540896742903,-5.796089221741964,4.7219878897757885,26.19091422157502,-39.34428504487954,"3.24","1.49",,,,"81.4",2756,"6.6",778350,672515,647304,641658,553993,672695,666971,677950,682998,"53.92",,,,,,,,41,4,"Curveball",0,2,2,0,2,0,2,0,"Strategic","Standard",54,"-0.002","0.043",,,,"-0.043",,-2,2,0.225,0.775,30,25,31,26,3,2,6,1,6,1,"4.36","-0.54","0.54","45.7",,,,,
"CH","2025-04-12","87.6","-0.88","5.72","Burnes, Corbin",668930,669203,,"foul",,,,,1,"Foul","R","L","R","AZ","MIL","S",,,1,1,2025,"-1.39","0.64","-0.29","2.92",,,,0,6,"Top",,,,,,,4.347128914004859,-127.51674953138705,-1.916518435166719,-16.06202331336854,28.074300684781697,-25.055493104906407,"3.38","1.55",226,"83.8",58,"88.1",2114,"6.7",778350,672515,647304,641658,553993,672695,666971,677950,682998,"53.77",,,,,,,,41,3,"Changeup",0,2,2,0,2,0,2,0,"Standard","Standard",230,"0.003","-0.061","63.6","6.5",,"0.061","88.0",-2,2,0.222,0.778,30,25,31,26,3,2,6,1,6,1,"2.35","1.39","-1.39","37.7",5.045322244296807,11.933826109449452,27.80151659306047,40.10284159878901,31.186129843587523
"CU","2025-04-12","78.2","-0.63","6.05","Burnes, Corbin",668930,669203,,"called_strike",,,,,8,"Called Strike","R","L","R","AZ","MIL","S",,,1,0,2025,"0.97","-0.92","0","1.51",,,,0,6,"Top",,,,,,,-0.44232549439487545,-113.86521199547887,-1.2055313060766892,8.477492336322008,21.508603397808507,-40.14698057990271,"3.35","1.55",,,,"78.4",2786,"6.5",778350,672515,647304,641658,553993,672695,666971,677950,682998,"54.02",,,,,,,,41,2,"Curveball",0,2,2,0,2,0,2,0,"Standard","Standard",50,"0.004","-0.05",,,,"0.05",,-2,2,0.218,0.782,30,25,31,26,3,2,6,1,6,1,"4.65","-0.97","0.97","45.3",,,,,
"CU","2025-04-12","77.9","-0.69","6.01","Burnes, Corbin",668930,669203,,"ball",,,,,11,"Ball","R","L","R","AZ","MIL","B",,,0,0,2025,"0.71","-0.53","-1.05","2.74",,,,0,6,"Top",,,,,,,-2.072859044416349,-113.44161293552702,0.8393546405802998,6.4688678687332635,21.08213621851025,-37.10534533110861,"3.3","1.53",,,,"78.1",2639,"6.4",778350,672515,647304,641658,553993,672695,666971,677950,682998,"54.07",,,,,,,,41,1,"Curveball",0,2,2,0,2,0,2,0,"Standard","Standard",63,"-0.003","0.041",,,,"-0.041",,-2,2,0.221,0.779,30,25,31,26,3,2,6,1,6,1,"4.28","-0.71","0.71","44.9",,,,,
"CH","2025-04-12","88.5","-0.87","5.66","Burnes, Corbin",686554,669203,"field_out","hit_into_play",,,,,4,"Oliver Dunn grounds out, third baseman Eugenio Suárez to first baseman Josh Naylor.","R","L","R","AZ","MIL","X",5,"ground_ball",0,1,2025,"-1.25","0.46","-0.63","2.73",,,,2,5,"Top",112.46,161.88,,,,,3.2112565013584033,-128.78101071286898,-2.0042306347743066,-14.53645048218177,28.51741374055452,-26.861861918371456,"3.36","1.54",29,"96.9",-3,"88.6",2347,"6.5",778350,672515,647304,641658,553993,672695,666971,677950,682998,"53.98",0.316,0.32,"0",1,0,0,2,35,2,"Changeup",0,2,2,0,2,0,2,0,"Infield shade","Standard",220,"0.008","-0.217","68.8","6.5",0.357,"0.217","96.9",-2,2,0.281,0.719,30,27,31,28,2,1,6,2,6,1,"2.47","1.25","-1.25","36.1",4.60175343440029,25.083115664489316,22.51098105658906,41.21817039168271,18.161727228858048
"FC","2025-04-12","93.8","-0.87","5.83","Burnes, Corbin",686554,669203,,"called_strike",,,,,4,"Called Strike","R","L","R","AZ","MIL","S",,,0,0,2025,"0.2","0.78","-0.62","2.49",,,,2,5,"Top",,,,,,,0.22719042993373206,-136.57456330132624,-4.636745058734726,2.3923891279238525,30.19119850415683,-21.641905537655685,"3.3","1.54",,,,"94.3",2471,"6.6",778350,672515,647304,641658,553993,672695,666971,677950,682998,"53.94",,,,,,,,35,1,"Cutter",0,2,2,0,2,0,2,0,"Infield shade","Standard",192,"0.001","-0.043",,,,"0.043",,-2,2,0.28,0.72,30,27,31,28,2,1,6,2,6,1,"1.81","-0.2","0.2","38.2",,,,,
"SL","2025-04-12","89.3","-0.87","5.72","Burnes, Corbin",687401,669203,"field_out","hit_into_play",,,,,9,"Joey Ortiz pops out to shortstop Geraldo Perdomo.","R","R","R","AZ","MIL","X",6,"popup",0,1,2025,"0.62","0.35","0.56","1.8",,,,1,5,"Top",116.06,142.64,,,,,2.216830329740461,-130.14159858989717,-4.431705236059782,6.712285870328795,25.14493418925506,-27.542548268145,"3.29","1.51",148,"65.8",60,"90.1",2690,"6.5",778350,672515,647304,641658,553993,672695,666971,677950,682998,"53.98",0.005,0.005,"0",1,0,0,3,34,2,"Slider",0,2,2,0,2,0,2,0,"Standard","Standard",149,"0.011","-0.215","68.8","8.3",0.005,"0.215","88.0",-2,2,0.269,0.731,30,26,31,27,2,1,6,1,6,1,"2.48","-0.62","-0.62","37.3",13.621264526520342,-18.21819100980712,28.410698923502377,42.93660810159334,38.499584031542206
"FC","2025-04-12","93.6","-0.79","5.89","Burnes, Corbin",687401,669203,,"foul",,,,,5,"Foul","R","R","R","AZ","MIL","S",,,0,0,2025,"0.37","1.04","-0.12","2.49",,,,1,5,"Top",,,,,,,0.916406193347564,-136.25813912543552,-5.371261943695753,4.398099194595385,28.570914450440426,-18.226327124922186,"3.29","1.51",213,"76.1",61,"94.3",2713,"6.6",778350,672515,647304,641658,553993,672695,666971,677950,682998,"53.92",,,,,,,,34,1,"Cutter",0,2,2,0,2,0,2,0,"Standard","Standard",196,"0.002","-0.039","66.5","8.0",,"0.039","88.0",-2,2,0.267,0.733,30,26,31,27,2,1,6,1,6,1,"1.55","-0.37","-0.37","38.3",9.93304554980529,-18.45244092520651,31.52776484147546,35.61516115551,36.2939742407473
"CU","2025-04-12","79.6","-0.69","5.93","Burnes, Corbin",669003,669203,"strikeout","swinging_strike",,,,,13,"Garrett Mitchell strikes out swinging.","R","L","R","AZ","MIL","S",2,,1,2,2025,"0.84","-1.09","-0.29","1.25",,,,0,5,"Top",,,,,,,-0.6954387932522774,-115.87998899751555,-1.4369503322688861,7.653271355110435,22.844435243227743,-41.900290506920946,"3.57","1.63",,,,"79.7",2732,"6.4",778350,672515,647304,641658,553993,672695,666971,677950,682998,"54.07",,0,"0",1,0,0,,33,4,"Curveball",0,2,2,0,2,0,2,0,"Infield shade","Standard",59,"0.013","-0.189","75.9","8.8",,"0.189",,-2,2,0.254,0.746,30,26,31,27,2,1,6,1,6,1,"4.7","-0.84","0.84","41.7",22.101096154332158,-19.56441911648268,34.44690105266303,40.41923161780803,47.25863583744495
"FC","2025-04-12","93.5","-0.82","5.81","Burnes, Corbin",669003,669203,,"swinging_strike",,,,,14,"Swinging Strike","R","L","R","AZ","MIL","S",,,1,1,2025,"0.24","0.85","0.87","1.68",,,,0,5,"Top",,,,,,,3.8523836172932593,-136.03027244123786,-6.811106545723993,2.1201914279477054,29.157670123856175,-20.357576578437964,"3.57","1.63",,,,"93.9",2591,"6.5",778350,672515,647304,641658,553993,672695,666971,677950,682998,"54.01",,,,,,,,33,3,"Cutter",0,2,2,0,2,0,2,0,"Standard","Standard",202,"0.004","-0.061","83.2","8.1",,"0.061",,-2,2,0.25,0.75,30,26,31,27,2,1,6,1,6,1,"1.75","-0.24","0.24","38.9",13.295184724134302,-10.278267197602329,36.235894708815295,26.775687824141773,33.888393495526515
"CH","2025-04-12","87.3","-0.9","5.58","Burnes, Corbin",669003,669203,,"ball",,,,,13,"Ball","R","L","R","AZ","MIL","B",,,0,1,2025,"-1.3","0.6","-0.47","0.95",,,,0,5,"Top",,,,,,,3.71796608350878,-127.05108522793093,-6.255584710590848,-14.80694891711253,25.697998630300685,-24.627120440979006,"3.53","1.67",,,,"87.9",2157,"6.6",778350,672515,647304,641658,553993,672695,666971,677950,682998,"53.89",,,,,,,,33,2,"Changeup",0,2,2,0,2,0,2,0,"Standard","Standard",230,"-0.002","0.031",,,,"-0.031",,-2,2,0.252,0.748,30,26,31,27,2,1,6,1,6,1,"2.39","1.3","-1.3","35.9",,,,,
"FC","2025-04-12","93.4","-0.83","5.82","Burnes, Corbin",669003,669203,,"called_strike",,,,,9,"Called Strike","R","L","R","AZ","MIL","S",,,0,0,2025,"0.24","0.98","0.68","1.65",,,,0,5,"Top",,,,,,,3.384985499319706,-135.97564561525218,-7.202374438475263,2.2996076602258837,28.740708095736583,-18.709309717852513,"3.45","1.67",,,,"94.1",2499,"6.6",778350,672515,647304,641658,553993,672695,666971,677950,682998,"53.91",,,,,,,,33,1,"Cutter",0,2,2,0,2,0,2,0,"Standard","Standard",197,"0.003","-0.039",,,,"0.039",,-2,2,0.249,0.751,30,26,31,27,2,1,6,1,6,1,"1.63","-0.24","0.24","41.0",,,,,
"CU","2025-04-12","80.4","-0.64","6","Burnes, Corbin",656555,669203,"strikeout","swinging_strike",,,,,9,"Rhys Hoskins strikes out swinging.","R","R","R","AZ","MIL","S",2,,3,2,2025,"0.87","-0.69","0.79","2.08",,,,2,4,"Top",,,,,,,1.5127846297360104,-117.04742910708502,-0.6832730985134569,7.715127247220759,22.614624629797053,-38.564564369261355,"3.55","1.61",,,,"80.7",2836,"6.5",778350,672515,647304,641658,553993,672695,666971,677950,682998,"53.99",,0,"0",1,0,0,,27,7,"Curveball",0,2,2,0,2,0,2,0,"Strategic","Standard",47,"0.011","-0.328","68.4","9.2",,"0.328",,-2,2,0.3,0.7,30,32,31,32,2,1,6,1,6,1,"4.22","-0.87","-0.87","45.8",27.72711865054814,-36.05869817875085,29.43784980658592,44.59750617422921,54.162609492329274
"SL","2025-04-12","91.1","-0.79","5.8","Burnes, Corbin",656555,669203,,"ball",,,,,14,"Ball","R","R","R","AZ","MIL","B",,,2,2,2025,"0.5","0.48","0.68","1.47",,,,2,4,"Top",,,,,,,2.620024155251333,-132.74229687157006,-6.137661237914743,5.471919057511496,25.125119639341428,-25.471688151801036,"3.55","1.68",,,,"92",2937,"6.5",778350,672515,647304,641658,553993,672695,666971,677950,682998,"54.01",,,,,,,,27,6,"Slider",0,2,2,0,2,0,2,0,"Strategic","Standard",146,"-0.003","0.104",,,,"-0.104",,-2,2,0.303,0.6970000000000001,30,32,31,32,2,1,6,1,6,1,"2.23","-0.5","-0.5","37.9",,,,,
"SI","2025-04-12","96.8","-1","5.8","Burnes, Corbin",656555,669203,,"foul",,,,,11,"Foul","R","R","R","AZ","MIL","S",,,2,2,2025,"-1.07","0.89","-1.16","2.96",,,,2,4,"Top",,,,,,,1.9974990342451708,-140.97532024862906,-4.085320300269432,-14.689307046682138,30.858424060075567,-19.59803603010104,"3.55","1.61",2,"21.4",-53,"97.3",2501,"6.4",778350,672515,647304,641658,553993,672695,666971,677950,682998,"54.08",,,,,,,,27,5,"Sinker",0,2,2,0,2,0,2,0,"Strategic","Standard",203,"0","0","69.7","8.1",,"0","88.0",-2,2,0.303,0.6970000000000001,30,32,31,32,2,1,6,1,6,1,"1.53","1.07","1.07","39.2",21.157283907811866,-22.308934017699823,29.15056275564956,21.884975881241164,32.41043971098513
"SL","2025-04-12","90.3","-0.83","5.78","Burnes, Corbin",656555,669203,,"ball",,,,,14,"Ball","R","R","R","AZ","MIL","B",,,1,2,2025,"0.51","0.37","1.11","0.94",,,,2,4,"Top",,,,,,,3.7604829156407598,-131.41097351269255,-6.989244897053495,5.255634002192569,24.52519993366504,-26.74124316872851,"3.58","1.77",,,,"91.4",2965,"6.7",778350,672515,647304,641658,553993,672695,666971,677950,682998,"53.84",,,,,,,,27,4,"Slider",0,2,2,0,2,0,2,0,"Strategic","Standard",149,"-0.001","0.042",,,,"-0.042",,-2,2,0.304,0.696,30,32,31,32,2,1,6,1,6,1,"2.4","-0.51","-0.51","40.3",,,,,
"SL","2025-04-12","90.8","-1","5.81","Burnes, Corbin",656555,669203,,"called_strike",,,,,4,"Called Strike","R","R","R","AZ","MIL","S",,,1,1,2025,"0.51","0.47","-0.36","2.51",,,,2,4,"Top",,,,,,,0.5039691184992414,-132.3856874125411,-3.444144618637313,5.989160452643261,24.763900887753664,-26.132415396275956,"3.6","1.77",,,,"91.7",2933,"6.4",778350,672515,647304,641658,553993,672695,666971,677950,682998,"54.05",,,,,,,,27,3,"Slider",0,2,2,0,2,0,2,0,"Standard","Standard",158,"0.002","-0.062",,,,"0.062",,-2,2,0.302,0.698,30,32,31,32,2,1,6,1,6,1,"2.26","-0.51","-0.51","36.9",,,,,
"SL","2025-04-12","92","-0.96","5.72","Burnes, Corbin",656555,669203,,"ball",,,,,14,"Ball","R","R","R","AZ","MIL","B",,,0,1,2025,"0.46","0.59","1.47","1.02",,,,2,4,"Top",,,,,,,5.193138430172382,-133.87731904027012,-7.4371921137591235,4.57561438452108,25.976615707395283,-23.8105298401566,"3.62","1.73",,,,"92.8",2868,"6.6",778350,672515,647304,641658,553993,672695,666971,677950,682998,"53.95",,,,,,,,27,2,"Slider",0,2,2,0,2,0,2,0,"Standard","Standard",168,"-0.001","0.027",,,,"-0.027",,-2,2,0.303,0.6970000000000001,30,32,31,32,2,1,6,1,6,1,"2.09","-0.46","-0.46","37.5",,,,,
"FC","2025-04-12","94","-0.85","5.86","Burnes, Corbin",656555,669203,,"called_strike",,,,,9,"Called Strike","R","R","R","AZ","MIL","S",,,0,0,2025,"0.3","0.87","0.74","1.86",,,,2,4,"Top",,,,,,,3.46532132458983,-136.8347356254144,-6.674889446858721,3.106559944196035,26.86623622121837,-19.96533775170495,"3.67","1.78",,,,"94.9",2643,"6.6",778350,672515,647304,641658,553993,672695,666971,677950,682998,"53.93",,,,,,,,27,1,"Cutter",0,2,2,0,2,0,2,0,"Standard","Standard",187,"0.001","-0.043",,,,"0.043",,-2,2,0.302,0.698,30,32,31,32,2,1,6,1,6,1,"1.68","-0.3","-0.3","41.1",,,,,
"FC","2025-04-12","94.3","-0.84","5.84","Burnes, Corbin",686217,669203,"field_out","hit_into_play",,,,,5,"Sal Frelick grounds out, second baseman Garrett Hampson to first baseman Josh Naylor.","R","L","R","AZ","MIL","X",4,"ground_ball",2,2,2025,"0.29","0.85","-0.16","2.05",,,,1,4,"Top",144.26,148.03,,,,,1.1038722875070828,-137.35100339221108,-6.102074823633272,3.473489462782867,29.402959986503607,-20.25079890835589,"3.07","1.41",12,"95.7",-8,"95",2690,"6.6",778350,672515,647304,641658,553993,672695,666971,677950,682998,"53.94",0.253,0.267,"0",1,0,0,2,26,6,"Cutter",0,2,2,0,2,0,2,0,"Standard","Standard",194,"0.012","-0.228","65.2","6.9",0.274,"0.228","95.7",-2,2,0.29,0.71,30,25,31,25,2,1,6,1,6,1,"1.7","-0.29","0.29","38.7",3.842001803091935,6.298917598806902,30.63473300168003,39.52622808722617,23.592815989290912
"FC","2025-04-12","94.4","-0.97","5.77","Burnes, Corbin",686217,669203,,"ball",,,,,4,"Ball","R","L","R","AZ","MIL","B",,,1,2,2025,"0.25","0.9","-0.79","1.9",,,,1,4,"Top",,,,,,,-0.10245934342297507,-137.54009177842974,-6.4335905424980755,3.25686269297953,28.4043894078814,-19.601724180917333,"2.96","1.41",,,,"95.1",2697,"6.5",778350,672515,647304,641658,553993,672695,666971,677950,682998,"54.05",,,,,,,,26,5,"Cutter",0,2,2,0,2,0,2,0,"Standard","Standard",189,"-0.002","0.048",,,,"-0.048",,-2,2,0.292,0.708,30,25,31,25,2,1,6,1,6,1,"1.64","-0.25","0.25","36.8",,,,,
"CH","2025-04-12","90.4","-0.8","5.64","Burnes, Corbin",686217,669203,,"foul",,,,,8,"Foul","R","L","R","AZ","MIL","S",,,1,2,2025,"-0.93","0.91","-0.01","1.84",,,,1,4,"Top",,,,,,,3.9704363278410084,-131.5823747612961,-5.466922813709793,-11.662602581045167,29.113029379129543,-20.642049322093982,"3.07","1.41",6,"71",-18,"90.8",1983,"6.6",778350,672515,647304,641658,553993,672695,666971,677950,682998,"53.91",,,,,,,,26,4,"Changeup",0,2,2,0,2,0,2,0,"Standard","Standard",223,"0","0","74.8","7.6",,"0","88.0",-2,2,0.292,0.708,30,25,31,25,2,1,6,1,6,1,"1.89","0.93","-0.93","41.5",20.7919194043204,-14.11388855923087,30.841917248942526,38.40372971890639,39.030095923280754
"CU","2025-04-12","79.8","-0.65","5.94","Burnes, Corbin",686217,669203,,"ball",,,,,14,"Ball","R","L","R","AZ","MIL","B",,,0,2,2025,"1.13","-0.49","0.13","0.85",,,,1,4,"Top",,,,,,,-0.40673983380003115,-116.25291060869164,-3.5642679213547037,10.281953253780717,22.501092750249416,-36.11482928898844,"2.87","1.43",,,,"80.2",2916,"6.6",778350,672515,647304,641658,553993,672695,666971,677950,682998,"53.94",,,,,,,,26,3,"Curveball",0,2,2,0,2,0,2,0,"Standard","Standard",49,"-0.002","0.017",,,,"-0.017",,-2,2,0.294,0.706,30,25,31,25,2,1,6,1,6,1,"4.07","-1.13","1.13","43.5",,,,,
"FC","2025-04-12","94.8","-0.97","5.81","Burnes, Corbin",686217,669203,,"called_strike",,,,,7,"Called Strike","R","L","R","AZ","MIL","S",,,0,1,2025,"0.27","1.06","-0.44","1.9",,,,1,4,"Top",,,,,,,0.7829119664963031,-138.05500562224245,-6.9871292890557415,3.3104102221499776,28.461578114654785,-17.296125795238993,"3.06","1.45",,,,"95.4",2692,"6.4",778350,672515,647304,641658,553993,672695,666971,677950,682998,"54.06",,,,,,,,26,2,"Cutter",0,2,2,0,2,0,2,0,"Standard","Standard",197,"0.003","-0.052",,,,"0.052",,-2,2,0.291,0.7090000000000001,30,25,31,25,2,1,6,1,6,1,"1.46","-0.27","0.27","37.2",,,,,
"FC","2025-04-12","92.2","-0.78","5.92","Burnes, Corbin",686217,669203,,"called_strike",,,,,1,"Called Strike","R","L","R","AZ","MIL","S",,,0,0,2025,"0.22","0.76","-0.33","2.47",,,,1,4,"Top",,,,,,,0.6534542560346276,-134.28848553981405,-4.6717609782764535,2.587558456967058,27.676220323793075,-22.126319608387647,"2.9","1.45",,,,"92.9",2552,"6.5",778350,672515,647304,641658,553993,672695,666971,677950,682998,"53.98",,,,,,,,26,1,"Cutter",0,2,2,0,2,0,2,0,"Standard","Standard",185,"0.002","-0.039",,,,"0.039",,-2,2,0.289,0.7110000000000001,30,25,31,25,2,1,6,1,6,1,"1.9","-0.22","0.22","40.6",,,,,
"SL","2025-04-12","89.4","-0.74","5.77","Burnes, Corbin",661388,669203,"field_out","hit_into_play",,,,,14,"William Contreras grounds out, shortstop Geraldo Perdomo to first baseman Josh Naylor.","R","R","R","AZ","MIL","X",6,"ground_ball",2,2,2025,"0.53","0.2","1.17","1.9",,,,0,4,"Top",122.13,147.56,,,,,3.635654503459688,-130.1931007590918,-4.038235632468243,5.326541183587973,24.879817690794425,-29.24987359894509,"3.49","1.66",3,"71.4",-28,"90.2",2785,"6.6",778350,672515,647304,641658,553993,672695,666971,677950,682998,"53.95",0.048,0.046,"0",1,0,0,2,25,5,"Slider",0,2,2,0,2,0,2,0,"Strategic","Standard",125,"0.016","-0.232","68.8","7.6",0.055,"0.232","88.0",-2,2,0.273,0.727,30,27,31,28,2,1,6,1,6,1,"2.62","-0.53","-0.53","37.1",10.679900849678846,13.094114944441626,25.49760636876011,51.40349969286293,25.403039300784954
"SL","2025-04-12","91.9","-0.78","5.85","Burnes, Corbin",661388,669203,,"ball",,,,,14,"Ball","R","R","R","AZ","MIL","B",,,1,2,2025,"0.35","0.43","0.3","0.79",,,,0,4,"Top",,,,,,,1.9832342155454132,-133.73052807196592,-7.936503561796481,3.8242006941114894,27.937474163265257,-25.534006804788575,"3.43","1.68",,,,"92.3",2887,"6.4",778350,672515,647304,641658,553993,672695,666971,677950,682998,"54.05",,,,,,,,25,4,"Slider",0,2,2,0,2,0,2,0,"Strategic","Standard",165,"-0.003","0.043",,,,"-0.043",,-2,2,0.276,0.724,30,27,31,28,2,1,6,1,6,1,"2.26","-0.35","-0.35","40.3",,,,,
"SL","2025-04-12","88.6","-0.84","5.81","Burnes, Corbin",661388,669203,,"foul",,,,,13,"Foul","R","R","R","AZ","MIL","S",,,1,1,2025,"0.25","0.41","-0.29","1.21",,,,0,4,"Top",,,,,,,0.8272351628300453,-129.05502155005283,-6.107962677235759,2.68307512303408,24.417221281997886,-26.602395993676613,"3.49","1.66",,,,"89.3",2841,"6.5",778350,672515,647304,641658,553993,672695,666971,677950,682998,"54.01",,,,,,,,25,3,"Slider",0,2,2,0,2,0,2,0,"Strategic","Standard",159,"0.004","-0.061","73.4","8.3",,"0.061",,-2,2,0.272,0.728,30,27,31,28,2,1,6,1,6,1,"2.47","-0.25","-0.25","39.2",17.496233380739124,-8.247795141250185,35.05412094687347,35.057498607594866,36.272326223849994
"FC","2025-04-12","94.2","-0.8","5.93","Burnes, Corbin",661388,669203,,"called_strike",,,,,5,"Called Strike","R","R","R","AZ","MIL","S",,,1,0,2025,"0.01","0.83","-0.19","2.58",,,,0,4,"Top",,,,,,,1.5536748712510464,-137.25617058420363,-4.891953989079363,-0.1890788833596654,28.65393923982282,-20.847447884726275,"3.43","1.72",,,,"94.7",2605,"6.4",778350,672515,647304,641658,553993,672695,666971,677950,682998,"54.14",,,,,,,,25,2,"Cutter",0,2,2,0,2,0,2,0,"Strategic","Standard",196,"0.004","-0.05",,,,"0.05",,-2,2,0.268,0.732,30,27,31,28,2,1,6,1,6,1,"1.72","-0.01","-0.01","39.5",,,,,
"FC","2025-04-12","93","-0.81","5.92","Burnes, Corbin",661388,669203,,"ball",,,,,14,"Ball","R","R","R","AZ","MIL","B",,,0,0,2025,"0.12","0.88","0.33","1.38",,,,0,4,"Top",,,,,,,2.686438199679185,-135.41618794117144,-7.892784751887408,0.9248045097017095,27.34120578048033,-19.922660815228067,"3.49","1.69",,,,"93.9",2506,"6.6",778350,672515,647304,641658,553993,672695,666971,677950,682998,"53.89",,,,,,,,25,1,"Cutter",0,2,2,0,2,0,2,0,"Strategic","Standard",200,"-0.003","0.041",,,,"-0.041",,-2,2,0.271,0.729,30,27,31,28,2,1,6,1,6,1,"1.74","-0.12","-0.12","46.5",,,,,
"FC","2025-04-12","94.8","-0.7","5.94","Burnes, Corbin",592885,669203,"field_out","hit_into_play",,,,,6,"Christian Yelich grounds out, second baseman Garrett Hampson to first baseman Josh Naylor.","R","L","R","AZ","MIL","X",4,"ground_ball",1,1,2025,"0.23","0.79","0.3","2.88",,,,2,3,"Top",151.46,148.48,,,,,2.098654306737773,-138.13341076354232,-4.152424763793274,2.57985076255782,28.87066676819544,-21.388346803558225,"3.41","1.74",38,"93.9",-2,"95.7",2712,"6.6",778350,672515,647304,641658,553993,672695,666971,677950,682998,"53.93",0.289,0.277,"0",1,0,0,2,20,3,"Cutter",0,2,2,0,2,0,2,0,"Infield shade","Standard",184,"0.009","-0.244","70.3","7.0",0.327,"0.244","93.9",-2,2,0.319,0.681,30,33,31,34,2,1,6,1,6,1,"1.73","-0.23","0.23","41.5",9.263751651335804,14.865747711050567,33.66873510675163,34.41486770462588,23.003008571967793
"FC","2025-04-12","95.4","-0.83","5.86","Burnes, Corbin",592885,669203,,"called_strike",,,,,14,"Called Strike","R","L","R","AZ","MIL","S",,,1,0,2025,"0.24","1.15","0.18","1.34",,,,2,3,"Top",,,,,,,2.09686140371413,-138.7774437487655,-8.898688175226377,2.7080073459341922,29.965305743995835,-15.57636217051143,"3.27","1.74",,,,"95.9",2637,"6.5",778350,672515,647304,641658,553993,672695,666971,677950,682998,"53.96",,,,,,,,20,2,"Cutter",0,2,2,0,2,0,2,0,"Infield shade","Standard",188,"0.001","-0.054",,,,"0.054",,-2,2,0.318,0.6819999999999999,30,33,31,34,2,1,6,1,6,1,"1.35","-0.24","0.24","39.7",,,,,
"FC","2025-04-12","95","-0.66","5.98","Burnes, Corbin",592885,669203,,"ball",,,,,12,"Ball","R","L","R","AZ","MIL","B",,,0,0,2025,"0.33","0.96","0.85","3.4",,,,2,3,"Top",,,,,,,3.2461394069083465,-138.39805074326517,-3.3043074565905286,3.6103437592254353,28.168178399560148,-19.329916097978174,"3.29","1.77",,,,"95.7",2822,"6.4",778350,672515,647304,641658,553993,672695,666971,677950,682998,"54.09",,,,,,,,20,1,"Cutter",0,2,2,0,2,0,2,0,"Infield shade","Standard",192,"-0.001","0.037",,,,"-0.037",,-2,2,0.319,0.681,30,33,31,34,2,1,6,1,6,1,"1.55","-0.33","0.33","41.3",,,,,
"FC","2025-04-12","95.6","-0.79","5.87","Burnes, Corbin",694192,669203,"field_out","hit_into_play",,,,,8,"Jackson Chourio lines out sharply to right fielder Corbin Carroll.","R","R","R","AZ","MIL","X",9,"line_drive",2,0,2025,"-0.01","0.88","0.16","1.61",,,,1,3,"Top",196.59,75.46,,,,,2.530636288839052,-139.0577060354547,-7.621947507429871,-0.6500237399248143,31.383840684010885,-19.262570011932482,"3.35","1.6",366,"103",20,"96.1",2723,"6.6",778350,672515,647304,641658,553993,672695,666971,677950,682998,"53.89",0.3935294117647059,0.6096470588235294,"0",1,0,0,5,19,3,"Cutter",0,2,2,0,2,0,2,0,"Standard","Standard",195,"0.019","-0.364","79.2","8.2",1.0956470588235292,"0.364","103.0",-2,2,0.3,0.7,30,21,31,21,2,1,6,1,6,1,"1.62","0.01","0.01","41.5",-3.561201995721143,2.2760328508005405,31.519440292344985,41.138434197029085,24.667954473531267
"SI","2025-04-12","96.6","-0.86","5.89","Burnes, Corbin",694192,669203,,"ball",,,,,13,"Ball","R","R","R","AZ","MIL","B",,,1,0,2025,"-1.27","0.78","-0.89","0.95",,,,1,3,"Top",,,,,,,2.8237576224441066,-140.39699707315813,-9.347317267820479,-17.37341821042377,35.30374844484572,-19.81157239765888,"3.55","1.75",,,,"96.5",2562,"6.5",778350,672515,647304,641658,553993,672695,666971,677950,682998,"53.95",,,,,,,,19,2,"Sinker",0,2,2,0,2,0,2,0,"Standard","Standard",203,"-0.004","0.071",,,,"-0.071",,-2,2,0.304,0.696,30,21,31,21,2,1,6,1,6,1,"1.69","1.27","1.27","39.5",,,,,
"FC","2025-04-12","94.7","-0.87","5.96","Burnes, Corbin",694192,669203,,"ball",,,,,14,"Ball","R","R","R","AZ","MIL","B",,,0,0,2025,"0.01","0.92","1.07","1.98",,,668930,0,3,"Top",,,,,,,5.064189967248851,-137.78413856941768,-6.821152209623455,-1.0384067465485214,31.05785696465303,-19.076353190810163,"3.31","1.73",,,,"95.1",2565,"6.5",778350,672515,647304,641658,553993,672695,666971,677950,682998,"53.96",,,,,,,,19,1,"Cutter",0,2,2,0,2,0,2,0,"Standard","Standard",202,"0.044","0.04",,,,"-0.04",,-2,2,0.26,0.74,30,21,31,21,2,1,6,1,6,1,"1.62","-0.01","-0.01","42.3",,,,,
"FC","2025-04-12","94.7","-0.69","5.92","Burnes, Corbin",668930,669203,"single","hit_into_play",,,,,14,"Brice Turang singles on a ground ball to right fielder Corbin Carroll.","R","L","R","AZ","MIL","X",9,"ground_ball",2,2,2025,"0.24","0.93","1.35","2.17",,,,0,3,"Top",178.16,122.35,,,,,4.815669315869308,-137.842964702298,-6.32388898299825,2.1303080538328136,26.444961110496912,-19.110728203928964,"3.38","1.55",113,"80.3",9,"95.6",2785,"6.5",778350,672515,647304,641658,553993,672695,666971,677950,682998,"54",0.347,0.312,"0.9",1,1,0,4,18,5,"Cutter",0,2,2,0,2,0,2,0,"Strategic","Standard",191,"-0.03","0.465","63.8","6.3",0.347,"-0.465","88.0",-2,2,0.29,0.71,30,25,31,26,2,1,6,1,6,1,"1.58","-0.24","0.24","40.4",9.538648123372003,-5.716431106771985,45.29733572137368,19.157818211367232,32.58437414536466
"CU","2025-04-12","81.7","-0.56","6.01","Burnes, Corbin",668930,669203,,"ball",,,,,14,"Ball","R","L","R","AZ","MIL","B",,,1,2,2025,"0.79","-1.09","0.24","0.04",,,,0,3,"Top",,,,,,,0.29707857584194935,-118.98783174412013,-4.758305944520869,7.372696960404434,23.89476500322309,-41.78642069635072,"3.33","1.53",,,,"82",2881,"6.5",778350,672515,647304,641658,553993,672695,666971,677950,682998,"53.97",,,,,,,,18,4,"Curveball",0,2,2,0,2,0,2,0,"Strategic","Standard",43,"-0.002","0.043",,,,"-0.043",,-2,2,0.292,0.708,30,25,31,26,2,1,6,1,6,1,"4.51","-0.79","0.79","49.0",,,,,
"CH","2025-04-12","90.1","-0.81","5.76","Burnes, Corbin",668930,669203,,"foul",,,,,8,"Foul","R","L","R","AZ","MIL","S",,,1,1,2025,"-1.27","0.66","-0.26","1.73",,,,0,3,"Top",,,,,,,4.072260355112664,-131.09163469129066,-5.417138160850909,-15.466135935736228,30.548920735501298,-23.596753983094246,"3.38","1.55",8,"54.4",-12,"90",2238,"6.5",778350,672515,647304,641658,553993,672695,666971,677950,682998,"54.04",,,,,,,,18,3,"Changeup",0,2,2,0,2,0,2,0,"Standard","Standard",222,"0.003","-0.061","77.8","8.1",,"0.061","88.0",-2,2,0.289,0.7110000000000001,30,25,31,26,2,1,6,1,6,1,"2.17","1.27","-1.27","39.8",20.10331785923034,-18.35432346761533,33.81304057357954,39.22559478279237,46.387475375583286
"CH","2025-04-12","89.6","-0.86","5.71","Burnes, Corbin",668930,669203,,"ball",,,,,14,"Ball","R","L","R","AZ","MIL","B",,,0,1,2025,"-1.17","0.71","0.42","1.16",,,,0,3,"Top",,,,,,,5.634210825705856,-130.16470971884664,-6.715311018628003,-14.464341218682636,28.424844583949085,-22.85796511416995,"3.41","1.59",,,,"89.9",2162,"6.6",778350,672515,647304,641658,553993,672695,666971,677950,682998,"53.86",,,,,,,,18,2,"Changeup",0,2,2,0,2,0,2,0,"Standard","Standard",221,"-0.002","0.031",,,,"-0.031",,-2,2,0.291,0.7090000000000001,30,25,31,26,2,1,6,1,6,1,"2.15","1.17","-1.17","37.6",,,,,
"FC","2025-04-12","94","-0.86","5.98","Burnes, Corbin",668930,669203,,"foul",,,,,6,"Foul","R","L","R","AZ","MIL","S",,,0,0,2025,"0.25","1.03","0.44","2.52",,,,0,3,"Top",,,,,,,2.818407489298056,-136.9179934962243,-5.606573047483376,2.556625194668433,27.031827288733886,-18.19667235136989,"3.38","1.55",242,"72.3",42,"94.8",2614,"6.5",778350,672515,647304,641658,553993,672695,666971,677950,682998,"54.04",,,,,,,,18,1,"Cutter",0,2,2,0,2,0,2,0,"Standard","Standard",193,"0.003","-0.039","76.9","7.3",,"0.039","88.0",-2,2,0.288,0.712,30,25,31,26,2,1,6,1,6,1,"1.52","-0.25","0.25","40.5",7.878704989587882,-0.7011632312514207,34.35210371004377,32.302437434728176,32.44810492389284
"FC","2025-04-12","95.6","-0.68","6","Burnes, Corbin",686554,669203,"field_out","hit_into_play",,,,,9,"Oliver Dunn grounds out sharply to first baseman Josh Naylor.","R","L","R","AZ","MIL","X",3,"ground_ball",0,0,2025,"0.33","0.98","0.39","1.84",656555,,,2,2,"Top",125.89,193.32,,,,,2.08369806725276,-139.16168186123272,-7.615031644305421,3.831498064195317,29.46171833707141,-17.94075828268374,"3.36","1.54",10,"101.7",-10,"96.3",2769,"6.5",778350,672515,647304,641658,553993,672695,666971,677950,682998,"53.98",0.281,0.291,"0",1,0,0,2,13,1,"Cutter",0,2,2,0,2,0,2,0,"Infield shade","Standard",195,"0.03","-0.274","83.5","8.3",0.293,"0.274","101.7",-2,2,0.311,0.6890000000000001,30,27,31,28,1,0,6,2,6,1,"1.5","-0.33","0.33","41.4",18.937300861772286,-16.93065442484467,33.312829189230484,30.86755305259451,31.074534748459605
"CU","2025-04-12","81.4","-0.47","6.09","Burnes, Corbin",687401,669203,"grounded_into_double_play","hit_into_play",,,,,8,"Joey Ortiz grounds into a double play, shortstop Geraldo Perdomo to second baseman Garrett Hampson to first baseman Josh Naylor. Sal Frelick scores. Rhys Hoskins to 3rd. Garrett Mitchell out at 2nd. Joey Ortiz out at 1st.","R","R","R","AZ","MIL","X",6,"ground_ball",0,2,2025,"0.8","-1.05","0.21","1.89",686217,656555,669003,0,2,"Top",115.96,148.98,,,,,-0.022707783261505132,-118.50015052121367,-0.7822128847175693,7.533563337021581,23.993537862864702,-42.092673182630705,"3.29","1.51",19,"96.6",-5,"81.4",2835,"6.4",778350,672515,647304,641658,553993,672695,666971,677950,682998,"54.1",0.301,0.305,"0",1,0,0,2,12,3,"Curveball",0,1,1,0,2,0,2,0,"Standard","Standard",49,"0.041","-0.16","65.3","7.2",0.326,"0.16","96.6",-1,1,0.27,0.73,30,26,31,27,1,0,6,1,6,1,"4.5","-0.8","-0.8","47.4",-0.05340633583887103,-0.4712060811894508,29.993799190688808,40.047730659535326,30.712382684645632
"SI","2025-04-12","95.7","-0.8","5.88","Burnes, Corbin",687401,669203,,"foul",,,,,13,"Foul","R","R","R","AZ","MIL","S",,,0,1,2025,"-0.97","0.89","-1.16","2.21",686217,656555,669003,0,2,"Top",,,,,,,1.2361024797335496,-139.2843629377754,-6.133161275481326,-12.96728594212991,30.734010024234028,-19.445497250446238,"3.29","1.51",23,"81.6",-4,"96.3",2507,"6.6",778350,672515,647304,641658,553993,672695,666971,677950,682998,"53.91",,,,,,,,12,2,"Sinker",0,1,1,0,1,0,1,0,"Standard","Standard",204,"0.011","-0.061","74.3","8.1",,"0.061","88.0",-1,1,0.259,0.741,30,26,31,27,1,0,6,1,6,1,"1.6","0.97","0.97","42.3",14.841215242902546,-21.801040819081585,34.009140909698665,24.207035979556835,32.085403082738075
"SI","2025-04-12","96.5","-0.78","5.96","Burnes, Corbin",687401,669203,,"called_strike",,,,,4,"Called Strike","R","R","R","AZ","MIL","S",,,0,0,2025,"-0.84","0.84","-0.5","2.36",686217,656555,669003,0,2,"Top",,,,,,,2.6655575578231185,-140.47262690689726,-5.961199150191814,-11.78058441676216,31.098103604449264,-19.878982528597785,"3.29","1.53",,,,"97",2448,"6.5",778350,672515,647304,641658,553993,672695,666971,677950,682998,"54.01",,,,,,,,12,1,"Sinker",0,1,1,0,1,0,1,0,"Standard","Standard",208,"0.008","-0.045",,,,"0.045",,-1,1,0.251,0.749,30,26,31,27,1,0,6,1,6,1,"1.6","0.84","0.84","40.8",,,,,
"FC","2025-04-12","95.8","-0.78","5.96","Burnes, Corbin",669003,669203,"walk","ball",,,,,13,"Garrett Mitchell walks. Sal Frelick to 3rd. Rhys Hoskins to 2nd.","R","L","R","AZ","MIL","B",,,3,0,2025,"-0.02","0.9","-0.19","0.65",,686217,656555,0,2,"Top",,,,,,,1.6221430236444967,-139.23398297598015,-10.499955833927096,-0.5606171837237927,30.309925391921517,-18.32354825697474,"3.49","1.63",,,,"96.2",2678,"6.5",778350,672515,647304,641658,553993,672695,666971,677950,682998,"53.96",,0.691497,"0.7",1,0,0,,11,4,"Cutter",0,1,1,0,1,0,1,0,"Standard","Standard",204,"-0.025","0.13",,,,"-0.13",,-1,1,0.276,0.724,30,26,31,27,1,0,6,1,6,1,"1.58","0.02","-0.02","40.0",,,,,
"FC","2025-04-12","96.1","-0.9","5.97","Burnes, Corbin",669003,669203,,"ball",,,,,13,"Ball","R","L","R","AZ","MIL","B",,,2,0,2025,"0.16","0.98","-1.21","1.99",,686217,656555,0,2,"Top",,,,,,,-1.1940392329106109,-139.89609391182407,-7.220770926353337,2.3730777665522558,30.31937556293876,-17.84806912512417,"3.51","1.68",,,,"96.5",2703,"6.4",778350,672515,647304,641658,553993,672695,666971,677950,682998,"54.11",,,,,,,,11,3,"Cutter",0,1,1,0,1,0,1,0,"Strategic","Standard",193,"-0.019","0.185",,,,"-0.185",,-1,1,0.295,0.7050000000000001,30,26,31,27,1,0,6,1,6,1,"1.47","-0.16","0.16","40.6",,,,,
"FC","2025-04-12","95.3","-1","5.92","Burnes, Corbin",669003,669203,,"ball",,,,,14,"Ball","R","L","R","AZ","MIL","B",,,1,0,2025,"-0.15","0.8","0.24","1.25",,686217,656555,0,2,"Top",,,,,,,3.614688688112146,-138.53505846320064,-8.472512070911028,-2.6844876128802064,30.14730038706184,-20.180841021450316,"3.5","1.67",,,,"95.9",2652,"6.6",778350,672515,647304,641658,553993,672695,666971,677950,682998,"53.87",,,,,,,,11,2,"Cutter",0,1,1,0,1,0,1,0,"Infield shade","Standard",203,"-0.013","0.076",,,,"-0.076",,-1,1,0.308,0.692,30,26,31,27,1,0,6,1,6,1,"1.71","0.15","-0.15","41.8",,,,,
"FC","2025-04-12","96.3","-0.8","5.9","Burnes, Corbin",669003,669203,,"ball",,,,,14,"Ball","R","L","R","AZ","MIL","B",,,0,0,2025,"0.23","0.93","1.04","1.3",,686217,656555,0,2,"Top",,,,,,,4.38474251000816,-140.10033268047434,-8.813888057599984,2.094950891083393,29.748743722488634,-18.194619353278974,"3.49","1.74",,,,"97",2644,"6.6",778350,672515,647304,641658,553993,672695,666971,677950,682998,"53.91",,,,,,,,11,1,"Cutter",0,1,1,0,1,0,1,0,"Standard","Standard",197,"-0.006","0.045",,,,"-0.045",,-1,1,0.314,0.6859999999999999,30,26,31,27,1,0,6,1,6,1,"1.52","-0.23","0.23","40.3",,,,,
"SI","2025-04-12","98.1","-0.72","5.93","Burnes, Corbin",656555,669203,"single","hit_into_play",,,,,7,"Rhys Hoskins singles on a sharp line drive to center fielder Alek Thomas. William Contreras scores. Sal Frelick to 2nd.","R","R","R","AZ","MIL","X",8,"line_drive",1,2,2025,"-0.96","0.95","-0.45","1.62",,661388,686217,0,2,"Top",115.34,84.4,,,,,2.97257189611286,-142.65151774314012,-8.427890663707878,-13.862785006719426,31.55813306741312,-17.546786876668637,"3.55","1.61",226,"101.3",12,"98.7",2528,"6.6",778350,672515,647304,641658,553993,672695,666971,677950,682998,"53.93",0.944,0.94,"0.9",1,1,0,4,10,5,"Sinker",0,0,0,0,1,0,1,0,"Standard","Standard",207,"-0.104","0.578","65.4","7.6",1.215,"-0.578","101.3",0,0,0.418,0.5820000000000001,30,32,31,32,1,0,6,1,6,1,"1.42","0.96","0.96","42.9",0.3405111674620112,7.035899540862998,45.76083027221067,30.688869354638165,26.741147150209066
"FC","2025-04-12","96.1","-0.6","5.96","Burnes, Corbin",656555,669203,,"foul",,,,,9,"Foul","R","R","R","AZ","MIL","S",,,1,2,2025,"0.18","0.85","0.61","2.17",,661388,686217,0,2,"Top",,,,,,,2.8233113424356957,-139.93311830150745,-6.464488091827533,1.7863175941261316,28.2360390511485,-19.830720436706812,"3.55","1.61",306,"88",34,"96.9",2664,"6.5",778350,672515,647304,641658,553993,672695,666971,677950,682998,"54.02",,,,,,,,10,4,"Cutter",0,0,0,0,0,0,0,0,"Standard","Standard",189,"0","0","65.4","7.7",,"0","88.0",0,0,0.418,0.5820000000000001,30,32,31,32,1,0,6,1,6,1,"1.6","-0.18","-0.18","41.3",-4.569438389589338,11.739411685144567,34.876591871838436,43.35694781164226,17.526577269958853
"CU","2025-04-12","82.3","-0.36","6.02","Burnes, Corbin",656555,669203,,"blocked_ball",,,,,14,"Ball In Dirt","R","R","R","AZ","MIL","B",,,0,2,2025,"0.54","-1.23","1.76","-1.49",,661388,686217,0,2,"Top",,,,,,,3.773054836175688,-119.62330075738285,-8.104580387379174,4.417203232130038,24.779441208951695,-42.48931708559286,"3.63","1.76",,,,"82.5",2957,"6.6",778350,672515,647304,641658,553993,672695,666971,677950,682998,"53.87",,,,,,,,10,3,"Curveball",0,0,0,0,0,0,0,0,"Standard","Standard",42,"-0.006","0.015",,,,"-0.015",,0,0,0.424,0.5760000000000001,30,32,31,32,1,0,6,1,6,1,"4.63","-0.54","-0.54","45.8",,,,,
"CU","2025-04-12","81.2","-0.52","6.05","Burnes, Corbin",656555,669203,,"foul",,,,,7,"Foul","R","R","R","AZ","MIL","S",,,0,1,2025,"0.78","-0.96","-0.39","1.93",,661388,686217,0,2,"Top",,,,,,,-1.2132593998708232,-118.2313455374443,-0.7285642265725312,7.518777104168065,24.471235501460264,-41.16491129116077,"3.55","1.61",100,"98.4",6,"81.2",2844,"6.4",778350,672515,647304,641658,553993,672695,666971,677950,682998,"54.07",,,,,,,,10,2,"Curveball",0,0,0,0,0,0,0,0,"Standard","Standard",49,"0.011","-0.053","75.4","8.6",,"0.053","98.4",0,0,0.413,0.587,30,32,31,32,1,0,6,1,6,1,"4.43","-0.78","-0.78","47.9",25.56993833821201,-25.16012685666271,38.80885690472544,31.10481013924827,46.13106557821479
"SI","2025-04-12","97.6","-0.61","5.97","Burnes, Corbin",656555,669203,,"called_strike",,,,,8,"Called Strike","R","R","R","AZ","MIL","S",,,0,0,2025,"-1","1.11","0.03","1.86",,661388,686217,0,2,"Top",,,,,,,4.013482130366975,-141.8854246849412,-8.099761781408729,-14.379446483967188,34.61630255134355,-15.444666420948646,"3.71","1.76",,,,"97.6",2704,"6.5",778350,672515,647304,641658,553993,672695,666971,677950,682998,"54.01",,,,,,,,10,1,"Sinker",0,0,0,0,0,0,0,0,"Standard","Standard",199,"0.008","-0.053",,,,"0.053",,0,0,0.405,0.595,30,32,31,32,1,0,6,1,6,1,"1.3","1","1","41.7",,,,,
"FC","2025-04-12","95.9","-0.83","5.9","Burnes, Corbin",686217,669203,"walk","ball",,,,,4,"Sal Frelick walks. William Contreras to 2nd.","R","L","R","AZ","MIL","B",,,3,2,2025,"0.39","1.04","-0.8","2.3",,,661388,0,2,"Top",,,,,,,-0.8055189264461177,-139.67861214116084,-6.321007485568612,5.297684874005603,29.901512851960256,-17.33566468280124,"2.95","1.52",,,,"96.5",2609,"6.5",778350,672515,647304,641658,553993,672695,666971,677950,682998,"54.02",,0.691497,"0.7",1,0,0,,9,6,"Cutter",0,0,0,0,0,0,0,0,"Standard","Standard",194,"-0.048","0.34",,,,"-0.34",,0,0,0.453,0.5469999999999999,30,25,31,25,1,0,6,1,6,1,"1.42","-0.39","0.39","40.4",,,,,
"CU","2025-04-12","81.7","-0.58","5.98","Burnes, Corbin",686217,669203,,"ball",,,,,14,"Ball","R","L","R","AZ","MIL","B",,,2,2,2025,"0.87","-0.76","1.46","0.51",,,661388,0,2,"Top",,,,,,,2.9255494552076264,-118.85840606175894,-4.223938965492846,7.599730421600016,24.616231350779827,-38.70184220699858,"2.88","1.38",,,,"81.6",2897,"6.4",778350,672515,647304,641658,553993,672695,666971,677950,682998,"54.05",,,,,,,,9,5,"Curveball",0,0,0,0,0,0,0,0,"Standard","Standard",48,"-0.013","0.113",,,,"-0.113",,0,0,0.466,0.534,30,25,31,25,1,0,6,1,6,1,"4.2","-0.87","0.87","43.4",,,,,
"FC","2025-04-12","96","-0.9","5.87","Burnes, Corbin",686217,669203,,"called_strike",,,,,8,"Called Strike","R","L","R","AZ","MIL","S",,,2,1,2025,"0.23","0.98","0","1.55",,,661388,0,2,"Top",,,,,,,1.868596041768052,-139.69048863675195,-8.107357357365176,2.550350773196571,30.5429444196857,-17.735653495733207,"2.87","1.5",,,,"96.6",2669,"6.6",778350,672515,647304,641658,553993,672695,666971,677950,682998,"53.9",,,,,,,,9,4,"Cutter",0,0,0,0,0,0,0,0,"Standard","Standard",199,"0.01","-0.078",,,,"0.078",,0,0,0.456,0.544,30,25,31,25,1,0,6,1,6,1,"1.49","-0.23","0.23","36.3",,,,,
"FC","2025-04-12","95.6","-0.82","5.89","Burnes, Corbin",686217,669203,,"foul",,,,,9,"Foul","R","L","R","AZ","MIL","S",,,2,0,2025,"0.27","1.24","0.57","1.52",,,661388,0,2,"Top",,,,,,,3.080228706770198,-139.00352225612644,-8.703625010846023,2.794660997988231,29.807522444663906,-14.429306138694054,"3.07","1.41",228,"107.3",13,"96",2744,"6.5",778350,672515,647304,641658,553993,672695,666971,677950,682998,"54.04",,,,,,,,9,3,"Cutter",0,0,0,0,0,0,0,0,"Standard","Standard",194,"0.011","-0.066","72.0","8.4",,"0.066","107.3",0,0,0.445,0.5549999999999999,30,25,31,25,1,0,6,1,6,1,"1.25","-0.27","0.27","41.6",24.12550787468001,-19.33361431429891,35.01282353483157,30.846800873822886,36.441659409512894
"CH","2025-04-12","89.8","-0.84","5.72","Burnes, Corbin",686217,669203,,"blocked_ball",,,,,14,"Ball In Dirt","R","L","R","AZ","MIL","B",,,1,0,2025,"-1.28","0.59","0.14","0.73",,,661388,0,2,"Top",,,,,,,5.172707881534176,-130.5895686984318,-7.620747230747043,-15.776687908197166,28.139709975713384,-24.001050403910792,"2.92","1.42",,,,"90.1",2112,"6.6",778350,672515,647304,641658,553993,672695,666971,677950,682998,"53.91",,,,,,,,9,2,"Changeup",0,0,0,0,0,0,0,0,"Standard","Standard",222,"-0.011","0.062",,,,"-0.062",,0,0,0.456,0.544,30,25,31,25,1,0,6,1,6,1,"2.25","1.28","-1.28","37.0",,,,,
"FC","2025-04-12","95.2","-0.79","5.92","Burnes, Corbin",686217,669203,,"ball",,,,,13,"Ball","R","L","R","AZ","MIL","B",,,0,0,2025,"0.33","0.87","-0.09","1.37",,,661388,0,2,"Top",,,,,,,1.1212981643057087,-138.51015952573795,-8.276186555223335,3.968761764011478,31.547178288666714,-19.294194294372335,"3","1.5",,,,"95.4",2703,"6.5",778350,672515,647304,641658,553993,672695,666971,677950,682998,"54.03",,,,,,,,9,1,"Cutter",0,0,0,0,0,0,0,0,"Standard","Standard",188,"-0.006","0.04",,,,"-0.04",,0,0,0.462,0.538,30,25,31,25,1,0,6,1,6,1,"1.65","-0.33","0.33","38.6",,,,,
"SI","2025-04-12","95.4","-0.67","6","Burnes, Corbin",661388,669203,"single","hit_into_play",,,,,7,"William Contreras singles on a sharp ground ball to left fielder Lourdes Gurriel Jr.","R","R","R","AZ","MIL","X",7,"ground_ball",1,1,2025,"-0.76","0.98","-0.52","1.94",,,,0,2,"Top",91.9,135.98,,,,,2.101387721016203,-138.75251842425288,-7.279075664174011,-10.27383266469834,30.991990164475336,-18.10040927428811,"3.49","1.66",48,"110.1",0,"95.7",2643,"6.5",778350,672515,647304,641658,553993,672695,666971,677950,682998,"54.02",0.522,0.47,"0.9",1,1,0,4,8,3,"Sinker",0,0,0,0,0,0,0,0,"Strategic","Standard",194,"-0.039","0.447","81.0","7.8",0.555,"-0.447","110.1",0,0,0.501,0.499,30,27,31,28,1,0,6,1,6,1,"1.53","0.76","0.76","42.4",6.272609051691886,-11.662200764820367,37.056894281244844,33.08262183024448,37.437680723033836
"SI","2025-04-12","95.5","-0.77","5.91","Burnes, Corbin",661388,669203,,"ball",,,,,13,"Ball","R","R","R","AZ","MIL","B",,,0,1,2025,"-1.07","0.8","-1.22","2.02",,,,0,2,"Top",,,,,,,1.2400625054373449,-138.96837515940507,-6.453646888360694,-14.1903091031169,30.70495180264341,-20.570251174689435,"3.44","1.83",,,,"95.9",2482,"6.5",778350,672515,647304,641658,553993,672695,666971,677950,682998,"54.03",,,,,,,,8,2,"Sinker",0,0,0,0,0,0,0,0,"Standard","Standard",195,"-0.002","0.031",,,,"-0.031",,0,0,0.503,0.497,30,27,31,28,1,0,6,1,6,1,"1.7","1.07","1.07","42.5",,,,,
"FC","2025-04-12","95.4","-0.81","5.95","Burnes, Corbin",661388,669203,,"foul",,,,,6,"Foul","R","R","R","AZ","MIL","S",,,0,0,2025,"0.21","0.75","0.28","2.64",,,,0,2,"Top",,,,,,,2.399060781160254,-138.94043858551615,-4.815920493564454,2.2422349937257375,29.146592445945053,-21.577013780660547,"3.49","1.66",204,"88.8",64,"96.1",2694,"6.5",778350,672515,647304,641658,553993,672695,666971,677950,682998,"54.01",,,,,,,,8,1,"Cutter",0,0,0,0,0,0,0,0,"Standard","Standard",191,"0.003","-0.039","78.3","7.0",,"0.039","88.8",0,0,0.5,0.5,30,27,31,28,1,0,6,1,6,1,"1.74","-0.21","-0.21","40.8",8.508497075882808,10.3756998013047,28.89501043181325,40.81511239162727,26.234568641323673
"CU","2025-04-12","80.6","-0.52","6.04","Burnes, Corbin",592885,669203,"strikeout","swinging_strike",,,,,13,"Christian Yelich strikes out swinging.","R","L","R","AZ","MIL","S",2,,1,2,2025,"1.16","-0.94","-0.2","0.91",,,,2,1,"Top",,,,,,,-1.5067178302787252,-117.34132111027199,-2.892871040056379,10.93165183273104,24.753844067496992,-40.39006775697951,"3.41","1.74",,,,"80.5",2901,"6.4",778350,672515,647304,641658,553993,672695,666971,677950,682998,"54.05",,0,"0",1,0,0,,3,4,"Curveball",0,0,0,0,0,0,0,0,"Infield shade","Standard",48,"0.008","-0.182","47.9","7.8",,"0.182",,0,0,0.54,0.45999999999999996,30,33,31,34,1,0,6,1,6,1,"4.48","-1.16","1.16","46.5",17.075530707501414,3.12428446069364,42.37070878687104,40.6523696688016,31.262463479120466
"FC","2025-04-12","95.9","-0.94","5.88","Burnes, Corbin",592885,669203,,"ball",,,,,13,"Ball","R","L","R","AZ","MIL","B",,,0,2,2025,"0.27","0.85","-0.63","0.88",,,,2,1,"Top",,,,,,,0.20196097902032145,-139.36346168211944,-9.51805352867455,3.436076719162212,32.246476970911914,-19.135979490916643,"3.43","1.84",,,,"96.1",2815,"6.5",778350,672515,647304,641658,553993,672695,666971,677950,682998,"53.98",,,,,,,,3,3,"Cutter",0,0,0,0,0,0,0,0,"Infield shade","Standard",191,"-0.001","0.022",,,,"-0.022",,0,0,0.541,0.45899999999999996,30,33,31,34,1,0,6,1,6,1,"1.64","-0.27","0.27","36.9",,,,,
"FC","2025-04-12","96.1","-0.62","5.94","Burnes, Corbin",592885,669203,,"foul_tip",,,,,14,"Foul Tip","R","L","R","AZ","MIL","S",,,0,1,2025,"0.2","1.08","1.02","1.96",,,,2,1,"Top",,,,,,,3.927811972384525,-139.87189236477008,-7.455481997941811,1.7602672317195995,30.05999634888849,-16.49224044094006,"3.41","1.74",,,,"96.7",2806,"6.5",778350,672515,647304,641658,553993,672695,666971,677950,682998,"54.02",,,,,,,,3,2,"Cutter",0,0,0,0,0,0,0,0,"Infield shade","Standard",190,"0.001","-0.057","76.1","7.6",,"0.057",,0,0,0.54,0.45999999999999996,30,33,31,34,1,0,6,1,6,1,"1.37","-0.2","0.2","42.2",16.4851887729467,0.005908955153161023,42.929727082487325,26.238773753049756,30.044642323215797
"FC","2025-04-12","96.5","-0.76","5.99","Burnes, Corbin",592885,669203,,"called_strike",,,,,8,"Called Strike","R","L","R","AZ","MIL","S",,,0,0,2025,"0.37","1.31","0.01","1.69",,,,2,1,"Top",,,,,,,1.2077178672729,-140.40485855618184,-8.886862811914519,4.681352941590805,31.685949066149664,-13.032810672615756,"3.36","1.8",,,,"96.8",2729,"6.5",778350,672515,647304,641658,553993,672695,666971,677950,682998,"54.02",,,,,,,,3,1,"Cutter",0,0,0,0,0,0,0,0,"Infield shade","Standard",195,"0.002","-0.043",,,,"0.043",,0,0,0.538,0.46199999999999997,30,33,31,34,1,0,6,1,6,1,"1.14","-0.37","0.37","40.3",,,,,
"SL","2025-04-12","93.4","-0.77","5.93","Burnes, Corbin",694192,669203,"field_out","hit_into_play",,,,,9,"Jackson Chourio pops out to shortstop Geraldo Perdomo.","R","R","R","AZ","MIL","X",6,"popup",1,2,2025,"0.66","0.48","0.56","2.12",,,,1,1,"Top",115.66,142.46,,,,,1.9833746516049522,-136.0463418757986,-5.188168208990985,7.83820801686397,28.348127242336815,-25.260044478381346,"3.35","1.6",148,"66.7",59,"93.9",2975,"6.4",778350,672515,647304,641658,553993,672695,666971,677950,682998,"54.1",0.005,0.005,"0",1,0,0,3,2,4,"Slider",0,0,0,0,0,0,0,0,"Strategic","Standard",165,"0.012","-0.18","79.2","8.1",0.005,"0.18","88.0",0,0,0.526,0.474,30,21,31,21,1,0,6,1,6,1,"2.11","-0.66","-0.66","38.6",8.747299793182547,-15.187544040958864,27.944252311344595,40.438674981923455,35.67125579337406
"FC","2025-04-12","96.3","-0.7","5.97","Burnes, Corbin",694192,669203,,"foul",,,,,5,"Foul","R","R","R","AZ","MIL","S",,,1,1,2025,"-0.05","1.12","0.15","2.2",,,,1,1,"Top",,,,,,,2.364010086936383,-140.22796740565494,-7.087078959430139,-1.1242815242266153,27.769919827237704,-16.018207621402354,"3.35","1.6",332,"99.7",19,"97.2",2586,"6.5",778350,672515,647304,641658,553993,672695,666971,677950,682998,"53.99",,,,,,,,2,3,"Cutter",0,0,0,0,0,0,0,0,"Standard","Standard",197,"0.003","-0.064","74.6","6.9",,"0.064","99.7",0,0,0.523,0.477,30,21,31,21,1,0,6,1,6,1,"1.31","0.05","0.05","42.3",-6.3562020822130085,20.801287170827376,31.357484952129465,38.861023552688906,16.27795543306899
"SI","2025-04-12","95.6","-0.6","5.99","Burnes, Corbin",694192,669203,,"foul",,,,,7,"Foul","R","R","R","AZ","MIL","S",,,1,0,2025,"-1.09","0.85","-0.56","1.63",,,,1,1,"Top",,,,,,,2.5791721699061827,-139.07359866206846,-7.7975218560995065,-14.751159487640862,31.54452573764603,-19.589662567793734,"3.35","1.6",,,,"95.8",2490,"6.5",778350,672515,647304,641658,553993,672695,666971,677950,682998,"54.05",,,,,,,,2,2,"Sinker",0,0,0,0,0,0,0,0,"Standard","Standard",202,"0.003","-0.049","77.8","7.9",,"0.049",,0,0,0.52,0.48,30,21,31,21,1,0,6,1,6,1,"1.65","1.09","1.09","40.9",9.882615948244968,-10.196336619563871,37.144211142322284,28.06518595403322,25.64432550585976
"SI","2025-04-12","96.6","-0.72","6.01","Burnes, Corbin",694192,669203,,"ball",,,,,13,"Ball","R","R","R","AZ","MIL","B",,,0,0,2025,"-0.97","0.8","-1.2","1.99",,,,1,1,"Top",,,,,,,0.9155612433309903,-140.60573360799384,-7.025306749934803,-13.0864643951069,30.077524185406936,-20.171271716079573,"3.42","1.72",,,,"97.1",2423,"6.5",778350,672515,647304,641658,553993,672695,666971,677950,682998,"54.05",,,,,,,,2,1,"Sinker",0,0,0,0,0,0,0,0,"Standard","Standard",203,"-0.002","0.039",,,,"-0.039",,0,0,0.522,0.478,30,21,31,21,1,0,6,1,6,1,"1.63","0.97","0.97","43.3",,,,,
"FC","2025-04-12","96.1","-0.77","5.94","Burnes, Corbin",668930,669203,"field_out","hit_into_play",,,,,7,"Brice Turang grounds out, second baseman Garrett Hampson to first baseman Josh Naylor.","R","L","R","AZ","MIL","X",4,"ground_ball",3,2,2025,"0.26","0.88","-0.39","1.88",,,,0,1,"Top",147.91,151.52,,,,,0.44032951110202045,-139.88269448327216,-7.1666488760269935,3.2574301394032843,31.786817069208535,-19.23290393827791,"3.38","1.55",8,"98.7",-13,"96.4",2618,"6.5",778350,672515,647304,641658,553993,672695,666971,677950,682998,"54.04",0.185,0.195,"0",1,0,0,2,1,7,"Cutter",0,0,0,0,0,0,0,0,"Strategic","Standard",193,"0.027","-0.345","70.5","7.3",0.185,"0.345","98.7",0,0,0.495,0.505,30,25,31,26,1,0,6,1,6,1,"1.59","-0.26","0.26","41.7",5.213038188054757,13.19121038257258,29.740656171308867,40.38890903935887,30.66681865152992
"FC","2025-04-12","95.9","-0.71","5.98","Burnes, Corbin",668930,669203,,"foul",,,,,8,"Foul","R","L","R","AZ","MIL","S",,,3,2,2025,"0.04","1.25","0.02","1.93",,,,0,1,"Top",,,,,,,1.8352123560091744,-139.52955837424452,-7.950544582514147,0.15775847127362064,29.563976518993375,-14.282328778583441,"3.38","1.55",173,"77.6",16,"96.2",2723,"6.4",778350,672515,647304,641658,553993,672695,666971,677950,682998,"54.14",,,,,,,,1,6,"Cutter",0,0,0,0,0,0,0,0,"Strategic","Standard",196,"0","0","72.5","7.5",,"0","88.0",0,0,0.495,0.505,30,25,31,26,1,0,6,1,6,1,"1.22","-0.04","0.04","40.0",7.96906013562058,-1.131861596469489,34.43535844290052,36.847140355298706,34.94085048159169
"FC","2025-04-12","96.2","-0.7","6.05","Burnes, Corbin",668930,669203,,"ball",,,,,13,"Ball","R","L","R","AZ","MIL","B",,,2,2,2025,"0.12","1.17","-0.93","2.43",,,,0,1,"Top",,,,,,,-0.8819125315308498,-140.0304279226769,-6.673791961450494,1.7479764147468253,30.411979419619097,-15.49443820856955,"3.34","1.57",,,,"96.5",2599,"6.4",778350,672515,647304,641658,553993,672695,666971,677950,682998,"54.14",,,,,,,,1,5,"Cutter",0,0,0,0,0,0,0,0,"Strategic","Standard",200,"-0.007","0.112",,,,"-0.112",,0,0,0.502,0.498,30,25,31,26,1,0,6,1,6,1,"1.28","-0.12","0.12","42.2",,,,,
"CU","2025-04-12","82.8","-0.46","6.04","Burnes, Corbin",668930,669203,,"ball",,,,,14,"Ball","R","L","R","AZ","MIL","B",,,1,2,2025,"0.66","-0.83","1.38","-0.6",,,,0,1,"Top",,,,,,,2.9140200138580963,-120.54098238240017,-7.079341808122603,5.906291944555958,23.138379323203708,-39.12446064628586,"3.33","1.67",,,,"83.2",2823,"6.5",778350,672515,647304,641658,553993,672695,666971,677950,682998,"53.99",,,,,,,,1,4,"Curveball",0,0,0,0,0,0,0,0,"Strategic","Standard",49,"-0.004","0.043",,,,"-0.043",,0,0,0.506,0.494,30,25,31,26,1,0,6,1,6,1,"4.15","-0.66","0.66","50.2",,,,,
"FC","2025-04-12","95.7","-0.78","5.94","Burnes, Corbin",668930,669203,,"foul",,,,,6,"Foul","R","L","R","AZ","MIL","S",,,1,1,2025,"0.29","1.3","0.72","2.67",,,,0,1,"Top",,,,,,,3.3043606466848,-139.24639647005878,-5.9749533994056465,3.076359183644196,31.50897012146566,-14.098352870868233,"3.38","1.55",157,"75.5",14,"96",2769,"6.5",778350,672515,647304,641658,553993,672695,666971,677950,682998,"54",,,,,,,,1,3,"Cutter",0,0,0,0,0,0,0,0,"Standard","Standard",194,"0.005","-0.061","71.3","6.2",,"0.061","88.0",0,0,0.501,0.499,30,25,31,26,1,0,6,1,6,1,"1.19","-0.29","0.29","40.5",-4.600012720562269,15.887444435717311,33.3306544190563,28.46075236104626,28.356053672238005
"CH","2025-04-12","89.6","-0.77","5.83","Burnes, Corbin",668930,669203,,"ball",,,,,1,"Ball","R","L","R","AZ","MIL","B",,,0,1,2025,"-1.23","0.71","-0.68","3.44",,,,0,1,"Top",,,,,,,2.8305457450300655,-130.4342994342605,-1.376734387374105,-14.608378486034475,29.105270512439027,-23.97987563589017,"3.38","1.65",,,,"89.8",2262,"6.5",778350,672515,647304,641658,553993,672695,666971,677950,682998,"54",,,,,,,,1,2,"Changeup",0,0,0,0,0,0,0,0,"Standard","Standard",220,"-0.002","0.031",,,,"-0.031",,0,0,0.503,0.497,30,25,31,26,1,0,6,1,6,1,"2.14","1.23","-1.23","40.4",,,,,
"FC","2025-04-12","96.1","-0.78","5.95","Burnes, Corbin",668930,669203,,"called_strike",,,,,8,"Called Strike","R","L","R","AZ","MIL","S",,,0,0,2025,"0.18","1.38","0.15","2.1",,,,0,1,"Top",,,,,,,2.056653440904748,-139.82492033096875,-7.759646441539243,1.944008103356542,31.41358584053647,-12.559656739098438,"3.24","1.68",,,,"96.5",2734,"6.5",778350,672515,647304,641658,553993,672695,666971,677950,682998,"54.01",,,,,,,,1,1,"Cutter",0,0,0,0,0,0,0,0,"Standard","Standard",199,"0.003","-0.039",,,,"0.039",,0,0,0.5,0.5,30,25,31,26,1,0,6,1,6,1,"1.09","-0.18","0.18","39.3",,,,,
"SI","2025-04-06","95.4","-0.7","6.19","Burnes, Corbin",657557,669203,"strikeout","called_strike",,,,,7,"Paul DeJong called out on strikes.","R","R","R","WSH","AZ","S",2,,1,2,2025,"-0.74","1.34","-0.59","1.94",,,669743,2,5,"Bot",,,,,,,1.9685461044842447,-138.69840956869945,-8.571953336908864,-9.930257601478257,33.64385128004736,-13.073979883162485,"3.37","1.56",,,,"95.6",2637,"6.7",778429,645444,647304,641658,553993,672695,666971,677950,682998,"53.83",,0,"0",1,0,0,,48,5,"Sinker",4,3,4,3,3,4,4,3,"Standard","Standard",231,"-0.017","-0.183",,,,"0.183",,1,1,0.677,0.677,30,31,31,32,3,2,5,1,6,1,"1.18","0.74","0.74","44.6",,,,,
"FC","2025-04-06","93.9","-0.67","6.29","Burnes, Corbin",657557,669203,,"ball",,,,,14,"Ball","R","R","R","WSH","AZ","B",,,0,2,2025,"0.11","0.84","1.07","2.5",,,669743,2,5,"Bot",,,,,,,4.2710104157909585,-136.73856611887473,-6.022130239034828,0.5638987279978959,28.261271331595193,-20.576806334653316,"3.45","1.56",,,,"94.7",2695,"6.6",778429,645444,647304,641658,553993,672695,666971,677950,682998,"53.93",,,,,,,,48,4,"Cutter",4,3,4,3,3,4,4,3,"Standard","Standard",188,"0.003","0.009",,,,"-0.009",,1,1,0.674,0.674,30,31,31,32,3,2,5,1,6,1,"1.73","-0.11","-0.11","47.8",,,,,
"SL","2025-04-06","87","-0.74","6.21","Burnes, Corbin",657557,669203,,"foul",,,,,8,"Foul","R","R","R","WSH","AZ","S",,,0,2,2025,"0.77","-0.1","0.08","1.79",,,669743,2,5,"Bot",,,,,,,0.385512049116761,-126.86691805795044,-4.380202376267517,8.413552164056021,20.869121194791052,-32.77234615299425,"3.44","1.56",3,"98.4",-28,"88.2",2897,"6.5",778429,645444,647304,641658,553993,672695,666971,677950,682998,"54.01",,,,,,,,48,3,"Slider",4,3,4,3,3,4,4,3,"Standard","Standard",101,"0","0","71.3","7.1",,"0","98.4",1,1,0.674,0.674,30,31,31,32,3,2,5,1,6,1,"3.06","-0.77","-0.77","45.1",16.55521667812581,-3.4057118415066836,37.44870799001206,35.30689484137926,37.492185455907546
"FC","2025-04-06","93.3","-0.65","6.24","Burnes, Corbin",657557,669203,,"swinging_strike",,,,,6,"Swinging Strike","R","R","R","WSH","AZ","S",,,0,1,2025,"0.33","1.29","0.69","2.28",,,669743,2,5,"Bot",,,,,,,2.7462542679096797,-135.80102491031366,-7.362287772185589,3.5431815682376784,26.530001482381437,-14.823061067625225,"3.44","1.56",,,,"94.1",2624,"6.5",778429,645444,647304,641658,553993,672695,666971,677950,682998,"53.99",,,,,,,,48,2,"Cutter",4,3,4,3,3,4,4,3,"Standard","Standard",185,"-0.005","-0.055","73.8","6.8",,"0.055",,1,1,0.679,0.679,30,31,31,32,3,2,5,1,6,1,"1.3","-0.33","-0.33","45.8",13.940821532422962,6.729921793037676,35.76333937799976,43.83006448694436,27.575224293725995
"FC","2025-04-06","92.7","-0.69","6.21","Burnes, Corbin",657557,669203,,"swinging_strike",,,,,6,"Swinging Strike","R","R","R","WSH","AZ","S",,,0,0,2025,"0.43","1.15","0.83","2.68",,,669743,2,5,"Bot",,,,,,,2.956488283124175,-134.94996351402378,-5.792465390696903,4.610520783089685,27.795521754910002,-17.057674348162756,"3.44","1.56",,,,"93.3",2666,"6.5",778429,645444,647304,641658,553993,672695,666971,677950,682998,"53.97",,,,,,,,48,1,"Cutter",4,3,4,3,3,4,4,3,"Standard","Standard",183,"-0.003","-0.042","74.6","6.6",,"0.042",,1,1,0.682,0.682,30,31,31,32,3,2,5,1,6,1,"1.49","-0.43","-0.43","45.8",17.925482622478956,0.7591457357212069,30.07504983036722,45.69653122412689,35.07518772055822
"SL","2025-04-06","87.8","-0.7","6.25","Burnes, Corbin",669743,669203,"single","hit_into_play",,,,,9,"Alex Call singles on a ground ball to center fielder Alek Thomas.","R","R","R","WSH","AZ","X",8,"ground_ball",0,2,2025,"0.59","0","0.28","1.63",,,,2,5,"Bot",129.01,94.93,,,,,1.1656749595426734,-127.96617696798472,-5.23170200837817,6.324633730264654,21.718857784133103,-31.413709256780425,"3.44","1.69",9,"107.9",-9,"88.9",2923,"6.5",778429,645444,647304,641658,553993,672695,666971,677950,682998,"54",0.334,0.319,"0.9",1,1,0,2,47,3,"Slider",4,3,4,3,3,4,4,3,"Standard","Standard",121,"0.015","0.425","73.0","6.7",0.351,"-0.425","107.9",1,1,0.667,0.667,30,30,31,31,3,2,5,1,6,1,"2.9","-0.59","-0.59","46.0",1.0061008083082463,15.555233083671547,38.12438040911421,38.89114724636726,22.415977040774685
"SI","2025-04-06","94.6","-0.68","6.25","Burnes, Corbin",669743,669203,,"called_strike",,,,,8,"Called Strike","R","R","R","WSH","AZ","S",,,0,1,2025,"-0.98","1.15","-0.27","1.7",,,,2,5,"Bot",,,,,,,3.264554379100665,-137.55754755901853,-8.832850631504023,-13.166838104078447,27.2158063798093,-15.932118292665287,"3.57","1.69",,,,"95.5",2520,"6.6",778429,645444,647304,641658,553993,672695,666971,677950,682998,"53.91",,,,,,,,47,2,"Sinker",4,3,4,3,3,4,4,3,"Standard","Standard",191,"-0.002","-0.057",,,,"0.057",,1,1,0.669,0.669,30,30,31,31,3,2,5,1,6,1,"1.38","0.98","0.98","46.0",,,,,
"FC","2025-04-06","93","-0.62","6.24","Burnes, Corbin",669743,669203,,"called_strike",,,,,8,"Called Strike","R","R","R","WSH","AZ","S",,,0,0,2025,"0.31","1.07","0.06","1.74",,,,2,5,"Bot",,,,,,,1.0878486774112552,-135.36302116937625,-8.192509600243348,3.558391605227471,27.071084372250517,-17.465896765961002,"3.52","1.69",,,,"93.7",2665,"6.5",778429,645444,647304,641658,553993,672695,666971,677950,682998,"53.98",,,,,,,,47,1,"Cutter",4,3,4,3,3,4,4,3,"Standard","Standard",185,"-0.002","-0.043",,,,"0.043",,1,1,0.671,0.671,30,30,31,31,3,2,5,1,6,1,"1.54","-0.31","-0.31","46.4",,,,,
"FC","2025-04-06","92.3","-0.79","6.2","Burnes, Corbin",605137,669203,"field_out","hit_into_play",,,,,6,"Josh Bell flies out to center fielder Alek Thomas.","R","L","R","WSH","AZ","X",8,"fly_ball",0,0,2025,"0.39","0.98","0.47","2.72",,,,1,5,"Bot",128.62,109.07,,,,,2.3745306568818263,-134.45812791708707,-5.275622292462481,4.253465228667131,26.197396159599723,-19.37201981892016,"3.74","1.78",228,"86.5",51,"93.1",2650,"6.5",778429,645444,647304,641658,553993,672695,666971,677950,682998,"54",0.008,0.007,"0",1,0,0,3,46,1,"Cutter",4,3,4,3,3,4,4,3,"Infield shade","Standard",182,"-0.016","-0.254","75.1","8.2",0.011,"0.254","88.0",1,1,0.687,0.687,30,32,31,33,3,2,5,1,6,1,"1.67","-0.39","0.39","43.7",13.22974725171198,-1.345062531242643,37.805763831513715,28.160600719180664,23.881332139772677
"FC","2025-04-06","91.9","-0.83","6.21","Burnes, Corbin",695578,669203,"field_out","hit_into_play",,,,,9,"James Wood grounds out, second baseman Garrett Hampson to first baseman Josh Naylor.","R","L","R","WSH","AZ","X",4,"ground_ball",0,1,2025,"0.21","0.93","0.28","2.24",,,,0,5,"Bot",142.19,154.72,,,,,2.3905254719764497,-133.84258891745733,-6.283449733012341,1.9891063947576146,27.22400778670811,-19.873267402297834,"3.89","1.79",8,"106.7",-16,"92.7",2721,"6.6",778429,645444,647304,641658,553993,672695,666971,677950,682998,"53.94",0.182,0.176,"0",1,0,0,2,45,2,"Cutter",4,3,4,3,3,4,4,3,"Infield shade","Standard",173,"-0.018","-0.22","79.4","7.4",0.182,"0.22","106.7",1,1,0.705,0.705,30,22,31,23,3,2,5,1,6,1,"1.75","-0.21","0.21","44.9",3.258338396953947,8.985538922753987,42.66461607062139,35.354348358195324,29.494674780436988
"CU","2025-04-06","79.9","-0.72","6.2","Burnes, Corbin",695578,669203,,"swinging_strike",,,,,14,"Swinging Strike","R","L","R","WSH","AZ","S",,,0,0,2025,"0.47","-0.51","0.39","0.91",,,,0,5,"Bot",,,,,,,1.5680345199143664,-116.44903875661488,-4.055605877560236,4.064122591812324,19.38795135407688,-36.401027452530144,"3.89","1.79",,,,"80.6",2748,"6.4",778429,645444,647304,641658,553993,672695,666971,677950,682998,"54.08",,,,,,,,45,1,"Curveball",4,3,4,3,3,4,4,3,"Infield shade","Standard",61,"-0.003","-0.039","25.8","7.6",,"0.039",,1,1,0.708,0.708,30,22,31,23,3,2,5,1,6,1,"4.04","-0.47","0.47","46.3",2.1656288915763007,2.8463333441886705,49.16767258363923,33.83346126040868,26.188893794862622
"FC","2025-04-06","93.3","-1.01","5.98","Burnes, Corbin",663993,669203,"field_out","hit_into_play",,,,,7,"Nathaniel Lowe lines out to left fielder Lourdes Gurriel Jr.","R","L","R","WSH","AZ","X",7,"line_drive",2,1,2025,"0.17","1","-0.43","2.11",686611,,660688,2,4,"Bot",64.47,104.39,,,,,1.1338346803602941,-135.76579247803429,-6.363571377547361,1.8043469188466732,32.65902964912866,-18.616497116205444,"3.48","1.57",280,"92.1",19,"93.2",2626,"6.5",778429,645444,647304,641658,553993,672695,666971,677950,682998,"54.02",0.415,0.401,"0",1,0,0,4,38,4,"Cutter",4,2,4,2,2,4,4,2,"Infield shade","Standard",191,"-0.037","-0.273","73.5","7.4",0.53,"0.273","92.1",2,2,0.788,0.788,30,29,31,30,3,2,5,1,6,1,"1.64","-0.17","0.17","38.5",4.8589333616526975,11.54662387537818,31.159929791759744,45.59240193018495,23.352935121339325
"FC","2025-04-06","93.7","-1.01","6.03","Burnes, Corbin",663993,669203,,"ball",,,,,7,"Ball","R","L","R","WSH","AZ","B",,,1,1,2025,"0.33","0.99","-0.55","1.57",686611,,660688,2,4,"Bot",,,,,,,0.4476771451291173,-136.30947489298123,-7.967766440537115,4.017236035817425,31.10474682555864,-18.279211443146437,"3.4","1.46",,,,"93.7",2690,"6.4",778429,645444,647304,641658,553993,672695,666971,677950,682998,"54.11",,,,,,,,38,3,"Cutter",4,2,4,2,2,4,4,2,"Infield shade","Standard",195,"0.004","0.03",,,,"-0.03",,2,2,0.784,0.784,30,29,31,30,3,2,5,1,6,1,"1.62","-0.33","0.33","39.6",,,,,
"FC","2025-04-06","92.5","-0.91","5.99","Burnes, Corbin",663993,669203,,"called_strike",,,,,8,"Called Strike","R","L","R","WSH","AZ","S",,,1,0,2025,"0.33","0.82","0.24","2.03",686611,,660688,2,4,"Bot",,,,,,,2.2360334426471855,-134.68207420612853,-6.093681523493388,3.559672963894049,28.96392367737457,-21.14148911120439,"3.29","1.55",,,,"93.1",2608,"6.6",778429,645444,647304,641658,553993,672695,666971,677950,682998,"53.93",,,,,,,,38,2,"Cutter",4,2,4,2,2,4,4,2,"Infield shade","Standard",200,"-0.004","-0.037",,,,"0.037",,2,2,0.788,0.788,30,29,31,30,3,2,5,1,6,1,"1.84","-0.33","0.33","43.6",,,,,
"FC","2025-04-06","92.7","-0.95","6.07","Burnes, Corbin",663993,669203,,"ball",,,,,13,"Ball","R","L","R","WSH","AZ","B",,,0,0,2025,"0.1","0.85","-0.95","1.47",686611,,660688,2,4,"Bot",,,,,,,-0.2113248592285528,-134.94550447752485,-7.908376926648681,1.2328001549500742,26.172726282684298,-20.310873010548875,"3.32","1.57",,,,"93.3",2616,"6.4",778429,645444,647304,641658,553993,672695,666971,677950,682998,"54.1",,,,,,,,38,1,"Cutter",4,2,4,2,2,4,4,2,"Infield shade","Standard",199,"0.002","0.009",,,,"-0.009",,2,2,0.786,0.786,30,29,31,30,3,2,5,1,6,1,"1.77","-0.1","0.1","39.4",,,,,
"FC","2025-04-06","94.4","-0.6","6.19","Burnes, Corbin",660688,669203,"hit_by_pitch","hit_by_pitch",,,,,14,"Keibert Ruiz hit by pitch.","R","L","R","WSH","AZ","B",,,0,1,2025,"0.26","1.01","2","0.64",686611,,,2,4,"Bot",,,,,,,6.224105448268513,-137.1384046843622,-11.106704379389509,2.1487778292293735,25.39850236821611,-17.382423885528123,"3.39","1.55",,,,"95.3",2707,"6.6",778429,645444,647304,641658,553993,672695,666971,677950,682998,"53.94",,0.722289,"0.7",1,0,0,,37,2,"Cutter",4,2,4,2,2,4,4,2,"Infield shade","Standard",188,"0.011","0.158",,,,"-0.158",,2,2,0.775,0.775,30,26,31,27,3,2,5,2,6,1,"1.53","-0.26","0.26","46.7",,,,,
"FC","2025-04-06","92.8","-0.74","6.2","Burnes, Corbin",660688,669203,,"foul",,,,,11,"Foul","R","L","R","WSH","AZ","S",,,0,0,2025,"0.27","1.14","-0.06","3.71",686611,,,2,4,"Bot",,,,,,,1.138000491489299,-135.36303374212224,-3.2041536783344173,3.212566745681899,24.123839599163283,-17.594470090306277,"3.39","1.55",171,"70.9",59,"94",2622,"6.5",778429,645444,647304,641658,553993,672695,666971,677950,682998,"54.02",,,,,,,,37,1,"Cutter",4,2,4,2,2,4,4,2,"Infield shade","Standard",175,"-0.004","-0.044","58.7","5.7",,"0.044","88.0",2,2,0.779,0.779,30,26,31,27,3,2,5,2,6,1,"1.46","-0.27","0.27","43.4",2.9580497477097247,9.852522718203607,22.989226619508383,33.63604983459669,23.17898233216424
"CU","2025-04-06","80.4","-0.74","6.2","Burnes, Corbin",671277,669203,"field_out","hit_into_play",,,,,8,"Luis García Jr. flies out to right fielder Corbin Carroll. Dylan Crews to 3rd.","R","L","R","WSH","AZ","X",9,"fly_ball",0,0,2025,"0.73","-1","-0.09","1.56",,686611,,1,4,"Bot",163.94,56.23,,,,,0.03943723176923211,-117.05662339411433,-1.6705669505863565,6.688511578654066,23.70785416586262,-41.203392038440285,"3.46","1.68",364,"93.6",27,"80.6",2788,"6.6",778429,645444,647304,641658,553993,672695,666971,677950,682998,"53.94",0.165,0.221,"0",1,0,0,3,36,1,"Curveball",4,2,4,2,2,4,4,2,"Standard","Standard",46,"-0.021","-0.262","74.5","7.9",0.364,"0.262","93.6",2,2,0.8,0.8,30,25,31,25,3,2,5,2,6,1,"4.54","-0.73","0.73","46.4",14.557526062556674,-10.258156262408523,37.85647630900187,36.452391283465396,40.09419359909515
"CH","2025-04-06","86.7","-0.86","5.99","Burnes, Corbin",682928,669203,"sac_bunt","hit_into_play",,,,,5,"CJ Abrams out on a sacrifice bunt, pitcher Corbin Burnes to first baseman Josh Naylor. Dylan Crews to 2nd.","R","L","R","WSH","AZ","X",1,"ground_ball",1,1,2025,"-1.3","0.67","-0.01","2.76",,,686611,0,4,"Bot",128.51,187.15,,,,,4.754037218138769,-126.1888318389259,-2.9075595744343232,-14.863762735458137,25.649887254893006,-24.676991060455173,"3.44","1.57",1,"29.5",-74,"87.6",2299,"6.8",778429,645444,647304,641658,553993,672695,666971,677950,682998,"53.67",0.2,,"0.2",0,0,0,1,35,3,"Changeup",4,2,4,2,2,4,4,2,"Infield shade","Standard",222,"-0.008","-0.024","8.3","1.4",0.2,"0.024","88.0",2,2,0.808,0.808,30,24,31,25,3,2,5,1,6,3,"2.37","1.3","-1.3","44.0",-54.89849713980053,11.684603173194132,25.460856173033847,40.92742129681186,33.25981161884602
"FC","2025-04-06","91.4","-0.7","6.14","Burnes, Corbin",682928,669203,,"ball",,,,,14,"Ball","R","L","R","WSH","AZ","B",,,0,1,2025,"0.56","1.06","1.5","1.54",,,686611,0,4,"Bot",,,,,,,4.351185992433447,-132.94065753678387,-8.068827018407383,5.797920129835267,26.055177853355044,-18.128615812509878,"3.4","1.57",,,,"92.1",2779,"6.6",778429,645444,647304,641658,553993,672695,666971,677950,682998,"53.94",,,,,,,,35,2,"Cutter",4,2,4,2,2,4,4,2,"Infield shade","Standard",182,"0.002","0.034",,,,"-0.034",,2,2,0.806,0.806,30,24,31,25,3,2,5,1,6,3,"1.65","-0.56","0.56","42.9",,,,,
"FC","2025-04-06","92.5","-0.79","6.15","Burnes, Corbin",682928,669203,,"called_strike",,,,,6,"Called Strike","R","L","R","WSH","AZ","S",,,0,0,2025,"0.17","1.1","0.82","2.47",,,686611,0,4,"Bot",,,,,,,3.7430915883344364,-134.63786918894152,-6.021564247652452,1.3742293497066795,27.112893397315183,-17.740115054653334,"3.46","1.61",,,,"92.9",2598,"6.4",778429,645444,647304,641658,553993,672695,666971,677950,682998,"54.14",,,,,,,,35,1,"Cutter",4,2,4,2,2,4,4,2,"Infield shade","Standard",195,"-0.003","-0.043",,,,"0.043",,2,2,0.809,0.809,30,24,31,25,3,2,5,1,6,3,"1.55","-0.17","0.17","48.6",,,,,
"FC","2025-04-06","93.3","-0.7","6.14","Burnes, Corbin",686611,669203,"single","hit_into_play",,,,,12,"Dylan Crews singles on a ground ball to center fielder Alek Thomas.","R","R","R","WSH","AZ","X",8,"ground_ball",0,1,2025,"0.25","0.98","0.85","2.36",,,,0,4,"Bot",121.41,130.4,,,,,3.477052010351968,-135.81615354517848,-6.220027278205217,2.4516446325076946,26.694958625124027,-18.920619775780796,"3.07","1.34",11,"89.4",-11,"94.2",2683,"6.6",778429,645444,647304,641658,553993,672695,666971,677950,682998,"53.92",0.124,0.133,"0.9",1,1,0,2,34,2,"Cutter",4,2,4,2,2,4,4,2,"Standard","Standard",185,"0.025","0.477","75.6","7.2",0.132,"-0.477","89.4",2,2,0.784,0.784,30,23,31,23,2,1,5,1,6,1,"1.62","-0.25","-0.25","43.2",8.694944805482143,11.658971257862401,22.242921417064753,45.70152831061238,29.03681975171204
"FC","2025-04-06","92.6","-0.77","6.18","Burnes, Corbin",686611,669203,,"called_strike",,,,,9,"Called Strike","R","R","R","WSH","AZ","S",,,0,0,2025,"0.19","1.17","0.51","1.56",,,,0,4,"Bot",,,,,,,2.86509423637183,-134.70553656506888,-8.592803508487387,1.7590534642636275,28.297400767990624,-16.289804037451113,"3.08","1.34",,,,"93.1",2706,"6.5",778429,645444,647304,641658,553993,672695,666971,677950,682998,"53.99",,,,,,,,34,1,"Cutter",4,2,4,2,2,4,4,2,"Standard","Standard",195,"-0.002","-0.039",,,,"0.039",,2,2,0.786,0.786,30,23,31,23,2,1,5,1,6,1,"1.48","-0.19","-0.19","47.3",,,,,
"CU","2025-04-06","79.9","-0.69","6.09","Burnes, Corbin",657557,669203,"double","hit_into_play",,,,,5,"Paul DeJong doubles (4) on a line drive to left fielder Lourdes Gurriel Jr. Josh Bell scores. Alex Call out at home on the throw, left fielder Lourdes Gurriel Jr. to shortstop Geraldo Perdomo to catcher Jose Herrera.","R","R","R","WSH","AZ","X",7,"line_drive",0,1,2025,"1.07","-1.01","-0.01","2.4",,605137,669743,2,3,"Bot",29.4,101.93,,,,,-0.5353113229481271,-116.3605663678785,0.5414072267196455,9.747555480404122,23.737388522561883,-41.59673814794875,"3.44","1.56",261,"99.2",19,"80.1",2834,"6.6",778429,645444,647304,641658,553993,672695,666971,677950,682998,"53.94",0.357,0.436,"1.25",1,1,1,4,30,2,"Curveball",3,2,3,2,2,4,4,2,"Standard","Standard",42,"0.072","1.04","70.6","6.8",0.664,"-1.04","99.2",1,1,0.657,0.657,30,31,31,32,2,1,5,1,6,1,"4.6","-1.07","-1.07","46.0",18.972615894308497,-9.520361962277148,33.55515378029153,34.81594797810958,41.233212154138215
"SL","2025-04-06","85.7","-0.65","6.25","Burnes, Corbin",657557,669203,,"foul",,,,,8,"Foul","R","R","R","WSH","AZ","S",,,0,0,2025,"0.6","-0.28","0.19","1.89",,605137,669743,2,3,"Bot",,,,,,,0.7705790828636456,-124.86104999236191,-3.5539204464402623,6.2243035351467775,22.64246660344216,-34.71475347035688,"3.44","1.56",214,"89.3",56,"86.4",3002,"6.5",778429,645444,647304,641658,553993,672695,666971,677950,682998,"54.05",,,,,,,,30,1,"Slider",3,2,3,2,2,3,3,2,"Standard","Standard",72,"-0.006","-0.047","73.4","6.7",,"0.047","89.3",1,1,0.663,0.663,30,31,31,32,2,1,5,1,6,1,"3.35","-0.6","-0.6","47.4",9.911363951540892,4.90208906281751,38.72748498063486,36.75705504238897,33.213269753321214
"FC","2025-04-06","94.3","-0.65","6.22","Burnes, Corbin",669743,669203,"walk","ball",,,,,14,"Alex Call walks. Josh Bell to 2nd.","R","R","R","WSH","AZ","B",,,3,2,2025,"0.38","0.91","1.43","2",,,605137,2,3,"Bot",,,,,,,4.566706195770931,-137.20785034965553,-7.421722004080576,3.9789413155594033,26.194283458570442,-19.35187741035628,"3.44","1.69",,,,"95.4",2703,"6.6",778429,645444,647304,641658,553993,672695,666971,677950,682998,"53.89",,0.691497,"0.7",1,0,0,,29,6,"Cutter",3,2,3,2,2,3,3,2,"Standard","Standard",187,"0.016","0.24",,,,"-0.24",,1,1,0.647,0.647,30,30,31,31,2,1,5,1,6,1,"1.63","-0.38","-0.38","45.4",,,,,
"FC","2025-04-06","94.4","-0.77","6.17","Burnes, Corbin",669743,669203,,"called_strike",,,,,5,"Called Strike","R","R","R","WSH","AZ","S",,,3,1,2025,"0.33","0.98","0.11","2.73",,,605137,2,3,"Bot",,,,,,,1.5557644434878002,-137.4959650167212,-5.526066171463118,3.8542066236827983,27.660734264103176,-18.77462012852316,"3.52","1.68",,,,"95.2",2729,"6.5",778429,645444,647304,641658,553993,672695,666971,677950,682998,"54.01",,,,,,,,29,5,"Cutter",3,2,3,2,2,3,3,2,"Standard","Standard",199,"-0.005","-0.094",,,,"0.094",,1,1,0.652,0.652,30,30,31,31,2,1,5,1,6,1,"1.56","-0.33","-0.33","44.7",,,,,
"FC","2025-04-06","94.4","-0.75","6.1","Burnes, Corbin",669743,669203,,"ball",,,,,14,"Ball","R","R","R","WSH","AZ","B",,,2,1,2025,"0.3","0.97","2.01","1.4",,,605137,2,3,"Bot",,,,,,,6.546528542984102,-137.17001825233734,-8.737907064888427,2.4068042853730574,29.625059119842703,-18.22494696397456,"3.54","1.69",,,,"95",2688,"6.7",778429,645444,647304,641658,553993,672695,666971,677950,682998,"53.84",,,,,,,,29,4,"Cutter",3,2,3,2,2,3,3,2,"Standard","Standard",195,"0.006","0.079",,,,"-0.079",,1,1,0.646,0.646,30,30,31,31,2,1,5,1,6,1,"1.59","-0.3","-0.3","42.9",,,,,
"CU","2025-04-06","80.3","-0.84","6.14","Burnes, Corbin",669743,669203,,"ball",,,,,3,"Ball","R","R","R","WSH","AZ","B",,,1,1,2025,"1.31","-0.62","0.63","3.38",,,605137,2,3,"Bot",,,,,,,0.7844512676970891,-116.94644997467894,1.7671312448548426,11.866680906771983,22.3341695238718,-38.43060992221127,"3.52","1.69",,,,"80.7",2798,"6.5",778429,645444,647304,641658,553993,672695,666971,677950,682998,"53.96",,,,,,,,29,3,"Curveball",3,2,3,2,2,3,3,2,"Standard","Standard",51,"0.003","0.054",,,,"-0.054",,1,1,0.643,0.643,30,30,31,31,2,1,5,1,6,1,"4.15","-1.31","-1.31","45.9",,,,,
"SI","2025-04-06","94.9","-0.7","6.23","Burnes, Corbin",669743,669203,,"ball",,,,,11,"Ball","R","R","R","WSH","AZ","B",,,0,1,2025,"-0.91","0.84","-1.52","2.9",,,605137,2,3,"Bot",,,,,,,-0.1219580357586475,-138.06514972235192,-4.898201702968036,-11.572274775640716,33.132110562763096,-20.495136624301878,"3.48","1.69",,,,"95.1",2499,"6.6",778429,645444,647304,641658,553993,672695,666971,677950,682998,"53.92",,,,,,,,29,2,"Sinker",3,2,3,2,2,3,3,2,"Standard","Standard",195,"0.002","0.027",,,,"-0.027",,1,1,0.641,0.641,30,30,31,31,2,1,5,1,6,1,"1.7","0.91","0.91","48.6",,,,,
"SL","2025-04-06","88","-0.81","6.16","Burnes, Corbin",669743,669203,,"called_strike",,,,,6,"Called Strike","R","R","R","WSH","AZ","S",,,0,0,2025,"0.6","0.1","0.79","2.58",,,605137,2,3,"Bot",,,,,,,2.6534286535755642,-128.3569833277047,-2.933582765527195,6.258090246670138,22.297367892704134,-30.71551329795451,"3.54","1.69",,,,"89.2",2881,"6.5",778429,645444,647304,641658,553993,672695,666971,677950,682998,"53.97",,,,,,,,29,1,"Slider",3,2,3,2,2,3,3,2,"Standard","Standard",112,"-0.003","-0.042",,,,"0.042",,1,1,0.644,0.644,30,30,31,31,2,1,5,1,6,1,"2.79","-0.6","-0.6","43.2",,,,,
"FC","2025-04-06","94","-0.79","6.16","Burnes, Corbin",605137,669203,"hit_by_pitch","hit_by_pitch",,,,,14,"Josh Bell hit by pitch.","R","L","R","WSH","AZ","B",,,0,0,2025,"0.3","0.98","1.78","1.95",,,,2,3,"Bot",,,,,,,6.016435400818975,-136.6598911480241,-7.366651399332739,2.394208185712523,30.470289431158836,-18.501446814936788,"3.74","1.78",,,,"94.3",2753,"6.5",778429,645444,647304,641658,553993,672695,666971,677950,682998,"53.98",,0.722289,"0.7",1,0,0,,28,1,"Cutter",3,2,3,2,2,3,3,2,"Infield shade","Standard",193,"0.011","0.327",,,,"-0.327",,1,1,0.633,0.633,30,32,31,33,2,1,5,1,6,1,"1.61","-0.3","0.3","42.5",,,,,
"FC","2025-04-06","93.5","-0.67","6.18","Burnes, Corbin",695578,669203,"field_out","hit_into_play",,,,,14,"James Wood grounds out, second baseman Garrett Hampson to first baseman Josh Naylor.","R","L","R","WSH","AZ","X",4,"ground_ball",0,1,2025,"0.23","1.01","1.15","2.68",,,,1,3,"Bot",146.24,147.63,,,,,4.193376968887857,-136.00160714673703,-5.528806246229167,1.957387053256311,30.22753348072471,-18.615164489444627,"3.89","1.79",5,"96.2",-30,"93.7",2704,"6.5",778429,645444,647304,641658,553993,672695,666971,677950,682998,"54.03",0.071,0.07,"0",1,0,0,2,27,2,"Cutter",3,2,3,2,2,3,3,2,"Infield shade","Standard",186,"-0.013","-0.215","72.3","6.2",0.087,"0.215","96.2",1,1,0.646,0.646,30,22,31,23,2,1,5,1,6,1,"1.6","-0.23","0.23","46.5",-3.47742741271219,13.512843454585,45.647977535618175,24.774908417804753,22.42455177639785
"FC","2025-04-06","93.5","-0.73","6.22","Burnes, Corbin",695578,669203,,"called_strike",,,,,5,"Called Strike","R","L","R","WSH","AZ","S",,,0,0,2025,"0.31","0.93","0.14","2.88",,,,1,3,"Bot",,,,,,,1.5625517719405995,-136.12306168988852,-4.938577702530662,3.501623436698682,29.45027216102011,-19.690477608061258,"3.9","1.79",,,,"93.9",2597,"6.5",778429,645444,647304,641658,553993,672695,666971,677950,682998,"54.04",,,,,,,,27,1,"Cutter",3,2,3,2,2,3,3,2,"Infield shade","Standard",183,"-0.002","-0.039",,,,"0.039",,1,1,0.648,0.648,30,22,31,23,2,1,5,1,6,1,"1.67","-0.31","0.31","43.5",,,,,
"FC","2025-04-06","93.5","-0.78","6.25","Burnes, Corbin",663993,669203,"field_out","hit_into_play",,,,,12,"Nathaniel Lowe pops out to third baseman Eugenio Suárez in foul territory.","R","L","R","WSH","AZ","X",5,"popup",0,0,2025,"0.27","1.38","1.36","3.16",,,,0,3,"Bot",104.27,196.3,,,,,4.926625112850836,-136.11485143608675,-5.265614041418033,2.2891094750262466,30.40301715262676,-14.106995860455621,"3.48","1.57",56,"61.4",78,"93.9",2726,"6.6",778429,645444,647304,641658,553993,672695,666971,677950,682998,"53.94",0.008,0.01,"0",1,0,0,3,26,1,"Cutter",3,2,3,2,2,3,3,2,"Infield shade","Standard",179,"-0.021","-0.259","70.6","6.8",0.011,"0.259","88.0",1,1,0.669,0.669,30,29,31,30,2,1,5,1,6,1,"1.23","-0.27","0.27","45.0",7.12854365454195,1.8798955486534705,29.870963497293907,26.60335215102228,28.686958003548323
"CU","2025-04-06","80.7","-0.68","6.2","Burnes, Corbin",660688,669203,"field_out","hit_into_play",,,,,13,"Keibert Ruiz grounds out, second baseman Garrett Hampson to first baseman Josh Naylor.","R","L","R","WSH","AZ","X",4,"ground_ball",0,1,2025,"0.79","-1.03","-0.11","1.24",,,671277,2,2,"Bot",150.3,152.19,,,,,-0.2386127426376154,-117.65843648042404,-2.4570686664941084,7.435226103451755,21.463168341487577,-41.5669152594796,"3.39","1.55",8,"107.8",-7,"81.2",2848,"6.4",778429,645444,647304,641658,553993,672695,666971,677950,682998,"54.07",0.365,0.276,"0",1,0,0,2,21,2,"Curveball",3,2,3,2,2,3,3,2,"Infield shade","Standard",53,"-0.017","-0.229",,,0.405,"0.229","107.8",1,1,0.629,0.629,30,26,31,27,2,1,5,2,6,1,"4.51","-0.79","0.79","45.7",,,,,
"FC","2025-04-06","94.4","-1.08","6.05","Burnes, Corbin",660688,669203,,"called_strike",,,,,7,"Called Strike","R","L","R","WSH","AZ","S",,,0,0,2025,"0.43","1.18","-0.6","1.63",,,671277,2,2,"Bot",,,,,,,0.2838081867893635,-137.30298623809702,-8.437692723740733,5.381025709913829,30.79032131629537,-15.590850449262257,"3.46","1.55",,,,"94.6",2686,"6.5",778429,645444,647304,641658,553993,672695,666971,677950,682998,"54.01",,,,,,,,21,1,"Cutter",3,2,3,2,2,3,3,2,"Infield shade","Standard",190,"-0.003","-0.042",,,,"0.042",,1,1,0.632,0.632,30,26,31,27,2,1,5,2,6,1,"1.38","-0.43","0.43","37.1",,,,,
"FC","2025-04-06","95.2","-0.96","6.08","Burnes, Corbin",671277,669203,"walk","ball",,,,,14,"Luis García Jr. walks.","R","L","R","WSH","AZ","B",,,3,2,2025,"0.2","0.95","0.26","1.06",,,,2,2,"Bot",,,,,,,2.779083435828991,-138.46245843281758,-9.748215298060112,2.0738906887527264,27.59710213281424,-18.154749722319345,"3.27","1.55",,,,"96",2855,"6.5",778429,645444,647304,641658,553993,672695,666971,677950,682998,"53.98",,0.691497,"0.7",1,0,0,,20,6,"Cutter",3,2,3,2,2,3,3,2,"Infield shade","Standard",191,"0.009","0.259",,,,"-0.259",,1,1,0.623,0.623,30,25,31,25,2,1,5,2,6,1,"1.55","-0.2","0.2","40.6",,,,,
"FC","2025-04-06","93.6","-0.84","6.13","Burnes, Corbin",671277,669203,,"foul",,,,,1,"Foul","R","L","R","WSH","AZ","S",,,3,1,2025,"0.23","0.82","-0.79","3",,,,2,2,"Bot",,,,,,,-0.35716488982075895,-136.42195971328655,-4.204403920110347,2.9151817425386577,27.962789882085833,-21.18570769461507,"3.46","1.68",175,"77.5",16,"94.2",2733,"6.4",778429,645444,647304,641658,553993,672695,666971,677950,682998,"54.11",,,,,,,,20,5,"Cutter",3,2,3,2,2,3,3,2,"Infield shade","Standard",178,"-0.002","-0.086","72.1","6.8",,"0.086","88.0",1,1,0.625,0.625,30,25,31,25,2,1,5,2,6,1,"1.76","-0.23","0.23","41.0",2.6216213091151435,23.033291346911724,23.454214558719922,44.63227097196277,18.06804220187761
"FC","2025-04-06","94.5","-0.88","6.1","Burnes, Corbin",671277,669203,,"called_strike",,,,,8,"Called Strike","R","L","R","WSH","AZ","S",,,3,0,2025,"0.26","0.99","-0.12","1.65",,,,2,2,"Bot",,,,,,,1.4203546760347172,-137.61933205005607,-8.223433502910144,3.028993643793589,26.783432371428407,-18.12438790611758,"3.28","1.56",,,,"95.6",2824,"6.6",778429,645444,647304,641658,553993,672695,666971,677950,682998,"53.92",,,,,,,,20,4,"Cutter",3,2,3,2,2,3,3,2,"Infield shade","Standard",189,"-0.003","-0.07",,,,"0.07",,1,1,0.628,0.628,30,25,31,25,2,1,5,2,6,1,"1.54","-0.26","0.26","41.2",,,,,
"CU","2025-04-06","81","-0.77","6.12","Burnes, Corbin",671277,669203,,"ball",,,,,14,"Ball","R","L","R","WSH","AZ","B",,,2,0,2025,"0.91","-1.1","0.19","1.01",,,,2,2,"Bot",,,,,,,0.3953671529407826,-118.04625349365953,-2.667878361827505,8.447998057797367,23.51696939027931,-42.152024354032505,"3.27","1.52",,,,"81.2",2871,"6.4",778429,645444,647304,641658,553993,672695,666971,677950,682998,"54.07",,,,,,,,20,3,"Curveball",3,2,3,2,2,3,3,2,"Infield shade","Standard",51,"0.004","0.121",,,,"-0.121",,1,1,0.624,0.624,30,25,31,25,2,1,5,2,6,1,"4.58","-0.91","0.91","46.6",,,,,
"FC","2025-04-06","94.1","-0.8","6.09","Burnes, Corbin",671277,669203,,"ball",,,,,14,"Ball","R","L","R","WSH","AZ","B",,,1,0,2025,"0.36","0.83","1.15","1.38",,,,2,2,"Bot",,,,,,,4.2895250004970595,-136.86231800354534,-8.449356768644146,3.78002624402991,26.836869918599874,-20.17676296427082,"3.33","1.68",,,,"95",2762,"6.6",778429,645444,647304,641658,553993,672695,666971,677950,682998,"53.94",,,,,,,,20,2,"Cutter",3,2,3,2,2,3,3,2,"Infield shade","Standard",189,"0.002","0.065",,,,"-0.065",,1,1,0.622,0.622,30,25,31,25,2,1,5,2,6,1,"1.72","-0.36","0.36","44.3",,,,,
"FC","2025-04-06","93.2","-0.88","6.12","Burnes, Corbin",671277,669203,,"ball",,,,,14,"Ball","R","L","R","WSH","AZ","B",,,0,0,2025,"0.28","0.97","0.04","1.11",,,,2,2,"Bot",,,,,,,1.7678865428810038,-135.41008223602293,-9.239404889406872,3.0421093558968955,30.577746531509117,-18.36307089412715,"3.36","1.68",,,,"93.4",2693,"6.5",778429,645444,647304,641658,553993,672695,666971,677950,682998,"53.95",,,,,,,,20,1,"Cutter",3,2,3,2,2,3,3,2,"Infield shade","Standard",191,"0.001","0.037",,,,"-0.037",,1,1,0.621,0.621,30,25,31,25,2,1,5,2,6,1,"1.67","-0.28","0.28","42.6",,,,,
"FC","2025-04-06","93.7","-0.8","6.12","Burnes, Corbin",682928,669203,"sac_fly","hit_into_play",,,,,2,"CJ Abrams out on a sacrifice fly to left fielder Lourdes Gurriel Jr. Paul DeJong scores.","R","L","R","WSH","AZ","X",7,"line_drive",3,2,2025,"0.35","0.71","0.24","2.9",657557,,,1,2,"Bot",72.97,104.25,,,,,1.9349558909760076,-136.54354161689488,-4.245318770311727,4.0507485222404425,26.082021854751552,-22.531112220154988,"3.44","1.57",271,"81.7",29,"94.8",2805,"6.5",778429,645444,647304,641658,553993,672695,666971,677950,682998,"53.96",0.114,0.122,"0",1,0,0,3,19,8,"Cutter",2,2,2,2,2,3,3,2,"Infield shade","Standard",169,"0.016","-0.14","71.0","6.6",0.172,"0.14","88.0",0,0,0.605,0.605,30,24,31,25,2,1,5,1,6,3,"1.85","-0.35","0.35","42.8",0.7195255052059485,12.121664591240437,23.857613625711927,37.27918132013368,24.06434842210589
"CU","2025-04-06","80.5","-0.54","6.2","Burnes, Corbin",682928,669203,,"foul",,,,,14,"Foul","R","L","R","WSH","AZ","S",,,3,2,2025,"1.1","-1.21","0.22","1.13",657557,,,1,2,"Bot",,,,,,,-0.411152456497806,-117.244487337385,-2.281514643063304,10.259116012090251,22.4310922734704,-43.11980714274251,"3.44","1.57",,,,"81",2842,"6.6",778429,645444,647304,641658,553993,672695,666971,677950,682998,"53.87",,,,,,,,19,7,"Curveball",2,2,2,2,2,2,2,2,"Infield shade","Standard",50,"0","0","65.4","8.8",,"0",,0,0,0.605,0.605,30,24,31,25,2,1,5,1,6,3,"4.73","-1.1","1.1","48.3",22.20040850693493,-28.007510243492003,35.21069398589461,37.686436710938196,49.93140182663359
"FC","2025-04-06","94.5","-0.78","6.11","Burnes, Corbin",682928,669203,,"foul",,,,,9,"Foul","R","L","R","WSH","AZ","S",,,3,2,2025,"0.2","0.96","0.62","1.65",657557,,,1,2,"Bot",,,,,,,3.2182628568520397,-137.49077191280912,-8.140444226700964,1.899803508057424,27.09016102709789,-18.520258348953003,"3.44","1.57",6,"94.2",-16,"95.3",2783,"6.5",778429,645444,647304,641658,553993,672695,666971,677950,682998,"53.98",,,,,,,,19,6,"Cutter",2,2,2,2,2,2,2,2,"Infield shade","Standard",186,"0","0","77.4","8.0",,"0","94.2",0,0,0.605,0.605,30,24,31,25,2,1,5,1,6,3,"1.57","-0.2","0.2","41.9",12.524759575334262,-13.064799797429707,33.87543205951196,32.52240312810639,34.354775226536916
"FC","2025-04-06","94.4","-1.07","5.99","Burnes, Corbin",682928,669203,,"ball",,,,,13,"Ball","R","L","R","WSH","AZ","B",,,2,2,2025,"0.04","1","-1.76","2.1",657557,,,1,2,"Bot",,,,,,,-1.8807475902293738,-137.51902026882183,-6.773518301757331,0.8855326780151227,25.880205717783465,-18.287737447806013,"3.42","1.57",,,,"95.3",2879,"6.4",778429,645444,647304,641658,553993,672695,666971,677950,682998,"54.07",,,,,,,,19,5,"Cutter",2,2,2,2,2,2,2,2,"Infield shade","Standard",194,"0.009","0.097",,,,"-0.097",,0,0,0.596,0.596,30,24,31,25,2,1,5,1,6,3,"1.52","-0.04","0.04","38.5",,,,,
"CH","2025-04-06","88.6","-0.92","5.86","Burnes, Corbin",682928,669203,,"swinging_strike",,,,,13,"Swinging Strike","R","L","R","WSH","AZ","S",,,2,1,2025,"-1.8","0.76","-1.58","1.9",657557,,,1,2,"Bot",,,,,,,2.1677515689005213,-128.98561961013473,-5.199949574446525,-20.45328228337236,28.751862381733087,-22.76833335083137,"3.44","1.57",,,,"89.2",2217,"6.8",778429,645444,647304,641658,553993,672695,666971,677950,682998,"53.67",,,,,,,,19,4,"Changeup",2,2,2,2,2,2,2,2,"Infield shade","Standard",218,"-0.008","-0.09","71.9","8.2",,"0.09",,0,0,0.604,0.604,30,24,31,25,2,1,5,1,6,3,"2.16","1.8","-1.8","38.5",10.249657868682517,-1.3759186686874554,24.863124022450467,58.86099062282771,30.637348800611562
"FC","2025-04-06","94.4","-0.84","6.11","Burnes, Corbin",682928,669203,,"ball",,,,,14,"Ball","R","L","R","WSH","AZ","B",,,1,1,2025,"0.09","1.36","1.07","1.9",657557,,,1,2,"Bot",,,,,,,4.7655881851730095,-137.33781387974975,-8.376727089312523,0.22036190647863846,28.27968656468666,-13.289415649277071,"3.37","1.57",,,,"95.2",2788,"6.6",778429,645444,647304,641658,553993,672695,666971,677950,682998,"53.89",,,,,,,,19,3,"Cutter",2,2,2,2,2,2,2,2,"Strategic","Standard",187,"0.005","0.027",,,,"-0.027",,0,0,0.599,0.599,30,24,31,25,2,1,5,1,6,3,"1.18","-0.09","0.09","42.5",,,,,
"CH","2025-04-06","87.9","-0.87","5.91","Burnes, Corbin",682928,669203,,"called_strike",,,,,4,"Called Strike","R","L","R","WSH","AZ","S",,,1,0,2025,"-1.38","0.66","-0.5","2.69",657557,,,1,2,"Bot",,,,,,,3.771832227116135,-127.97389220535051,-3.073102650765195,-15.898806313953559,25.931185071761067,-24.523424356125908,"3.41","1.57",,,,"88.6",2175,"6.7",778429,645444,647304,641658,553993,672695,666971,677950,682998,"53.82",,,,,,,,19,2,"Changeup",2,2,2,2,2,2,2,2,"Strategic","Standard",226,"-0.005","-0.046",,,,"0.046",,0,0,0.604,0.604,30,24,31,25,2,1,5,1,6,3,"2.29","1.38","-1.38","40.9",,,,,
"CU","2025-04-06","81.5","-0.7","6.17","Burnes, Corbin",682928,669203,,"blocked_ball",,,,,14,"Ball In Dirt","R","L","R","WSH","AZ","B",,,0,0,2025,"0.83","-0.97","0.72","0.29",657557,,,1,2,"Bot",,,,,,,1.618563073905737,-118.58727182407999,-4.744047055452594,7.433952229141413,23.805314006751193,-40.550717940458256,"3.49","1.57",,,,"81.7",2836,"6.6",778429,645444,647304,641658,553993,672695,666971,677950,682998,"53.94",,,,,,,,19,1,"Curveball",2,2,2,2,2,2,2,2,"Strategic","Standard",48,"0.002","0.026",,,,"-0.026",,0,0,0.602,0.602,30,24,31,25,2,1,5,1,6,3,"4.41","-0.83","0.83","45.8",,,,,
"FC","2025-04-06","94.7","-0.83","6.11","Burnes, Corbin",686611,669203,"field_out","hit_into_play",,,,,6,"Dylan Crews flies out to right fielder Corbin Carroll. Paul DeJong to 3rd.","R","R","R","WSH","AZ","X",9,"fly_ball",0,1,2025,"0.3","0.94","0.79","2.23",,657557,,0,2,"Bot",194.76,105.08,,,,,3.5962773286752983,-137.94911389934757,-6.6336323330324785,3.0940264618150803,27.194171585855397,-19.00013559628719,"3.07","1.34",288,"92.9",37,"95.7",2605,"6.5",778429,645444,647304,641658,553993,672695,666971,677950,682998,"53.97",0.056,0.096,"0",1,0,0,3,18,2,"Cutter",2,2,2,2,2,2,2,2,"Standard","Standard",190,"-0.006","-0.246","75.2","7.4",0.17,"0.246","92.9",0,0,0.608,0.608,30,23,31,23,1,0,5,1,6,1,"1.58","-0.3","-0.3","41.5",7.7102068041714755,8.764317802986533,24.793526699852464,44.22459738993793,28.978489130798188
"FC","2025-04-06","94.1","-0.82","6.19","Burnes, Corbin",686611,669203,,"swinging_strike",,,,,3,"Swinging Strike","R","R","R","WSH","AZ","S",,,0,0,2025,"0.46","1.16","0.37","2.72",,657557,,0,2,"Bot",,,,,,,2.0938079774876144,-137.081767446342,-5.950717293177789,5.333633779998262,28.359847186017078,-16.411687339739427,"3.07","1.34",,,,"95.1",2716,"6.7",778429,645444,647304,641658,553993,672695,666971,677950,682998,"53.83",,,,,,,,18,1,"Cutter",2,2,2,2,2,2,2,2,"Standard","Standard",186,"-0.006","-0.043","76.1","7.0",,"0.043",,0,0,0.614,0.614,30,23,31,23,1,0,5,1,6,1,"1.39","-0.46","-0.46","44.1",3.112646517353706,10.904981244496645,25.96898631739078,40.782756186870614,23.338642541655762
"FC","2025-04-06","94","-0.84","6.14","Burnes, Corbin",657557,669203,"double","hit_into_play",,,,,5,"Paul DeJong doubles (3) on a sharp line drive to left fielder Lourdes Gurriel Jr.","R","R","R","WSH","AZ","X",7,"line_drive",3,2,2025,"0.25","0.77","-0.09","2.16",,,,0,2,"Bot",48.13,131.58,,,,,1.3766563083114143,-136.8478011986838,-6.361944077268249,2.911689428936545,28.276076916020397,-21.31527496250648,"3.44","1.56",175,"108.7",10,"94.5",2731,"6.4",778429,645444,647304,641658,553993,672695,666971,677950,682998,"54.06",0.924,0.955,"1.25",1,1,1,5,17,8,"Cutter",2,2,2,2,2,2,2,2,"Standard","Standard",169,"0.057","0.631","75.2","7.1",1.256,"-0.631","108.7",0,0,0.557,0.557,30,31,31,32,1,0,5,1,6,1,"1.79","-0.25","-0.25","41.7",17.00071450522097,-10.09403404089108,33.89145644006785,33.97785681232191,41.55288314569452
"FC","2025-04-06","95","-0.85","6.15","Burnes, Corbin",657557,669203,,"foul",,,,,5,"Foul","R","R","R","WSH","AZ","S",,,3,2,2025,"0.19","0.99","0.23","2.6",,,,0,2,"Bot",,,,,,,2.4108209967718284,-138.40050346681357,-5.95841223988569,1.941214224036362,26.853007300409452,-18.39950447902035,"3.44","1.56",93,"86.2",83,"95.9",2663,"6.5",778429,645444,647304,641658,553993,672695,666971,677950,682998,"54.05",,,,,,,,17,7,"Cutter",2,2,2,2,2,2,2,2,"Standard","Standard",187,"0","0","79.4","7.2",,"0","88.0",0,0,0.557,0.557,30,31,31,32,1,0,5,1,6,1,"1.51","-0.19","-0.19","42.0",22.21930542786196,-12.561114466870238,32.44135536823065,37.50142008784382,37.348167993074355
"FC","2025-04-06","94.4","-0.63","6.22","Burnes, Corbin",657557,669203,,"foul",,,,,5,"Foul","R","R","R","WSH","AZ","S",,,3,2,2025,"0.14","0.94","-0.14","2.78",,,,0,2,"Bot",,,,,,,0.9777495306853565,-137.5202903803225,-5.454895729868314,1.6336851881092949,27.232364488282077,-19.23195486564692,"3.44","1.56",118,"70.9",79,"95.3",2614,"6.5",778429,645444,647304,641658,553993,672695,666971,677950,682998,"54.02",,,,,,,,17,6,"Cutter",2,2,2,2,2,2,2,2,"Standard","Standard",186,"0","0","72.1","6.7",,"0","88.0",0,0,0.557,0.557,30,31,31,32,1,0,5,1,6,1,"1.59","-0.14","-0.14","45.2",14.236106061196221,-4.275863216126956,32.08128711999166,32.84289943496714,33.11111253113147
"FC","2025-04-06","93.3","-0.73","6.22","Burnes, Corbin",657557,669203,,"foul",,,,,5,"Foul","R","R","R","WSH","AZ","S",,,3,1,2025,"0.37","1.02","-0.26","2.66",,,,0,2,"Bot",,,,,,,0.38098463522362663,-135.8908054716609,-5.740826605024854,4.596041054971941,26.306455196041313,-18.49526207347915,"3.44","1.56",224,"68.9",35,"94.2",2626,"6.5",778429,645444,647304,641658,553993,672695,666971,677950,682998,"53.97",,,,,,,,17,5,"Cutter",2,2,2,2,2,2,2,2,"Standard","Standard",182,"-0.009","-0.094","73.4","6.9",,"0.094","88.0",0,0,0.566,0.566,30,31,31,32,1,0,5,1,6,1,"1.57","-0.37","-0.37","45.6",15.802757270192876,-10.330491725065574,33.41515824803794,31.838276410990623,33.231857283266265
"SI","2025-04-06","94.6","-0.85","6.16","Burnes, Corbin",657557,669203,,"ball",,,,,11,"Ball","R","R","R","WSH","AZ","B",,,2,1,2025,"-0.9","1.21","-1.82","2.9",,,,0,2,"Bot",,,,,,,-0.5205798561356101,-137.79183808219662,-5.594789922268237,-11.405465817999913,29.266469823888073,-15.784195537693853,"3.45","1.56",,,,"95.4",2493,"6.6",778429,645444,647304,641658,553993,672695,666971,677950,682998,"53.92",,,,,,,,17,4,"Sinker",2,2,2,2,2,2,2,2,"Standard","Standard",200,"0.011","0.134",,,,"-0.134",,0,0,0.555,0.555,30,31,31,32,1,0,5,1,6,1,"1.33","0.9","0.9","42.0",,,,,
"SL","2025-04-06","87.3","-0.74","6.18","Burnes, Corbin",657557,669203,,"ball",,,,,14,"Ball","R","R","R","WSH","AZ","B",,,1,1,2025,"0.75","0.06","0.82","1.19",,,,0,2,"Bot",,,,,,,2.201399118678821,-127.26530322606732,-6.134221462965425,7.942810455298707,21.21856506122377,-30.71108816414054,"3.47","1.56",,,,"88.6",2906,"6.6",778429,645444,647304,641658,553993,672695,666971,677950,682998,"53.92",,,,,,,,17,3,"Slider",2,2,2,2,2,2,2,2,"Standard","Standard",126,"0.005","0.055",,,,"-0.055",,0,0,0.55,0.55,30,31,31,32,1,0,5,1,6,1,"2.88","-0.75","-0.75","47.8",,,,,
"SL","2025-04-06","86.4","-0.88","6.14","Burnes, Corbin",657557,669203,,"foul",,,,,7,"Foul","R","R","R","WSH","AZ","S",,,1,0,2025,"0.37","0.09","-0.31","1.8",,,,0,2,"Bot",,,,,,,0.5935407579821387,-125.94913690874732,-4.388107772896189,3.906293330330721,22.703673731277323,-30.628528960661722,"3.44","1.56",,,,"87.3",2770,"6.5",778429,645444,647304,641658,553993,672695,666971,677950,682998,"54.01",,,,,,,,17,2,"Slider",2,2,2,2,2,2,2,2,"Standard","Standard",128,"-0.005","-0.05","72.7","7.3",,"0.05",,0,0,0.555,0.555,30,31,31,32,1,0,5,1,6,1,"2.93","-0.37","-0.37","44.4",22.341685569416313,-19.96642925867573,36.520550349133366,31.690478667575217,47.34447410694498
"FC","2025-04-06","92.5","-0.76","6.22","Burnes, Corbin",657557,669203,,"ball",,,,,14,"Ball","R","R","R","WSH","AZ","B",,,0,0,2025,"0.28","0.9","0.29","1.42",,,,0,2,"Bot",,,,,,,2.0603636805382943,-134.59788618912333,-8.448406044125836,2.9535666655958215,29.17401257176745,-19.569451528540935,"3.48","1.61",,,,"92.8",2588,"6.5",778429,645444,647304,641658,553993,672695,666971,677950,682998,"54.04",,,,,,,,17,1,"Cutter",2,2,2,2,2,2,2,2,"Standard","Standard",198,"0.004","0.041",,,,"-0.041",,0,0,0.551,0.551,30,31,31,32,1,0,5,1,6,1,"1.76","-0.28","-0.28","46.8",,,,,
"FC","2025-04-06","94.3","-0.85","6.12","Burnes, Corbin",669743,669203,"single","hit_into_play",,,,,9,"Alex Call singles on a ground ball to right fielder Corbin Carroll. Luis García Jr. scores. Nathaniel Lowe out at home on the throw, right fielder Corbin Carroll to catcher Jose Herrera. James Wood to 2nd.","R","R","R","WSH","AZ","X",9,"ground_ball",0,0,2025,"0.45","0.79","0.52","1.62",671277,663993,695578,2,1,"Bot",181.21,119.25,,,,,2.572120935853125,-137.2851497280714,-7.808270087644276,5.193321119619602,28.961572994514743,-20.69818249887291,"3.44","1.69",48,"90.8",1,"94.7",2897,"6.4",778429,645444,647304,641658,553993,672695,666971,677950,682998,"54.09",0.372,0.357,"0.9",1,1,0,2,12,1,"Cutter",1,1,1,1,1,2,2,1,"Standard","Standard",192,"0.031","0.531","67.6","6.6",0.397,"-0.531","90.8",0,0,0.572,0.572,30,30,31,31,1,0,5,1,6,1,"1.76","-0.45","-0.45","41.8",-3.1404759171239447,15.472274669189154,34.87424537343078,42.97396886554366,20.27372842149013
"FC","2025-04-06","95.1","-0.9","6.15","Burnes, Corbin",605137,669203,"strikeout","swinging_strike",,,,,9,"Josh Bell strikes out swinging.","R","L","R","WSH","AZ","S",2,,3,2,2025,"0.4","0.79","0.61","1.91",671277,663993,695578,1,1,"Bot",,,,,,,3.0739859535635543,-138.52368172577414,-7.3333388720534805,4.566558915902249,26.499740053833065,-20.703042843462196,"3.74","1.78",,,,"96.1",2801,"6.5",778429,645444,647304,641658,553993,672695,666971,677950,682998,"54.03",,0,"0",1,0,0,,11,6,"Cutter",1,1,1,1,1,1,1,1,"Standard","Standard",190,"-0.086","-0.342","73.4","8.6",,"0.342",,0,0,0.658,0.658,30,32,31,33,1,0,5,1,6,1,"1.7","-0.4","0.4","44.7",15.756153642839948,-14.97820981639331,41.42498539809247,24.6526002407217,24.831046998484744
"FC","2025-04-06","95.1","-0.93","6.09","Burnes, Corbin",605137,669203,,"blocked_ball",,,,,13,"Ball In Dirt","R","L","R","WSH","AZ","B",,,2,2,2025,"0.23","0.91","-0.28","0.28",671277,663993,695578,1,1,"Bot",,,,,,,1.1868804025404531,-138.22535381919934,-11.674532848269118,2.7503211658256186,29.405030999962754,-18.13942273312623,"3.69","1.78",,,,"95.6",2810,"6.5",778429,645444,647304,641658,553993,672695,666971,677950,682998,"53.95",,,,,,,,11,5,"Cutter",1,1,1,1,1,1,1,1,"Standard","Standard",185,"0.02","0.069",,,,"-0.069",,0,0,0.638,0.638,30,32,31,33,1,0,5,1,6,1,"1.6","-0.23","0.23","43.2",,,,,
"FC","2025-04-06","94.4","-0.74","6.19","Burnes, Corbin",605137,669203,,"ball",,,,,14,"Ball","R","L","R","WSH","AZ","B",,,1,2,2025,"0.28","0.92","0.39","0.83",671277,663993,695578,1,1,"Bot",,,,,,,2.328006635546603,-137.302480757628,-10.365463963547812,3.1356702736786155,28.536434626872854,-18.46216011104651,"3.71","1.78",,,,"94.9",2771,"6.5",778429,645444,647304,641658,553993,672695,666971,677950,682998,"54.01",,,,,,,,11,4,"Cutter",1,1,1,1,1,1,1,1,"Standard","Standard",189,"0.011","0.05",,,,"-0.05",,0,0,0.627,0.627,30,32,31,33,1,0,5,1,6,1,"1.62","-0.28","0.28","42.9",,,,,
"CU","2025-04-06","80.6","-0.69","6.27","Burnes, Corbin",605137,669203,,"foul",,,,,8,"Foul","R","L","R","WSH","AZ","S",,,1,1,2025,"0.93","-1.24","-0.2","2.34",671277,663993,695578,1,1,"Bot",,,,,,,-0.6947885593059608,-117.31807719078316,0.3727290923359461,8.692688869371606,24.685793289512063,-43.85974152335824,"3.74","1.78",4,"67.5",-34,"80.4",2783,"6.4",778429,645444,647304,641658,553993,672695,666971,677950,682998,"54.09",,,,,,,,11,3,"Curveball",1,1,1,1,1,1,1,1,"Standard","Standard",45,"-0.014","-0.073","75.0","9.1",,"0.073","88.0",0,0,0.641,0.641,30,32,31,33,1,0,5,1,6,1,"4.78","-0.93","0.93","46.8",20.650345596003362,-21.815012770505714,33.59346077365179,36.12962697663461,38.143410104612784
"FC","2025-04-06","93.5","-0.8","6.2","Burnes, Corbin",605137,669203,,"foul",,,,,6,"Foul","R","L","R","WSH","AZ","S",,,1,0,2025,"0.41","1.1","0.42","2.51",671277,663993,695578,1,1,"Bot",,,,,,,2.2295101163071696,-136.1473424793587,-6.212389846292404,4.640414890434428,30.288077141533403,-17.366070647491515,"3.74","1.78",85,"84.7",87,"93.9",2767,"6.5",778429,645444,647304,641658,553993,672695,666971,677950,682998,"53.98",,,,,,,,11,2,"Cutter",1,1,1,1,1,1,1,1,"Standard","Standard",175,"-0.012","-0.053","85.5","8.7",,"0.053","88.0",0,0,0.653,0.653,30,32,31,33,1,0,5,1,6,1,"1.51","-0.41","0.41","44.1",18.262906144317004,-21.18314367189815,35.81490239625597,28.613985855856907,33.18220751509134
"CU","2025-04-06","79.8","-0.73","6.27","Burnes, Corbin",605137,669203,,"ball",,,,,11,"Ball","R","L","R","WSH","AZ","B",,,0,0,2025,"0.87","-1.15","-1.74","2.86",671277,663993,695578,1,1,"Bot",,,,,,,-3.8819037327316646,-116.07395936746208,1.4289556468474707,8.588670467034628,22.278655633743483,-43.02616809002791,"3.61","1.78",,,,"79.9",2819,"6.4",778429,645444,647304,641658,553993,672695,666971,677950,682998,"54.07",,,,,,,,11,1,"Curveball",1,1,1,1,1,1,1,1,"Standard","Standard",57,"0.008","0.038",,,,"-0.038",,0,0,0.645,0.645,30,32,31,33,1,0,5,1,6,1,"4.74","-0.87","0.87","46.3",,,,,
"FC","2025-04-06","93.7","-0.94","6.08","Burnes, Corbin",695578,669203,"walk","ball",,,,,13,"James Wood walks.","R","L","R","WSH","AZ","B",,,3,2,2025,"0.22","0.84","-0.91","1.15",671277,663993,,1,1,"Bot",,,,,,,-0.4273842359537405,-136.4614704162437,-8.966629158829083,2.8829001066217064,23.664873670718205,-20.18314396098688,"3.8","1.79",,,,"94.8",2797,"6.4",778429,645444,647304,641658,553993,672695,666971,677950,682998,"54.09",,0.691497,"0.7",1,0,0,,10,6,"Cutter",1,1,1,1,1,1,1,1,"Strategic","Standard",189,"0.01","0.117",,,,"-0.117",,0,0,0.635,0.635,30,22,31,23,1,0,5,1,6,1,"1.71","-0.22","0.22","42.4",,,,,
"FC","2025-04-06","93.2","-0.93","6.1","Burnes, Corbin",695578,669203,,"called_strike",,,,,7,"Called Strike","R","L","R","WSH","AZ","S",,,3,1,2025,"0.24","0.9","-0.72","2.09",671277,663993,,1,1,"Bot",,,,,,,0.023611034503523975,-135.7522951587583,-6.608421288169739,2.929524599954271,26.86704475696573,-19.839055403030155,"3.87","1.79",,,,"93.8",2744,"6.4",778429,645444,647304,641658,553993,672695,666971,677950,682998,"54.11",,,,,,,,10,5,"Cutter",1,1,1,1,1,1,1,1,"Strategic","Standard",169,"-0.003","-0.056",,,,"0.056",,0,0,0.638,0.638,30,22,31,23,1,0,5,1,6,1,"1.7","-0.24","0.24","44.6",,,,,
"CU","2025-04-06","80.9","-0.72","6.23","Burnes, Corbin",695578,669203,,"blocked_ball",,,,,14,"Ball In Dirt","R","L","R","WSH","AZ","B",,,2,1,2025,"1.04","-1.2","0.47","0.67",671277,663993,,1,1,"Bot",,,,,,,0.672190111664211,-117.71751050429728,-3.38272313878564,9.423815177829502,25.2740874882783,-42.763696943672755,"3.78","1.79",,,,"80.8",2886,"6.5",778429,645444,647304,641658,553993,672695,666971,677950,682998,"53.98",,,,,,,,10,4,"Curveball",1,1,1,1,1,1,1,1,"Strategic","Standard",56,"0.004","0.067",,,,"-0.067",,0,0,0.634,0.634,30,22,31,23,1,0,5,1,6,1,"4.72","-1.04","1.04","47.6",,,,,
"CU","2025-04-06","79.8","-0.76","6.21","Burnes, Corbin",695578,669203,,"called_strike",,,,,7,"Called Strike","R","L","R","WSH","AZ","S",,,2,0,2025,"1.13","-1.13","-0.33","2.2",671277,663993,,1,1,"Bot",,,,,,,-1.1818957317071577,-116.26719682531237,0.005544796672715568,10.465800251301136,21.826922487297114,-42.61051997331782,"3.83","1.79",,,,"80",2882,"6.3",778429,645444,647304,641658,553993,672695,666971,677950,682998,"54.16",,,,,,,,10,3,"Curveball",1,1,1,1,1,1,1,1,"Strategic","Standard",53,"-0.003","-0.061",,,,"0.061",,0,0,0.637,0.637,30,22,31,23,1,0,5,1,6,1,"4.7","-1.13","1.13","49.5",,,,,
"FC","2025-04-06","94.2","-0.92","6.15","Burnes, Corbin",695578,669203,,"ball",,,,,13,"Ball","R","L","R","WSH","AZ","B",,,1,0,2025,"0.34","0.94","-0.36","1.43",671277,663993,,1,1,"Bot",,,,,,,0.7243471878088964,-137.10396897026428,-8.69792608192138,4.141174264943712,27.47156022823191,-18.739764968164817,"3.83","1.79",,,,"94.8",2736,"6.4",778429,645444,647304,641658,553993,672695,666971,677950,682998,"54.09",,,,,,,,10,2,"Cutter",1,1,1,1,1,1,1,1,"Strategic","Standard",186,"0.003","0.012",,,,"-0.012",,0,0,0.634,0.634,30,22,31,23,1,0,5,1,6,1,"1.61","-0.34","0.34","41.9",,,,,
"FC","2025-04-06","93.6","-0.89","6.14","Burnes, Corbin",695578,669203,,"ball",,,,,13,"Ball","R","L","R","WSH","AZ","B",,,0,0,2025,"0.44","1.12","-1.38","1.18",671277,663993,,1,1,"Bot",,,,,,,-2.23763663799154,-136.07851391964192,-9.538259549827243,5.932995399745759,28.977060048291143,-16.402074826198895,"3.91","1.78",,,,"93.8",2734,"6.4",778429,645444,647304,641658,553993,672695,666971,677950,682998,"54.1",,,,,,,,10,1,"Cutter",1,1,1,1,1,1,1,1,"Strategic","Standard",191,"0.001","0.03",,,,"-0.03",,0,0,0.633,0.633,30,22,31,23,1,0,5,1,6,1,"1.48","-0.44","0.44","42.3",,,,,
"CU","2025-04-06","81.9","-0.7","6.29","Burnes, Corbin",663993,669203,"double","hit_into_play",,,,,14,"Nathaniel Lowe doubles (3) on a line drive to right fielder Corbin Carroll. CJ Abrams scores. Luis García Jr. to 3rd.","R","L","R","WSH","AZ","X",9,"line_drive",0,2,2025,"0.87","-1","0.08","1.36",682928,,671277,1,1,"Bot",189.31,90.87,,,,,0.08765495282082553,-119.22233914645629,-2.5710742259422235,8.204929399152126,25.226155933461218,-41.339879895515914,"3.48","1.57",342,"99.8",19,"82",2897,"6.6",778429,645444,647304,641658,553993,672695,666971,677950,682998,"53.94",0.332,0.371,"1.25",1,1,1,5,9,3,"Curveball",0,1,0,1,1,1,1,1,"Infield shade","Standard",58,"0.14","0.829","72.4","8.5",0.587,"-0.829","99.8",-1,-1,0.493,0.493,30,29,31,30,1,0,5,1,6,1,"4.42","-0.87","0.87","49.8",18.930661373179728,-12.47446501539541,35.60645638137989,38.888367888186124,41.40040447556924
"CU","2025-04-06","80.9","-0.73","6.26","Burnes, Corbin",663993,669203,,"foul",,,,,8,"Foul","R","L","R","WSH","AZ","S",,,0,1,2025,"1.32","-1.39","0.19","1.73",682928,,671277,1,1,"Bot",,,,,,,-0.4761597449367833,-117.70151696866861,-0.691454721276721,12.16647118189314,26.595833645597846,-44.98183813927686,"3.48","1.57",4,"64.3",-27,"80.4",2918,"6.4",778429,645444,647304,641658,553993,672695,666971,677950,682998,"54.14",,,,,,,,9,2,"Curveball",0,1,0,1,1,0,0,1,"Infield shade","Standard",50,"-0.014","-0.073","73.3","8.3",,"0.073","88.0",-1,-1,0.507,0.507,30,29,31,30,1,0,5,1,6,1,"4.93","-1.32","1.32","48.4",19.360826504848585,-15.274224928740086,31.039122091170857,38.52218690386842,40.81525177686101
"FC","2025-04-06","94.3","-1.01","6.13","Burnes, Corbin",663993,669203,,"called_strike",,,,,4,"Called Strike","R","L","R","WSH","AZ","S",,,0,0,2025,"0.14","1.29","-0.57","2.32",682928,,671277,1,1,"Bot",,,,,,,0.845682265876243,-137.28730795315056,-7.162424612564603,1.5766436495331364,27.78067211695075,-14.548589221701501,"3.46","1.57",,,,"95.3",2713,"6.6",778429,645444,647304,641658,553993,672695,666971,677950,682998,"53.87",,,,,,,,9,1,"Cutter",0,1,0,1,1,0,0,1,"Infield shade","Standard",193,"-0.01","-0.041",,,,"0.041",,-1,-1,0.517,0.517,30,29,31,30,1,0,5,1,6,1,"1.26","-0.14","0.14","40.5",,,,,
"CU","2025-04-06","80.3","-0.64","6.26","Burnes, Corbin",660688,669203,"strikeout","swinging_strike",,,,,6,"Keibert Ruiz strikes out swinging.","R","L","R","WSH","AZ","S",2,,3,2,2025,"1.24","-1.32","0.77","2.41",682928,,671277,0,1,"Bot",,,,,,,0.7633720601552394,-116.87842527189648,0.7347818249434388,11.134476662822314,24.345403670486274,-44.57642682063865,"3.39","1.55",,,,"80.4",2839,"6.6",778429,645444,647304,641658,553993,672695,666971,677950,682998,"53.93",,0,"0",1,0,0,,8,6,"Curveball",0,1,0,1,1,0,0,1,"Infield shade","Standard",50,"-0.062","-0.336","68.5","7.5",,"0.336",,-1,-1,0.579,0.579,30,26,31,27,1,0,5,2,6,1,"4.88","-1.24","1.24","47.6",22.691132766658555,-40.58425102161946,31.777649900429925,24.491983087925863,53.813631194561744
"CU","2025-04-06","79.4","-0.67","6.26","Burnes, Corbin",660688,669203,,"called_strike",,,,,4,"Called Strike","R","L","R","WSH","AZ","S",,,3,1,2025,"1.25","-1.27","-0.75","2.64",682928,,671277,0,1,"Bot",,,,,,,-2.521858339472825,-115.60954046504263,1.2494381359933702,11.714478478759034,21.832500565065416,-44.05170067875632,"3.24","1.55",,,,"79.5",2778,"6.4",778429,645444,647304,641658,553993,672695,666971,677950,682998,"54.13",,,,,,,,8,5,"Curveball",0,1,0,1,1,0,0,1,"Infield shade","Standard",52,"-0.012","-0.107",,,,"0.107",,-1,-1,0.591,0.591,30,26,31,27,1,0,5,2,6,1,"4.89","-1.25","1.25","46.9",,,,,
"FC","2025-04-06","95.1","-1.06","6.09","Burnes, Corbin",660688,669203,,"ball",,,,,13,"Ball","R","L","R","WSH","AZ","B",,,2,1,2025,"-0.11","1.41","-1.23","2.2",682928,,671277,0,1,"Bot",,,,,,,-0.19670159514392713,-138.2964163679428,-7.688008142498199,-1.3418160024208952,31.701755980929494,-12.548151548870873,"3.31","1.55",,,,"95.1",2659,"6.4",778429,645444,647304,641658,553993,672695,666971,677950,682998,"54.1",,,,,,,,8,4,"Cutter",0,1,0,1,1,0,0,1,"Infield shade","Standard",195,"0.014","0.072",,,,"-0.072",,-1,-1,0.577,0.577,30,26,31,27,1,0,5,2,6,1,"1.12","0.11","-0.11","39.5",,,,,
"FC","2025-04-06","94.2","-1","6.1","Burnes, Corbin",660688,669203,,"called_strike",,,,,8,"Called Strike","R","L","R","WSH","AZ","S",,,2,0,2025,"0.55","0.98","-0.15","1.79",682928,,671277,0,1,"Bot",,,,,,,0.9769066337500405,-137.02052845876938,-7.6667456893517345,6.714163903452405,29.471011065637768,-18.33864842293159,"3.32","1.55",,,,"94.4",2730,"6.4",778429,645444,647304,641658,553993,672695,666971,677950,682998,"54.12",,,,,,,,8,3,"Cutter",0,1,0,1,1,0,0,1,"Infield shade","Standard",189,"-0.009","-0.064",,,,"0.064",,-1,-1,0.586,0.586,30,26,31,27,1,0,5,2,6,1,"1.58","-0.55","0.55","41.4",,,,,
"CH","2025-04-06","87.1","-1.07","5.93","Burnes, Corbin",660688,669203,,"ball",,,,,13,"Ball","R","L","R","WSH","AZ","B",,,1,0,2025,"-1.47","0.86","-1.64","2.35",682928,,671277,0,1,"Bot",,,,,,,1.6774340423705363,-126.81154205501187,-4.226828322190304,-16.26300247909484,25.538037225961975,-22.28947186049701,"3.38","1.56",,,,"87.6",2167,"6.5",778429,645444,647304,641658,553993,672695,666971,677950,682998,"53.97",,,,,,,,8,2,"Changeup",0,1,0,1,1,0,0,1,"Infield shade","Standard",221,"0.009","0.065",,,,"-0.065",,-1,-1,0.577,0.577,30,26,31,27,1,0,5,2,6,1,"2.14","1.47","-1.47","39.8",,,,,
"FC","2025-04-06","94.4","-1.05","6.11","Burnes, Corbin",660688,669203,,"ball",,,,,13,"Ball","R","L","R","WSH","AZ","B",,,0,0,2025,"0.05","0.95","-1.08","2.08",682928,,671277,0,1,"Bot",,,,,,,-0.19338613896183593,-137.51230297471577,-6.967463703335258,0.7353310071269044,28.376922421592162,-18.75844033194968,"3.38","1.55",,,,"94.9",2708,"6.4",778429,645444,647304,641658,553993,672695,666971,677950,682998,"54.13",,,,,,,,8,1,"Cutter",0,1,0,1,1,0,0,1,"Infield shade","Standard",191,"0.005","0.024",,,,"-0.024",,-1,-1,0.572,0.572,30,26,31,27,1,0,5,2,6,1,"1.58","-0.05","0.05","39.6",,,,,
"FC","2025-04-06","94.8","-0.82","6.23","Burnes, Corbin",671277,669203,"single","hit_into_play",,,,,9,"Luis García Jr. singles on a ground ball to right fielder Corbin Carroll. CJ Abrams to 3rd.","R","L","R","WSH","AZ","X",9,"ground_ball",0,0,2025,"0.15","1.41","0.66","2.01",,,682928,0,1,"Bot",177.15,115.7,,,,,3.5317687491248937,-137.8272569215179,-8.55542373446342,1.2163577097901084,28.932119677481115,-12.456691851233415,"3.46","1.68",101,"91.6",7,"95",2755,"6.3",778429,645444,647304,641658,553993,672695,666971,677950,682998,"54.16",0.509,0.459,"0.9",1,1,0,4,7,1,"Cutter",0,1,0,1,1,0,0,1,"Infield shade","Standard",198,"0.086","0.469","75.3","7.8",0.55,"-0.469","91.6",-1,-1,0.486,0.486,30,25,31,25,1,0,5,2,6,1,"1.11","-0.15","0.15","42.7",9.10323586855185,-5.707818559183565,38.86530328796017,28.15549624561997,30.387353397463464
"FC","2025-04-06","94.1","-1.01","6.19","Burnes, Corbin",682928,669203,"walk","ball",,,,,11,"CJ Abrams walks.","R","L","R","WSH","AZ","B",,,3,1,2025,"0.05","1.11","-1.43","2.63",,,,0,1,"Bot",,,,,,,-1.2099401881356202,-137.04098530407822,-6.068620378099413,0.8870424697903047,27.58417247728289,-17.007482325875202,"3.41","1.57",,,,"94.6",2664,"6.3",778429,645444,647304,641658,553993,672695,666971,677950,682998,"54.19",,0.691497,"0.7",1,0,0,,6,5,"Cutter",0,1,0,1,1,0,0,1,"Infield shade","Standard",192,"0.023","0.262",,,,"-0.262",,-1,-1,0.463,0.463,30,24,31,25,1,0,5,1,6,3,"1.44","-0.05","0.05","45.7",,,,,
"FC","2025-04-06","93.7","-0.81","6.26","Burnes, Corbin",682928,669203,,"ball",,,,,9,"Ball","R","L","R","WSH","AZ","B",,,2,1,2025,"0.48","1.13","0.31","1.48",,,,0,1,"Bot",,,,,,,1.8290987539375199,-136.36781289259895,-9.153421101094906,5.605510853134113,27.997280195078858,-16.286453480404248,"3.47","1.56",,,,"94.1",2764,"6.4",778429,645444,647304,641658,553993,672695,666971,677950,682998,"54.13",,,,,,,,6,4,"Cutter",0,1,0,1,1,0,0,1,"Infield shade","Standard",198,"0.011","0.134",,,,"-0.134",,-1,-1,0.452,0.452,30,24,31,25,1,0,5,1,6,3,"1.45","-0.48","0.48","49.1",,,,,
"FC","2025-04-06","93.7","-0.82","6.26","Burnes, Corbin",682928,669203,,"swinging_strike",,,,,3,"Swinging Strike","R","L","R","WSH","AZ","S",,,2,0,2025,"0.19","1.16","0.38","3.49",,,,0,1,"Bot",,,,,,,2.6808232754671444,-136.5293262717941,-4.051003094760138,1.88327497111434,27.601514120089785,-16.94597115514448,"3.44","1.57",,,,"94.2",2706,"6.3",778429,645444,647304,641658,553993,672695,666971,677950,682998,"54.15",,,,,,,,6,3,"Cutter",0,1,0,1,1,0,0,1,"Infield shade","Standard",182,"-0.007","-0.072","76.1","7.8",,"0.072",,-1,-1,0.459,0.459,30,24,31,25,1,0,5,1,6,3,"1.41","-0.19","0.19","44.6",16.842338536464485,-12.707906194448114,19.409902287450777,35.71024195021751,31.941244538275583
"FC","2025-04-06","94.3","-1.11","6.16","Burnes, Corbin",682928,669203,,"ball",,,,,11,"Ball","R","L","R","WSH","AZ","B",,,1,0,2025,"0.08","1.38","-1.44","3.19",,,,0,1,"Bot",,,,,,,-1.0370418562728274,-137.31011869027245,-5.122466217656678,1.2866421243881627,28.588455160830947,-13.743965221001694,"3.36","1.57",,,,"94.6",2609,"6.3",778429,645444,647304,641658,553993,672695,666971,677950,682998,"54.19",,,,,,,,6,2,"Cutter",0,1,0,1,1,0,0,1,"Infield shade","Standard",196,"0.007","0.077",,,,"-0.077",,-1,-1,0.452,0.452,30,24,31,25,1,0,5,1,6,3,"1.17","-0.08","0.08","42.8",,,,,
"FC","2025-04-06","93.8","-0.97","6.15","Burnes, Corbin",682928,669203,,"ball",,,,,14,"Ball","R","L","R","WSH","AZ","B",,,0,0,2025,"0.11","1.15","0.94","0.82",,,,0,1,"Bot",,,,,,,4.7164062153457165,-136.35934895254397,-10.642198032447133,0.44742956364091935,26.84005799898063,-15.778727454891424,"3.55","1.68",,,,"94.3",2667,"6.4",778429,645444,647304,641658,553993,672695,666971,677950,682998,"54.09",,,,,,,,6,1,"Cutter",0,1,0,1,1,0,0,1,"Infield shade","Standard",199,"0.004","0.041",,,,"-0.041",,-1,-1,0.448,0.448,30,24,31,25,1,0,5,1,6,3,"1.42","-0.11","0.11","44.9",,,,,
"FC","2025-04-01","95.8","-0.76","6","Burnes, Corbin",592450,669203,"strikeout","called_strike",,,,,8,"Aaron Judge called out on strikes.","R","R","R","NYY","AZ","S",2,,1,2,2025,"0.1","1.09","-0.26","1.71",,641355,,0,5,"Bot",,,,,,,1.0910992003948434,-139.32081481433931,-8.178348691512737,1.0237625551626597,32.9909562328573,-16.32908938187666,"4.07","1.72",,,,"96",2739,"6.6",778492,672515,647304,606466,553993,672695,664983,677950,682998,"53.95",,0,"0",1,0,0,,40,4,"Cutter",4,2,4,2,2,4,4,2,"Standard","Standard",194,"-0.02","-0.241",,,,"0.241",,2,2,0.846,0.846,30,33,31,33,3,2,,2,5,1,"1.41","-0.1","-0.1","42.5",,,,,
"SL","2025-04-01","87.8","-0.68","6.02","Burnes, Corbin",592450,669203,,"blocked_ball",,,,,14,"Ball In Dirt","R","R","R","NYY","AZ","B",,,0,2,2025,"0.45","0.04","0.78","0.98",,,641355,0,5,"Bot",,,,,,,2.614722037009074,-127.78775557841519,-6.183624688973199,4.344296149983736,27.469976293710154,-30.666838771018146,"4.05","1.9",,,,"88.3",2821,"6.7",778492,672515,647304,606466,553993,672695,664983,677950,682998,"53.79",,,,,,,,40,3,"Slider",4,2,4,2,2,4,4,2,"Standard","Standard",110,"0.019","0.017",,,,"-0.017",,2,2,0.827,0.827,30,33,31,33,3,2,,2,5,1,"2.93","-0.45","-0.45","46.5",,,,,
"SL","2025-04-01","86.9","-0.79","6.05","Burnes, Corbin",592450,669203,,"swinging_strike",,,,,14,"Swinging Strike","R","R","R","NYY","AZ","S",,,0,1,2025,"0.58","-0.1","0.27","1.35",,,641355,0,5,"Bot",,,,,,,1.3548938328440479,-126.54310695851281,-4.8843715917402495,5.914462584214051,26.88710497620214,-32.47510729271692,"3.98","1.85",,,,"87.2",2818,"6.6",778492,672515,647304,606466,553993,672695,664983,677950,682998,"53.95",,,,,,,,40,2,"Slider",4,2,4,2,2,4,4,2,"Standard","Standard",96,"-0.004","-0.053","76.2","9.6",,"0.053",,2,2,0.831,0.831,30,33,31,33,3,2,,2,5,1,"3.13","-0.58","-0.58","46.1",38.56586468587319,-30.25256273469748,40.71496819786983,44.711840867393825,50.1944354659346
"FC","2025-04-01","93.7","-0.6","6.13","Burnes, Corbin",592450,669203,,"foul",,,,,9,"Foul","R","R","R","NYY","AZ","S",,,0,0,2025,"0.22","0.97","0.74","1.88",,,641355,0,5,"Bot",,,,,,,3.006607397435087,-136.22431179668402,-7.397844276083328,2.0252264617517453,32.268418689560185,-18.588546111789924,"3.98","1.85",,,,"93.9",2695,"6.6",778492,672515,647304,606466,553993,672695,664983,677950,682998,"53.86",,,,,,,,40,1,"Cutter",4,2,4,2,2,4,4,2,"Standard","Standard",188,"-0.003","-0.043","79.7","8.8",,"0.043",,2,2,0.834,0.834,30,33,31,33,3,2,,2,5,1,"1.64","-0.22","-0.22","48.0",22.729279460217807,-7.229588787570336,39.04468397691184,50.57932571310248,33.08439312488312
"CU","2025-04-01","78.4","-0.62","6.13","Burnes, Corbin",641355,669203,"walk","ball",,,,,11,"Cody Bellinger walks.","R","L","R","NYY","AZ","B",,,3,2,2025,"0.94","-1.27","-1.7","3.9",,,,0,5,"Bot",,,,,,,-4.078231543221741,-113.91933624772189,4.462501692349198,8.972625247796365,22.766809086060714,-44.30042712688158,"3.89","1.87",,,,"78.1",2736,"6.4",778492,672515,647304,606466,553993,672695,664983,677950,682998,"54.12",,0.691497,"0.7",1,0,0,,39,7,"Curveball",4,2,4,2,2,4,4,2,"Infield shade","Standard",43,"0.019","0.356",,,,"-0.356",,2,2,0.815,0.815,30,29,31,30,3,2,,2,5,1,"5.02","-0.94","0.94","46.9",,,,,
"FC","2025-04-01","94.4","-0.62","6.04","Burnes, Corbin",641355,669203,,"ball",,,,,14,"Ball","R","L","R","NYY","AZ","B",,,2,2,2025,"0.32","0.92","1.12","0.66",,,,0,5,"Bot",,,,,,,3.822224737667742,-137.1387194003688,-10.412464297671482,3.214223239235127,29.614533721521433,-18.48892277407595,"3.91","1.9",,,,"95.1",2629,"6.7",778492,672515,647304,606466,553993,672695,664983,677950,682998,"53.75",,,,,,,,39,6,"Cutter",4,2,4,2,2,4,4,2,"Infield shade","Standard",179,"0.004","0.112",,,,"-0.112",,2,2,0.811,0.811,30,29,31,30,3,2,,2,5,1,"1.64","-0.32","0.32","46.0",,,,,
"FC","2025-04-01","93.7","-0.71","6.08","Burnes, Corbin",641355,669203,,"foul",,,,,5,"Foul","R","L","R","NYY","AZ","S",,,2,2,2025,"0.24","1.07","-0.15","2.67",,,,0,5,"Bot",,,,,,,0.9258517207710295,-136.408002955933,-5.445533870032104,2.7439681100196722,30.76235334781977,-17.877857147790518,"3.77","1.82",222,"78.7",50,"94.2",2675,"6.6",778492,672515,647304,606466,553993,672695,664983,677950,682998,"53.91",,,,,,,,39,5,"Cutter",4,2,4,2,2,4,4,2,"Infield shade","Standard",179,"0","0","70.0","7.2",,"0","88.0",2,2,0.811,0.811,30,29,31,30,3,2,,2,5,1,"1.53","-0.24","0.24","48.4",1.6468274278232227,9.950327747780724,38.619031645253614,29.892265958647677,22.70699296736902
"FC","2025-04-01","93.3","-0.73","6.07","Burnes, Corbin",641355,669203,,"foul",,,,,4,"Foul","R","L","R","NYY","AZ","S",,,2,1,2025,"0.5","0.98","-0.37","2.45",,,,0,5,"Bot",,,,,,,-0.16160823255830606,-135.79082730921485,-5.762613757361562,6.185759216613585,29.020142688586166,-18.980543256026,"3.77","1.82",217,"78.7",35,"93.9",2714,"6.6",778492,672515,647304,606466,553993,672695,664983,677950,682998,"53.9",,,,,,,,39,4,"Cutter",4,2,4,2,2,4,4,2,"Infield shade","Standard",185,"-0.003","-0.073","68.6","6.7",,"0.073","88.0",2,2,0.814,0.814,30,29,31,30,3,2,,2,5,1,"1.63","-0.5","0.5","44.5",-8.663692717229727,24.60866046440806,40.417671871789544,31.83403336534877,12.825091383183295
"CH","2025-04-01","87.1","-0.92","5.81","Burnes, Corbin",641355,669203,,"ball",,,,,13,"Ball","R","L","R","NYY","AZ","B",,,1,1,2025,"-1.35","0.45","-1.56","2.81",,,,0,5,"Bot",,,,,,,1.2501268368360363,-126.84248221323205,-1.9603130559276343,-14.831711940534412,27.068400558278615,-27.142171000895047,"3.97","1.9",,,,"87.7",2250,"6.7",778492,672515,647304,606466,553993,672695,664983,677950,682998,"53.76",,,,,,,,39,3,"Changeup",4,2,4,2,2,4,4,2,"Infield shade","Standard",224,"0.003","0.055",,,,"-0.055",,2,2,0.811,0.811,30,29,31,30,3,2,,2,5,1,"2.56","1.35","-1.35","39.9",,,,,
"CH","2025-04-01","87.1","-0.91","5.75","Burnes, Corbin",641355,669203,,"ball",,,,,13,"Ball","R","L","R","NYY","AZ","B",,,0,1,2025,"-1.54","0.57","-1.48","1.15",,,,0,5,"Bot",,,,,,,1.7946038880635538,-126.73959056205331,-6.064116256727582,-16.89247117178909,26.76910359289689,-24.978632832018587,"3.94","1.92",,,,"87.6",2189,"6.7",778492,672515,647304,606466,553993,672695,664983,677950,682998,"53.82",,,,,,,,39,2,"Changeup",4,2,4,2,2,4,4,2,"Infield shade","Standard",221,"0.001","0.031",,,,"-0.031",,2,2,0.81,0.81,30,29,31,30,3,2,,2,5,1,"2.44","1.54","-1.54","43.3",,,,,
"FC","2025-04-01","92.5","-0.82","6.04","Burnes, Corbin",641355,669203,,"foul",,,,,9,"Foul","R","L","R","NYY","AZ","S",,,0,0,2025,"0.36","1.02","0.31","2.31",,,,0,5,"Bot",,,,,,,2.1169649727435513,-134.62058772617272,-5.9401496730229715,3.8429152415088734,30.514355542818603,-18.648502941427438,"3.77","1.82",4,"70.9",-28,"92.7",2710,"6.5",778492,672515,647304,606466,553993,672695,664983,677950,682998,"53.99",,,,,,,,39,1,"Cutter",4,2,4,2,2,4,4,2,"Infield shade","Standard",186,"-0.002","-0.039","74.6","8.3",,"0.039","88.0",2,2,0.812,0.812,30,29,31,30,3,2,,2,5,1,"1.65","-0.36","0.36","46.7",23.507746756469658,-14.587844489419512,39.447308127073,25.107307966832884,38.99860100054946
"SL","2025-04-01","85.4","-0.93","5.96","Burnes, Corbin",502671,669203,"field_out","hit_into_play",,,,,8,"Paul Goldschmidt lines out sharply to third baseman Eugenio Suárez.","R","R","R","NYY","AZ","X",5,"line_drive",1,1,2025,"0.48","-0.38","-0.15","2.16",,,665828,2,4,"Bot",81.54,150.92,,,,,0.8817948119004809,-124.4004771636484,-1.9170548588381382,4.805446367408682,24.232110390166298,-35.954951300791635,"3.41","1.63",165,"107.3",11,"86.1",2841,"6.6",778492,672515,647304,606466,553993,672695,664983,677950,682998,"53.9",0.919,0.905,"0",1,0,0,4,34,3,"Slider",4,2,4,2,2,4,4,2,"Standard","Standard",78,"-0.015","-0.255","75.4","8.1",1.167,"0.255","107.3",2,2,0.766,0.766,30,37,31,38,3,2,,2,5,1,"3.49","-0.48","-0.48","42.5",16.182160584327555,-7.333347551444518,35.976763836879904,39.13427164455304,28.917315657960827
"FC","2025-04-01","94.3","-0.79","5.98","Burnes, Corbin",502671,669203,,"foul",,,,,14,"Foul","R","R","R","NYY","AZ","S",,,1,0,2025,"0.27","0.8","0.75","1.35",,,665828,2,4,"Bot",,,,,,,3.421759180493017,-137.19108435958614,-8.17296569166192,2.6873137676821997,29.81983131989943,-20.5356518653901,"3.41","1.63",85,"81.1",6,"94.9",2772,"6.6",778492,672515,647304,606466,553993,672695,664983,677950,682998,"53.87",,,,,,,,34,2,"Cutter",4,2,4,2,2,4,4,2,"Standard","Standard",179,"-0.002","-0.05","73.6","8.5",,"0.05","88.0",2,2,0.768,0.768,30,37,31,38,3,2,,2,5,1,"1.76","-0.27","-0.27","42.1",9.099802595735458,0.047264056142514145,37.463119806562815,49.97431421785315,19.734998977388727
"FC","2025-04-01","93.9","-0.83","6.01","Burnes, Corbin",502671,669203,,"ball",,,,,14,"Ball","R","R","R","NYY","AZ","B",,,0,0,2025,"0.35","0.88","1.55","1.6",,,665828,2,4,"Bot",,,,,,,5.420213615083577,-136.53903899260348,-7.669691136141857,3.1314348331914337,29.9449453951554,-19.717079678383943,"3.57","1.63",,,,"94.4",2719,"6.6",778492,672515,647304,606466,553993,672695,664983,677950,682998,"53.88",,,,,,,,34,1,"Cutter",4,2,4,2,2,4,4,2,"Standard","Standard",187,"0.001","0.035",,,,"-0.035",,2,2,0.767,0.767,30,37,31,38,3,2,,2,5,1,"1.71","-0.35","-0.35","45.0",,,,,
"CU","2025-04-01","80.8","-0.56","6.06","Burnes, Corbin",665828,669203,"field_error","hit_into_play",,,,,13,"Oswaldo Cabrera reaches on a throwing error by first baseman Josh Naylor. Austin Wells scores. Jasson Domínguez scores.","R","L","R","NYY","AZ","X",3,"ground_ball",0,2,2025,"0.86","-1.19","-0.24","1.33",669224,691176,,2,4,"Bot",157.39,161.31,,,,,-0.9395335562821252,-117.6788644536485,-1.5898125215923737,8.15080329564725,23.947150163282938,-43.12057101004064,"3.17","1.49",4,"91",-18,"81.1",2885,"6.6",778492,672515,647304,606466,553993,672695,664983,677950,682998,"53.86",0.129,0.124,"0.9",1,0,0,2,33,3,"Curveball",2,2,2,2,2,4,4,2,"Standard","Standard",31,"0.222","0.578",,,0.148,"-0.578","91.0",0,0,0.545,0.545,30,26,31,26,2,1,,2,5,1,"4.7","-0.86","0.86","48.0",,,,,
"CU","2025-04-01","80","-0.57","6.07","Burnes, Corbin",665828,669203,,"swinging_strike_blocked",,,,,13,"Swinging Strike (Blocked)","R","L","R","NYY","AZ","S",,,0,1,2025,"0.61","-1.38","-0.43","0.66",669224,691176,,2,4,"Bot",,,,,,,-0.8523311004999858,-116.30459478050207,-2.3987970281365656,5.620967464010622,27.416043529777,-44.18776002982398,"3.17","1.49",,,,"79.5",2866,"6.6",778492,672515,647304,606466,553993,672695,664983,677950,682998,"53.94",,,,,,,,33,2,"Curveball",2,2,2,2,2,2,2,2,"Standard","Standard",38,"-0.014","-0.048","63.6","8.5",,"0.048",,0,0,0.559,0.559,30,26,31,26,2,1,,2,5,1,"5.03","-0.61","0.61","46.4",28.43118200784151,-37.13627632283339,36.44759484257134,42.55714186976473,54.075068385508715
"FC","2025-04-01","93.7","-0.78","5.97","Burnes, Corbin",665828,669203,,"called_strike",,,,,7,"Called Strike","R","L","R","NYY","AZ","S",,,0,0,2025,"0.49","0.92","-0.46","1.66",669224,691176,,2,4,"Bot",,,,,,,-0.23908936665903344,-136.35803451020467,-7.453524499129545,6.107769122136245,30.891065145417464,-19.26520630958623,"3.25","1.58",,,,"93.9",2748,"6.5",778492,672515,647304,606466,553993,672695,664983,677950,682998,"54.01",,,,,,,,33,1,"Cutter",2,2,2,2,2,2,2,2,"Standard","Standard",186,"-0.011","-0.036",,,,"0.036",,0,0,0.57,0.57,30,26,31,26,2,1,,2,5,1,"1.68","-0.49","0.49","41.7",,,,,
"CU","2025-04-01","80.1","-0.51","6.09","Burnes, Corbin",700250,669203,"strikeout","swinging_strike",,,,,13,"Ben Rice strikes out swinging.","R","L","R","NYY","AZ","S",2,,1,2,2025,"0.64","-1.25","0","1.09",669224,691176,,1,4,"Bot",,,,,,,-0.09675976766409403,-116.48599581937928,-1.794454962251499,5.788917655006555,27.050955143553843,-43.19709976435345,"3.59","1.79",,,,"79.6",2770,"6.5",778492,672515,647304,606466,553993,672695,664983,677950,682998,"53.97",,0,"0",1,0,0,,32,4,"Curveball",2,2,2,2,2,2,2,2,"Strategic","Standard",43,"-0.07","-0.279","64.0","8.8",,"0.279",,0,0,0.64,0.64,30,26,31,26,2,1,,2,5,1,"4.88","-0.64","0.64","48.9",25.664893732725478,-51.90747515284044,30.997152029114947,36.97995476217206,57.98033641032546
"CU","2025-04-01","80.8","-0.63","6.04","Burnes, Corbin",700250,669203,,"swinging_strike",,,,,7,"Swinging Strike","R","L","R","NYY","AZ","S",,,1,1,2025,"0.82","-1.1","-0.61","1.97",669224,691176,,1,4,"Bot",,,,,,,-1.5278094901315973,-117.51231973170123,-0.18791970204759512,7.875727885756995,26.105423266748502,-42.44084401025535,"3.59","1.79",,,,"80.5",2784,"6.5",778492,672515,647304,606466,553993,672695,664983,677950,682998,"54",,,,,,,,32,3,"Curveball",2,2,2,2,2,2,2,2,"Strategic","Standard",45,"-0.019","-0.094","73.1","8.1",,"0.094",,0,0,0.659,0.659,30,26,31,26,2,1,,2,5,1,"4.64","-0.82","0.82","46.3",16.845832967558586,-17.34446132488408,31.923449890533366,44.344389382618175,37.377981370875595
"FC","2025-04-01","94.4","-0.62","6.03","Burnes, Corbin",700250,669203,,"ball",,,,,14,"Ball","R","L","R","NYY","AZ","B",,,0,1,2025,"0.33","0.94","2.18","0.32",,669224,691176,1,4,"Bot",,,,,,,6.574607971080497,-136.97374191254988,-11.310726575771735,2.6767312023895466,31.09517540547013,-17.925284180294597,"3.7","1.87",,,,"94.8",2738,"6.8",778492,672515,647304,606466,553993,672695,664983,677950,682998,"53.74",,,,,,,,32,2,"Cutter",2,2,2,2,2,2,2,2,"Standard","Standard",191,"0.06","0.018",,,,"-0.018",,0,0,0.599,0.599,30,26,31,26,2,1,,2,5,1,"1.64","-0.33","0.33","44.6",,,,,
"FC","2025-04-01","93.5","-0.87","5.93","Burnes, Corbin",700250,669203,,"called_strike",,,,,4,"Called Strike","R","L","R","NYY","AZ","S",,,0,0,2025,"0.28","0.81","-0.43","2.52",,669224,691176,1,4,"Bot",,,,,,,0.5164168443612951,-136.16290901108647,-4.877708341781948,3.3593981298605518,31.099948064737788,-21.18696250062613,"3.75","1.87",,,,"94.2",2716,"6.7",778492,672515,647304,606466,553993,672695,664983,677950,682998,"53.76",,,,,,,,32,1,"Cutter",2,2,2,2,2,2,2,2,"Standard","Standard",183,"-0.008","-0.033",,,,"0.033",,0,0,0.607,0.607,30,26,31,26,2,1,,2,5,1,"1.8","-0.28","0.28","45.5",,,,,
"CU","2025-04-01","80.4","-0.59","6.07","Burnes, Corbin",691176,669203,"single","hit_into_play",,,,,4,"Jasson Domínguez singles on a line drive to right fielder Corbin Carroll. Austin Wells to 2nd.","R","L","R","NYY","AZ","X",9,"line_drive",1,2,2025,"0.81","-0.99","-0.31","2.79",,,669224,1,4,"Bot",192.27,102.04,,,,,-0.9021875021181647,-117.05422213621515,1.3156522503756534,7.614742028004599,22.92012048236136,-41.719525062441264,"3.4","1.65",247,"96.9",15,"80.4",2805,"6.4",778492,672515,647304,606466,553993,672695,664983,677950,682998,"54.13",0.782,0.784,"0.9",1,1,0,4,31,5,"Curveball",2,2,2,2,2,2,2,2,"Infield shade","Standard",57,"0.053","0.483","72.5","7.5",1.007,"-0.483","96.9",0,0,0.554,0.554,30,22,31,22,2,1,,2,5,1,"4.52","-0.81","0.81","51.4",10.12046206395862,-10.163663442804308,20.835464519767402,36.16407291744845,40.324058249358515
"CU","2025-04-01","80","-0.56","6.06","Burnes, Corbin",691176,669203,,"foul",,,,,13,"Foul","R","L","R","NYY","AZ","S",,,1,2,2025,"0.93","-1.23","-0.84","2.02",,,669224,1,4,"Bot",,,,,,,-2.366941347548118,-116.40137477251925,0.22603094123494327,8.859523014591092,25.13264577175441,-43.528175782864594,"3.4","1.65",2,"60",-53,"79.4",2887,"6.2",778492,672515,647304,606466,553993,672695,664983,677950,682998,"54.29",,,,,,,,31,4,"Curveball",2,2,2,2,2,2,2,2,"Infield shade","Standard",41,"0","0","67.2","7.8",,"0","88.0",0,0,0.554,0.554,30,22,31,22,2,1,,2,5,1,"4.84","-0.93","0.93","47.7",9.784997775620601,1.4621278567601081,23.43600849882036,43.13675651604784,30.912216687711528
"FC","2025-04-01","93.7","-0.92","5.93","Burnes, Corbin",691176,669203,,"called_strike",,,,,7,"Called Strike","R","L","R","NYY","AZ","S",,,1,1,2025,"0.42","0.59","-0.34","1.61",,,669224,1,4,"Bot",,,,,,,0.575660854054059,-136.4701252446297,-6.810717492298123,5.139335480492521,28.18283286589792,-23.582434169605666,"3.4","1.68",,,,"94.8",2872,"6.7",778492,672515,647304,606466,553993,672695,664983,677950,682998,"53.77",,,,,,,,31,3,"Cutter",2,2,2,2,2,2,2,2,"Infield shade","Standard",172,"-0.007","-0.056",,,,"0.056",,0,0,0.561,0.561,30,22,31,22,2,1,,2,5,1,"1.99","-0.42","0.42","42.4",,,,,
"CU","2025-04-01","79.7","-0.59","6.03","Burnes, Corbin",691176,669203,,"ball",,,,,13,"Ball","R","L","R","NYY","AZ","B",,,0,1,2025,"0.82","-1.16","-1.29","1.96",,,669224,1,4,"Bot",,,,,,,-3.0873328105622013,-115.95903107855895,0.0374366114541671,7.981550027844155,24.149519976497768,-42.75592925010204,"3.31","1.65",,,,"79.4",2850,"6.4",778492,672515,647304,606466,553993,672695,664983,677950,682998,"54.15",,,,,,,,31,2,"Curveball",2,2,2,2,2,2,2,2,"Infield shade","Standard",40,"0.003","0.019",,,,"-0.019",,0,0,0.558,0.558,30,22,31,22,2,1,,2,5,1,"4.78","-0.82","0.82","48.0",,,,,
"FC","2025-04-01","92.8","-0.89","5.97","Burnes, Corbin",691176,669203,,"called_strike",,,,,7,"Called Strike","R","L","R","NYY","AZ","S",,,0,0,2025,"0.43","0.77","-0.61","1.87",,,669224,1,4,"Bot",,,,,,,-0.2172076988877045,-135.06301824100885,-6.443594170392201,5.363522756382644,27.90747297407656,-21.544366575331072,"3.44","1.68",,,,"93.3",2663,"6.5",778492,672515,647304,606466,553993,672695,664983,677950,682998,"54.04",,,,,,,,31,1,"Cutter",2,2,2,2,2,2,2,2,"Infield shade","Standard",181,"-0.005","-0.04",,,,"0.04",,0,0,0.563,0.563,30,22,31,22,2,1,,2,5,1,"1.86","-0.43","0.43","44.7",,,,,
"SL","2025-04-01","84.7","-0.77","6.04","Burnes, Corbin",669224,669203,"walk","ball",,,,,11,"Austin Wells walks.","R","L","R","NYY","AZ","B",,,3,2,2025,"0.84","-0.33","-0.68","4.46",,,,1,4,"Bot",,,,,,,-1.4879973966235427,-123.296700322928,3.3240786963948157,8.879739410413245,23.470269194009006,-36.382132778263205,"3.44","1.63",,,,"85.3",2813,"6.6",778492,672515,647304,606466,553993,672695,664983,677950,682998,"53.93",,0.691497,"0.7",1,0,0,,30,13,"Slider",2,2,2,2,2,2,2,2,"Infield shade","Standard",80,"0.026","0.339",,,,"-0.339",,0,0,0.537,0.537,30,25,31,26,2,1,,2,5,1,"3.49","-0.84","0.84","43.5",,,,,
"FC","2025-04-01","95.6","-0.93","5.99","Burnes, Corbin",669224,669203,,"foul",,,,,5,"Foul","R","L","R","NYY","AZ","S",,,3,2,2025,"0.4","1.04","-0.23","2.8",,,,1,4,"Bot",,,,,,,0.9602319514741048,-139.21764422865775,-5.210770461948637,4.980775165651818,30.004607598260424,-17.698198234394912,"3.35","1.63",240,"77",31,"96.6",2811,"6.7",778492,672515,647304,606466,553993,672695,664983,677950,682998,"53.76",,,,,,,,30,12,"Cutter",2,2,2,2,2,2,2,2,"Infield shade","Standard",182,"0","0","71.9","6.8",,"0","88.0",0,0,0.537,0.537,30,25,31,26,2,1,,2,5,1,"1.44","-0.4","0.4","42.3",-4.051018885226965,20.768924190432664,31.168424212116687,36.625783653896676,13.931889215012568
"FC","2025-04-01","93.4","-0.65","6.03","Burnes, Corbin",669224,669203,,"foul",,,,,5,"Foul","R","L","R","NYY","AZ","S",,,3,2,2025,"0.33","0.71","0.27","2.27",,,,1,4,"Bot",,,,,,,1.6592794632062327,-136.02671438838618,-5.531142220330544,3.6839236273404796,29.911211013867295,-22.298558625498348,"3.35","1.63",146,"86.5",72,"93.8",2722,"6.5",778492,672515,647304,606466,553993,672695,664983,677950,682998,"54.03",,,,,,,,30,11,"Cutter",2,2,2,2,2,2,2,2,"Infield shade","Standard",157,"0","0","84.2","7.9",,"0","88.0",0,0,0.537,0.537,30,25,31,26,2,1,,2,5,1,"1.89","-0.33","0.33","43.8",13.287273216122188,-12.997172899784186,35.89368576653805,30.511742114150444,30.141902001124812
"FC","2025-04-01","95.2","-0.82","6.02","Burnes, Corbin",669224,669203,,"foul",,,,,5,"Foul","R","L","R","NYY","AZ","S",,,3,2,2025,"0.4","1.21","0.06","2.24",,,,1,4,"Bot",,,,,,,1.4304381478480706,-138.59761255786526,-7.070657873321654,4.821863791514095,28.875149650722957,-15.240473924723364,"3.35","1.63",220,"78.1",46,"96.1",2757,"6.6",778492,672515,647304,606466,553993,672695,664983,677950,682998,"53.88",,,,,,,,30,10,"Cutter",2,2,2,2,2,2,2,2,"Infield shade","Standard",184,"0","0","70.8","6.9",,"0","88.0",0,0,0.537,0.537,30,25,31,26,2,1,,2,5,1,"1.29","-0.4","0.4","45.1",-5.31973546210234,15.609559770470288,35.611903068034934,34.05811859634899,19.505600442783734
"CU","2025-04-01","80.8","-0.61","5.95","Burnes, Corbin",669224,669203,,"foul",,,,,14,"Foul","R","L","R","NYY","AZ","S",,,3,2,2025,"0.61","-1.06","0.71","1.17",,,,1,4,"Bot",,,,,,,1.7804263643463496,-117.60150528025792,-1.932521160791417,5.234598730226632,24.359224536407396,-41.7973847653789,"3.35","1.63",,,,"81.1",2801,"6.7",778492,672515,647304,606466,553993,672695,664983,677950,682998,"53.81",,,,,,,,30,9,"Curveball",2,2,2,2,2,2,2,2,"Infield shade","Standard",53,"0","0","67.2","8.4",,"0",,0,0,0.537,0.537,30,25,31,26,2,1,,2,5,1,"4.58","-0.61","0.61","46.6",20.724314362951386,-33.26510939735871,41.92270537374821,26.66019210809579,47.20112447547613
"FC","2025-04-01","94.4","-0.68","6.09","Burnes, Corbin",669224,669203,,"foul",,,,,14,"Foul","R","L","R","NYY","AZ","S",,,3,2,2025,"0.27","0.75","0.85","1.36",,,,1,4,"Bot",,,,,,,3.393095290036379,-137.2726416186741,-8.27447171407461,2.6404935312184357,32.34758614384618,-20.983747268671877,"3.35","1.63",5,"102.6",-15,"94.6",2674,"6.6",778492,672515,647304,606466,553993,672695,664983,677950,682998,"53.89",,,,,,,,30,8,"Cutter",2,2,2,2,2,2,2,2,"Infield shade","Standard",182,"0","0","73.2","8.4",,"0","102.6",0,0,0.537,0.537,30,25,31,26,2,1,,2,5,1,"1.82","-0.27","0.27","45.6",17.418688170319303,-17.717078555537263,44.92717330857463,25.05298767925502,33.89810902799392
"FC","2025-04-01","93.5","-0.66","6.02","Burnes, Corbin",669224,669203,,"foul",,,,,4,"Foul","R","L","R","NYY","AZ","S",,,3,2,2025,"0.19","0.91","-0.28","2.67",,,,1,4,"Bot",,,,,,,0.5455841320006657,-136.2066667114912,-4.939119400251943,2.305050733897053,29.67001718160816,-19.918000326967576,"3.35","1.63",184,"80.8",63,"94.2",2687,"6.6",778492,672515,647304,606466,553993,672695,664983,677950,682998,"53.86",,,,,,,,30,7,"Cutter",2,2,2,2,2,2,2,2,"Infield shade","Standard",191,"0","0","68.2","7.3",,"0","88.0",0,0,0.537,0.537,30,25,31,26,2,1,,2,5,1,"1.69","-0.19","0.19","43.0",0.8562046982042856,3.9049717567470017,29.156212151510243,37.0441594133628,23.98096162053271
"CU","2025-04-01","79.4","-0.62","6.03","Burnes, Corbin",669224,669203,,"foul",,,,,4,"Foul","R","L","R","NYY","AZ","S",,,3,2,2025,"0.64","-1.09","-0.34","2.51",,,,1,4,"Bot",,,,,,,-0.580057427431355,-115.51229241041658,1.1723353853382017,5.803312267079891,23.406626660675276,-42.297949003769205,"3.35","1.63",132,"61.5",30,"79.2",2753,"6.4",778492,672515,647304,606466,553993,672695,664983,677950,682998,"54.13",,,,,,,,30,6,"Curveball",2,2,2,2,2,2,2,2,"Infield shade","Standard",49,"0","0","65.3","6.9",,"0","88.0",0,0,0.537,0.537,30,25,31,26,2,1,,2,5,1,"4.73","-0.64","0.64","48.5",-5.904961781021354,18.389713343753872,34.73440495024221,37.840725851094824,14.43477919447928
"FC","2025-04-01","94.8","-0.8","6","Burnes, Corbin",669224,669203,,"ball",,,,,13,"Ball","R","L","R","NYY","AZ","B",,,2,2,2025,"0.3","1.03","-0.39","1.12",,,,1,4,"Bot",,,,,,,0.42257773977757057,-137.86680759989588,-9.42506350786045,3.7003236814645,30.695927003127988,-17.187136093922962,"3.49","1.68",,,,"95.3",2671,"6.6",778492,672515,647304,606466,553993,672695,664983,677950,682998,"53.87",,,,,,,,30,5,"Cutter",2,2,2,2,2,2,2,2,"Infield shade","Standard",192,"0.006","0.104",,,,"-0.104",,0,0,0.531,0.531,30,25,31,26,2,1,,2,5,1,"1.51","-0.3","0.3","45.8",,,,,
"FC","2025-04-01","94","-0.87","5.94","Burnes, Corbin",669224,669203,,"swinging_strike",,,,,4,"Swinging Strike","R","L","R","NYY","AZ","S",,,2,1,2025,"0.25","0.98","-0.33","2.59",,,,1,4,"Bot",,,,,,,0.8315765197716503,-136.84913432289673,-5.149743786870048,2.9289727313712257,30.86081890965336,-18.938303263619716,"3.35","1.63",,,,"94.5",2645,"6.6",778492,672515,647304,606466,553993,672695,664983,677950,682998,"53.92",,,,,,,,30,4,"Cutter",2,2,2,2,2,2,2,2,"Infield shade","Standard",189,"-0.005","-0.07","77.2","6.8",,"0.07",,0,0,0.536,0.536,30,25,31,26,2,1,,2,5,1,"1.6","-0.25","0.25","40.6",-1.2513213019405278,24.34853571421096,32.89758787794005,38.472250408000896,14.681459743763336
"CH","2025-04-01","87.9","-0.86","5.67","Burnes, Corbin",669224,669203,,"ball",,,,,13,"Ball","R","L","R","NYY","AZ","B",,,1,1,2025,"-1.27","0.41","-0.05","0.84",,,,1,4,"Bot",,,,,,,4.652141264268148,-127.69734619338995,-6.424590069825502,-14.865115714356108,29.051696326730468,-26.44189460557053,"3.46","1.63",,,,"88.4",2180,"6.9",778492,672515,647304,606466,553993,672695,664983,677950,682998,"53.57",,,,,,,,30,3,"Changeup",2,2,2,2,2,2,2,2,"Infield shade","Standard",220,"0.004","0.055",,,,"-0.055",,0,0,0.532,0.532,30,25,31,26,2,1,,2,5,1,"2.57","1.27","-1.27","41.4",,,,,
"CU","2025-04-01","80.3","-0.63","6.09","Burnes, Corbin",669224,669203,,"called_strike",,,,,5,"Called Strike","R","L","R","NYY","AZ","S",,,1,0,2025,"0.72","-0.72","-0.18","2.7",,,,1,4,"Bot",,,,,,,-0.3707574112424472,-116.9657991781647,0.572370237331187,6.619393340412844,23.121663470583968,-39.05399349561001,"3.44","1.63",,,,"80.5",2834,"6.5",778492,672515,647304,606466,553993,672695,664983,677950,682998,"54.03",,,,,,,,30,2,"Curveball",2,2,2,2,2,2,2,2,"Infield shade","Standard",48,"-0.004","-0.049",,,,"0.049",,0,0,0.536,0.536,30,25,31,26,2,1,,2,5,1,"4.26","-0.72","0.72","46.1",,,,,
"FC","2025-04-01","92.9","-0.9","6.1","Burnes, Corbin",669224,669203,,"ball",,,,,11,"Ball","R","L","R","NYY","AZ","B",,,0,0,2025,"0.34","0.94","-1.27","3.32",,,,1,4,"Bot",,,,,,,-1.6878706095054734,-135.27348194067642,-3.3937651884619724,4.535567312529703,29.739749944815014,-20.086275490924486,"3.44","1.68",,,,"92.9",2693,"6.3",778492,672515,647304,606466,553993,672695,664983,677950,682998,"54.2",,,,,,,,30,1,"Cutter",2,2,2,2,2,2,2,2,"Infield shade","Standard",183,"0.003","0.039",,,,"-0.039",,0,0,0.533,0.533,30,25,31,26,2,1,,2,5,1,"1.7","-0.34","0.34","44.6",,,,,
"FC","2025-04-01","93.3","-0.76","6.06","Burnes, Corbin",683011,669203,"home_run","hit_into_play",,,,,8,"Anthony Volpe homers (3) on a fly ball to left center field.","R","R","R","NYY","AZ","X",,"fly_ball",0,0,2025,"0.08","0.97","-0.25","1.94",,,,1,4,"Bot",63.54,41.59,,,,,1.1342643484062784,-135.87488325177344,-7.074818590695718,0.7561851810448582,27.78882720792131,-18.82275853178068,"3.29","1.63",418,"106.7",29,"94.2",2642,"6.6",778492,672515,647304,606466,553993,672695,664983,677950,682998,"53.9",0.8891276595744683,1.7911914893617022,"2",1,0,3,6,29,1,"Cutter",1,2,1,2,2,2,2,2,"Standard","Standard",188,"0.135","1.583","74.1","7.7",3.535936170212765,"-1.583","106.7",-1,-1,0.398,0.398,30,24,31,24,2,1,,2,5,1,"1.63","-0.08","-0.08","43.5",13.770202669427121,-7.630994751090426,37.83109778206528,32.48852975617173,33.80717980962767
"FC","2025-04-01","93.7","-0.71","5.99","Burnes, Corbin",665862,669203,"strikeout","swinging_strike",,,,,14,"Jazz Chisholm Jr. strikes out swinging.","R","L","R","NYY","AZ","S",2,,2,2,2025,"0.24","0.53","0.72","1.28",,,,0,4,"Bot",,,,,,,3.183858450295766,-136.41232320488248,-7.722949568323312,2.389726693367512,26.608865170269535,-24.204353372681247,"3.58","1.77",,,,"94.8",2800,"6.6",778492,672515,647304,606466,553993,672695,664983,677950,682998,"53.85",,0,"0",1,0,0,,28,5,"Cutter",1,2,1,2,2,1,1,2,"Infield shade","Standard",169,"-0.027","-0.232","78.8","7.6",,"0.232",,-1,-1,0.425,0.425,30,27,31,27,2,1,,2,5,1,"2.04","-0.24","0.24","42.7",19.399601600029637,-18.468152287868676,40.98577556850933,23.309827999867682,35.71872515382674
"FC","2025-04-01","93.9","-0.92","5.93","Burnes, Corbin",665862,669203,,"ball",,,,,13,"Ball","R","L","R","NYY","AZ","B",,,1,2,2025,"0.29","1.06","-0.67","1.46",,,,0,4,"Bot",,,,,,,0.0023209922376958153,-136.6149468259908,-8.269124649540098,3.6338291107795286,27.447665702021503,-17.394944483672923,"3.57","1.76",,,,"94.7",2694,"6.6",778492,672515,647304,606466,553993,672695,664983,677950,682998,"53.93",,,,,,,,28,4,"Cutter",1,2,1,2,2,1,1,2,"Infield shade","Standard",200,"0.005","0.043",,,,"-0.043",,-1,-1,0.42,0.42,30,27,31,27,2,1,,2,5,1,"1.51","-0.29","0.29","39.8",,,,,
"CU","2025-04-01","81.5","-0.67","6","Burnes, Corbin",665862,669203,,"ball",,,,,14,"Ball","R","L","R","NYY","AZ","B",,,0,2,2025,"0.81","-1.05","1.46","0.7",,,,0,4,"Bot",,,,,,,3.2310424657264227,-118.63216938556049,-3.232818407164345,6.904604556915835,25.577904146882794,-41.499661305842864,"3.58","1.79",,,,"81.7",2846,"6.7",778492,672515,647304,606466,553993,672695,664983,677950,682998,"53.83",,,,,,,,28,3,"Curveball",1,2,1,2,2,1,1,2,"Infield shade","Standard",48,"0.003","0.024",,,,"-0.024",,-1,-1,0.417,0.417,30,27,31,27,2,1,,2,5,1,"4.51","-0.81","0.81","44.6",,,,,
"FC","2025-04-01","93.3","-0.86","5.93","Burnes, Corbin",665862,669203,,"swinging_strike",,,,,13,"Swinging Strike","R","L","R","NYY","AZ","S",,,0,1,2025,"0.11","0.88","-0.17","1.11",,,,0,4,"Bot",,,,,,,1.5515270898715243,-135.6464086720271,-8.51766801597928,0.9502281337025555,32.49814289966365,-19.626102269628035,"3.58","1.77",,,,"93.3",2675,"6.6",778492,672515,647304,606466,553993,672695,664983,677950,682998,"53.93",,,,,,,,28,2,"Cutter",1,2,1,2,2,1,1,2,"Infield shade","Standard",188,"-0.006","-0.055","36.9","6.4",,"0.055",,-1,-1,0.423,0.423,30,27,31,27,2,1,,2,5,1,"1.77","-0.11","0.11","43.6",-9.30813149547197,29.034741682255845,42.15051030587756,34.76029532904016,4.030303790409835
"FC","2025-04-01","94.4","-0.99","5.98","Burnes, Corbin",665862,669203,,"called_strike",,,,,8,"Called Strike","R","L","R","NYY","AZ","S",,,0,0,2025,"0.38","1.13","-0.07","1.52",,,,0,4,"Bot",,,,,,,1.5511364728532813,-137.24369022209808,-8.391253773996949,4.38963574248463,30.98741222276123,-16.26198046963417,"3.71","1.58",,,,"94.1",2697,"6.2",778492,672515,647304,606466,553993,672695,664983,677950,682998,"54.32",,,,,,,,28,1,"Cutter",1,2,1,2,2,1,1,2,"Infield shade","Standard",204,"-0.005","-0.039",,,,"0.039",,-1,-1,0.428,0.428,30,27,31,27,2,1,,2,5,1,"1.44","-0.38","0.38","39.2",,,,,
"FC","2025-04-01","92.8","-0.81","5.96","Burnes, Corbin",592450,669203,"force_out","hit_into_play",,,,,8,"Aaron Judge grounds into a force out, third baseman Eugenio Suárez to second baseman Ketel Marte. Oswaldo Cabrera out at 2nd.","R","R","R","NYY","AZ","X",5,"ground_ball",1,0,2025,"0.38","0.71","-0.04","2.1",,700250,665828,2,3,"Bot",108.24,167.39,,,,,1.1475749567943134,-135.09593671271006,-5.640004419387104,4.415789439780863,31.78322242758468,-22.39547075402482,"3.98","1.85",53,"102.3",1,"93.1",2782,"6.6",778492,672515,647304,606466,553993,672695,664983,677950,682998,"53.88",0.509,0.495,"0",1,0,0,4,23,2,"Cutter",1,2,1,2,2,1,1,2,"Standard","Standard",179,"-0.057","-0.305","79.1","8.4",0.596,"0.305","102.3",-1,-1,0.434,0.434,30,33,31,33,2,1,,2,5,1,"1.95","-0.38","-0.38","43.5",11.62815775269759,-9.400393722322272,43.420788013312105,41.33761026794136,32.54717866967164
"FC","2025-04-01","94.1","-0.55","6.07","Burnes, Corbin",592450,669203,,"ball",,,,,14,"Ball","R","R","R","NYY","AZ","B",,,0,0,2025,"0.23","0.84","1.29","1.32",,700250,665828,2,3,"Bot",,,,,,,4.28241129991476,-136.84589648013016,-8.577552869432674,2.061160965386263,28.581671192476033,-19.906053786119262,"4.02","1.85",,,,"94.9",2695,"6.7",778492,672515,647304,606466,553993,672695,664983,677950,682998,"53.82",,,,,,,,23,1,"Cutter",1,2,1,2,2,1,1,2,"Standard","Standard",190,"0.004","0.024",,,,"-0.024",,-1,-1,0.43,0.43,30,33,31,33,2,1,,2,5,1,"1.72","-0.23","-0.23","49.4",,,,,
"CU","2025-04-01","81.6","-0.61","6.01","Burnes, Corbin",641355,669203,"strikeout","swinging_strike_blocked",,,,,14,"Cody Bellinger strikes out swinging.","R","L","R","NYY","AZ","S",2,,1,2,2025,"0.61","-1.02","0.34","0.43",,700250,665828,1,3,"Bot",,,,,,,0.9465735108897007,-118.82055626075719,-3.9956932134144516,5.59454537495597,24.505472039646673,-41.14292022428632,"3.77","1.82",,,,"81.6",2895,"6.4",778492,672515,647304,606466,553993,672695,664983,677950,682998,"54.08",,0,"0",1,0,0,,22,4,"Curveball",1,2,1,2,2,1,1,2,"Infield shade","Standard",42,"-0.042","-0.174","44.9","8.4",,"0.174",,-1,-1,0.472,0.472,30,29,31,30,2,1,,2,5,1,"4.46","-0.61","0.61","46.1",20.93794079177939,-9.425241174188745,47.33125690369795,23.143902686289582,36.858502610322496
"CU","2025-04-01","81","-0.63","6.06","Burnes, Corbin",641355,669203,,"called_strike",,,,,8,"Called Strike","R","L","R","NYY","AZ","S",,,1,1,2025,"0.89","-0.75","-0.03","2.33",,700250,665828,1,3,"Bot",,,,,,,-0.35394130192431084,-117.89747169152717,-0.15843348882790043,8.258880167125039,25.348842958235302,-39.296825479000496,"3.86","1.87",,,,"81",2861,"6.6",778492,672515,647304,606466,553993,672695,664983,677950,682998,"53.93",,,,,,,,22,3,"Curveball",1,2,1,2,2,1,1,2,"Infield shade","Standard",52,"-0.011","-0.058",,,,"0.058",,-1,-1,0.483,0.483,30,29,31,30,2,1,,2,5,1,"4.26","-0.89","0.89","48.2",,,,,
"FC","2025-04-01","93.4","-0.81","6.03","Burnes, Corbin",641355,669203,,"foul",,,,,13,"Foul","R","L","R","NYY","AZ","S",,,1,0,2025,"0.22","0.86","-0.97","2.27",,700250,665828,1,3,"Bot",,,,,,,-0.9249837301688444,-135.96506550693343,-5.864298918579076,2.991837377309168,30.92034744918923,-20.40260494186481,"3.77","1.82",3,"68.2",-39,"94",2729,"6.7",778492,672515,647304,606466,553993,672695,664983,677950,682998,"53.8",,,,,,,,22,2,"Cutter",1,2,1,2,2,1,1,2,"Infield shade","Standard",186,"-0.01","-0.045","69.8","8.1",,"0.045","88.0",-1,-1,0.493,0.493,30,29,31,30,2,1,,2,5,1,"1.76","-0.22","0.22","46.1",22.219836952471173,3.1045596001264832,33.303148847649865,38.47654932521541,25.37448844357894
"FC","2025-04-01","91.2","-0.84","5.96","Burnes, Corbin",641355,669203,,"ball",,,,,11,"Ball","R","L","R","NYY","AZ","B",,,0,0,2025,"0.36","0.78","-2","3.14",,700250,665828,1,3,"Bot",,,,,,,-3.729882002649248,-132.90168219233578,-2.92531143167965,5.08650947051383,26.588501775606044,-22.52706481199504,"3.86","1.9",,,,"91.8",2546,"6.4",778492,672515,647304,606466,553993,672695,664983,677950,682998,"54.09",,,,,,,,22,1,"Cutter",1,2,1,2,2,1,1,2,"Infield shade","Standard",185,"0.007","0.031",,,,"-0.031",,-1,-1,0.486,0.486,30,29,31,30,2,1,,2,5,1,"1.94","-0.36","0.36","46.7",,,,,
"SL","2025-04-01","87.5","-0.71","5.99","Burnes, Corbin",502671,669203,"field_out","hit_into_play",,,,,14,"Paul Goldschmidt flies out to right fielder Corbin Carroll.","R","R","R","NYY","AZ","X",9,"fly_ball",1,1,2025,"0.56","0.09","0.91","1.7",,700250,665828,0,3,"Bot",173.16,124.28,,,,,2.7806816717056613,-127.43754992819596,-4.429203249378556,5.521704900068073,26.673808329650473,-30.464207714692204,"3.41","1.63",221,"80",47,"88",2790,"6.6",778492,672515,647304,606466,553993,672695,664983,677950,682998,"53.93",0.043,0.045,"0",1,0,0,3,21,3,"Slider",1,2,1,2,2,1,1,2,"Standard","Standard",116,"-0.058","-0.238","74.2","8.7",0.056,"0.238","88.0",-1,-1,0.544,0.544,30,37,31,38,2,1,,2,5,1,"2.88","-0.56","-0.56","44.1",12.967613099487455,-3.3758092887763627,32.60128405454908,52.63062153806334,22.60278704587816
"FC","2025-04-01","94.7","-0.6","6.06","Burnes, Corbin",502671,669203,,"ball",,,,,14,"Ball","R","R","R","NYY","AZ","B",,,0,1,2025,"0.45","0.86","1.75","1.24",,700250,665828,0,3,"Bot",,,,,,,5.184576429401705,-137.54199199219792,-8.822145502157861,4.367191737433311,33.22352156566647,-19.404836356410936,"3.57","1.68",,,,"95",2736,"6.8",778492,672515,647304,606466,553993,672695,664983,677950,682998,"53.7",,,,,,,,21,2,"Cutter",1,2,1,2,2,1,1,2,"Standard","Standard",185,"0.006","0.028",,,,"-0.028",,-1,-1,0.538,0.538,30,37,31,38,2,1,,2,5,1,"1.71","-0.45","-0.45","44.7",,,,,
"FC","2025-04-01","93.9","-0.67","6.08","Burnes, Corbin",502671,669203,,"called_strike",,,,,6,"Called Strike","R","R","R","NYY","AZ","S",,,0,0,2025,"0.49","1.03","0.43","2.48",,700250,665828,0,3,"Bot",,,,,,,1.7674646101222624,-136.63073010336635,-5.90793284520618,5.758754141257373,30.824529682095545,-18.147705218171446,"3.52","1.63",,,,"94.4",2579,"6.6",778492,672515,647304,606466,553993,672695,664983,677950,682998,"53.86",,,,,,,,21,1,"Cutter",1,2,1,2,2,1,1,2,"Standard","Standard",188,"-0.009","-0.053",,,,"0.053",,-1,-1,0.547,0.547,30,37,31,38,2,1,,2,5,1,"1.56","-0.49","-0.49","45.4",,,,,
"FC","2025-04-01","92.9","-0.83","6.02","Burnes, Corbin",665828,669203,"walk","ball",,,,,11,"Oswaldo Cabrera walks.","R","L","R","NYY","AZ","B",,,3,1,2025,"0.24","1.11","-1.16","3.26",,700250,,0,3,"Bot",,,,,,,-1.375998014161626,-135.136363479328,-3.6534493013306526,3.2039713272175003,32.894334065836475,-18.072281492041103,"3.28","1.58",,,,"92.8",2650,"6.5",778492,672515,647304,606466,553993,672695,664983,677950,682998,"53.98",,0.691497,"0.7",1,0,0,,20,5,"Cutter",1,2,1,2,2,1,1,2,"Standard","Standard",178,"0.022","0.17",,,,"-0.17",,-1,-1,0.525,0.525,30,26,31,26,1,0,,2,5,1,"1.56","-0.24","0.24","41.3",,,,,
"FC","2025-04-01","93.3","-0.77","6.07","Burnes, Corbin",665828,669203,,"called_strike",,,,,6,"Called Strike","R","L","R","NYY","AZ","S",,,3,0,2025,"0.13","0.92","0.31","2.56",,700250,,0,3,"Bot",,,,,,,2.4946299298180565,-135.83824287596272,-5.289698004817395,1.0812633989901248,31.316402497236158,-19.82843266397346,"3.25","1.55",,,,"93.7",2588,"6.6",778492,672515,647304,606466,553993,672695,664983,677950,682998,"53.91",,,,,,,,20,4,"Cutter",1,2,1,2,2,1,1,2,"Standard","Standard",182,"-0.007","-0.075",,,,"0.075",,-1,-1,0.532,0.532,30,26,31,26,1,0,,2,5,1,"1.71","-0.13","0.13","42.5",,,,,
"FC","2025-04-01","93.4","-0.83","6","Burnes, Corbin",665828,669203,,"ball",,,,,11,"Ball","R","L","R","NYY","AZ","B",,,2,0,2025,"0.2","0.96","-1.22","4.01",,700250,,0,3,"Bot",,,,,,,-1.4525276247288086,-136.01814557968,-1.441825205176284,2.8540863244994195,31.968942317085535,-20.242651833938,"3.2","1.55",,,,"93.6",2542,"6.5",778492,672515,647304,606466,553993,672695,664983,677950,682998,"53.98",,,,,,,,20,3,"Cutter",1,2,1,2,2,1,1,2,"Standard","Standard",189,"0.011","0.112",,,,"-0.112",,-1,-1,0.521,0.521,30,26,31,26,1,0,,2,5,1,"1.67","-0.2","0.2","44.6",,,,,
"FC","2025-04-01","93","-0.96","5.91","Burnes, Corbin",665828,669203,,"ball",,,,,11,"Ball","R","L","R","NYY","AZ","B",,,1,0,2025,"0.25","1.01","-2.13","3.77",,700250,,0,3,"Bot",,,,,,,-3.573581084726745,-135.36544473416237,-1.9232664891072158,3.9225376182052325,30.68571535914053,-19.58081313485563,"3.25","1.55",,,,"93.5",2565,"6.6",778492,672515,647304,606466,553993,672695,664983,677950,682998,"53.86",,,,,,,,20,2,"Cutter",1,2,1,2,2,1,1,2,"Standard","Standard",193,"0.007","0.075",,,,"-0.075",,-1,-1,0.514,0.514,30,26,31,26,1,0,,2,5,1,"1.63","-0.25","0.25","41.9",,,,,
"FC","2025-04-01","93.4","-0.91","5.93","Burnes, Corbin",665828,669203,,"ball",,,,,11,"Ball","R","L","R","NYY","AZ","B",,,0,0,2025,"0.55","0.97","-1.01","3.71",,700250,,0,3,"Bot",,,,,,,-1.4795097879482708,-135.97974029428713,-2.1079723798695995,7.118396132963186,30.713292074867528,-19.930325214893816,"3.31","1.58",,,,"93.9",2555,"6.6",778492,672515,647304,606466,553993,672695,664983,677950,682998,"53.87",,,,,,,,20,1,"Cutter",1,2,1,2,2,1,1,2,"Standard","Standard",185,"0.004","0.032",,,,"-0.032",,-1,-1,0.51,0.51,30,26,31,26,1,0,,2,5,1,"1.65","-0.55","0.55","38.2",,,,,
"FC","2025-04-01","93.7","-1","5.87","Burnes, Corbin",700250,669203,"double","hit_into_play",,,,,5,"Ben Rice doubles (1) on a sharp line drive to right fielder Corbin Carroll.","R","L","R","NYY","AZ","X",9,"line_drive",0,1,2025,"0.44","1.04","-0.03","2.56",,,,0,3,"Bot",172.66,57.98,,,,,1.5643934546570646,-136.44692784806784,-5.176489991430233,5.143029539903804,30.065648821006526,-18.22137728638307,"3.59","1.79",316,"111",16,"94.3",2753,"6.6",778492,672515,647304,606466,553993,672695,664983,677950,682998,"53.87",0.5179,0.767,"1.25",1,1,1,6,19,2,"Cutter",1,2,1,2,2,1,1,2,"Infield shade","Standard",190,"0.077","0.756","82.3","7.5",1.3587,"-0.756","111.0",-1,-1,0.433,0.433,30,26,31,26,1,0,,2,5,1,"1.55","-0.44","0.44","37.1",7.622700440982435,-3.232324615616037,36.488063401094,38.16651874915018,21.94163907047602
"FC","2025-04-01","94.2","-0.99","5.94","Burnes, Corbin",700250,669203,,"called_strike",,,,,8,"Called Strike","R","L","R","NYY","AZ","S",,,0,0,2025,"0.31","1.05","0.07","1.72",,,,0,3,"Bot",,,,,,,2.0673345958275338,-137.03247782680234,-7.620513624710927,3.505086176698423,29.388441792028043,-17.420320274114488,"3.7","1.84",,,,"94.6",2789,"6.5",778492,672515,647304,606466,553993,672695,664983,677950,682998,"54.02",,,,,,,,19,1,"Cutter",1,2,1,2,2,1,1,2,"Standard","Standard",188,"-0.004","-0.039",,,,"0.039",,-1,-1,0.437,0.437,30,26,31,26,1,0,,2,5,1,"1.51","-0.31","0.31","39.3",,,,,
"FC","2025-04-01","93.9","-0.78","5.93","Burnes, Corbin",691176,669203,"home_run","hit_into_play",,,,,9,"Jasson Domínguez homers (1) on a fly ball to right center field.","R","L","R","NYY","AZ","X",,"fly_ball",2,1,2025,"0.07","0.8","0.47","1.9",,,,0,3,"Bot",180.54,56.85,,,,,3.1084238630329097,-136.5855451801809,-6.485490369254125,0.1628556032423028,32.79543534553681,-20.949137003949925,"3.4","1.65",377,"100",25,"94.2",2606,"6.7",778492,672515,647304,606466,553993,672695,664983,677950,682998,"53.81",0.43548275862068975,0.7724137931034483,"2",1,0,3,6,18,4,"Cutter",0,2,0,2,2,1,1,2,"Infield shade","Standard",196,"0.105","1.068","76.3","7.9",1.4689999999999996,"-1.068","100.0",-2,-2,0.332,0.332,30,22,31,22,1,0,,2,5,1,"1.81","-0.07","0.07","41.5",5.384630514430174,-9.691018171644933,39.376641461307464,26.576737234671818,32.537336824531764
"CH","2025-04-01","89.7","-0.84","5.79","Burnes, Corbin",691176,669203,,"ball",,,,,13,"Ball","R","L","R","NYY","AZ","B",,,1,1,2025,"-1.4","0.58","-0.25","0.49",,,,0,3,"Bot",,,,,,,4.451370426375238,-130.3980588362651,-8.385517481143678,-16.918171201339614,28.29096751125077,-23.924518142824695,"3.38","1.65",,,,"90.2",2320,"6.7",778492,672515,647304,606466,553993,672695,664983,677950,682998,"53.76",,,,,,,,18,3,"Changeup",0,2,0,2,2,0,0,2,"Infield shade","Standard",217,"0.005","0.055",,,,"-0.055",,-2,-2,0.327,0.327,30,22,31,22,1,0,,2,5,1,"2.26","1.4","-1.4","42.8",,,,,
"FC","2025-04-01","93.4","-0.75","6.02","Burnes, Corbin",691176,669203,,"ball",,,,,14,"Ball","R","L","R","NYY","AZ","B",,,0,1,2025,"0.51","0.87","1.23","1.26",,,,0,3,"Bot",,,,,,,4.016693530849354,-135.7915486586533,-8.515575648011087,5.4829021728869956,27.83982190339344,-19.762960965119312,"3.41","1.68",,,,"94.3",2774,"6.7",778492,672515,647304,606466,553993,672695,664983,677950,682998,"53.76",,,,,,,,18,2,"Cutter",0,2,0,2,2,0,0,2,"Infield shade","Standard",184,"0.003","0.031",,,,"-0.031",,-2,-2,0.324,0.324,30,22,31,22,1,0,,2,5,1,"1.73","-0.51","0.51","42.2",,,,,
"CU","2025-04-01","82.8","-0.7","6.06","Burnes, Corbin",691176,669203,,"swinging_strike",,,,,14,"Swinging Strike","R","L","R","NYY","AZ","S",,,0,0,2025,"0.72","-0.66","1","0.55",,,,0,3,"Bot",,,,,,,2.46832425033779,-120.55858711058647,-4.830333463142045,6.549161557988746,23.900350717576874,-37.87451145773807,"3.4","1.65",,,,"83.2",2909,"6.5",778492,672515,647304,606466,553993,672695,664983,677950,682998,"53.96",,,,,,,,18,1,"Curveball",0,2,0,2,2,0,0,2,"Infield shade","Standard",50,"-0.004","-0.039","70.7","9.7",,"0.039",,-2,-2,0.328,0.328,30,22,31,22,1,0,,2,5,1,"3.99","-0.72","0.72","46.0",27.60676863308666,-55.167951393150155,35.57016907384872,21.91925926020332,64.43973434001809
"CU","2025-04-01","82.8","-0.65","6.03","Burnes, Corbin",669224,669203,"field_out","hit_into_play",,,,,9,"Austin Wells grounds out softly to first baseman Josh Naylor.","R","L","R","NYY","AZ","X",3,"ground_ball",2,2,2025,"0.82","-0.68","0.51","1.64",,,,2,2,"Bot",136.18,192.9,,,,,1.0687623787610017,-120.52053412506396,-2.1887942801717504,7.7503702594111905,24.927773976291533,-38.54665242234426,"3.35","1.63",2,"48.8",-36,"83.1",2916,"6.6",778492,672515,647304,606466,553993,672695,664983,677950,682998,"53.85",0.195,0.172,"0",1,0,0,1,12,6,"Curveball",0,0,0,0,0,0,0,0,"Infield shade","Standard",60,"-0.01","-0.224","32.6","7.2",0.211,"0.224","88.0",0,0,0.51,0.51,30,25,31,26,1,0,,2,5,1,"4.02","-0.82","0.82","45.5",7.089819466854657,5.405872403785399,37.53723348377354,28.461191925249537,24.556275823324526
"FC","2025-04-01","94.5","-0.69","6.05","Burnes, Corbin",669224,669203,,"foul",,,,,12,"Foul","R","L","R","NYY","AZ","S",,,2,2,2025,"0.47","0.84","1.26","2.53",,,,2,2,"Bot",,,,,,,4.059771471902297,-137.52418824083114,-5.388944560422505,4.97602992260159,31.11486493421386,-20.50990392361279,"3.35","1.63",12,"99.4",-10,"95.3",2890,"6.8",778492,672515,647304,606466,553993,672695,664983,677950,682998,"53.69",,,,,,,,12,5,"Cutter",0,0,0,0,0,0,0,0,"Infield shade","Standard",170,"0","0","77.2","7.9",,"0","99.4",0,0,0.51,0.51,30,25,31,26,1,0,,2,5,1,"1.72","-0.47","0.47","47.3",22.015751247704262,-24.583340726742207,34.16445688678973,20.815067544290166,39.332805912725405
"FC","2025-04-01","94","-0.93","5.9","Burnes, Corbin",669224,669203,,"called_strike",,,,,7,"Called Strike","R","L","R","NYY","AZ","S",,,2,1,2025,"0.32","0.92","-0.5","1.68",,,,2,2,"Bot",,,,,,,0.40360650965080663,-136.77877301039632,-7.271733299345471,3.9264136378718777,29.808885816528083,-19.287798424693822,"3.41","1.65",,,,"94.5",2809,"6.5",778492,672515,647304,606466,553993,672695,664983,677950,682998,"53.97",,,,,,,,12,4,"Cutter",0,0,0,0,0,0,0,0,"Infield shade","Standard",191,"-0.002","-0.073",,,,"0.073",,0,0,0.512,0.512,30,25,31,26,1,0,,2,5,1,"1.66","-0.32","0.32","39.7",,,,,
"FC","2025-04-01","94.2","-0.92","5.91","Burnes, Corbin",669224,669203,,"ball",,,,,13,"Ball","R","L","R","NYY","AZ","B",,,1,1,2025,"0.08","0.8","-0.33","0.77",,,,2,2,"Bot",,,,,,,1.3766835099908397,-136.9390635163391,-9.433870579884108,0.6505871688981408,31.778923929791944,-20.15532059501087,"3.43","1.68",,,,"94.4",2879,"6.6",778492,672515,647304,606466,553993,672695,664983,677950,682998,"53.9",,,,,,,,12,3,"Cutter",0,0,0,0,0,0,0,0,"Infield shade","Standard",194,"0.002","0.053",,,,"-0.053",,0,0,0.51,0.51,30,25,31,26,1,0,,2,5,1,"1.78","-0.08","0.08","40.6",,,,,
"CH","2025-04-01","89.1","-0.92","5.76","Burnes, Corbin",669224,669203,,"ball",,,,,11,"Ball","R","L","R","NYY","AZ","B",,,0,1,2025,"-1.38","0.81","-1.57","2.64",,,,2,2,"Bot",,,,,,,1.314977063367732,-129.71769414490294,-3.2854763047951283,-15.78598906370648,30.870048013297588,-22.533145431208144,"3.46","1.63",,,,"89.2",2358,"6.7",778492,672515,647304,606466,553993,672695,664983,677950,682998,"53.83",,,,,,,,12,2,"Changeup",0,0,0,0,0,0,0,0,"Infield shade","Standard",219,"0.001","0.027",,,,"-0.027",,0,0,0.509,0.509,30,25,31,26,1,0,,2,5,1,"2.09","1.38","-1.38","43.0",,,,,
"FC","2025-04-01","93.6","-0.79","5.95","Burnes, Corbin",669224,669203,,"called_strike",,,,,7,"Called Strike","R","L","R","NYY","AZ","S",,,0,0,2025,"0.25","0.84","-0.73","1.8",,,,2,2,"Bot",,,,,,,-0.4141987995326766,-136.27980473819915,-6.836159697646615,3.1974759147350897,29.790043049107876,-20.437659524081564,"3.49","1.65",,,,"94",2768,"6.5",778492,672515,647304,606466,553993,672695,664983,677950,682998,"54",,,,,,,,12,1,"Cutter",0,0,0,0,0,0,0,0,"Infield shade","Standard",181,"-0.002","-0.043",,,,"0.043",,0,0,0.511,0.511,30,25,31,26,1,0,,2,5,1,"1.76","-0.25","0.25","45.9",,,,,
"FC","2025-04-01","95.2","-0.68","6.05","Burnes, Corbin",683011,669203,"strikeout","swinging_strike",,,,,9,"Anthony Volpe strikes out swinging.","R","R","R","NYY","AZ","S",2,,2,2,2025,"0.35","0.97","0.54","1.99",,,,1,2,"Bot",,,,,,,2.427336454437332,-138.62326287270625,-7.250436589078392,4.015966448994584,28.763049977196648,-18.264135872970986,"3.29","1.63",,,,"95.8",2791,"6.4",778492,672515,647304,606466,553993,672695,664983,677950,682998,"54.09",,0,"0",1,0,0,,11,6,"Cutter",0,0,0,0,0,0,0,0,"Standard","Standard",191,"-0.015","-0.228","63.3","6.9",,"0.228",,0,0,0.526,0.526,30,24,31,24,1,0,,2,5,1,"1.53","-0.35","-0.35","41.3",-4.191778738893728,29.09140308020497,34.51159642667985,42.882634371315305,8.174459921138837
"FC","2025-04-01","94.6","-0.83","6","Burnes, Corbin",683011,669203,,"foul",,,,,4,"Foul","R","R","R","NYY","AZ","S",,,2,2,2025,"0.31","0.77","-0.3","2.76",,,,1,2,"Bot",,,,,,,0.692611862137272,-137.72359269525933,-4.471189899406363,3.7267438243171314,31.786084028291476,-21.592282673624624,"3.29","1.63",171,"66.7",56,"94.5",2724,"6.3",778492,672515,647304,606466,553993,672695,664983,677950,682998,"54.22",,,,,,,,11,5,"Cutter",0,0,0,0,0,0,0,0,"Standard","Standard",183,"0","0","70.4","6.6",,"0","88.0",0,0,0.526,0.526,30,24,31,24,1,0,,2,5,1,"1.78","-0.31","-0.31","45.5",6.400674079736732,15.318702661932804,32.000891760908196,32.7306011450127,21.934119590635824
"SL","2025-04-01","87.7","-0.75","5.92","Burnes, Corbin",683011,669203,,"ball",,,,,14,"Ball","R","R","R","NYY","AZ","B",,,1,2,2025,"0.62","-0.08","1.54","0.7",,,,1,2,"Bot",,,,,,,4.282320812029665,-127.48392605087426,-6.2845750362813435,5.7006729959219085,29.474537812669432,-31.783548880494084,"3.43","1.68",,,,"87.8",3024,"6.7",778492,672515,647304,606466,553993,672695,664983,677950,682998,"53.81",,,,,,,,11,4,"Slider",0,0,0,0,0,0,0,0,"Standard","Standard",97,"0.002","0.048",,,,"-0.048",,0,0,0.524,0.524,30,24,31,24,1,0,,2,5,1,"3.08","-0.62","-0.62","41.5",,,,,
"FC","2025-04-01","95.3","-0.83","5.93","Burnes, Corbin",683011,669203,,"ball",,,,,14,"Ball","R","R","R","NYY","AZ","B",,,0,2,2025,"0.27","0.91","1.15","1",,,,1,2,"Bot",,,,,,,4.618995662405741,-138.41330662036881,-9.310893963326121,2.1646943244640715,36.122213435023035,-18.439010844199498,"3.41","1.63",,,,"95.2",2726,"6.7",778492,672515,647304,606466,553993,672695,664983,677950,682998,"53.8",,,,,,,,11,3,"Cutter",0,0,0,0,0,0,0,0,"Standard","Standard",190,"0.002","0.017",,,,"-0.017",,0,0,0.522,0.522,30,24,31,24,1,0,,2,5,1,"1.65","-0.27","-0.27","41.9",,,,,
"FC","2025-04-01","93.1","-0.8","5.97","Burnes, Corbin",683011,669203,,"foul",,,,,3,"Foul","R","R","R","NYY","AZ","S",,,0,1,2025,"0.25","1.06","0.67","2.9",,,,1,2,"Bot",,,,,,,3.252352965288592,-135.42653268311435,-4.416791982088453,2.2460831438727924,32.30604197444175,-18.376895775571697,"3.29","1.63",143,"79.3",11,"93.5",2789,"6.7",778492,672515,647304,606466,553993,672695,664983,677950,682998,"53.76",,,,,,,,11,2,"Cutter",0,0,0,0,0,0,0,0,"Standard","Standard",184,"-0.003","-0.052","75.0","7.5",,"0.052","88.0",0,0,0.525,0.525,30,24,31,24,1,0,,2,5,1,"1.59","-0.25","-0.25","43.3",14.28303339658406,-2.5888446585724645,26.469359840496168,43.45404543868256,27.31870461978238
"FC","2025-04-01","94.4","-0.91","5.99","Burnes, Corbin",683011,669203,,"called_strike",,,,,9,"Called Strike","R","R","R","NYY","AZ","S",,,0,0,2025,"0.33","1.04","0.47","2.09",,,,1,2,"Bot",,,,,,,2.889196974462628,-137.28999951040478,-6.761038234518815,3.404339910858233,33.15496018487089,-17.765536919223596,"3.41","1.65",,,,"94.7",2677,"6.7",778492,672515,647304,606466,553993,672695,664983,677950,682998,"53.79",,,,,,,,11,1,"Cutter",0,0,0,0,0,0,0,0,"Standard","Standard",194,"-0.003","-0.039",,,,"0.039",,0,0,0.528,0.528,30,24,31,24,1,0,,2,5,1,"1.54","-0.33","-0.33","39.8",,,,,
"CU","2025-04-01","80.5","-0.66","6.1","Burnes, Corbin",665862,669203,"strikeout","called_strike",,,,,4,"Jazz Chisholm Jr. called out on strikes.","R","L","R","NYY","AZ","S",2,,2,2,2025,"0.8","-0.93","-0.8","2.95",,,,0,2,"Bot",,,,,,,-1.8433528947820599,-117.13078361800402,1.5689148456663378,7.690753656827719,25.74684406839433,-41.19795425116927,"3.58","1.73",,,,"80.1",2848,"6.4",778492,672515,647304,606466,553993,672695,664983,677950,682998,"54.12",,0,"0",1,0,0,,10,6,"Curveball",0,0,0,0,0,0,0,0,"Infield shade","Standard",44,"-0.021","-0.232",,,,"0.232",,0,0,0.549,0.549,30,27,31,27,1,0,,2,5,1,"4.49","-0.8","0.8","51.7",,,,,
"FC","2025-04-01","93","-0.96","5.84","Burnes, Corbin",665862,669203,,"foul",,,,,13,"Foul","R","L","R","NYY","AZ","S",,,2,2,2025,"0.14","0.47","-0.63","1.06",,,,0,2,"Bot",,,,,,,0.5274785718500967,-135.2520573415812,-7.475414243694001,1.5550794689462875,33.34262341746863,-24.869194553240003,"3.58","1.77",,,,"92.9",2815,"6.6",778492,672515,647304,606466,553993,672695,664983,677950,682998,"53.93",,,,,,,,10,5,"Cutter",0,0,0,0,0,0,0,0,"Infield shade","Standard",174,"0","0","72.8","8.0",,"0",,0,0,0.549,0.549,30,27,31,27,1,0,,2,5,1,"2.2","-0.14","0.14","38.0",16.994312291544407,-5.93531205379184,38.51711570754881,38.644211800538,31.212068487133767
"FC","2025-04-01","95.8","-0.89","5.9","Burnes, Corbin",665862,669203,,"called_strike",,,,,7,"Called Strike","R","L","R","NYY","AZ","S",,,2,1,2025,"-0.24","1.05","-0.74","1.66",,,,0,2,"Bot",,,,,,,0.91597044423209,-139.30508831697503,-7.974584251335289,-3.2842892241237935,33.727916169312984,-16.854990630936403,"3.58","1.74",,,,"96.2",2763,"6.7",778492,672515,647304,606466,553993,672695,664983,677950,682998,"53.79",,,,,,,,10,4,"Cutter",0,0,0,0,0,0,0,0,"Infield shade","Standard",178,"-0.006","-0.073",,,,"0.073",,0,0,0.555,0.555,30,27,31,27,1,0,,2,5,1,"1.45","0.24","-0.24","40.6",,,,,
"CH","2025-04-01","88.5","-0.86","5.79","Burnes, Corbin",665862,669203,,"ball",,,,,11,"Ball","R","L","R","NYY","AZ","B",,,1,1,2025,"-1.54","1.31","-1.64","3.88",,,,0,2,"Bot",,,,,,,1.3250679156413456,-128.7412610330129,-1.2419661239818618,-17.185951555407826,31.29362279869742,-17.752709047383195,"3.58","1.8",,,,"88.4",2350,"6.7",778492,672515,647304,606466,553993,672695,664983,677950,682998,"53.84",,,,,,,,10,3,"Changeup",0,0,0,0,0,0,0,0,"Infield shade","Standard",211,"0.005","0.055",,,,"-0.055",,0,0,0.55,0.55,30,27,31,27,1,0,,2,5,1,"1.64","1.54","-1.54","41.3",,,,,
"FC","2025-04-01","93.6","-0.89","6.02","Burnes, Corbin",665862,669203,,"swinging_strike",,,,,7,"Swinging Strike","R","L","R","NYY","AZ","S",,,1,0,2025,"-0.2","1.18","-0.47","2.18",,,,0,2,"Bot",,,,,,,1.5300036663378949,-136.12542310864217,-6.741511215705531,-2.8589553824066583,32.79212119109603,-16.237967766780017,"3.58","1.77",,,,"93.5",2736,"6.5",778492,672515,647304,606466,553993,672695,664983,677950,682998,"54.02",,,,,,,,10,2,"Cutter",0,0,0,0,0,0,0,0,"Infield shade","Standard",194,"-0.005","-0.05","80.7","8.4",,"0.05",,0,0,0.555,0.555,30,27,31,27,1,0,,2,5,1,"1.45","0.2","-0.2","44.4",22.24282368162634,-16.573407585254223,34.57617450646275,37.94397079547778,31.567615530320765
"FC","2025-04-01","93.2","-1.02","5.99","Burnes, Corbin",665862,669203,,"ball",,,,,13,"Ball","R","L","R","NYY","AZ","B",,,0,0,2025,"0.3","0.74","-0.87","1.17",,,,0,2,"Bot",,,,,,,-0.2635370043686439,-135.53642937274287,-8.169047367389433,3.7175334634877366,32.99150848321225,-21.416198708769013,"3.6","1.77",,,,"93.1",2754,"6.5",778492,672515,647304,606466,553993,672695,664983,677950,682998,"54",,,,,,,,10,1,"Cutter",0,0,0,0,0,0,0,0,"Infield shade","Standard",191,"0.004","0.041",,,,"-0.041",,0,0,0.551,0.551,30,27,31,27,1,0,,2,5,1,"1.92","-0.3","0.3","41.3",,,,,
"SL","2025-04-01","86.6","-0.83","6.01","Burnes, Corbin",592450,669203,"field_out","hit_into_play",,,,,4,"Aaron Judge pops out to third baseman Eugenio Suárez.","R","R","R","NYY","AZ","X",5,"popup",0,1,2025,"0.54","0.19","-0.67","3.29",,,,2,1,"Bot",117.36,175.5,,,,,-0.7178978767559876,-126.19007417050294,-0.735558262087842,5.9245683726404454,24.341423946331073,-30.156283615641236,"3.98","1.85",88,"90.8",72,"87.5",2896,"6.6",778492,672515,647304,606466,553993,672695,664983,677950,682998,"53.86",0.003,0.002,"0",1,0,0,3,6,2,"Slider",0,0,0,0,0,0,0,0,"Strategic","Standard",98,"-0.008","-0.217","73.9","7.8",0.003,"0.217","90.8",0,0,0.508,0.508,30,33,31,33,1,0,,2,5,1,"2.82","-0.54","-0.54","41.9",17.31526937452123,-12.97452846176023,34.83852515714294,32.88176099650266,32.16905408983442
"FC","2025-04-01","94.3","-0.82","6.09","Burnes, Corbin",592450,669203,,"foul_tip",,,,,9,"Foul Tip","R","R","R","NYY","AZ","S",,,0,0,2025,"0.07","0.87","0.38","2.42",,,,2,1,"Bot",,,,,,,2.9769944383238816,-137.28082150818423,-5.863412766596433,0.29437229816557525,27.652432941308458,-20.053919635460577,"3.98","1.85",,,,"95.2",2823,"6.6",778492,672515,647304,606466,553993,672695,664983,677950,682998,"53.91",,,,,,,,6,1,"Cutter",0,0,0,0,0,0,0,0,"Standard","Standard",182,"-0.002","-0.043","80.9","8.9",,"0.043",,0,0,0.51,0.51,30,33,31,33,1,0,,2,5,1,"1.67","-0.07","-0.07","43.8",28.008723538472122,-16.46917882827454,34.39912394963335,44.81044446582153,39.27774172116092
"FC","2025-04-01","93.3","-0.71","6.08","Burnes, Corbin",641355,669203,"strikeout","swinging_strike",,,,,9,"Cody Bellinger strikes out swinging.","R","L","R","NYY","AZ","S",2,,3,2,2025,"0.22","0.68","0.66","1.98",,,,1,1,"Bot",,,,,,,3.050877818622869,-135.8149875820677,-6.373934317552654,2.1375131381777974,26.757617189126982,-22.635609476844635,"3.77","1.82",,,,"94",2797,"6.5",778492,672515,647304,606466,553993,672695,664983,677950,682998,"54.02",,0,"0",1,0,0,,5,9,"Cutter",0,0,0,0,0,0,0,0,"Infield shade","Standard",176,"-0.02","-0.332","73.5","8.0",,"0.332",,0,0,0.53,0.53,30,29,31,30,1,0,,2,5,1,"1.92","-0.22","0.22","44.3",25.498313992718803,-25.078866395839043,39.97428932077553,19.98884843393148,38.90185974687902
"FC","2025-04-01","95.1","-0.85","5.99","Burnes, Corbin",641355,669203,,"foul",,,,,13,"Foul","R","L","R","NYY","AZ","S",,,3,2,2025,"0.2","1.23","-1.17","2.15",,,,1,1,"Bot",,,,,,,-1.282438011434458,-138.361752945374,-7.1718817925582155,2.8053673038204274,31.284523054200083,-14.973378225165531,"3.77","1.82",232,"79.8",45,"95.1",2625,"6.3",778492,672515,647304,606466,553993,672695,664983,677950,682998,"54.16",,,,,,,,5,8,"Cutter",0,0,0,0,0,0,0,0,"Infield shade","Standard",189,"0","0","56.9","7.7",,"0","88.0",0,0,0.53,0.53,30,29,31,30,1,0,,2,5,1,"1.29","-0.2","0.2","40.7",-4.123395618233691,13.938959028821419,33.45064827678271,41.53492190485252,13.44529284089898
"CU","2025-04-01","82.7","-0.59","6.04","Burnes, Corbin",641355,669203,,"foul",,,,,9,"Foul","R","L","R","NYY","AZ","S",,,3,2,2025,"0.73","-0.89","0.7","1.85",,,,1,1,"Bot",,,,,,,1.5391155405085786,-120.43159551574321,-1.3363772069434567,6.773915577593236,23.86869513001897,-40.76490299074991,"3.77","1.82",11,"87",-9,"82.6",2846,"6.2",778492,672515,647304,606466,553993,672695,664983,677950,682998,"54.29",,,,,,,,5,7,"Curveball",0,0,0,0,0,0,0,0,"Infield shade","Standard",55,"0","0","73.8","8.8",,"0","88.0",0,0,0.53,0.53,30,29,31,30,1,0,,2,5,1,"4.22","-0.73","0.73","47.2",28.972646391800506,-29.01578693968739,40.91066577302527,19.490535189720436,41.45687697302313
"FC","2025-04-01","94.6","-0.9","5.94","Burnes, Corbin",641355,669203,,"foul",,,,,13,"Foul","R","L","R","NYY","AZ","S",,,3,2,2025,"0.17","0.77","-0.67","1.56",,,,1,1,"Bot",,,,,,,0.23612299407543283,-137.55857947995807,-7.4537009870880455,2.077263662283444,32.1300096155363,-20.97678723906709,"3.77","1.82",2,"65.4",-33,"94.7",2831,"6.5",778492,672515,647304,606466,553993,672695,664983,677950,682998,"53.97",,,,,,,,5,6,"Cutter",0,0,0,0,0,0,0,0,"Infield shade","Standard",182,"0","0","69.0","8.6",,"0","88.0",0,0,0.53,0.53,30,29,31,30,1,0,,2,5,1,"1.8","-0.17","0.17","39.2",24.550534929794242,-3.256234051313377,37.39294606090652,35.682797884513235,29.89686063147349
"FC","2025-04-01","93.4","-0.92","5.99","Burnes, Corbin",641355,669203,,"ball",,,,,13,"Ball","R","L","R","NYY","AZ","B",,,2,2,2025,"0.3","0.76","-1.13","1.63",,,,1,1,"Bot",,,,,,,-1.1946693429869422,-135.8594029535237,-7.144715300550038,4.0383363492626545,30.64429388981498,-21.348402202607737,"3.92","1.93",,,,"93.4",2869,"6.4",778492,672515,647304,606466,553993,672695,664983,677950,682998,"54.11",,,,,,,,5,5,"Cutter",0,0,0,0,0,0,0,0,"Infield shade","Standard",192,"0.006","0.104",,,,"-0.104",,0,0,0.524,0.524,30,29,31,30,1,0,,2,5,1,"1.86","-0.3","0.3","40.6",,,,,
"CH","2025-04-01","90.4","-0.83","5.79","Burnes, Corbin",641355,669203,,"swinging_strike",,,,,11,"Swinging Strike","R","L","R","NYY","AZ","S",,,2,1,2025,"-1.58","0.96","-1.12","3.24",,,,1,1,"Bot",,,,,,,2.681536085712841,-131.4959892127211,-2.3679751354851746,-18.785426998045754,33.066156471056175,-20.802672676928722,"3.77","1.82",,,,"90.4",2373,"6.7",778492,672515,647304,606466,553993,672695,664983,677950,682998,"53.77",,,,,,,,5,4,"Changeup",0,0,0,0,0,0,0,0,"Infield shade","Standard",214,"-0.005","-0.07","73.5","7.8",,"0.07",,0,0,0.529,0.529,30,29,31,30,1,0,,2,5,1,"1.87","1.58","-1.58","39.7",15.543423558024271,1.6347227302528637,25.71011613285,41.591444684732274,26.738935870962155
"FC","2025-04-01","93.8","-0.92","5.94","Burnes, Corbin",641355,669203,,"ball",,,,,13,"Ball","R","L","R","NYY","AZ","B",,,1,1,2025,"0.25","1.08","-0.18","1.42",,,,1,1,"Bot",,,,,,,1.3503452571189003,-136.311000164823,-8.342706045594987,2.806331384597634,31.81022630315888,-16.990839454336555,"3.92","1.98",,,,"93.8",2754,"6.5",778492,672515,647304,606466,553993,672695,664983,677950,682998,"53.99",,,,,,,,5,3,"Cutter",0,0,0,0,0,0,0,0,"Infield shade","Standard",200,"0.004","0.055",,,,"-0.055",,0,0,0.525,0.525,30,29,31,30,1,0,,2,5,1,"1.53","-0.25","0.25","41.4",,,,,
"FC","2025-04-01","92.9","-0.99","6.02","Burnes, Corbin",641355,669203,,"ball",,,,,13,"Ball","R","L","R","NYY","AZ","B",,,0,1,2025,"0.27","0.95","-1.5","2.25",,,,1,1,"Bot",,,,,,,-1.9241988710899678,-135.27171165281797,-6.001323190422957,3.781116110196087,28.34593854217278,-19.478623123470836,"3.89","1.93",,,,"93.6",2735,"6.6",778492,672515,647304,606466,553993,672695,664983,677950,682998,"53.95",,,,,,,,5,2,"Cutter",0,0,0,0,0,0,0,0,"Infield shade","Standard",189,"0.001","0.029",,,,"-0.029",,0,0,0.524,0.524,30,29,31,30,1,0,,2,5,1,"1.68","-0.27","0.27","40.2",,,,,
"FC","2025-04-01","93.2","-0.81","6.08","Burnes, Corbin",641355,669203,,"called_strike",,,,,13,"Called Strike","R","L","R","NYY","AZ","S",,,0,0,2025,"0.19","0.91","-0.53","1.33",,,,1,1,"Bot",,,,,,,0.2937295643394489,-135.67343735556815,-8.50537351049788,2.272459932562007,28.3664151341175,-19.286539827071365,"3.92","1.82",,,,"93.7",2767,"6.5",778492,672515,647304,606466,553993,672695,664983,677950,682998,"54.03",,,,,,,,5,1,"Cutter",0,0,0,0,0,0,0,0,"Infield shade","Standard",184,"-0.002","-0.039",,,,"0.039",,0,0,0.526,0.526,30,29,31,30,1,0,,2,5,1,"1.7","-0.19","0.19","42.8",,,,,
"FC","2025-04-01","94","-0.69","6.08","Burnes, Corbin",502671,669203,"strikeout","swinging_strike",,,,,14,"Paul Goldschmidt strikes out swinging.","R","R","R","NYY","AZ","S",2,,1,2,2025,"0.23","1.11","0.66","1.06",,,,0,1,"Bot",,,,,,,2.988136037400723,-136.53919104799397,-9.781559443380083,2.255402281511723,30.454895137562914,-16.32535554516148,"3.41","1.63",,,,"94.6",2643,"6.7",778492,672515,647304,606466,553993,672695,664983,677950,682998,"53.76",,0,"0",1,0,0,,4,4,"Cutter",0,0,0,0,0,0,0,0,"Infield shade","Standard",194,"-0.016","-0.189","74.5","7.8",,"0.189",,0,0,0.542,0.542,30,37,31,38,1,0,,2,5,1,"1.48","-0.23","-0.23","41.5",-1.2004323521156193,7.113220489802137,41.24983229883549,47.41862285242881,13.77738532133974
"SL","2025-04-01","85.3","-0.75","5.97","Burnes, Corbin",502671,669203,,"ball",,,,,14,"Ball","R","R","R","NYY","AZ","B",,,0,2,2025,"0.42","-0.21","1.39","0.06",,,,0,1,"Bot",,,,,,,4.21153447637213,-124.13933794785503,-7.236730328103484,3.48772528659432,24.506822989040295,-33.156895019641034,"3.5","1.63",,,,"85.9",2820,"6.6",778492,672515,647304,606466,553993,672695,664983,677950,682998,"53.89",,,,,,,,4,3,"Slider",0,0,0,0,0,0,0,0,"Standard","Standard",73,"0.002","0.024",,,,"-0.024",,0,0,0.54,0.54,30,37,31,38,1,0,,2,5,1,"3.34","-0.42","-0.42","47.1",,,,,
"FC","2025-04-01","93.8","-0.78","6.08","Burnes, Corbin",502671,669203,,"swinging_strike",,,,,12,"Swinging Strike","R","R","R","NYY","AZ","S",,,0,1,2025,"0.32","0.96","1.25","2.6",,,,0,1,"Bot",,,,,,,4.576446045754565,-136.43525571775407,-5.403776264242304,2.9467469845839287,30.413808777803837,-19.230078660350802,"3.41","1.63",,,,"94",2616,"6.4",778492,672515,647304,606466,553993,672695,664983,677950,682998,"54.06",,,,,,,,4,2,"Cutter",0,0,0,0,0,0,0,0,"Standard","Standard",190,"-0.005","-0.055","70.4","7.3",,"0.055",,0,0,0.545,0.545,30,37,31,38,1,0,,2,5,1,"1.64","-0.32","-0.32","42.4",2.448601865758261,34.078075447923304,24.650345056120308,56.018462189983765,-2.1986857567671283
"FC","2025-04-01","92.8","-0.81","6.13","Burnes, Corbin",502671,669203,,"foul",,,,,12,"Foul","R","R","R","NYY","AZ","S",,,0,0,2025,"0.44","0.83","0.89","2.92",,,,0,1,"Bot",,,,,,,3.382386124840643,-134.987275301704,-4.184468991205389,4.528173394629971,31.71552392688704,-21.33013349446703,"3.41","1.63",170,"83.6",63,"92.6",2752,"6.4",778492,672515,647304,606466,553993,672695,664983,677950,682998,"54.13",,,,,,,,4,1,"Cutter",0,0,0,0,0,0,0,0,"Standard","Standard",184,"-0.003","-0.039","72.8","7.6",,"0.039","88.0",0,0,0.548,0.548,30,37,31,38,1,0,,2,5,1,"1.84","-0.44","-0.44","43.3",12.375445436282213,4.736142145664296,26.18960384333393,50.755331007059574,20.11420404635651
,"2025-03-21",,,,"Burnes, Corbin",669003,669203,"single","hit_into_play",,,,,,"Garrett Mitchell singles on a line drive to center fielder Alek Thomas. Jackson Chourio scores. William Contreras to 3rd.","S","L","R","MIL","AZ","X",8,"line_drive",1,0,2025,,,,,694192,661388,,1,4,"Bot",127.14,142.65,,,,,,,,,,,,,,,,,,,779089,672515,808768,606466,553993,672695,666971,677950,682998,,,,"0.9",,1,0,,46,2,,6,8,6,8,8,7,7,8,,,,"0.092","0.456",,,,"-0.456",,-2,-2,0.425,0.425,30,26,31,27,3,2,,,,,,,,,,,,,
,"2025-03-21",,,,"Burnes, Corbin",669003,669203,,"ball",,,,,,"Ball","S","L","R","MIL","AZ","B",,,0,0,2025,,,,,,694192,661388,1,4,"Bot",,,,,,,,,,,,,,,,,,,,,779089,672515,808768,606466,553993,672695,666971,677950,682998,,,,,,,,,46,1,,6,8,6,8,8,6,6,8,,,,"0.008","0.031",,,,"-0.031",,-2,-2,0.366,0.366,30,26,31,27,3,2,,,,,,,,,,,,,
,"2025-03-21",,,,"Burnes, Corbin",656555,669203,"strikeout","swinging_strike",,,,,,"Rhys Hoskins strikes out swinging.","S","R","R","MIL","AZ","S",2,,3,2,2025,,,,,,694192,661388,0,4,"Bot",,,,,,,,,,,,,,,,,,,,,779089,672515,808768,606466,553993,672695,666971,677950,682998,,,,"0",,0,0,,45,6,,6,8,6,8,8,6,6,8,,,,"-0.082","-0.357",,,,"0.357",,-2,-2,0.448,0.448,30,32,31,32,3,2,,,,,,,,,,,,,
,"2025-03-21",,,,"Burnes, Corbin",656555,669203,,"blocked_ball",,,,,,"Ball In Dirt","S","R","R","MIL","AZ","B",,,2,2,2025,,,,,,694192,661388,0,4,"Bot",,,,,,,,,,,,,,,,,,,,,779089,672515,808768,606466,553993,672695,666971,677950,682998,,,,,,,,,45,5,,6,8,6,8,8,6,6,8,,,,"0.022","0.105",,,,"-0.105",,-2,-2,0.426,0.426,30,32,31,32,3,2,,,,,,,,,,,,,
,"2025-03-21",,,,"Burnes, Corbin",656555,669203,,"called_strike",,,,,,"Called Strike","S","R","R","MIL","AZ","S",,,2,1,2025,,,,,,694192,661388,0,4,"Bot",,,,,,,,,,,,,,,,,,,,,779089,672515,808768,606466,553993,672695,666971,677950,682998,,,,,,,,,45,4,,6,8,6,8,8,6,6,8,,,,"-0.017","-0.07",,,,"0.07",,-2,-2,0.443,0.443,30,32,31,32,3,2,,,,,,,,,,,,,
,"2025-03-21",,,,"Burnes, Corbin",656555,669203,,"called_strike",,,,,,"Called Strike","S","R","R","MIL","AZ","S",,,2,0,2025,,,,,,694192,661388,0,4,"Bot",,,,,,,,,,,,,,,,,,,,,779089,672515,808768,606466,553993,672695,666971,677950,682998,,,,,,,,,45,3,,6,8,6,8,8,6,6,8,,,,"-0.019","-0.084",,,,"0.084",,-2,-2,0.462,0.462,30,32,31,32,3,2,,,,,,,,,,,,,
,"2025-03-21",,,,"Burnes, Corbin",656555,669203,,"ball",,,,,,"Ball","S","R","R","MIL","AZ","B",,,1,0,2025,,,,,,694192,661388,0,4,"Bot",,,,,,,,,,,,,,,,,,,,,779089,672515,808768,606466,553993,672695,666971,677950,682998,,,,,,,,,45,2,,6,8,6,8,8,6,6,8,,,,"0.019","0.076",,,,"-0.076",,-2,-2,0.443,0.443,30,32,31,32,3,2,,,,,,,,,,,,,
,"2025-03-21",,,,"Burnes, Corbin",656555,669203,,"ball",,,,,,"Ball","S","R","R","MIL","AZ","B",,,0,0,2025,,,,,,694192,661388,0,4,"Bot",,,,,,,,,,,,,,,,,,,,,779089,672515,808768,606466,553993,672695,666971,677950,682998,,,,,,,,,45,1,,6,8,6,8,8,6,6,8,,,,"0.01","0.045",,,,"-0.045",,-2,-2,0.433,0.433,30,32,31,32,3,2,,,,,,,,,,,,,
,"2025-03-21",,,,"Burnes, Corbin",661388,669203,"single","hit_into_play",,,,,,"William Contreras singles on a sharp line drive to center fielder Alek Thomas. Jackson Chourio to 2nd.","S","R","R","MIL","AZ","X",8,"line_drive",0,0,2025,,,,,,,694192,0,4,"Bot",120.79,102.94,,,,,,,,,,,,,,,,,,,779089,672515,808768,606466,553993,672695,666971,677950,682998,,,,"0.9",,1,0,,44,1,,6,8,6,8,8,6,6,8,,,,"0.074","0.469",,,,"-0.469",,-2,-2,0.359,0.359,30,27,31,28,2,2,,,,,,,,,,,,,
,"2025-03-21",,,,"Burnes, Corbin",694192,669203,"single","hit_into_play",,,,,,"Jackson Chourio singles on a ground ball to center fielder Alek Thomas.","S","R","R","MIL","AZ","X",8,"ground_ball",0,0,2025,,,,,,,,0,4,"Bot",119.03,148.72,,,,,,,,,,,,,,,,,,,779089,672515,808768,606466,553993,672695,666971,677950,682998,,,,"0.9",,1,0,,43,1,,6,8,6,8,8,6,6,8,,,,"0.048","0.438",,,,"-0.438",,-2,-2,0.311,0.311,30,21,31,21,2,2,,,,,,,,,,,,,
,"2025-03-21",,,,"Burnes, Corbin",702332,669203,"strikeout","swinging_strike_blocked",,,,,,"Caleb Durbin strikes out swinging, catcher Gabriel Moreno to first baseman Pavin Smith.","S","R","R","MIL","AZ","S",2,,1,2,2025,,,,,,,686554,2,3,"Bot",,,,,,,,,,,,,,,,,,,,,779089,672515,656976,606466,553993,672695,666971,677950,682998,,,,"0",,0,0,,34,4,,6,4,6,4,4,6,6,4,,,,"-0.013","-0.183",,,,"0.183",,2,2,0.742,0.742,30,25,31,25,2,2,,,,,,,,,,,,,
,"2025-03-21",,,,"Burnes, Corbin",702332,669203,,"called_strike",,,,,,"Called Strike","S","R","R","MIL","AZ","S",,,1,1,2025,,,,,,,686554,2,3,"Bot",,,,,,,,,,,,,,,,,,,,,779089,672515,656976,606466,553993,672695,666971,677950,682998,,,,,,,,,34,3,,6,4,6,4,4,6,6,4,,,,"-0.003","-0.073",,,,"0.073",,2,2,0.745,0.745,30,25,31,25,2,2,,,,,,,,,,,,,
,"2025-03-21",,,,"Burnes, Corbin",702332,669203,,"foul",,,,,,"Foul","S","R","R","MIL","AZ","S",,,1,0,2025,,,,,,,686554,2,3,"Bot",,,,,,,,,,,,,,,,,,,,,779089,672515,656976,606466,553993,672695,666971,677950,682998,,,,,,,,,34,2,,6,4,6,4,4,6,6,4,,,,"-0.002","-0.05",,,,"0.05",,2,2,0.747,0.747,30,25,31,25,2,2,,,,,,,,,,,,,
,"2025-03-21",,,,"Burnes, Corbin",702332,669203,,"ball",,,,,,"Ball","S","R","R","MIL","AZ","B",,,0,0,2025,,,,,,,686554,2,3,"Bot",,,,,,,,,,,,,,,,,,,,,779089,672515,656976,606466,553993,672695,666971,677950,682998,,,,,,,,,34,1,,6,4,6,4,4,6,6,4,,,,"0.001","0.035",,,,"-0.035",,2,2,0.746,0.746,30,25,31,25,2,2,,,,,,,,,,,,,
,"2025-03-21",,,,"Burnes, Corbin",672012,669203,"field_out","hit_into_play",,,,,,"Tyler Black pops out to third baseman Eugenio Suárez in foul territory.","S","L","R","MIL","AZ","X",5,"popup",0,1,2025,,,,,,,686554,1,3,"Bot",85.1,171.86,,,,,,,,,,,,,,,,,,,779089,672515,656976,606466,553993,672695,666971,677950,682998,,,,"0",,0,0,,33,2,,6,4,6,4,4,6,6,4,,,,"-0.017","-0.216",,,,"0.216",,2,2,0.763,0.763,30,24,31,25,2,1,,,,,,,,,,,,,
,"2025-03-21",,,,"Burnes, Corbin",672012,669203,,"called_strike",,,,,,"Called Strike","S","L","R","MIL","AZ","S",,,0,0,2025,,,,,,,686554,1,3,"Bot",,,,,,,,,,,,,,,,,,,,,779089,672515,656976,606466,553993,672695,666971,677950,682998,,,,,,,,,33,1,,6,4,6,4,4,6,6,4,,,,"-0.003","-0.04",,,,"0.04",,2,2,0.766,0.766,30,24,31,25,2,1,,,,,,,,,,,,,
,"2025-03-21",,,,"Burnes, Corbin",686554,669203,"single","hit_into_play",,,,,,"Oliver Dunn singles on a soft ground ball to pitcher Corbin Burnes.","S","L","R","MIL","AZ","X",1,"ground_ball",1,0,2025,,,,,,,,1,3,"Bot",129.96,197.02,,,,,,,,,,,,,,,,,,,779089,672515,656976,606466,553993,672695,666971,677950,682998,,,,"0.9",,1,0,,32,2,,6,4,6,4,4,6,6,4,,,,"0.015","0.375",,,,"-0.375",,2,2,0.751,0.751,30,27,31,28,2,1,,,,,,,,,,,,,
,"2025-03-21",,,,"Burnes, Corbin",686554,669203,,"ball",,,,,,"Ball","S","L","R","MIL","AZ","B",,,0,0,2025,,,,,,,,1,3,"Bot",,,,,,,,,,,,,,,,,,,,,779089,672515,656976,606466,553993,672695,666971,677950,682998,,,,,,,,,32,1,,6,4,6,4,4,6,6,4,,,,"0.002","0.039",,,,"-0.039",,2,2,0.749,0.749,30,27,31,28,2,1,,,,,,,,,,,,,
,"2025-03-21",,,,"Burnes, Corbin",641343,669203,"strikeout","foul_tip",,,,,,"Jake Bauers strikes out on a foul tip.","S","L","R","MIL","AZ","S",2,,3,2,2025,,,,,,,,0,3,"Bot",,,,,,,,,,,,,,,,,,,,,779089,672515,656976,606466,553993,672695,666971,677950,682998,,,,"0",,0,0,,31,6,,6,4,6,4,4,6,6,4,,,,"-0.019","-0.345",,,,"0.345",,2,2,0.768,0.768,30,29,31,30,2,1,,,,,,,,,,,,,
,"2025-03-21",,,,"Burnes, Corbin",641343,669203,,"swinging_strike",,,,,,"Swinging Strike","S","L","R","MIL","AZ","S",,,3,1,2025,,,,,,,,0,3,"Bot",,,,,,,,,,,,,,,,,,,,,779089,672515,656976,606466,553993,672695,666971,677950,682998,,,,,,,,,31,5,,6,4,6,4,4,6,6,4,,,,"-0.006","-0.094",,,,"0.094",,2,2,0.774,0.774,30,29,31,30,2,1,,,,,,,,,,,,,
,"2025-03-21",,,,"Burnes, Corbin",641343,669203,,"ball",,,,,,"Ball","S","L","R","MIL","AZ","B",,,2,1,2025,,,,,,,,0,3,"Bot",,,,,,,,,,,,,,,,,,,,,779089,672515,656976,606466,553993,672695,666971,677950,682998,,,,,,,,,31,4,,6,4,6,4,4,6,6,4,,,,"0.008","0.134",,,,"-0.134",,2,2,0.766,0.766,30,29,31,30,2,1,,,,,,,,,,,,,
,"2025-03-21",,,,"Burnes, Corbin",641343,669203,,"ball",,,,,,"Ball","S","L","R","MIL","AZ","B",,,1,1,2025,,,,,,,,0,3,"Bot",,,,,,,,,,,,,,,,,,,,,779089,672515,656976,606466,553993,672695,666971,677950,682998,,,,,,,,,31,3,,6,4,6,4,4,6,6,4,,,,"0.003","0.055",,,,"-0.055",,2,2,0.763,0.763,30,29,31,30,2,1,,,,,,,,,,,,,
,"2025-03-21",,,,"Burnes, Corbin",641343,669203,,"ball",,,,,,"Ball","S","L","R","MIL","AZ","B",,,0,1,2025,,,,,,,,0,3,"Bot",,,,,,,,,,,,,,,,,,,,,779089,672515,656976,606466,553993,672695,666971,677950,682998,,,,,,,,,31,2,,6,4,6,4,4,6,6,4,,,,"0.001","0.031",,,,"-0.031",,2,2,0.762,0.762,30,29,31,30,2,1,,,,,,,,,,,,,
,"2025-03-21",,,,"Burnes, Corbin",641343,669203,,"swinging_strike",,,,,,"Swinging Strike","S","L","R","MIL","AZ","S",,,0,0,2025,,,,,,,,0,3,"Bot",,,,,,,,,,,,,,,,,,,,,779089,672515,656976,606466,553993,672695,666971,677950,682998,,,,,,,,,31,1,,6,4,6,4,4,6,6,4,,,,"-0.002","-0.039",,,,"0.039",,2,2,0.764,0.764,30,29,31,30,2,1,,,,,,,,,,,,,
,"2025-03-21",,,,"Burnes, Corbin",661388,669203,"single","hit_into_play",,,,,,"William Contreras singles on a line drive to left fielder Lourdes Gurriel Jr. Jackson Chourio scores.","S","R","R","MIL","AZ","X",7,"line_drive",3,2,2025,,,,,,694192,,1,2,"Bot",84.59,114.07,,,,,,,,,,,,,,,,,,,779089,672515,656976,606466,553993,672695,666971,677950,682998,,,,"0.9",,1,0,,24,6,,5,4,5,4,4,6,6,4,,,,"0.073","0.519",,,,"-0.519",,1,1,0.676,0.676,30,27,31,28,2,1,,,,,,,,,,,,,
,"2025-03-21",,,,"Burnes, Corbin",661388,669203,,"ball",,,,,,"Ball","S","R","R","MIL","AZ","B",,,2,2,2025,,,,,,694192,,1,2,"Bot",,,,,,,,,,,,,,,,,,,,,779089,672515,656976,606466,553993,672695,666971,677950,682998,,,,,,,,,24,5,,5,4,5,4,4,5,5,4,,,,"0.005","0.068",,,,"-0.068",,1,1,0.671,0.671,30,27,31,28,2,1,,,,,,,,,,,,,
,"2025-03-21",,,,"Burnes, Corbin",661388,669203,,"ball",,,,,,"Ball","S","R","R","MIL","AZ","B",,,1,2,2025,,,,,,694192,,1,2,"Bot",,,,,,,,,,,,,,,,,,,,,779089,672515,656976,606466,553993,672695,666971,677950,682998,,,,,,,,,24,4,,5,4,5,4,4,5,5,4,,,,"0.005","0.026",,,,"-0.026",,1,1,0.666,0.666,30,27,31,28,2,1,,,,,,,,,,,,,
,"2025-03-21",,,,"Burnes, Corbin",661388,669203,,"swinging_strike",,,,,,"Swinging Strike","S","R","R","MIL","AZ","S",,,1,1,2025,,,,,,694192,,1,2,"Bot",,,,,,,,,,,,,,,,,,,,,779089,672515,656976,606466,553993,672695,666971,677950,682998,,,,,,,,,24,3,,5,4,5,4,4,5,5,4,,,,"-0.006","-0.061",,,,"0.061",,1,1,0.672,0.672,30,27,31,28,2,1,,,,,,,,,,,,,
,"2025-03-21",,,,"Burnes, Corbin",661388,669203,,"ball",,,,,,"Ball","S","R","R","MIL","AZ","B",,,0,1,2025,,,,,,694192,,1,2,"Bot",,,,,,,,,,,,,,,,,,,,,779089,672515,656976,606466,553993,672695,666971,677950,682998,,,,,,,,,24,2,,5,4,5,4,4,5,5,4,,,,"0.003","0.025",,,,"-0.025",,1,1,0.669,0.669,30,27,31,28,2,1,,,,,,,,,,,,,
,"2025-03-21",,,,"Burnes, Corbin",661388,669203,,"foul",,,,,,"Foul","S","R","R","MIL","AZ","S",,,0,0,2025,,,,,,694192,,1,2,"Bot",,,,,,,,,,,,,,,,,,,,,779089,672515,656976,606466,553993,672695,666971,677950,682998,,,,,,,,,24,1,,5,4,5,4,4,5,5,4,,,,"-0.005","-0.038",,,,"0.038",,1,1,0.674,0.674,30,27,31,28,2,1,,,,,,,,,,,,,
,"2025-03-21",,,,"Burnes, Corbin",694192,669203,"single","hit_into_play",,,,,,"Jackson Chourio singles on a line drive to center fielder Alek Thomas. Caleb Durbin scores.","S","R","R","MIL","AZ","X",8,"line_drive",1,2,2025,,,,,702332,,,1,2,"Bot",121.09,134.85,,,,,,,,,,,,,,,,,,,779089,672515,656976,606466,553993,672695,666971,677950,682998,,,,"0.9",,1,0,,23,4,,4,4,4,4,4,5,5,4,,,,"0.071","0.567",,,,"-0.567",,0,0,0.587,0.587,30,21,31,21,2,1,,,,,,,,,,,,,
,"2025-03-21",,,,"Burnes, Corbin",694192,669203,,"foul",,,,,,"Foul","S","R","R","MIL","AZ","S",,,1,1,2025,,,,,702332,,,1,2,"Bot",,,,,,,,,,,,,,,,,,,,,779089,672515,656976,606466,553993,672695,666971,677950,682998,,,,,,,,,23,3,,4,4,4,4,4,4,4,4,,,,"-0.012","-0.088",,,,"0.088",,0,0,0.599,0.599,30,21,31,21,2,1,,,,,,,,,,,,,
,"2025-03-21",,,,"Burnes, Corbin",694192,669203,,"swinging_strike",,,,,,"Swinging Strike","S","R","R","MIL","AZ","S",,,1,0,2025,,,,,702332,,,1,2,"Bot",,,,,,,,,,,,,,,,,,,,,779089,672515,656976,606466,553993,672695,666971,677950,682998,,,,,,,,,23,2,,4,4,4,4,4,4,4,4,,,,"-0.005","-0.046",,,,"0.046",,0,0,0.604,0.604,30,21,31,21,2,1,,,,,,,,,,,,,
,"2025-03-21",,,,"Burnes, Corbin",694192,669203,,"blocked_ball",,,,,,"Ball In Dirt","S","R","R","MIL","AZ","B",,,0,0,2025,,,,,,702332,,1,2,"Bot",,,,,,,,,,,,,,,,,,,,,779089,672515,656976,606466,553993,672695,666971,677950,682998,,,,,,,,,23,1,,4,4,4,4,4,4,4,4,,,,"0.032","0.028",,,,"-0.028",,0,0,0.572,0.572,30,21,31,21,2,1,,,,,,,,,,,,,
,"2025-03-21",,,,"Burnes, Corbin",702332,669203,"double","hit_into_play",,,,,,"Caleb Durbin doubles (2) on a line drive to center fielder Alek Thomas. Oliver Dunn scores.","S","R","R","MIL","AZ","X",8,"line_drive",2,2,2025,,,,,686554,,,1,2,"Bot",92.62,68.84,,,,,,,,,,,,,,,,,,,779089,672515,656976,606466,553993,672695,666971,677950,682998,,,,"1.25",,1,1,,22,7,,3,4,3,4,4,4,4,4,,,,"0.084","0.657",,,,"-0.657",,-1,-1,0.488,0.488,30,25,31,25,2,1,,,,,,,,,,,,,
,"2025-03-21",,,,"Burnes, Corbin",702332,669203,,"foul",,,,,,"Foul","S","R","R","MIL","AZ","S",,,2,2,2025,,,,,686554,,,1,2,"Bot",,,,,,,,,,,,,,,,,,,,,779089,672515,656976,606466,553993,672695,666971,677950,682998,,,,,,,,,22,6,,3,4,3,4,4,3,3,4,,,,"0","0",,,,"0",,-1,-1,0.488,0.488,30,25,31,25,2,1,,,,,,,,,,,,,
,"2025-03-21",,,,"Burnes, Corbin",702332,669203,,"ball",,,,,,"Ball","S","R","R","MIL","AZ","B",,,1,2,2025,,,,,686554,,,1,2,"Bot",,,,,,,,,,,,,,,,,,,,,779089,672515,656976,606466,553993,672695,666971,677950,682998,,,,,,,,,22,5,,3,4,3,4,4,3,3,4,,,,"0.009","0.025",,,,"-0.025",,-1,-1,0.479,0.479,30,25,31,25,2,1,,,,,,,,,,,,,
,"2025-03-21",,,,"Burnes, Corbin",702332,669203,,"foul",,,,,,"Foul","S","R","R","MIL","AZ","S",,,1,2,2025,,,,,686554,,,1,2,"Bot",,,,,,,,,,,,,,,,,,,,,779089,672515,656976,606466,553993,672695,666971,677950,682998,,,,,,,,,22,4,,3,4,3,4,4,3,3,4,,,,"0","0",,,,"0",,-1,-1,0.479,0.479,30,25,31,25,2,1,,,,,,,,,,,,,
,"2025-03-21",,,,"Burnes, Corbin",702332,669203,,"foul_tip",,,,,,"Foul Tip","S","R","R","MIL","AZ","S",,,1,1,2025,,,,,686554,,,1,2,"Bot",,,,,,,,,,,,,,,,,,,,,779089,672515,656976,606466,553993,672695,666971,677950,682998,,,,,,,,,22,3,,3,4,3,4,4,3,3,4,,,,"-0.013","-0.088",,,,"0.088",,-1,-1,0.492,0.492,30,25,31,25,2,1,,,,,,,,,,,,,
,"2025-03-21",,,,"Burnes, Corbin",702332,669203,,"blocked_ball",,,,,,"Ball In Dirt","S","R","R","MIL","AZ","B",,,0,1,2025,,,,,686554,,,1,2,"Bot",,,,,,,,,,,,,,,,,,,,,779089,672515,656976,606466,553993,672695,666971,677950,682998,,,,,,,,,22,2,,3,4,3,4,4,3,3,4,,,,"0.007","0.025",,,,"-0.025",,-1,-1,0.485,0.485,30,25,31,25,2,1,,,,,,,,,,,,,
,"2025-03-21",,,,"Burnes, Corbin",702332,669203,,"swinging_strike",,,,,,"Swinging Strike","S","R","R","MIL","AZ","S",,,0,0,2025,,,,,686554,,,1,2,"Bot",,,,,,,,,,,,,,,,,,,,,779089,672515,656976,606466,553993,672695,666971,677950,682998,,,,,,,,,22,1,,3,4,3,4,4,3,3,4,,,,"-0.01","-0.045",,,,"0.045",,-1,-1,0.495,0.495,30,25,31,25,2,1,,,,,,,,,,,,,
,"2025-03-21",,,,"Burnes, Corbin",672012,669203,"field_out","hit_into_play",,,,,,"Tyler Black grounds out, first baseman Pavin Smith to pitcher Corbin Burnes. Jake Bauers scores. Oliver Dunn to 3rd.","S","L","R","MIL","AZ","X",3,"ground_ball",3,1,2025,,,,,641343,686554,,0,2,"Bot",132.24,186.05,,,,,,,,,,,,,,,,,,,779089,672515,656976,606466,553993,672695,666971,677950,682998,,,,"0",,0,0,,21,5,,2,4,2,4,4,3,3,4,,,,"-0.014","-0.366",,,,"0.366",,-2,-2,0.509,0.509,30,24,31,25,1,0,,,,,,,,,,,,,
,"2025-03-21",,,,"Burnes, Corbin",672012,669203,,"called_strike",,,,,,"Called Strike","S","L","R","MIL","AZ","S",,,3,0,2025,,,,,641343,686554,,0,2,"Bot",,,,,,,,,,,,,,,,,,,,,779089,672515,656976,606466,553993,672695,666971,677950,682998,,,,,,,,,21,4,,2,4,2,4,4,2,2,4,,,,"-0.007","-0.042",,,,"0.042",,-2,-2,0.516,0.516,30,24,31,25,1,0,,,,,,,,,,,,,
,"2025-03-21",,,,"Burnes, Corbin",672012,669203,,"ball",,,,,,"Ball","S","L","R","MIL","AZ","B",,,2,0,2025,,,,,641343,686554,,0,2,"Bot",,,,,,,,,,,,,,,,,,,,,779089,672515,656976,606466,553993,672695,666971,677950,682998,,,,,,,,,21,3,,2,4,2,4,4,2,2,4,,,,"0.01","0.097",,,,"-0.097",,-2,-2,0.506,0.506,30,24,31,25,1,0,,,,,,,,,,,,,
,"2025-03-21",,,,"Burnes, Corbin",672012,669203,,"ball",,,,,,"Ball","S","L","R","MIL","AZ","B",,,1,0,2025,,,,,641343,686554,,0,2,"Bot",,,,,,,,,,,,,,,,,,,,,779089,672515,656976,606466,553993,672695,666971,677950,682998,,,,,,,,,21,2,,2,4,2,4,4,2,2,4,,,,"0.007","0.041",,,,"-0.041",,-2,-2,0.499,0.499,30,24,31,25,1,0,,,,,,,,,,,,,
,"2025-03-21",,,,"Burnes, Corbin",672012,669203,,"ball",,,,,,"Ball","S","L","R","MIL","AZ","B",,,0,0,2025,,,,,641343,686554,,0,2,"Bot",,,,,,,,,,,,,,,,,,,,,779089,672515,656976,606466,553993,672695,666971,677950,682998,,,,,,,,,21,1,,2,4,2,4,4,2,2,4,,,,"0.003","0.022",,,,"-0.022",,-2,-2,0.496,0.496,30,24,31,25,1,0,,,,,,,,,,,,,
,"2025-03-21",,,,"Burnes, Corbin",686554,669203,"fielders_choice","hit_into_play",,,,,,"Oliver Dunn reaches on a fielder's choice. Jake Bauers to 3rd. Oliver Dunn to 2nd. Jake Bauers advances to 3rd, on a throwing error by second baseman Ketel Marte.","S","L","R","MIL","AZ","X",4,"ground_ball",1,0,2025,,,,,,,641343,0,2,"Bot",142.38,153.1,,,,,,,,,,,,,,,,,,,779089,672515,656976,606466,553993,672695,666971,677950,682998,,,,"0.9",,0,0,,20,2,,2,4,2,4,4,2,2,4,,,,"0.108","0.459",,,,"-0.459",,-2,-2,0.388,0.388,30,27,31,28,1,0,,,,,,,,,,,,,
,"2025-03-21",,,,"Burnes, Corbin",686554,669203,,"blocked_ball",,,,,,"Ball In Dirt","S","L","R","MIL","AZ","B",,,0,0,2025,,,,,,,641343,0,2,"Bot",,,,,,,,,,,,,,,,,,,,,779089,672515,656976,606466,553993,672695,666971,677950,682998,,,,,,,,,20,1,,2,4,2,4,4,2,2,4,,,,"0.006","0.04",,,,"-0.04",,-2,-2,0.382,0.382,30,27,31,28,1,0,,,,,,,,,,,,,
,"2025-03-21",,,,"Burnes, Corbin",641343,669203,"single","hit_into_play",,,,,,"Jake Bauers singles on a ground ball to center fielder Alek Thomas.","S","L","R","MIL","AZ","X",8,"ground_ball",1,2,2025,,,,,,,,0,2,"Bot",131.74,146.51,,,,,,,,,,,,,,,,,,,779089,672515,656976,606466,553993,672695,666971,677950,682998,,,,"0.9",,1,0,,19,4,,2,4,2,4,4,2,2,4,,,,"0.047","0.508",,,,"-0.508",,-2,-2,0.335,0.335,30,29,31,30,1,0,,,,,,,,,,,,,
,"2025-03-21",,,,"Burnes, Corbin",641343,669203,,"called_strike",,,,,,"Called Strike","S","L","R","MIL","AZ","S",,,1,1,2025,,,,,,,,0,2,"Bot",,,,,,,,,,,,,,,,,,,,,779089,672515,656976,606466,553993,672695,666971,677950,682998,,,,,,,,,19,3,,2,4,2,4,4,2,2,4,,,,"-0.005","-0.061",,,,"0.061",,-2,-2,0.34,0.34,30,29,31,30,1,0,,,,,,,,,,,,,
,"2025-03-21",,,,"Burnes, Corbin",641343,669203,,"ball",,,,,,"Ball","S","L","R","MIL","AZ","B",,,0,1,2025,,,,,,,,0,2,"Bot",,,,,,,,,,,,,,,,,,,,,779089,672515,656976,606466,553993,672695,666971,677950,682998,,,,,,,,,19,2,,2,4,2,4,4,2,2,4,,,,"0.003","0.031",,,,"-0.031",,-2,-2,0.337,0.337,30,29,31,30,1,0,,,,,,,,,,,,,
,"2025-03-21",,,,"Burnes, Corbin",641343,669203,,"foul",,,,,,"Foul","S","L","R","MIL","AZ","S",,,0,0,2025,,,,,,,,0,2,"Bot",,,,,,,,,,,,,,,,,,,,,779089,672515,656976,606466,553993,672695,666971,677950,682998,,,,,,,,,19,1,,2,4,2,4,4,2,2,4,,,,"-0.004","-0.039",,,,"0.039",,-2,-2,0.341,0.341,30,29,31,30,1,0,,,,,,,,,,,,,
,"2025-03-21",,,,"Burnes, Corbin",687401,669203,"force_out","hit_into_play",,,,,,"Joey Ortiz grounds into a force out, third baseman Eugenio Suárez to second baseman Ketel Marte. Rhys Hoskins out at 2nd.","S","R","R","MIL","AZ","X",5,"ground_ball",2,0,2025,,,,,,,656555,2,1,"Bot",104.87,169.83,,,,,,,,,,,,,,,,,,,779089,672515,656976,606466,553993,672695,666971,677950,682998,,,,"0",,0,0,,13,3,,2,4,2,4,4,2,2,4,,,,"-0.03","-0.353",,,,"0.353",,-2,-2,0.332,0.332,30,26,31,27,1,0,,,,,,,,,,,,,
,"2025-03-21",,,,"Burnes, Corbin",687401,669203,,"ball",,,,,,"Ball","S","R","R","MIL","AZ","B",,,1,0,2025,,,,,,,656555,2,1,"Bot",,,,,,,,,,,,,,,,,,,,,779089,672515,656976,606466,553993,672695,666971,677950,682998,,,,,,,,,13,2,,2,4,2,4,4,2,2,4,,,,"0.005","0.048",,,,"-0.048",,-2,-2,0.327,0.327,30,26,31,27,1,0,,,,,,,,,,,,,
,"2025-03-21",,,,"Burnes, Corbin",687401,669203,,"ball",,,,,,"Ball","S","R","R","MIL","AZ","B",,,0,0,2025,,,,,,,656555,2,1,"Bot",,,,,,,,,,,,,,,,,,,,,779089,672515,656976,606466,553993,672695,666971,677950,682998,,,,,,,,,13,1,,2,4,2,4,4,2,2,4,,,,"0.002","0.035",,,,"-0.035",,-2,-2,0.325,0.325,30,26,31,27,1,0,,,,,,,,,,,,,
,"2025-03-21",,,,"Burnes, Corbin",669003,669203,"strikeout","called_strike",,,,,,"Garrett Mitchell called out on strikes.","S","L","R","MIL","AZ","S",2,,3,2,2025,,,,,,,656555,1,1,"Bot",,,,,,,,,,,,,,,,,,,,,779089,672515,656976,606466,553993,672695,666971,677950,682998,,,,"0",,0,0,,12,6,,2,4,2,4,4,2,2,4,,,,"-0.036","-0.32",,,,"0.32",,-2,-2,0.361,0.361,30,26,31,27,1,0,,,,,,,,,,,,,
,"2025-03-21",,,,"Burnes, Corbin",669003,669203,,"ball",,,,,,"Ball","S","L","R","MIL","AZ","B",,,2,2,2025,,,,,,,656555,1,1,"Bot",,,,,,,,,,,,,,,,,,,,,779089,672515,656976,606466,553993,672695,666971,677950,682998,,,,,,,,,12,5,,2,4,2,4,4,2,2,4,,,,"0.009","0.098",,,,"-0.098",,-2,-2,0.352,0.352,30,26,31,27,1,0,,,,,,,,,,,,,
,"2025-03-21",,,,"Burnes, Corbin",669003,669203,,"swinging_strike",,,,,,"Swinging Strike","S","L","R","MIL","AZ","S",,,2,1,2025,,,,,,,656555,1,1,"Bot",,,,,,,,,,,,,,,,,,,,,779089,672515,656976,606466,553993,672695,666971,677950,682998,,,,,,,,,12,4,,2,4,2,4,4,2,2,4,,,,"-0.007","-0.075",,,,"0.075",,-2,-2,0.359,0.359,30,26,31,27,1,0,,,,,,,,,,,,,
,"2025-03-21",,,,"Burnes, Corbin",669003,669203,,"ball",,,,,,"Ball","S","L","R","MIL","AZ","B",,,1,1,2025,,,,,,,656555,1,1,"Bot",,,,,,,,,,,,,,,,,,,,,779089,672515,656976,606466,553993,672695,666971,677950,682998,,,,,,,,,12,3,,2,4,2,4,4,2,2,4,,,,"0.006","0.063",,,,"-0.063",,-2,-2,0.353,0.353,30,26,31,27,1,0,,,,,,,,,,,,,
,"2025-03-21",,,,"Burnes, Corbin",669003,669203,,"foul",,,,,,"Foul","S","L","R","MIL","AZ","S",,,1,0,2025,,,,,,,656555,1,1,"Bot",,,,,,,,,,,,,,,,,,,,,779089,672515,656976,606466,553993,672695,666971,677950,682998,,,,,,,,,12,2,,2,4,2,4,4,2,2,4,,,,"-0.006","-0.056",,,,"0.056",,-2,-2,0.359,0.359,30,26,31,27,1,0,,,,,,,,,,,,,
,"2025-03-21",,,,"Burnes, Corbin",669003,669203,,"ball",,,,,,"Ball","S","L","R","MIL","AZ","B",,,0,0,2025,,,,,,,656555,1,1,"Bot",,,,,,,,,,,,,,,,,,,,,779089,672515,656976,606466,553993,672695,666971,677950,682998,,,,,,,,,12,1,,2,4,2,4,4,2,2,4,,,,"0.004","0.035",,,,"-0.035",,-2,-2,0.355,0.355,30,26,31,27,1,0,,,,,,,,,,,,,
,"2025-03-21",,,,"Burnes, Corbin",656555,669203,"single","hit_into_play",,,,,,"Rhys Hoskins singles on a line drive to right fielder Corbin Carroll. William Contreras scores.","S","R","R","MIL","AZ","X",9,"line_drive",2,2,2025,,,,,,661388,,1,1,"Bot",122.89,150.51,,,,,,,,,,,,,,,,,,,779089,672515,656976,606466,553993,672695,666971,677950,682998,,,,"0.9",,1,0,,11,5,,1,4,1,4,4,2,2,4,,,,"0.074","0.588",,,,"-0.588",,-3,-3,0.281,0.281,30,32,31,32,1,0,,,,,,,,,,,,,
,"2025-03-21",,,,"Burnes, Corbin",656555,669203,,"foul",,,,,,"Foul","S","R","R","MIL","AZ","S",,,2,1,2025,,,,,,661388,,1,1,"Bot",,,,,,,,,,,,,,,,,,,,,779089,672515,656976,606466,553993,672695,666971,677950,682998,,,,,,,,,11,4,,1,4,1,4,4,1,1,4,,,,"-0.005","-0.065",,,,"0.065",,-3,-3,0.286,0.286,30,32,31,32,1,0,,,,,,,,,,,,,
,"2025-03-21",,,,"Burnes, Corbin",656555,669203,,"ball",,,,,,"Ball","S","R","R","MIL","AZ","B",,,1,1,2025,,,,,,661388,,1,1,"Bot",,,,,,,,,,,,,,,,,,,,,779089,672515,656976,606466,553993,672695,666971,677950,682998,,,,,,,,,11,3,,1,4,1,4,4,1,1,4,,,,"0.004","0.03",,,,"-0.03",,-3,-3,0.282,0.282,30,32,31,32,1,0,,,,,,,,,,,,,
,"2025-03-21",,,,"Burnes, Corbin",656555,669203,,"ball",,,,,,"Ball","S","R","R","MIL","AZ","B",,,0,1,2025,,,,,,661388,,1,1,"Bot",,,,,,,,,,,,,,,,,,,,,779089,672515,656976,606466,553993,672695,666971,677950,682998,,,,,,,,,11,2,,1,4,1,4,4,1,1,4,,,,"0.003","0.025",,,,"-0.025",,-3,-3,0.279,0.279,30,32,31,32,1,0,,,,,,,,,,,,,
,"2025-03-21",,,,"Burnes, Corbin",656555,669203,,"called_strike",,,,,,"Called Strike","S","R","R","MIL","AZ","S",,,0,0,2025,,,,,,661388,,1,1,"Bot",,,,,,,,,,,,,,,,,,,,,779089,672515,656976,606466,553993,672695,666971,677950,682998,,,,,,,,,11,1,,1,4,1,4,4,1,1,4,,,,"-0.005","-0.038",,,,"0.038",,-3,-3,0.284,0.284,30,32,31,32,1,0,,,,,,,,,,,,,
,"2025-03-21",,,,"Burnes, Corbin",661388,669203,"double","hit_into_play",,,,,,"William Contreras doubles (2) on a line drive to center fielder Alek Thomas. Caleb Durbin scores.","S","R","R","MIL","AZ","X",8,"line_drive",2,0,2025,,,,,,702332,,1,1,"Bot",167.22,52.72,,,,,,,,,,,,,,,,,,,779089,672515,656976,606466,553993,672695,666971,677950,682998,,,,"1.25",,1,1,,10,3,,0,4,0,4,4,1,1,4,,,,"0.067","0.741",,,,"-0.741",,-4,-4,0.217,0.217,30,27,31,28,1,0,,,,,,,,,,,,,
,"2025-03-21",,,,"Burnes, Corbin",661388,669203,,"ball",,,,,,"Ball","S","R","R","MIL","AZ","B",,,1,0,2025,,,,,,,702332,1,1,"Bot",,,,,,,,,,,,,,,,,,,,,779089,672515,656976,606466,553993,672695,666971,677950,682998,,,,,,,,,10,2,,0,4,0,4,4,0,0,4,,,,"0.016","0.068",,,,"-0.068",,-4,-4,0.201,0.201,30,27,31,28,1,0,,,,,,,,,,,,,
,"2025-03-21",,,,"Burnes, Corbin",661388,669203,,"blocked_ball",,,,,,"Ball In Dirt","S","R","R","MIL","AZ","B",,,0,0,2025,,,,,,,702332,1,1,"Bot",,,,,,,,,,,,,,,,,,,,,779089,672515,656976,606466,553993,672695,666971,677950,682998,,,,,,,,,10,1,,0,4,0,4,4,0,0,4,,,,"0.003","0.035",,,,"-0.035",,-4,-4,0.198,0.198,30,27,31,28,1,0,,,,,,,,,,,,,
,"2025-03-21",,,,"Burnes, Corbin",694192,669203,"strikeout","swinging_strike",,,,,,"Jackson Chourio strikes out swinging.","S","R","R","MIL","AZ","S",2,,2,2,2025,,,,,,,702332,0,1,"Bot",,,,,,,,,,,,,,,,,,,,,779089,672515,656976,606466,553993,672695,666971,677950,682998,,,,"0",,0,0,,9,5,,0,4,0,4,4,0,0,4,,,,"-0.027","-0.201",,,,"0.201",,-4,-4,0.225,0.225,30,21,31,21,1,0,,,,,,,,,,,,,
,"2025-03-21",,,,"Burnes, Corbin",694192,669203,,"ball",,,,,,"Ball","S","R","R","MIL","AZ","B",,,1,2,2025,,,,,,,702332,0,1,"Bot",,,,,,,,,,,,,,,,,,,,,779089,672515,656976,606466,553993,672695,666971,677950,682998,,,,,,,,,9,4,,0,4,0,4,4,0,0,4,,,,"0.004","0.036",,,,"-0.036",,-4,-4,0.221,0.221,30,21,31,21,1,0,,,,,,,,,,,,,
,"2025-03-21",,,,"Burnes, Corbin",694192,669203,,"swinging_strike",,,,,,"Swinging Strike","S","R","R","MIL","AZ","S",,,1,1,2025,,,,,,,702332,0,1,"Bot",,,,,,,,,,,,,,,,,,,,,779089,672515,656976,606466,553993,672695,666971,677950,682998,,,,,,,,,9,3,,0,4,0,4,4,0,0,4,,,,"-0.005","-0.07",,,,"0.07",,-4,-4,0.226,0.226,30,21,31,21,1,0,,,,,,,,,,,,,
,"2025-03-21",,,,"Burnes, Corbin",694192,669203,,"ball",,,,,,"Ball","S","R","R","MIL","AZ","B",,,0,1,2025,,,,,,,702332,0,1,"Bot",,,,,,,,,,,,,,,,,,,,,779089,672515,656976,606466,553993,672695,666971,677950,682998,,,,,,,,,9,2,,0,4,0,4,4,0,0,4,,,,"0.002","0.034",,,,"-0.034",,-4,-4,0.224,0.224,30,21,31,21,1,0,,,,,,,,,,,,,
,"2025-03-21",,,,"Burnes, Corbin",694192,669203,,"called_strike",,,,,,"Called Strike","S","R","R","MIL","AZ","S",,,0,0,2025,,,,,,,702332,0,1,"Bot",,,,,,,,,,,,,,,,,,,,,779089,672515,656976,606466,553993,672695,666971,677950,682998,,,,,,,,,9,1,,0,4,0,4,4,0,0,4,,,,"-0.004","-0.043",,,,"0.043",,-4,-4,0.228,0.228,30,21,31,21,1,0,,,,,,,,,,,,,
,"2025-03-21",,,,"Burnes, Corbin",702332,669203,"single","hit_into_play",,,,,,"Caleb Durbin singles on a soft bunt ground ball to pitcher Corbin Burnes.","S","R","R","MIL","AZ","X",1,"ground_ball",0,0,2025,,,,,,,,0,1,"Bot",121.69,197.3,,,,,,,,,,,,,,,,,,,779089,672515,656976,606466,553993,672695,666971,677950,682998,,,,"0.9",,1,0,,8,1,,0,4,0,4,4,0,0,4,,,,"0.032","0.1",,,,"-0.1",,-4,-4,0.196,0.196,30,25,31,25,1,0,,,,,,,,,,,,,
"FC","2025-03-15","93.6","-1.03","5.79","Burnes, Corbin",608671,669203,"single","hit_into_play",,,,,4,"Travis Jankowski singles on a fly ball to left fielder Lourdes Gurriel Jr.","S","L","R","AZ","CWS","X",7,"fly_ball",3,2,2025,"0.08","0.95","-0.44","2.45",,,,0,5,"Top",61.16,136.39,,,,,1.3593885330477986,-136.32307869606478,-5.008894479121805,0.7346170674656214,29.19397199430663,-19.45719320526229,"3.3","1.67",210,"78.8",58,"93.9",2747,"6.3",778787,645444,647304,606466,553993,672695,666971,664983,545341,"54.15",0.041,,"0.9",,1,0,3,32,8,"Cutter",2,1,1,2,1,2,1,2,"Infield shade","Standard",193,"-0.045","0.353","64.8","7.0",0.072,"-0.353","88.0",1,-1,0.63,0.37,30,34,31,34,2,1,,,,,"1.64","-0.08","0.08",,-0.14403447459513186,-5.054846082253381,30.12195456650513,44.19656412587011,26.67319867800233
"FC","2025-03-15","94.1","-1.17","5.71","Burnes, Corbin",608671,669203,,"ball",,,,,13,"Ball","S","L","R","AZ","CWS","B",,,2,2,2025,"-0.03","0.95","-1.57","1.28",,,,0,5,"Top",,,,,,,-0.9751623673742281,-136.9326815887743,-7.904512226335218,-0.12087009877631799,28.72738219542184,-18.68481385456146,"3.3","1.67",,,,"94.4",2691,"6.3",778787,645444,647304,606466,553993,672695,666971,664983,545341,"54.17",,,,,,,,32,7,"Cutter",2,1,1,2,1,2,1,2,"Infield shade","Standard",198,"-0.011","0.112",,,,"-0.112",,1,-1,0.641,0.359,30,34,31,34,2,1,,,,,"1.61","0.03","-0.03",,,,,,
"FC","2025-03-15","93.6","-1.04","5.79","Burnes, Corbin",608671,669203,,"foul",,,,,8,"Foul","S","L","R","AZ","CWS","S",,,2,2,2025,"0.23","0.84","0.27","1.75",,,,0,5,"Top",,,,,,,2.8670214079436542,-136.24485293194707,-6.5451828507610665,2.2786967923017407,29.12220657364429,-20.504188259045065,"3.3","1.67",4,"75.2",-25,"93.8",2781,"6.3",778787,645444,647304,606466,553993,672695,666971,664983,545341,"54.19",,,,,,,,32,6,"Cutter",2,1,1,2,1,2,1,2,"Infield shade","Standard",187,"0","0","67.5","7.1",,"0","88.0",1,-1,0.641,0.359,30,34,31,34,2,1,,,,,"1.76","-0.23","0.23",,1.1616966982983634,-11.575063582029548,40.55469310684429,35.360807856826526,29.37454307616872
"FC","2025-03-15","93.3","-1.07","5.75","Burnes, Corbin",608671,669203,,"ball",,,,,13,"Ball","S","L","R","AZ","CWS","B",,,1,2,2025,"0.31","1.04","-1.72","2.27",,,,0,5,"Top",,,,,,,-2.3432076826148913,-135.87678700074198,-5.4784954282311595,4.34676411566742,29.744139825853868,-18.24914254856507,"3.3","1.67",,,,"93.3",2693,"6.2",778787,645444,647304,606466,553993,672695,666971,664983,545341,"54.25",,,,,,,,32,5,"Cutter",2,1,1,2,1,2,1,2,"Infield shade","Standard",192,"-0.005","0.043",,,,"-0.043",,1,-1,0.646,0.354,30,34,31,34,2,1,,,,,"1.57","-0.31","0.31",,,,,,
"CU","2025-03-15","79.4","-0.76","5.86","Burnes, Corbin",608671,669203,,"foul",,,,,7,"Foul","S","L","R","AZ","CWS","S",,,1,2,2025,"0.95","-0.8","-0.48","2.02",,,,0,5,"Top",,,,,,,-1.1577934413276767,-115.62643430334488,-0.10387034324911926,8.689713687832336,22.940213459122827,-39.498635572632494,"3.3","1.67",2,"59.1",-46,"79.6",2848,"6.5",778787,645444,647304,606466,553993,672695,666971,664983,545341,"53.97",,,,,,,,32,4,"Curveball",2,1,1,2,1,2,1,2,"Infield shade","Standard",53,"0","0","67.2","7.2",,"0","88.0",1,-1,0.646,0.354,30,34,31,34,2,1,,,,,"4.43","-0.95","0.95",,8.578241972313098,-18.557885602978285,29.823051024837007,44.20962495814245,36.66637992114502
"FC","2025-03-15","93.4","-0.97","5.83","Burnes, Corbin",608671,669203,,"swinging_strike",,,,,14,"Swinging Strike","S","L","R","AZ","CWS","S",,,1,1,2025,"0.33","0.81","1.04","2.11",,,,0,5,"Top",,,,,,,4.449090000645076,-135.91165615367356,-5.60729969196891,3.0089109477510125,31.310458630592045,-21.04292875698117,"3.3","1.67",,,,"93.3",2647,"6.3",778787,645444,647304,606466,553993,672695,666971,664983,545341,"54.15",,,,,,,,32,3,"Cutter",2,1,1,2,1,2,1,2,"Infield shade","Standard",188,"0.006","-0.061","71.4","7.3",,"0.061",,1,-1,0.64,0.36,30,34,31,34,2,1,,,,,"1.81","-0.33","0.33",,14.680940689589274,-30.42767210570776,37.614086737115706,26.979027948313814,38.43251907509963
"FC","2025-03-15","92.6","-1.07","5.79","Burnes, Corbin",608671,669203,,"ball",,,,,13,"Ball","S","L","R","AZ","CWS","B",,,0,1,2025,"0.21","0.93","-0.47","0.06",,,,0,5,"Top",,,,,,,1.0573627108019177,-134.5469669271597,-10.811838325575472,2.3572942501813623,29.946233962054087,-18.700697720556327,"3.3","1.67",,,,"92.6",2713,"6.4",778787,645444,647304,606466,553993,672695,666971,664983,545341,"54.07",,,,,,,,32,2,"Cutter",2,1,1,2,1,2,1,2,"Infield shade","Standard",192,"-0.003","0.031",,,,"-0.031",,1,-1,0.643,0.357,30,34,31,34,2,1,,,,,"1.74","-0.21","0.21",,,,,,
"FC","2025-03-15","92.8","-1.17","5.79","Burnes, Corbin",608671,669203,,"called_strike",,,,,4,"Called Strike","S","L","R","AZ","CWS","S",,,0,0,2025,"0.31","0.95","-0.7","2.18",,,,0,5,"Top",,,,,,,0.5155036671444968,-135.17291649691106,-5.555192454681502,3.672820825896618,28.801674437901116,-19.489811131445546,"3.3","1.67",,,,"93",2615,"6.3",778787,645444,647304,606466,553993,672695,666971,664983,545341,"54.22",,,,,,,,32,1,"Cutter",2,1,1,2,1,2,1,2,"Infield shade","Standard",195,"0.005","-0.039",,,,"0.039",,1,-1,0.638,0.362,30,34,31,34,2,1,,,,,"1.68","-0.31","0.31",,,,,,
"CU","2025-03-15","81.1","-0.9","5.78","Burnes, Corbin",592273,669203,"field_out","hit_into_play",,,,,8,"Brandon Drury grounds out, shortstop Geraldo Perdomo to first baseman Josh Naylor.","S","R","R","AZ","CWS","X",6,"ground_ball",3,2,2025,"0.91","-0.95","-0.21","1.77",,,,2,4,"Top",110.37,139.19,,,,,-0.21769370409196537,-118.04009317839153,-0.4750171624751117,8.540072523926638,24.572633809252718,-41.152772808326475,"3.28","1.66",7,"74.5",-17,"80.9",2868,"6.4",778787,645444,647304,606466,553993,672695,666971,664983,545341,"54.15",0.063,,"0",,0,0,2,26,7,"Curveball",1,1,1,1,1,1,1,1,"Standard","Standard",55,"0.015","-0.328","81.9","8.1",0.073,"0.328","88.0",0,0,0.545,0.45499999999999996,30,32,31,33,2,1,,,,,"4.44","-0.91","-0.91",,17.04966710247808,-30.113632720814945,36.503982974486725,32.07704070848573,47.21179046573931
"FC","2025-03-15","93.8","-0.94","5.86","Burnes, Corbin",592273,669203,,"foul",,,,,2,"Foul","S","R","R","AZ","CWS","S",,,3,2,2025,"0.45","0.9","-0.13","2.79",,,,2,4,"Top",,,,,,,1.1058837535033428,-136.54359780061498,-4.184339105735971,5.288184726929224,31.969674314282862,-20.190923276650402,"3.28","1.66",201,"76",21,"93.7",2725,"6.3",778787,645444,647304,606466,553993,672695,666971,664983,545341,"54.16",,,,,,,,26,6,"Cutter",1,1,1,1,1,1,1,1,"Standard","Standard",183,"0","0","76.2","7.6",,"0","88.0",0,0,0.545,0.45499999999999996,30,32,31,33,2,1,,,,,"1.7","-0.45","-0.45",,11.81696374127823,-12.732565161256446,32.801472924344864,34.03001522605482,36.91791035820671
"SL","2025-03-15","88.1","-0.9","5.83","Burnes, Corbin",592273,669203,,"ball",,,,,1,"Ball","S","R","R","AZ","CWS","B",,,2,2,2025,"0.47","0.29","-0.62","3.2",,,,2,4,"Top",,,,,,,-0.31399375869714563,-128.2958792974818,-0.8338944949371495,5.267680151259017,29.285550370632546,-29.05877261134688,"3.28","1.66",,,,"87.7",2967,"6.3",778787,645444,647304,606466,553993,672695,666971,664983,545341,"54.24",,,,,,,,26,5,"Slider",1,1,1,1,1,1,1,1,"Standard","Standard",100,"-0.003","0.104",,,,"-0.104",,0,0,0.548,0.45199999999999996,30,32,31,33,2,1,,,,,"2.67","-0.47","-0.47",,,,,,
"SL","2025-03-15","88.3","-0.93","5.74","Burnes, Corbin",592273,669203,,"ball",,,,,14,"Ball","S","R","R","AZ","CWS","B",,,1,2,2025,"0.62","-0.12","0.56","0.29",,,,2,4,"Top",,,,,,,2.35093525012287,-128.61915510975513,-7.005363641795012,6.437272370012662,24.877232361694364,-32.30346152732148,"3.28","1.66",,,,"88.8",3038,"6.4",778787,645444,647304,606466,553993,672695,666971,664983,545341,"54.12",,,,,,,,26,4,"Slider",1,1,1,1,1,1,1,1,"Standard","Standard",100,"-0.002","0.042",,,,"-0.042",,0,0,0.55,0.44999999999999996,30,32,31,33,2,1,,,,,"3.02","-0.62","-0.62",,,,,,
"SI","2025-03-15","95.7","-0.84","5.93","Burnes, Corbin",592273,669203,,"foul",,,,,7,"Foul","S","R","R","AZ","CWS","S",,,1,1,2025,"-1.06","0.86","-0.65","1.88",,,,2,4,"Top",,,,,,,2.9004092573704328,-139.19766380413736,-6.998388625029695,-14.426870036696998,31.588179085051223,-19.661495119842478,"3.28","1.66",3,"103.8",-35,"95.7",2725,"6.4",778787,645444,647304,606466,553993,672695,666971,664983,545341,"54.14",,,,,,,,26,3,"Sinker",1,1,1,1,1,1,1,1,"Standard","Standard",324,"0.002","-0.062","77.2","7.9",,"0.062","103.8",0,0,0.548,0.45199999999999996,30,32,31,33,2,1,,,,,"1.64","1.06","1.06",,13.479608264137477,-15.752827918311043,37.1236223574151,27.402202466442876,36.7622966556857
"FC","2025-03-15","94.3","-0.99","5.79","Burnes, Corbin",592273,669203,,"ball",,,,,14,"Ball","S","R","R","AZ","CWS","B",,,0,1,2025,"0.26","0.79","0.85","1.86",,,,2,4,"Top",,,,,,,4.19748741351527,-137.24372459245353,-6.273894673975942,2.375289603205379,30.509570040648658,-20.972910739601527,"3.28","1.66",,,,"94.4",2813,"6.3",778787,645444,647304,606466,553993,672695,666971,664983,545341,"54.17",,,,,,,,26,2,"Cutter",1,1,1,1,1,1,1,1,"Standard","Standard",192,"-0.001","0.027",,,,"-0.027",,0,0,0.549,0.45099999999999996,30,32,31,33,2,1,,,,,"1.77","-0.26","-0.26",,,,,,
"SI","2025-03-15","96.5","-0.95","5.9","Burnes, Corbin",592273,669203,,"called_strike",,,,,7,"Called Strike","S","R","R","AZ","CWS","S",,,0,0,2025,"-1","0.91","-0.71","1.85",,,,2,4,"Top",,,,,,,2.93947593827763,-140.4704542416496,-7.30385658866731,-13.940548715504704,31.135443638104086,-18.7360719881271,"3.28","1.66",,,,"96.9",2560,"6.5",778787,645444,647304,606466,553993,672695,666971,664983,545341,"54.04",,,,,,,,26,1,"Sinker",1,1,1,1,1,1,1,1,"Standard","Standard",205,"0.002","-0.043",,,,"0.043",,0,0,0.547,0.45299999999999996,30,32,31,33,2,1,,,,,"1.54","1","1",,,,,,
"FC","2025-03-15","93.6","-0.95","5.8","Burnes, Corbin",678246,669203,"field_out","hit_into_play",,,,,9,"Miguel Vargas lines out to shortstop Geraldo Perdomo.","S","R","R","AZ","CWS","X",6,"line_drive",1,0,2025,"0.19","0.89","0.35","1.99",,,,1,4,"Top",98.24,145.27,,,,,2.954368412114793,-136.29197894135845,-6.060021889445957,1.6805280222850243,30.261947745077773,-20.003089399131827,"3.29","1.66",154,"75",15,"93.7",2765,"6.3",778787,645444,647304,606466,553993,672695,666971,664983,545341,"54.19",0.638,,"0",,0,0,4,25,2,"Cutter",1,1,1,1,1,1,1,1,"Standard","Standard",186,"0.023","-0.293","72.8","8.2",0.671,"0.293","88.0",0,0,0.524,0.476,30,25,31,26,2,1,,,,,"1.71","-0.19","-0.19",,18.998489586983556,-9.084286863103276,36.5401505010707,43.49978433113566,41.452010519628935
"FC","2025-03-15","92.9","-0.93","5.9","Burnes, Corbin",678246,669203,,"ball",,,,,11,"Ball","S","R","R","AZ","CWS","B",,,0,0,2025,"0.26","0.71","-0.7","3.73",,,,1,4,"Top",,,,,,,0.022327555357023632,-135.31894761120674,-1.3527505985999282,3.185152912244666,29.95073448809446,-23.32849936621603,"3.29","1.66",,,,"92.8",2720,"6.2",778787,645444,647304,606466,553993,672695,666971,664983,545341,"54.3",,,,,,,,25,1,"Cutter",1,1,1,1,1,1,1,1,"Standard","Standard",185,"-0.003","0.039",,,,"-0.039",,0,0,0.527,0.473,30,25,31,26,2,1,,,,,"1.92","-0.26","-0.26",,,,,,
"FC","2025-03-15","92.9","-1.25","5.58","Burnes, Corbin",643565,669203,"field_out","hit_into_play",,,,,13,"Mike Tauchman grounds out, shortstop Geraldo Perdomo to first baseman Josh Naylor.","S","L","R","AZ","CWS","X",6,"ground_ball",0,2,2025,"0.31","0.7","-0.49","1.42",,,,0,4,"Top",127.69,151.52,,,,,1.2796343391186225,-135.33713887952547,-6.457214950338015,3.586743614223605,28.024258943779518,-22.41149362884445,"3.24","1.63",,,,"93.4",2858,"6.4",778787,645444,647304,606466,553993,672695,666971,664983,545341,"54.1",,,"0",,0,0,,24,3,"Cutter",1,1,1,1,1,1,1,1,"Infield shade","Standard",182,"0.018","-0.165","56.9","6.8",,"0.165",,0,0,0.509,0.491,30,34,31,35,2,1,,,,,"1.92","-0.31","0.31",,-11.817195530448892,25.928047233943857,36.523165545948316,45.64685701351523,13.849345726804216
"FC","2025-03-15","93","-1.18","5.75","Burnes, Corbin",643565,669203,,"called_strike",,,,,7,"Called Strike","S","L","R","AZ","CWS","S",,,0,1,2025,"0.29","0.92","-0.66","2.06",,,,0,4,"Top",,,,,,,0.6941493037413149,-135.5193099640992,-5.729476225900861,3.4599735962584224,27.851939279605904,-19.868117186929727,"3.24","1.63",,,,"93.3",2846,"6.3",778787,645444,647304,606466,553993,672695,666971,664983,545341,"54.23",,,,,,,,24,2,"Cutter",1,1,1,1,1,1,1,1,"Standard","Standard",186,"0.005","-0.055",,,,"0.055",,0,0,0.504,0.496,30,34,31,35,2,1,,,,,"1.7","-0.29","0.29",,,,,,
"FC","2025-03-15","93","-1.2","5.77","Burnes, Corbin",643565,669203,,"called_strike",,,,,4,"Called Strike","S","L","R","AZ","CWS","S",,,0,0,2025,"0.31","1.07","-0.54","2.37",,,,0,4,"Top",,,,,,,1.0178424701627613,-135.5105636641056,-5.331701363400208,3.628348414134571,28.083651793773083,-18.071906615013987,"3.24","1.63",,,,"93.3",2698,"6.3",778787,645444,647304,606466,553993,672695,666971,664983,545341,"54.21",,,,,,,,24,1,"Cutter",1,1,1,1,1,1,1,1,"Infield shade","Standard",185,"0.004","-0.039",,,,"0.039",,0,0,0.5,0.5,30,34,31,35,2,1,,,,,"1.55","-0.31","0.31",,,,,,
"FC","2025-03-15","94.1","-0.79","5.86","Burnes, Corbin",805367,669203,"double_play","hit_into_play",,,,,14,"Chase Meidroth lines into an unassisted double play, first baseman Josh Naylor. Nick Maton out at 1st.","S","R","R","AZ","CWS","X",3,"line_drive",0,1,2025,"0.24","0.95","1.03","2.01",681460,,665155,1,3,"Top",150.51,175.86,,,,,4.225916650368698,-136.9192386301533,-6.401118712742729,2.0390467537368733,32.36850141779931,-18.943083471473106,"3.1","1.57",107,"68.9",9,"94.5",2788,"6.7",778787,645444,647304,606466,553993,672695,666971,664983,545341,"53.83",0.273,,"0",,0,0,2,20,2,"Cutter",1,1,1,1,1,1,1,1,"Standard","Standard",190,"0.119","-0.097","64.7","6.7",0.311,"0.097","88.0",0,0,0.436,0.5640000000000001,30,23,31,24,2,1,,,,,"1.64","-0.24","-0.24",,-0.007243821601701995,18.24600398943758,25.159374624752775,52.863646223455774,17.394873144437852
"FC","2025-03-15","93.9","-0.87","5.87","Burnes, Corbin",805367,669203,,"called_strike",,,,,9,"Called Strike","S","R","R","AZ","CWS","S",,,0,0,2025,"0.1","1.19","0.53","2.03",681460,,665155,1,3,"Top",,,,,,,3.400843562583395,-136.5418376478891,-6.856107848823149,0.5121604499127879,31.594214797349533,-15.962051067899672,"3.1","1.57",,,,"94.2",2603,"6.6",778787,645444,647304,606466,553993,672695,666971,664983,545341,"53.91",,,,,,,,20,1,"Cutter",1,1,1,1,1,1,1,1,"Standard","Standard",190,"0.011","-0.041",,,,"0.041",,0,0,0.425,0.575,30,23,31,24,2,1,,,,,"1.41","-0.1","-0.1",,,,,,
"FC","2025-03-15","95.6","-1.01","5.83","Burnes, Corbin",665155,669203,"single","hit_into_play",,,,,7,"Nick Maton singles on a ground ball to first baseman Josh Naylor. Brooks Baldwin to 3rd.","S","L","R","AZ","CWS","X",3,"ground_ball",3,2,2025,"0.32","0.96","-0.41","1.55",,681460,,1,3,"Top",147.98,168.25,,,,,0.8485767697126702,-139.03006459444504,-7.839750315658695,3.9833761146552416,32.215312322287645,-18.174215912596132,"3.24","1.64",1,"82.3",-47,"95.8",2743,"6.5",778787,645444,647304,606466,553993,672695,666971,664983,545341,"53.99",0.116,,"0.9",,1,0,2,19,6,"Cutter",1,1,1,1,1,1,1,1,"Standard","Standard",190,"-0.05","0.519","66.7","6.2",0.116,"-0.519","88.0",0,0,0.475,0.525,30,28,31,28,2,1,,,,,"1.54","-0.32","0.32",,-0.08318288538066428,15.68438380207772,44.621334000783484,38.44631780936169,18.837102818040417
"FC","2025-03-15","94.9","-0.98","5.83","Burnes, Corbin",665155,669203,,"foul",,,,,5,"Foul","S","L","R","AZ","CWS","S",,,3,1,2025,"0.25","1.09","-0.05","2.44",,681460,,1,3,"Top",,,,,,,1.8859499542619265,-138.07501024297463,-5.617553829527248,2.731562172060531,31.65356745694371,-17.186196389463408,"3.24","1.64",3,"60.5",-40,"94.9",2739,"6.4",778787,645444,647304,606466,553993,672695,666971,664983,545341,"54.12",,,,,,,,19,5,"Cutter",1,1,1,1,1,1,1,1,"Standard","Standard",183,"0.006","-0.068","68.5","6.1",,"0.068","88.0",0,0,0.469,0.531,30,28,31,28,2,1,,,,,"1.45","-0.25","0.25",,9.786858482953479,7.110219772196602,35.446322422514086,34.1369883780555,27.729926678461673
"FC","2025-03-15","94.2","-0.97","5.85","Burnes, Corbin",665155,669203,,"called_strike",,,,,8,"Called Strike","S","L","R","AZ","CWS","S",,,3,0,2025,"0.19","1.13","0.03","1.75",,681460,,1,3,"Top",,,,,,,2.191511663837155,-137.12724075963177,-7.465616456157697,1.928958190120106,29.74432460644409,-16.534103306837856,"3.24","1.64",,,,"94.6",2671,"6.5",778787,645444,647304,606466,553993,672695,666971,664983,545341,"54.02",,,,,,,,19,4,"Cutter",1,1,1,1,1,1,1,1,"Standard","Standard",200,"0.005","-0.054",,,,"0.054",,0,0,0.464,0.536,30,28,31,28,2,1,,,,,"1.44","-0.19","0.19",,,,,,
"FC","2025-03-15","94.6","-0.94","5.9","Burnes, Corbin",665155,669203,,"ball",,,,,13,"Ball","S","L","R","AZ","CWS","B",,,2,0,2025,"0.24","1.07","-0.85","2.02",,681460,,1,3,"Top",,,,,,,-0.31838866541574923,-137.65519818539943,-6.841349284814396,3.1692433342645105,29.885337537864693,-17.24073798375934,"3.24","1.64",,,,"94.6",2710,"6.3",778787,645444,647304,606466,553993,672695,666971,664983,545341,"54.24",,,,,,,,19,3,"Cutter",1,1,1,1,1,1,1,1,"Standard","Standard",191,"-0.007","0.067",,,,"-0.067",,0,0,0.471,0.529,30,28,31,28,2,1,,,,,"1.47","-0.24","0.24",,,,,,
"FC","2025-03-15","93.7","-0.99","5.85","Burnes, Corbin",665155,669203,,"ball",,,,,14,"Ball","S","L","R","AZ","CWS","B",,,1,0,2025,"0.25","1.04","0.54","1.42",,681460,,1,3,"Top",,,,,,,3.421591777439677,-136.27771774009585,-8.043746813204185,2.355336098097562,29.458946079174822,-17.713884067905376,"3.24","1.64",,,,"94.3",2613,"6.6",778787,645444,647304,606466,553993,672695,666971,664983,545341,"53.86",,,,,,,,19,2,"Cutter",1,1,1,1,1,1,1,1,"Standard","Standard",190,"-0.005","0.046",,,,"-0.046",,0,0,0.476,0.524,30,28,31,28,2,1,,,,,"1.56","-0.25","0.25",,,,,,
"CU","2025-03-15","80.7","-0.81","5.92","Burnes, Corbin",665155,669203,,"blocked_ball",,,,,14,"Ball In Dirt","S","L","R","AZ","CWS","B",,,0,0,2025,"0.81","-0.94","0.17","0.82",,681460,,1,3,"Top",,,,,,,0.635324180794643,-117.47645279968796,-2.7976827623135057,7.2296502413678585,25.89308066749428,-40.40525540371052,"3.24","1.64",,,,"80.5",2889,"6.5",778787,645444,647304,606466,553993,672695,666971,664983,545341,"54.02",,,,,,,,19,1,"Curveball",1,1,1,1,1,1,1,1,"Standard","Standard",54,"-0.002","0.028",,,,"-0.028",,0,0,0.478,0.522,30,28,31,28,2,1,,,,,"4.48","-0.81","0.81",,,,,,
"CH","2025-03-15","89.5","-1.03","5.61","Burnes, Corbin",681460,669203,"double","hit_into_play",,,,,7,"Brooks Baldwin doubles (3) on a sharp line drive to right fielder Randal Grichuk. Omar Narváez scores.","S","L","R","AZ","CWS","X",9,"line_drive",1,0,2025,"-0.98","1.19","-0.44","1.99",,553882,,1,3,"Top",154.18,93.77,,,,,3.551873677187507,-130.29340337211028,-5.444382795524786,-11.95285261672072,27.96249085738422,-17.68595669885232,"3.25","1.64",272,"100.9",10,"89.7",2007,"6.5",778787,645444,647304,606466,553993,672695,666971,664983,545341,"54.04",0.833,,"1.25",,1,1,4,18,2,"Changeup",1,0,0,1,1,1,1,1,"Standard","Standard",225,"-0.109","0.786","68.5","7.5",0.967,"-0.786","100.9",1,-1,0.587,0.41300000000000003,30,24,31,25,1,0,,,,,"1.66","0.98","-0.98",,4.615446635657734,-4.070176098309795,26.290825448247354,46.34958979799131,36.48392258939738
"FC","2025-03-15","94.3","-1.05","5.81","Burnes, Corbin",681460,669203,,"ball",,,,,14,"Ball","S","L","R","AZ","CWS","B",,,0,0,2025,"0.28","1","0.04","1.05",,553882,,1,3,"Top",,,,,,,2.247260717686942,-137.26550782067832,-8.987365218910696,3.0935705347468727,26.953774668056923,-17.820367995387514,"3.25","1.64",,,,"95",2740,"6.4",778787,645444,647304,606466,553993,672695,666971,664983,545341,"54.08",,,,,,,,18,1,"Cutter",1,0,0,1,0,1,0,1,"Standard","Standard",196,"-0.003","0.028",,,,"-0.028",,1,-1,0.59,0.41000000000000003,30,24,31,25,1,0,,,,,"1.54","-0.28","0.28",,,,,,
"SL","2025-03-15","89.8","-0.88","5.92","Burnes, Corbin",666915,669203,"field_out","hit_into_play",,,,,6,"Bobby Dalbec pops out to second baseman Ketel Marte.","S","R","R","AZ","CWS","X",4,"popup",0,1,2025,"0.64","0.31","0.56","2.38",,553882,,0,3,"Top",176.73,145.89,,,,,2.2302814922610144,-130.90230773650802,-3.528388958522304,6.93804507083371,25.017133360643548,-28.05675996009758,"3.33","1.68",184,"76",60,"90.4",2901,"6.4",778787,645444,647304,606466,553993,672695,666971,664983,545341,"54.15",0.015,,"0",,0,0,3,17,2,"Slider",1,0,0,1,0,1,0,1,"Standard","Standard",123,"0.041","-0.246","75.4","7.4",0.015,"0.246","88.0",1,-1,0.549,0.45099999999999996,30,30,31,30,1,0,,,,,"2.48","-0.64","-0.64",,11.340483342587785,2.4263532134352315,34.85597778041958,45.17924062919525,34.574047966070346
"FC","2025-03-15","93.5","-0.97","5.96","Burnes, Corbin",666915,669203,,"foul",,,,,5,"Foul","S","R","R","AZ","CWS","S",,,0,0,2025,"0.25","0.82","-0.15","2.61",,553882,,0,3,"Top",,,,,,,1.5627368424285533,-136.22787257038505,-4.706371750488184,2.7925736077673142,29.811045755792744,-21.155690459776796,"3.33","1.68",246,"94.6",57,"93.9",2633,"6.4",778787,645444,647304,606466,553993,672695,666971,664983,545341,"54.08",,,,,,,,17,1,"Cutter",1,0,0,1,0,1,0,1,"Standard","Standard",188,"0.007","-0.043","76.4","6.9",,"0.043","94.6",1,-1,0.542,0.45799999999999996,30,30,31,30,1,0,,,,,"1.78","-0.25","-0.25",,10.657524217309144,2.4535232231098925,36.77615895959132,35.56968678877132,30.62636245305107
"FC","2025-03-15","92.9","-0.92","5.95","Burnes, Corbin",553882,669203,"double","hit_into_play",,,,,6,"Omar Narváez doubles (1) on a sharp fly ball to right fielder Randal Grichuk.","S","L","R","AZ","CWS","X",9,"fly_ball",0,1,2025,"0.2","0.8","0.79","2.59",,,,0,3,"Top",179.63,49.95,,,,,3.937398008777461,-135.1910238080744,-4.584879156515327,1.6512696235720772,29.42823843473036,-21.557405757197262,"3.15","1.59",390,"101.9",26,"93.1",2702,"6.4",778787,645444,647304,606466,553993,672695,666971,664983,545341,"54.12",0.573018867924528,,"1.25",,1,1,6,16,2,"Cutter",1,0,0,1,0,1,0,1,"Infield shade","Standard",192,"-0.074","0.756","69.5","6.5",2.0882264150943395,"-0.756","101.9",1,-1,0.616,0.384,30,33,31,33,1,0,,,,,"1.84","-0.2","0.2",,13.712575953218776,-6.644860981292732,36.42580128563063,29.115651226657704,30.0924841439679
"FC","2025-03-15","93.7","-1.03","5.87","Burnes, Corbin",553882,669203,,"foul",,,,,1,"Foul","S","L","R","AZ","CWS","S",,,0,0,2025,"0.36","1.08","-0.39","3",,,,0,3,"Top",,,,,,,0.8518050912340948,-136.40471144370278,-4.052954765609001,4.266023326099481,30.885667493354397,-18.0120686711794,"3.15","1.59",203,"73.7",52,"93.5",2652,"6.2",778787,645444,647304,606466,553993,672695,666971,664983,545341,"54.27",,,,,,,,16,1,"Cutter",1,0,0,1,0,1,0,1,"Infield shade","Standard",193,"0.004","-0.039","61.1","6.4",,"0.039","88.0",1,-1,0.612,0.388,30,33,31,33,1,0,,,,,"1.52","-0.36","0.36",,-0.6111325111358311,15.350626726970539,30.720351812057498,41.40407031865567,18.05901578381294
"FC","2025-03-15","95.2","-1.03","5.87","Burnes, Corbin",608671,669203,"strikeout","called_strike",,,,,4,"Travis Jankowski called out on strikes.","S","L","R","AZ","CWS","S",2,,3,2,2025,"0.45","0.89","-0.54","2.38",,,,2,2,"Top",,,,,,,0.25770878609661596,-138.63610450163154,-5.500006239380824,5.713983469068072,31.712264588462926,-19.655330092504933,"3.3","1.67",,,,"95.1",2777,"6.2",778787,645444,647304,606466,553993,672695,666971,664983,545341,"54.27",,,"0",,0,0,,11,8,"Cutter",1,0,0,1,0,1,0,1,"Infield shade","Standard",193,"0.013","-0.328",,,,"0.328",,1,-1,0.643,0.357,30,34,31,34,1,0,,,,,"1.62","-0.45","0.45",,,,,,
"FC","2025-03-15","94.1","-0.98","5.93","Burnes, Corbin",608671,669203,,"foul",,,,,6,"Foul","S","L","R","AZ","CWS","S",,,3,2,2025,"0.17","0.79","0.34","2.19",,,,2,2,"Top",,,,,,,3.0570397715573145,-136.9954554661058,-5.749832231901715,1.4711328154030314,31.237093991646805,-21.123169679204995,"3.3","1.67",3,"84.7",-33,"94.1",2590,"6.4",778787,645444,647304,606466,553993,672695,666971,664983,545341,"54.14",,,,,,,,11,7,"Cutter",1,0,0,1,0,1,0,1,"Infield shade","Standard",195,"0","0","71.4","6.8",,"0","88.0",1,-1,0.643,0.357,30,34,31,34,1,0,,,,,"1.79","-0.17","0.17",,5.451271404404398,-14.519811117471516,36.69565879847858,33.29823310054864,31.43609632694765
"FC","2025-03-15","94.7","-0.93","5.9","Burnes, Corbin",608671,669203,,"foul",,,,,5,"Foul","S","L","R","AZ","CWS","S",,,3,2,2025,"0.17","1","-0.08","2.32",,,,2,2,"Top",,,,,,,1.849685947925835,-137.7262814344622,-5.861493585665194,1.6589614171348488,32.86278338794076,-18.383868271453654,"3.3","1.67",2,"71.4",-47,"94.6",2673,"6.5",778787,645444,647304,606466,553993,672695,666971,664983,545341,"54.05",,,,,,,,11,6,"Cutter",1,0,0,1,0,1,0,1,"Infield shade","Standard",191,"0","0","63.2","6.4",,"0","88.0",1,-1,0.643,0.357,30,34,31,34,1,0,,,,,"1.56","-0.17","0.17",,3.436663115976742,0.4246480882590928,32.303042288506134,39.32837805473372,23.750136421884072
"FC","2025-03-15","94.6","-0.97","5.83","Burnes, Corbin",608671,669203,,"foul",,,,,5,"Foul","S","L","R","AZ","CWS","S",,,3,1,2025,"0.29","1.12","0.14","2.32",,,,2,2,"Top",,,,,,,2.2707135822342126,-137.67638173816945,-5.9675197952227315,3.082418470229682,32.4242469422042,-16.82484687138946,"3.3","1.67",,,,"94.8",2660,"6.5",778787,645444,647304,606466,553993,672695,666971,664983,545341,"53.96",,,,,,,,11,5,"Cutter",1,0,0,1,0,1,0,1,"Infield shade","Standard",189,"0.003","-0.086","69.0","6.7",,"0.086",,1,-1,0.64,0.36,30,34,31,34,1,0,,,,,"1.44","-0.29","0.29",,2.101203537214002,-4.272177021008459,32.895012898569505,36.643052379981036,26.999414736687072
"FC","2025-03-15","94.8","-1.07","5.85","Burnes, Corbin",608671,669203,,"ball",,,,,11,"Ball","S","L","R","AZ","CWS","B",,,2,1,2025,"0.23","0.95","-1.03","2.77",,,,2,2,"Top",,,,,,,-0.4177595980773914,-138.03695551272435,-4.503901068395385,2.9971017610062347,31.181323225959403,-19.27356010411812,"3.3","1.67",,,,"95",2647,"6.4",778787,645444,647304,606466,553993,672695,666971,664983,545341,"54.1",,,,,,,,11,4,"Cutter",1,0,0,1,0,1,0,1,"Infield shade","Standard",189,"-0.004","0.117",,,,"-0.117",,1,-1,0.644,0.356,30,34,31,34,1,0,,,,,"1.59","-0.23","0.23",,,,,,
"CH","2025-03-15","90.9","-1.03","5.58","Burnes, Corbin",608671,669203,,"ball",,,,,13,"Ball","S","L","R","AZ","CWS","B",,,1,1,2025,"-1.48","0.71","-0.56","0.69",,,,2,2,"Top",,,,,,,4.367828840902936,-132.1386356551776,-7.865477891705747,-18.21167165207745,29.610678937769354,-22.317566911722334,"3.3","1.67",,,,"91.1",2102,"6.6",778787,645444,647304,606466,553993,672695,666971,664983,545341,"53.92",,,,,,,,11,3,"Changeup",1,0,0,1,0,1,0,1,"Infield shade","Standard",227,"-0.002","0.053",,,,"-0.053",,1,-1,0.646,0.354,30,34,31,34,1,0,,,,,"2.07","1.48","-1.48",,,,,,
"CH","2025-03-15","92","-1.01","5.62","Burnes, Corbin",608671,669203,,"ball",,,,,13,"Ball","S","L","R","AZ","CWS","B",,,0,1,2025,"-1.27","1.09","-0.3","1.26",,,,2,2,"Top",,,,,,,4.556006005613265,-133.66528652675515,-7.544344726732903,-16.187004396059674,30.684670385526655,-17.693226226635616,"3.3","1.67",,,,"92",2241,"6.5",778787,645444,647304,606466,553993,672695,666971,664983,545341,"53.95",,,,,,,,11,2,"Changeup",1,0,0,1,0,1,0,1,"Infield shade","Standard",224,"-0.001","0.027",,,,"-0.027",,1,-1,0.647,0.353,30,34,31,34,1,0,,,,,"1.63","1.27","-1.27",,,,,,
"FC","2025-03-15","94.6","-1.09","5.87","Burnes, Corbin",608671,669203,,"called_strike",,,,,4,"Called Strike","S","L","R","AZ","CWS","S",,,0,0,2025,"0.35","1.07","-0.55","2.4",,,,2,2,"Top",,,,,,,0.6301604213209194,-137.73533536235468,-5.754649284323332,4.293129814120534,32.22045463891283,-17.492149846655465,"3.3","1.67",,,,"94.9",2718,"6.5",778787,645444,647304,606466,553993,672695,666971,664983,545341,"53.95",,,,,,,,11,1,"Cutter",1,0,0,1,0,1,0,1,"Infield shade","Standard",196,"0.002","-0.043",,,,"0.043",,1,-1,0.645,0.355,30,34,31,34,1,0,,,,,"1.49","-0.35","0.35",,,,,,
"FC","2025-03-15","94.9","-0.84","5.92","Burnes, Corbin",592273,669203,"field_out","hit_into_play",,,,,6,"Brandon Drury grounds out, shortstop Geraldo Perdomo to first baseman Josh Naylor.","S","R","R","AZ","CWS","X",6,"ground_ball",2,2,2025,"0.28","0.88","0.49","2.22",,,,1,2,"Top",108.93,160.65,,,,,2.881651647881789,-138.0770271602644,-5.9613702627933085,2.857943549203369,31.53045543816988,-19.829572661149736,"3.28","1.66",18,"110.6",-6,"95.1",2810,"6.5",778787,645444,647304,606466,553993,672695,666971,664983,545341,"54.04",0.365,,"0",,0,0,2,10,6,"Cutter",1,0,0,1,0,1,0,1,"Standard","Standard",180,"0.016","-0.228","77.5","7.4",0.365,"0.228","110.6",1,-1,0.629,0.371,30,32,31,33,1,0,,,,,"1.66","-0.28","-0.28",,4.802569998813826,-1.7768111104993916,32.80603408389516,39.80364142738607,30.55019424822429
"FC","2025-03-15","95.1","-0.89","5.9","Burnes, Corbin",592273,669203,,"ball",,,,,14,"Ball","S","R","R","AZ","CWS","B",,,1,2,2025,"0.17","0.83","1.18","0.51",,,,1,2,"Top",,,,,,,5.055762194104343,-138.14091128770818,-10.339065518370274,0.9953421432990242,31.057969569428717,-19.455035699051074,"3.28","1.66",,,,"95.2",2744,"6.5",778787,645444,647304,606466,553993,672695,666971,664983,545341,"54.02",,,,,,,,10,5,"Cutter",1,0,0,1,0,1,0,1,"Standard","Standard",187,"-0.002","0.048",,,,"-0.048",,1,-1,0.631,0.369,30,32,31,33,1,0,,,,,"1.7","-0.17","-0.17",,,,,,
"CU","2025-03-15","82.5","-0.78","5.89","Burnes, Corbin",592273,669203,,"ball",,,,,14,"Ball","S","R","R","AZ","CWS","B",,,0,2,2025,"0.87","-0.91","0.79","-0.06",,,,1,2,"Top",,,,,,,1.8773086738249247,-120.03614274807798,-5.214743094946995,7.921839784741657,25.288803903707244,-40.07622249619257,"3.28","1.66",,,,"82.5",2997,"6.5",778787,645444,647304,606466,553993,672695,666971,664983,545341,"53.98",,,,,,,,10,4,"Curveball",1,0,0,1,0,1,0,1,"Standard","Standard",49,"-0.002","0.017",,,,"-0.017",,1,-1,0.633,0.367,30,32,31,33,1,0,,,,,"4.29","-0.87","-0.87",,,,,,
"SL","2025-03-15","87.1","-0.96","5.86","Burnes, Corbin",592273,669203,,"foul",,,,,5,"Foul","S","R","R","AZ","CWS","S",,,0,2,2025,"0.4","0.15","-0.27","2.53",,,,1,2,"Top",,,,,,,0.8427596520773311,-126.79272510685271,-2.0939966526750005,4.0670519799035825,27.39838949545894,-30.345062194360317,"3.28","1.66",407,"110.6",25,"86.9",2811,"6.3",778787,645444,647304,606466,553993,672695,666971,664983,545341,"54.24",,,,,,,,10,3,"Slider",1,0,0,1,0,1,0,1,"Standard","Standard",96,"0","0","74.2","7.7",,"0","110.6",1,-1,0.633,0.367,30,32,31,33,1,0,,,,,"2.87","-0.4","-0.4",,21.341436654650092,-19.596929642503966,34.22704500525091,27.024809633449273,37.072772822147556
"FC","2025-03-15","95","-1.04","5.9","Burnes, Corbin",592273,669203,,"foul",,,,,14,"Foul","S","R","R","AZ","CWS","S",,,0,0,2025,"0.21","1.01","0.23","1.53",,,,1,2,"Top",,,,,,,2.8811479274255416,-138.19432290253872,-8.071207920632133,2.0632834086143825,30.46502224056255,-17.58569723993119,"3.28","1.66",188,"76.5",59,"95.3",2747,"6.5",778787,645444,647304,606466,553993,672695,666971,664983,545341,"54.04",,,,,,,,10,1,"Cutter",1,0,0,1,0,1,0,1,"Standard","Standard",195,"0.003","-0.039","77.2","7.7",,"0.039","88.0",1,-1,0.627,0.373,30,32,31,33,1,0,,,,,"1.51","-0.21","-0.21",,5.4646821346769325,0.4078215009476806,39.58901242660312,38.80684161536646,28.851986844566238
"FC","2025-03-15","94.7","-0.92","5.87","Burnes, Corbin",678246,669203,"field_out","hit_into_play",,,,,8,"Miguel Vargas lines out to third baseman Eugenio Suárez.","S","R","R","AZ","CWS","X",5,"line_drive",1,1,2025,"0.01","0.86","0.08","1.8",,,,0,2,"Top",90.68,151.25,,,,,2.5662345880370885,-137.72691676224125,-6.835524368366269,-0.47783437565971626,31.711613637030453,-19.926344458267163,"3.29","1.66",151,"88.5",10,"94.5",2673,"6.3",778787,645444,647304,606466,553993,672695,666971,664983,545341,"54.2",0.557,,"0",,0,0,4,9,3,"Cutter",1,0,0,1,0,1,0,1,"Standard","Standard",186,"0.023","-0.251","71.4","8.2",0.579,"0.251","88.5",1,-1,0.604,0.396,30,25,31,26,1,0,,,,,"1.69","-0.01","-0.01",,16.6366182363658,-10.993731689476906,39.57039592288148,38.93517974411176,42.05047545825708
"FC","2025-03-15","93.6","-0.95","5.95","Burnes, Corbin",678246,669203,,"called_strike",,,,,9,"Called Strike","S","R","R","AZ","CWS","S",,,1,0,2025,"0.4","1.14","0.4","1.6",,,,0,2,"Top",,,,,,,2.6234468337426455,-136.18274521800805,-8.00203063920491,4.359301750768452,30.7939138867955,-16.427092595144867,"3.29","1.66",,,,"93.9",2656,"6.5",778787,645444,647304,606466,553993,672695,666971,664983,545341,"53.96",,,,,,,,9,2,"Cutter",1,0,0,1,0,1,0,1,"Standard","Standard",191,"0.005","-0.05",,,,"0.05",,1,-1,0.599,0.401,30,25,31,26,1,0,,,,,"1.47","-0.4","-0.4",,,,,,
"FC","2025-03-15","93.7","-0.81","5.99","Burnes, Corbin",678246,669203,,"ball",,,,,14,"Ball","S","R","R","AZ","CWS","B",,,0,0,2025,"0.23","0.95","0.84","1.58",,,,0,2,"Top",,,,,,,3.74901059660135,-136.1041006570445,-7.659505734669509,1.9319206284690016,34.212610222007584,-18.81976796817128,"3.29","1.66",,,,"93.3",2564,"6.5",778787,645444,647304,606466,553993,672695,666971,664983,545341,"54.02",,,,,,,,9,1,"Cutter",1,0,0,1,0,1,0,1,"Standard","Standard",191,"-0.004","0.041",,,,"-0.041",,1,-1,0.603,0.397,30,25,31,26,1,0,,,,,"1.69","-0.23","-0.23",,,,,,
"FC","2025-03-15","94.6","-1","5.87","Burnes, Corbin",643565,669203,"strikeout","swinging_strike",,,,,4,"Mike Tauchman strikes out swinging.","S","L","R","AZ","CWS","S",2,,3,2,2025,"0.09","0.78","-0.74","2.4",,,,2,1,"Top",,,,,,,0.49604385107544513,-137.69951336620915,-5.127417134648079,0.9689136657932218,31.18763213607504,-21.275571105243497,"3.24","1.63",,,,"94.9",2692,"6.5",778787,645444,647304,606466,553993,672695,666971,664983,545341,"54.01",,,"0",,0,0,,3,6,"Cutter",0,0,0,0,0,0,0,0,"Infield shade","Standard",190,"0.012","-0.328","65.7","6.8",,"0.328",,0,0,0.536,0.46399999999999997,30,34,31,35,1,0,,,,,"1.77","-0.09","0.09",,-6.350773151912902,31.191416438787925,33.18228137218227,48.895675687006786,8.105316072055711
"ST","2025-03-15","81.5","-0.72","5.94","Burnes, Corbin",643565,669203,,"ball",,,,,14,"Ball","S","L","R","AZ","CWS","B",,,2,2,2025,"1.05","-0.76","0.62","0.07",,,,2,1,"Top",,,,,,,0.9932056462145002,-118.60343911877146,-5.1006843888689355,9.686656530361553,24.511110012992575,-38.50593947204629,"3.24","1.63",,,,"81.6",2998,"6.5",778787,645444,647304,606466,553993,672695,666971,664983,545341,"53.99",,,,,,,,3,5,"Sweeper",0,0,0,0,0,0,0,0,"Strategic","Standard",49,"-0.003","0.104",,,,"-0.104",,0,0,0.539,0.46099999999999997,30,34,31,35,1,0,,,,,"4.22","-1.05","1.05",,,,,,
"FC","2025-03-15","95.2","-0.9","5.94","Burnes, Corbin",643565,669203,,"foul",,,,,6,"Foul","S","L","R","AZ","CWS","S",,,2,1,2025,"0.18","1.06","0.44","2.41",,,,2,1,"Top",,,,,,,3.1273806942405304,-138.51989404269776,-5.934347023723901,1.4754823682002411,34.0682690043298,-17.436883632600196,"3.24","1.63",77,"85.9",83,"95",2755,"6.4",778787,645444,647304,606466,553993,672695,666971,664983,545341,"54.08",,,,,,,,3,4,"Cutter",0,0,0,0,0,0,0,0,"Infield shade","Standard",190,"0.002","-0.073","71.8","7.5",,"0.073","88.0",0,0,0.537,0.46299999999999997,30,34,31,35,1,0,,,,,"1.48","-0.18","0.18",,18.88806355986912,-6.708249495162491,32.74273271964454,35.498786264505895,37.04498399983715
"FC","2025-03-15","95.1","-1.12","5.82","Burnes, Corbin",643565,669203,,"ball",,,,,13,"Ball","S","L","R","AZ","CWS","B",,,1,1,2025,"0.21","1.03","-0.38","1.37",,,,2,1,"Top",,,,,,,1.4778094236345265,-138.39631673375067,-8.352029342954783,2.371392344622904,30.530859737853326,-17.243946390448237,"3.24","1.63",,,,"95.4",2833,"6.4",778787,645444,647304,606466,553993,672695,666971,664983,545341,"54.08",,,,,,,,3,3,"Cutter",0,0,0,0,0,0,0,0,"Infield shade","Standard",190,"-0.001","0.053",,,,"-0.053",,0,0,0.538,0.46199999999999997,30,34,31,35,1,0,,,,,"1.48","-0.21","0.21",,,,,,
"CH","2025-03-15","90.8","-1.06","5.63","Burnes, Corbin",643565,669203,,"ball",,,,,13,"Ball","S","L","R","AZ","CWS","B",,,0,1,2025,"-1.3","0.84","-1.06","1.57",,,,2,1,"Top",,,,,,,2.8052560402867632,-132.19756733244316,-6.0769597325550375,-15.85815237870805,28.62369075180711,-21.197782106969747,"3.24","1.63",,,,"91.3",2181,"6.6",778787,645444,647304,606466,553993,672695,666971,664983,545341,"53.89",,,,,,,,3,2,"Changeup",0,0,0,0,0,0,0,0,"Infield shade","Standard",220,"-0.002","0.027",,,,"-0.027",,0,0,0.54,0.45999999999999996,30,34,31,35,1,0,,,,,"1.92","1.3","-1.3",,,,,,
"FC","2025-03-15","95.3","-1.04","5.99","Burnes, Corbin",643565,669203,,"called_strike",,,,,7,"Called Strike","S","L","R","AZ","CWS","S",,,0,0,2025,"0.31","1.03","-0.53","1.73",,,,2,1,"Top",,,,,,,0.6684282288047172,-138.7119183293142,-7.9088155781768545,3.8511825750098985,29.035876020787338,-17.412759714396795,"3.24","1.63",,,,"95.7",2778,"6.3",778787,645444,647304,606466,553993,672695,666971,664983,545341,"54.16",,,,,,,,3,1,"Cutter",0,0,0,0,0,0,0,0,"Infield shade","Standard",183,"0.002","-0.043",,,,"0.043",,0,0,0.538,0.46199999999999997,30,34,31,35,1,0,,,,,"1.47","-0.31","0.31",,,,,,
"SL","2025-03-15","89.9","-0.9","5.86","Burnes, Corbin",805367,669203,"strikeout","swinging_strike",,,,,14,"Chase Meidroth strikes out swinging.","S","R","R","AZ","CWS","S",2,,0,2,2025,"0.47","0.18","0.82","0.4",,,,1,1,"Top",,,,,,,3.282134151984709,-130.65784331531947,-7.860697842434906,4.524628203359257,31.10578818289252,-28.52691089363471,"3.1","1.57",,,,"89.5",2976,"6.4",778787,645444,647304,606466,553993,672695,666971,664983,545341,"54.07",,,"0",,0,0,,2,3,"Slider",0,0,0,0,0,0,0,0,"Standard","Standard",120,"0.01","-0.163","38.8","7.2",,"0.163",,0,0,0.528,0.472,30,23,31,24,1,0,,,,,"2.68","-0.47","-0.47",,10.158606499481902,-10.919010541805235,34.323934837832375,47.40650162591346,33.46232619556951
"FC","2025-03-15","94.8","-0.8","5.98","Burnes, Corbin",805367,669203,,"swinging_strike",,,,,9,"Swinging Strike","S","R","R","AZ","CWS","S",,,0,1,2025,"0.25","1.11","0.57","1.65",,,,1,1,"Top",,,,,,,3.0375863530634604,-137.74439233981522,-8.003784209530071,2.361616041753711,35.455089033437,-16.413407769730014,"3.1","1.57",,,,"94.1",2857,"6.3",778787,645444,647304,606466,553993,672695,666971,664983,545341,"54.16",,,,,,,,2,2,"Cutter",0,0,0,0,0,0,0,0,"Standard","Standard",190,"0.004","-0.052","69.4","7.9",,"0.052",,0,0,0.524,0.476,30,23,31,24,1,0,,,,,"1.47","-0.25","-0.25",,18.920890038725723,-21.18537152135001,30.709994234889848,44.014733848469035,38.151257327801055
"FC","2025-03-15","94","-0.93","5.95","Burnes, Corbin",805367,669203,,"called_strike",,,,,5,"Called Strike","S","R","R","AZ","CWS","S",,,0,0,2025,"0.33","1","0.04","2.57",,,,1,1,"Top",,,,,,,1.7688869465539747,-136.80339399119345,-5.2440105111289865,3.7443615834415653,32.47625714890057,-18.620909347656404,"3.1","1.57",,,,"93.7",2890,"6.3",778787,645444,647304,606466,553993,672695,666971,664983,545341,"54.2",,,,,,,,2,1,"Cutter",0,0,0,0,0,0,0,0,"Standard","Standard",189,"0.002","-0.039",,,,"0.039",,0,0,0.522,0.478,30,23,31,24,1,0,,,,,"1.59","-0.33","-0.33",,,,,,
"CU","2025-03-15","82.4","-0.85","5.93","Burnes, Corbin",665155,669203,"strikeout","swinging_strike",,,,,14,"Nick Maton strikes out swinging.","S","L","R","AZ","CWS","S",2,,2,2,2025,"0.76","-0.56","0.88","0.96",,,,0,1,"Top",,,,,,,2.4718991801771537,-119.89610235682107,-3.625356351223825,6.716507822685686,25.304848780328754,-36.99569046412742,"3.24","1.64",,,,"82.2",2919,"6.4",778787,645444,647304,606466,553993,672695,666971,664983,545341,"54.1",,,"0",,0,0,,1,5,"Curveball",0,0,0,0,0,0,0,0,"Infield shade","Standard",53,"0.02","-0.232","17.6","5.2",,"0.232",,0,0,0.502,0.498,30,28,31,28,1,0,,,,,"3.94","-0.76","0.76",,8.898451491005947,23.61106555999535,41.49485428196276,21.817142705085224,28.643619586752123
"FC","2025-03-15","94","-0.88","5.95","Burnes, Corbin",665155,669203,,"swinging_strike",,,,,14,"Swinging Strike","S","L","R","AZ","CWS","S",,,2,1,2025,"0.37","0.92","0.83","1.71",,,,0,1,"Top",,,,,,,3.6324460297612235,-136.74823087491345,-7.285625512992713,3.776042429174429,31.551987672136573,-19.223138294163224,"3.24","1.64",,,,"94.1",2833,"6.4",778787,645444,647304,606466,553993,672695,666971,664983,545341,"54.06",,,,,,,,1,4,"Cutter",0,0,0,0,0,0,0,0,"Standard","Standard",184,"0.006","-0.073","71.3","7.6",,"0.073",,0,0,0.496,0.504,30,28,31,28,1,0,,,,,"1.67","-0.37","0.37",,31.765234210603158,-33.443365452226395,39.57888784725748,24.501232376374585,47.09926544969058
"CH","2025-03-15","89.9","-1.03","5.64","Burnes, Corbin",665155,669203,,"ball",,,,,13,"Ball","S","L","R","AZ","CWS","B",,,1,1,2025,"-1.4","0.98","-0.74","1.36",,,,0,1,"Top",,,,,,,3.6915922065405966,-130.68586335632773,-6.640345551331348,-16.71605481305852,32.163614585563245,-19.65215031759174,"3.24","1.64",,,,"89.6",2266,"6.5",778787,645444,647304,606466,553993,672695,666971,664983,545341,"53.96",,,,,,,,1,3,"Changeup",0,0,0,0,0,0,0,0,"Strategic","Standard",224,"-0.005","0.055",,,,"-0.055",,0,0,0.501,0.499,30,28,31,28,1,0,,,,,"1.88","1.4","-1.4",,,,,,
"FC","2025-03-15","94.5","-0.87","6.02","Burnes, Corbin",665155,669203,,"ball",,,,,14,"Ball","S","L","R","AZ","CWS","B",,,0,1,2025,"0.22","0.95","0.19","1.34",,,,0,1,"Top",,,,,,,2.262932702386833,-137.4836851707527,-8.608319107908093,2.324494637689332,31.115393338986042,-18.451285377055672,"3.24","1.64",,,,"94.6",2857,"6.4",778787,645444,647304,606466,553993,672695,666971,664983,545341,"54.12",,,,,,,,1,2,"Cutter",0,0,0,0,0,0,0,0,"Strategic","Standard",182,"-0.002","0.031",,,,"-0.031",,0,0,0.503,0.497,30,28,31,28,1,0,,,,,"1.61","-0.22","0.22",,,,,,
"FC","2025-03-15","94.3","-1.09","5.98","Burnes, Corbin",665155,669203,,"swinging_strike",,,,,7,"Swinging Strike","S","L","R","AZ","CWS","S",,,0,0,2025,"0.34","1.12","-0.31","1.9",,,,0,1,"Top",,,,,,,1.2676658095368218,-137.23539465263997,-7.380546945128626,3.9827630816453,31.316319955244616,-16.55206159682269,"3.24","1.64",,,,"94.2",2693,"6.3",778787,645444,647304,606466,553993,672695,666971,664983,545341,"54.2",,,,,,,,1,1,"Cutter",0,0,0,0,0,0,0,0,"Strategic","Standard",191,"0.003","-0.039","74.9","7.3",,"0.039",,0,0,0.5,0.5,30,28,31,28,1,0,,,,,"1.45","-0.34","0.34",,22.5261689031289,-15.186700425557465,35.76508754062882,37.92995465759189,37.946169950379115
,"2025-03-15",,,,"Burnes, Corbin",592273,669203,,"automatic_strike",,,,,,"Automatic Strike - Batter Pitch Timer Violation","S","R","R","AZ","CWS","S",,,0,1,2025,,,,,,,,1,2,"Top",,,,,,,,,,,,,,,,,,,,,778787,645444,647304,606466,553993,672695,666971,664983,545341,,,,,,,,,10,2,,1,0,0,1,0,1,0,1,,,,"0.003",,,,,,,1,-1,0.63,0.37,30,32,31,33,1,0,,,,,,,,,,,,,
"FC","2025-03-09","93.2","-0.95","5.8","Burnes, Corbin",669394,669203,"field_out","hit_into_play",,,,,6,"Jake Burger lines out to second baseman Garrett Hampson.","S","R","R","AZ","TEX","X",4,"line_drive",2,1,2025,"0.5","0.64","0.62","2.63",,608369,694671,2,4,"Top",137.99,147.06,,,,,2.9620389557662437,-135.7337734195639,-3.8415431473294235,5.611272610880014,27.438362299018184,-23.600214700160805,"3.22","1.63",183,"83.6",13,"93.9",2678,"6.5",778790,645444,641820,641658,666197,663731,666971,694815,545341,"54",0.792,,"0",,0,0,4,27,4,"Cutter",2,0,0,2,0,2,0,2,"Standard","Standard",182,"0.055","-0.283","76.7","4.1",0.929,"0.283","88.0",2,-2,0.731,0.269,30,29,31,29,2,1,,,,,"1.96","-0.5","-0.5",,4.6777404042900175,-3.026895753030607,21.37761482192425,51.44001662750016,29.58016436907968
"SL","2025-03-09","86.2","-0.97","5.74","Burnes, Corbin",669394,669203,,"foul",,,,,9,"Foul","S","R","R","AZ","TEX","S",,,2,0,2025,"0.56","-0.15","0.41","1.88",,608369,694671,2,4,"Top",,,,,,,2.159022420482711,-125.58906403811177,-2.7117070636471414,5.562084191862001,24.37938008687138,-33.39581698786044,"3.22","1.63",1,"69.9",-56,"86.6",2923,"6.4",778790,645444,641820,641658,666197,663731,666971,694815,545341,"54.09",,,,,,,,27,3,"Slider",2,0,0,2,0,2,0,2,"Standard","Standard",78,"0.008","-0.052","71.7","3.5",,"0.052","88.0",2,-2,0.723,0.277,30,29,31,29,2,1,,,,,"3.19","-0.56","-0.56",,14.009647116737266,-13.401782413488938,,49.20986215709512,40.31888237369439
"FC","2025-03-09","93.6","-0.96","5.79","Burnes, Corbin",669394,669203,,"ball",,,,,14,"Ball","S","R","R","AZ","TEX","B",,,1,0,2025,"0.3","0.74","1.36","2.01",,608369,694671,2,4,"Top",,,,,,,5.331983726151078,-136.30665199340228,-5.737935918290605,2.7465201055495907,27.3863952954709,-21.89953822164812,"3.22","1.63",,,,"94.4",2846,"6.5",778790,645444,641820,641658,666197,663731,666971,694815,545341,"53.96",,,,,,,,27,2,"Cutter",2,0,0,2,0,2,0,2,"Standard","Standard",175,"-0.008","0.029",,,,"-0.029",,2,-2,0.731,0.269,30,29,31,29,2,1,,,,,"1.84","-0.3","-0.3",,,,,,
"SL","2025-03-09","86.5","-0.92","5.75","Burnes, Corbin",669394,669203,,"ball",,,,,14,"Ball","S","R","R","AZ","TEX","B",,,0,0,2025,"0.68","-0.08","0.9","1.25",,608369,694671,2,4,"Top",,,,,,,2.9608644510147215,-125.9771418526207,-4.422758348749413,6.691085751242537,24.225828363994157,-32.347798655607114,"3.22","1.63",,,,"87.3",2957,"6.6",778790,645444,641820,641658,666197,663731,666971,694815,545341,"53.9",,,,,,,,27,1,"Slider",2,0,0,2,0,2,0,2,"Standard","Standard",73,"-0.004","0.024",,,,"-0.024",,2,-2,0.735,0.265,30,29,31,29,2,1,,,,,"3.11","-0.68","-0.68",,,,,,
"FC","2025-03-09","94.9","-0.79","5.85","Burnes, Corbin",673962,669203,"strikeout","foul_tip",,,,,14,"Josh Jung strikes out on a foul tip.","S","R","R","AZ","TEX","S",2,,1,2,2025,"0.28","1.06","0.94","1.94",,608369,694671,1,4,"Top",,,,,,,3.92988092686502,-138.0922119236287,-7.001585729217698,2.7441101565642154,28.2470836696344,-17.323993018497934,"3.27","1.65",,,,"95.6",2704,"6.5",778790,645444,641820,641658,666197,663731,666971,694815,545341,"53.98",,,"0",,0,0,,26,6,"Cutter",2,0,0,2,0,2,0,2,"Standard","Standard",186,"0.043","-0.174","70.8","4.3",,"0.174",,2,-2,0.692,0.30800000000000005,30,27,31,27,2,1,,,,,"1.46","-0.28","-0.28",,4.519616433105079,17.313683179477657,39.73124075209092,43.80585104594656,20.97217302787685
"CU","2025-03-09","80","-0.67","5.92","Burnes, Corbin",673962,669203,,"foul",,,,,14,"Foul","S","R","R","AZ","TEX","S",,,1,2,2025,"1","-0.82","0.18","0.82",,608369,694671,1,4,"Top",,,,,,,-0.022497667435408597,-116.52374064388734,-3.015259305113951,9.119052894516697,22.017686814837486,-39.28415763759401,"3.27","1.65",46,"56.1",5,"80.6",2840,"6.7",778790,645444,641820,641658,666197,663731,666971,694815,545341,"53.82",,,,,,,,26,5,"Curveball",2,0,0,2,0,2,0,2,"Standard","Standard",42,"0","0","66.7","2.7",,"0","88.0",2,-2,0.692,0.30800000000000005,30,27,31,27,2,1,,,,,"4.38","-1","-1",,18.1944652478049,-12.84046720868201,,33.701058927407686,43.65324577581067
"SL","2025-03-09","87.7","-0.84","5.76","Burnes, Corbin",673962,669203,,"foul",,,,,8,"Foul","S","R","R","AZ","TEX","S",,,1,2,2025,"0.47","0.11","0.14","1.78",,608369,694671,1,4,"Top",,,,,,,1.4183555415051943,-127.79071711876804,-3.814755752727471,4.9240885517572,23.000022756881915,-30.507390298209774,"3.27","1.65",202,"73.9",49,"88.5",2978,"6.4",778790,645444,641820,641658,666197,663731,666971,694815,545341,"54.09",,,,,,,,26,4,"Slider",2,0,0,2,0,2,0,2,"Standard","Standard",82,"0","0","65.8","3.3",,"0","88.0",2,-2,0.692,0.30800000000000005,30,27,31,27,2,1,,,,,"2.82","-0.47","-0.47",,20.671918099613727,-15.011827898301703,,32.97781632785512,42.27494261823724
"FC","2025-03-09","95.3","-0.86","5.84","Burnes, Corbin",673962,669203,,"ball",,,,,14,"Ball","S","R","R","AZ","TEX","B",,,0,2,2025,"0.23","0.76","1.39","1.83",,608369,694671,1,4,"Top",,,,,,,5.424239171701493,-138.62460657902557,-6.6732025867402545,1.833348190606538,28.944026969598173,-21.14046963694499,"3.27","1.65",,,,"96",2857,"6.6",778790,645444,641820,641658,666197,663731,666971,694815,545341,"53.94",,,,,,,,26,3,"Cutter",2,0,0,2,0,2,0,2,"Standard","Standard",196,"-0.006","0.014",,,,"-0.014",,2,-2,0.698,0.30200000000000005,30,27,31,27,2,1,,,,,"1.74","-0.23","-0.23",,,,,,
"SL","2025-03-09","86.2","-0.91","5.78","Burnes, Corbin",673962,669203,,"foul",,,,,5,"Foul","S","R","R","AZ","TEX","S",,,0,1,2025,"0.66","-0.01","0.12","2.24",,608369,694671,1,4,"Top",,,,,,,1.1154941091043544,-125.59103952223411,-2.2207997666948605,6.776666145828988,23.32381337836799,-32.0402212221781,"3.27","1.65",5,"75.8",-25,"86.8",2933,"6.4",778790,645444,641820,641658,666197,663731,666971,694815,545341,"54.08",,,,,,,,26,2,"Slider",2,0,0,2,0,2,0,2,"Standard","Standard",77,"0.011","-0.053","76.5","3.1",,"0.053","88.0",2,-2,0.687,0.31299999999999994,30,27,31,27,2,1,,,,,"3.05","-0.66","-0.66",,26.77544820470808,-10.348663663852419,,34.63587264465153,42.420098962305666
"SL","2025-03-09","86.2","-0.89","5.78","Burnes, Corbin",673962,669203,,"called_strike",,,,,5,"Called Strike","S","R","R","AZ","TEX","S",,,0,0,2025,"0.63","-0.17","-0.27","2.26",,608369,694671,1,4,"Top",,,,,,,0.21438519890241423,-125.71834439575073,-1.8808391788376686,6.650632105568961,23.07190829865108,-33.82082037840203,"3.27","1.65",,,,"87",2858,"6.5",778790,645444,641820,641658,666197,663731,666971,694815,545341,"54.04",,,,,,,,26,1,"Slider",2,0,0,2,0,2,0,2,"Standard","Standard",91,"0.009","-0.033",,,,"0.033",,2,-2,0.678,0.32199999999999995,30,27,31,27,2,1,,,,,"3.2","-0.63","-0.63",,,,,,
"FC","2025-03-09","93.7","-0.84","5.81","Burnes, Corbin",592626,669203,"field_out","hit_into_play",,,,,14,"Joc Pederson lines out to first baseman Trey Mancini.","S","L","R","AZ","TEX","X",3,"line_drive",1,0,2025,"0.04","0.73","0.85","2.16",,608369,694671,0,4,"Top",156.22,165.28,,,,,4.292321484381703,-136.5443268782445,-5.429262520546651,-0.27292902333400126,25.43091206384736,-22.11686318501282,"3.27","1.65",149,"110.1",7,"94.7",2759,"6.5",778790,645444,641820,641658,666197,663731,666971,694815,545341,"54.04",0.694,,"0",,0,0,4,25,2,"Cutter",2,0,0,2,0,2,0,2,"Standard","Standard",189,"0.072","-0.307",,,0.864,"0.307","110.1",2,-2,0.606,0.394,30,33,31,33,2,1,,,,,"1.83","-0.04","0.04",,,,,,
"FC","2025-03-09","93.4","-0.83","5.85","Burnes, Corbin",592626,669203,,"ball",,,,,12,"Ball","S","L","R","AZ","TEX","B",,,0,0,2025,"0.27","0.74","0.46","3.76",,608369,694671,0,4,"Top",,,,,,,2.748485296187062,-136.09462005065245,-1.304184305531625,2.785773525339526,27.483161126311742,-22.88598527946786,"3.27","1.65",,,,"94.3",2735,"6.6",778790,645444,641820,641658,666197,663731,666971,694815,545341,"53.94",,,,,,,,25,1,"Cutter",2,0,0,2,0,2,0,2,"Standard","Standard",176,"-0.009","0.045",,,,"-0.045",,2,-2,0.615,0.385,30,33,31,33,2,1,,,,,"1.85","-0.27","0.27",,,,,,
"FC","2025-03-09","94.1","-0.94","5.79","Burnes, Corbin",694671,669203,"single","hit_into_play",,,,,5,"Wyatt Langford singles on a ground ball to left fielder Lourdes Gurriel Jr. Corey Seager to 2nd.","S","R","R","AZ","TEX","X",7,"ground_ball",0,0,2025,"0","0.7","0.08","2.64",,,608369,0,4,"Top",79.78,98.97,,,,,2.671753886557409,-137.0102289126815,-4.046316126937557,-0.6325567476228916,30.812263063241716,-22.638029777030738,"3.2","1.61",103,"103.1",6,"94.6",2679,"6.6",778790,645444,641820,641658,666197,663731,666971,694815,545341,"53.93",0.628,,"0.9",,1,0,4,24,1,"Cutter",2,0,0,2,0,2,0,2,"Standard","Standard",187,"-0.069","0.469","78.1","4.1",0.711,"-0.469","103.1",2,-2,0.684,0.31599999999999995,30,23,31,24,2,1,,,,,"1.87","0","0",,20.27638446324768,-3.240338601034032,30.12701332153889,40.599065684702225,35.71251885929377
"FC","2025-03-09","93.8","-1.06","5.75","Burnes, Corbin",608369,669203,"walk","ball",,,,,11,"Corey Seager walks.","S","L","R","AZ","TEX","B",,,3,1,2025,"0.16","0.72","-0.87","3",,,,0,4,"Top",,,,,,,0.14032293006150076,-136.55357275420832,-2.973129613634602,1.9675365969852214,31.225186211523802,-22.766208193351098,"3.37","1.7",,,,"93.8",2745,"6.3",778790,645444,641820,641658,666197,663731,666971,694815,545341,"54.17",,,"0.7",,0,0,,23,5,"Cutter",2,0,0,2,0,2,0,2,"Infield shade","Standard",186,"-0.027","0.262",,,,"-0.262",,2,-2,0.711,0.28900000000000003,30,31,31,31,2,1,,,,,"1.88","-0.16","0.16",,,,,,
"FC","2025-03-09","92.7","-0.79","5.86","Burnes, Corbin",608369,669203,,"ball",,,,,12,"Ball","S","L","R","AZ","TEX","B",,,2,1,2025,"0.33","0.79","1.37","2.83",,,,0,4,"Top",,,,,,,4.807791581673166,-134.9835903771626,-3.7042414709601084,2.992207783784552,29.404417787065153,-21.877861164342907,"3.37","1.7",,,,"93.2",2750,"6.6",778790,645444,641820,641658,666197,663731,666971,694815,545341,"53.94",,,,,,,,23,4,"Cutter",2,0,0,2,0,2,0,2,"Infield shade","Standard",178,"-0.014","0.134",,,,"-0.134",,2,-2,0.725,0.275,30,31,31,31,2,1,,,,,"1.86","-0.33","0.33",,,,,,
"FC","2025-03-09","93.7","-1.04","5.81","Burnes, Corbin",608369,669203,,"called_strike",,,,,1,"Called Strike","S","L","R","AZ","TEX","S",,,2,0,2025,"0.32","0.95","-0.37","3.08",,,,0,4,"Top",,,,,,,1.0462783841591403,-136.51416281880938,-3.486104943231359,3.799526990486853,27.942244554832772,-19.76286931414741,"3.37","1.7",,,,"94.3",2740,"6.4",778790,645444,641820,641658,666197,663731,666971,694815,545341,"54.09",,,,,,,,23,3,"Cutter",2,0,0,2,0,2,0,2,"Infield shade","Standard",191,"0.009","-0.072",,,,"0.072",,2,-2,0.716,0.28400000000000003,30,31,31,31,2,1,,,,,"1.63","-0.32","0.32",,,,,,
"CH","2025-03-09","88.4","-0.9","5.54","Burnes, Corbin",608369,669203,,"ball",,,,,14,"Ball","S","L","R","AZ","TEX","B",,,1,0,2025,"-1.24","0.78","0.24","1.31",,,,0,4,"Top",,,,,,,5.413732641538589,-128.5040546085465,-5.878103746513761,-14.894435828321713,26.830691320635328,-22.48628443755192,"3.37","1.7",,,,"88.9",2029,"6.7",778790,645444,641820,641658,666197,663731,666971,694815,545341,"53.8",,,,,,,,23,2,"Changeup",2,0,0,2,0,2,0,2,"Infield shade","Standard",228,"-0.009","0.077",,,,"-0.077",,2,-2,0.725,0.275,30,31,31,31,2,1,,,,,"2.14","1.24","-1.24",,,,,,
"FC","2025-03-09","92.3","-0.95","5.87","Burnes, Corbin",608369,669203,,"ball",,,,,12,"Ball","S","L","R","AZ","TEX","B",,,0,0,2025,"0.37","0.64","1.27","2.71",,,,0,4,"Top",,,,,,,4.870602102394471,-134.34010359125716,-3.6426958028992944,3.491866743796203,28.782274651977346,-23.801093416089497,"3.37","1.7",,,,"92.8",2712,"6.6",778790,645444,641820,641658,666197,663731,666971,694815,545341,"53.95",,,,,,,,23,1,"Cutter",2,0,0,2,0,2,0,2,"Infield shade","Standard",181,"-0.004","0.041",,,,"-0.041",,2,-2,0.729,0.271,30,31,31,31,2,1,,,,,"2.03","-0.37","0.37",,,,,,
"SI","2025-03-09","96.1","-0.77","5.88","Burnes, Corbin",543760,669203,"field_out","hit_into_play",,,,,5,"Marcus Semien lines out sharply to left fielder Lourdes Gurriel Jr.","S","R","R","AZ","TEX","X",7,"line_drive",0,2,2025,"-0.89","0.89","0.07","2.24",,,,2,3,"Top",48.06,92.26,,,,,4.26224611170229,-139.76721683129912,-6.043878802099786,-12.59752873919295,33.61190163021156,-19.33030632549735,"3.2","1.62",325,"105.7",19,"96.2",2683,"6.6",778790,645444,641820,641658,666197,663731,666971,694815,545341,"53.95",0.47838709677419367,,"0",,0,0,6,19,5,"Sinker",2,0,0,2,0,2,0,2,"Standard","Strategic",200,"0.006","-0.16","71.2","3.9",1.3878064516129034,"0.16","105.7",2,-2,0.758,0.242,30,34,31,35,2,1,,,,,"1.59","0.89","0.89",,14.458240026776748,-5.28625729797147,34.60324110999843,32.31953578729745,34.026002798381604
"ST","2025-03-09","84.3","-0.91","5.77","Burnes, Corbin",543760,669203,,"foul",,,,,14,"Foul","S","R","R","AZ","TEX","S",,,0,2,2025,"0.64","-0.23","0.44","1.43",,,,2,3,"Top",,,,,,,1.8742414152992222,-122.829046261529,-3.246557857019094,6.048399288893951,25.33902749136302,-34.04289774684966,"3.2","1.62",2,"60.8",-46,"84.7",2985,"6.6",778790,645444,641820,641658,666197,663731,666971,694815,545341,"53.9",,,,,,,,19,4,"Sweeper",2,0,0,2,0,2,0,2,"Standard","Standard",65,"0","0","59.9","2.7",,"0","88.0",2,-2,0.758,0.242,30,34,31,35,2,1,,,,,"3.44","-0.64","-0.64",,26.874285478972396,-23.282729153377772,,35.77018154584644,45.930169079017936
"SL","2025-03-09","84.5","-0.98","5.79","Burnes, Corbin",543760,669203,,"foul",,,,,7,"Foul","S","R","R","AZ","TEX","S",,,0,2,2025,"0.74","-0.45","-0.49","1.95",,,,2,3,"Top",,,,,,,-0.36002595104316837,-123.18814303772366,-1.718378088025452,7.6629341361538295,23.921863537886914,-36.63355318026926,"3.2","1.62",8,"83.6",-15,"84.9",2976,"6.4",778790,645444,641820,641658,666197,663731,666971,694815,545341,"54.07",,,,,,,,19,3,"Slider",2,0,0,2,0,2,0,2,"Standard","Standard",62,"0","0","66.0","3.4",,"0","88.0",2,-2,0.758,0.242,30,34,31,35,2,1,,,,,"3.62","-0.74","-0.74",,22.933672910010014,-16.769312851266847,,24.737030359412437,38.90646914232887
"SI","2025-03-09","95.4","-0.79","5.86","Burnes, Corbin",543760,669203,,"foul",,,,,1,"Foul","S","R","R","AZ","TEX","S",,,0,1,2025,"-0.59","1.13","-0.7","2.87",,,,2,3,"Top",,,,,,,1.5853604677083466,-138.9079823162171,-4.817782664567694,-8.026816258865987,30.42355601116806,-16.655724677826825,"3.2","1.62",152,"54.9",35,"95.8",2575,"6.5",778790,645444,641820,641658,666197,663731,666971,694815,545341,"54.04",,,,,,,,19,2,"Sinker",2,0,0,2,0,2,0,2,"Standard","Standard",196,"0.002","-0.057","37.5","2.9",,"0.057","88.0",2,-2,0.756,0.244,30,34,31,35,2,1,,,,,"1.37","0.59","0.59",,-6.0891916664025745,11.702491251022847,46.218207594672116,23.220991607050546,16.557475978458733
"FC","2025-03-09","94.3","-0.86","5.91","Burnes, Corbin",543760,669203,,"foul",,,,,6,"Foul","S","R","R","AZ","TEX","S",,,0,0,2025,"0.43","0.74","0.6","2.42",,,,2,3,"Top",,,,,,,2.84091622334617,-137.3568995958868,-5.080734443808655,4.886104814559637,26.699632215488492,-21.93756823071166,"3.2","1.62",224,"75.7",27,"94.9",2849,"6.3",778790,645444,641820,641658,666197,663731,666971,694815,545341,"54.21",,,,,,,,19,1,"Cutter",2,0,0,2,0,2,0,2,"Standard","Standard",184,"0.002","-0.043","69.3","3.7",,"0.043","88.0",2,-2,0.754,0.246,30,34,31,35,2,1,,,,,"1.79","-0.43","-0.43",,6.78908667581413,-1.043180615640369,32.852157701209535,38.06256609697447,29.583795403845656
"FC","2025-03-09","94.3","-0.9","5.82","Burnes, Corbin",694497,669203,"strikeout","swinging_strike",,,,,9,"Evan Carter strikes out swinging.","S","L","R","AZ","TEX","S",2,,1,2,2025,"0.55","0.82","0.54","2.04",,,,1,3,"Top",,,,,,,2.5198706861073132,-137.43563311449816,-6.079491505337893,6.560971704022087,26.829468880140514,-20.691846516871355,"3.33","1.68",,,,"95.3",2812,"6.5",778790,645444,641820,641658,666197,663731,666971,694815,545341,"54",,,"0",,0,0,,18,4,"Cutter",2,0,0,2,0,2,0,2,"Standard","Standard",182,"0.013","-0.18","71.5","4.0",,"0.18",,2,-2,0.741,0.259,30,22,31,23,1,0,,,,,"1.71","-0.55","0.55",,6.749126137068557,-5.307254070373588,34.54659136594006,27.241837787716126,28.793945898562
"CH","2025-03-09","89.6","-1.01","5.55","Burnes, Corbin",694497,669203,,"foul",,,,,13,"Foul","S","L","R","AZ","TEX","S",,,1,1,2025,"-1.23","0.71","-1.03","2.36",,,,1,3,"Top",,,,,,,2.5632069803088453,-130.35553642087584,-3.3106767687310454,-14.545994184925776,30.32913051530784,-23.63147627710334,"3.33","1.68",3,"69",-39,"89.6",2296,"6.6",778790,645444,641820,641658,666197,663731,666971,694815,545341,"53.94",,,,,,,,18,3,"Changeup",2,0,0,2,0,2,0,2,"Standard","Standard",221,"0.004","-0.064","73.1","4.0",,"0.064","88.0",2,-2,0.737,0.263,30,22,31,23,1,0,,,,,"2.16","1.23","-1.23",,13.522926521953396,-15.464564265914934,23.41130668097593,46.55537300860799,36.70253465133151
"FC","2025-03-09","93.5","-1.05","5.83","Burnes, Corbin",694497,669203,,"called_strike",,,,,7,"Called Strike","S","L","R","AZ","TEX","S",,,1,0,2025,"0.25","0.88","-0.38","1.67",,,,1,3,"Top",,,,,,,1.1638086670850039,-136.12129248404793,-7.0289505442869125,2.9328082748858226,27.090910032939906,-19.899856774410253,"3.33","1.68",,,,"94.4",2802,"6.6",778790,645444,641820,641658,666197,663731,666971,694815,545341,"53.9",,,,,,,,18,2,"Cutter",2,0,0,2,0,2,0,2,"Infield shade","Standard",188,"0.004","-0.049",,,,"0.049",,2,-2,0.733,0.267,30,22,31,23,1,0,,,,,"1.7","-0.25","0.25",,,,,,
"FC","2025-03-09","92.8","-1.02","5.76","Burnes, Corbin",694497,669203,,"ball",,,,,14,"Ball","S","L","R","AZ","TEX","B",,,0,0,2025,"0.47","0.69","1.09","1.04",,,,1,3,"Top",,,,,,,4.392268176802106,-135.0544898886452,-7.9087698492044645,4.926324361327777,27.229965809107526,-22.252127743315825,"3.33","1.68",,,,"93.7",2931,"6.7",778790,645444,641820,641658,666197,663731,666971,694815,545341,"53.84",,,,,,,,18,1,"Cutter",2,0,0,2,0,2,0,2,"Infield shade","Standard",185,"-0.003","0.039",,,,"-0.039",,2,-2,0.736,0.264,30,22,31,23,1,0,,,,,"1.94","-0.47","0.47",,,,,,
"CH","2025-03-09","88.1","-1.07","5.61","Burnes, Corbin",641680,669203,"strikeout","swinging_strike",,,,,11,"Jonah Heim strikes out swinging.","S","L","R","AZ","TEX","S",2,,1,2,2025,"-0.95","1.05","-1.05","3.2",,,,0,3,"Top",,,,,,,2.044578345338667,-128.295631287014,-1.9268998639563124,-10.914724137680125,27.920088905914675,-20.394529239271684,"3.38","1.71",,,,"88.4",1947,"6.6",778790,645444,641820,641658,666197,663731,666971,694815,545341,"53.95",,,"0",,0,0,,17,5,"Changeup",2,0,0,2,0,2,0,2,"Strategic","Standard",217,"0.018","-0.189","68.1","4.6",,"0.189",,2,-2,0.718,0.28200000000000003,30,30,31,30,1,0,,,,,"1.89","0.95","-0.95",,11.738218387342208,9.071240329053978,18.987147262664447,54.655821452971026,19.58401198580616
"FC","2025-03-09","92.1","-0.89","5.87","Burnes, Corbin",641680,669203,,"foul",,,,,14,"Foul","S","L","R","AZ","TEX","S",,,1,2,2025,"0.4","0.52","1.04","2.22",,,,0,3,"Top",,,,,,,4.048765888205504,-134.15850251877202,-4.627361352837132,3.9885368945112956,26.938656220904193,-25.145327729315333,"3.38","1.71",126,"84.9",9,"92.8",2897,"6.5",778790,645444,641820,641658,666197,663731,666971,694815,545341,"54",,,,,,,,17,4,"Cutter",2,0,0,2,0,2,0,2,"Strategic","Standard",164,"0","0","70.9","4.1",,"0","88.0",2,-2,0.718,0.28200000000000003,30,30,31,30,1,0,,,,,"2.15","-0.4","0.4",,16.455303226179982,-18.96840221376165,32.59580076695613,28.47230502782335,33.98141975863536
"CU","2025-03-09","81.2","-0.76","5.96","Burnes, Corbin",641680,669203,,"ball",,,,,14,"Ball","S","L","R","AZ","TEX","B",,,0,2,2025,"0.74","-1.01","0.2","1.03",,,,0,3,"Top",,,,,,,0.73772321608042,-118.31730863820111,-2.521797774527376,6.866551285316844,22.133490753044978,-41.38530787485985,"3.38","1.71",,,,"81.7",2845,"6.5",778790,645444,641820,641658,666197,663731,666971,694815,545341,"54.02",,,,,,,,17,3,"Curveball",2,0,0,2,0,2,0,2,"Strategic","Standard",52,"-0.002","0.024",,,,"-0.024",,2,-2,0.72,0.28,30,30,31,30,1,0,,,,,"4.45","-0.74","0.74",,,,,,
"FC","2025-03-09","92.7","-0.82","5.91","Burnes, Corbin",641680,669203,,"foul",,,,,14,"Foul","S","L","R","AZ","TEX","S",,,0,1,2025,"0.25","0.52","0.97","1.8",,,,0,3,"Top",,,,,,,4.055577018098179,-134.84995061461274,-5.8414462026383,2.1331435747583587,29.589574864169983,-24.78739710611778,"3.38","1.71",,,,"92.9",2794,"6.5",778790,645444,641820,641658,666197,663731,666971,694815,545341,"54.05",,,,,,,,17,2,"Cutter",2,0,0,2,0,2,0,2,"Strategic","Standard",177,"0.004","-0.055","71.2","4.2",,"0.055",,2,-2,0.716,0.28400000000000003,30,30,31,30,1,0,,,,,"2.14","-0.25","0.25",,18.299690066090673,-18.549031995182766,36.379109342767215,30.04732145569862,35.158860844123545
"FC","2025-03-09","91","-1.06","5.88","Burnes, Corbin",641680,669203,,"called_strike",,,,,2,"Called Strike","S","L","R","AZ","TEX","S",,,0,0,2025,"0.4","0.61","0.11","3.34",,,,0,3,"Top",,,,,,,2.073469421852126,-132.5741749180531,-1.7813897682929964,4.254948557773852,29.200782484545172,-24.790518103857515,"3.38","1.71",,,,"91.3",2600,"6.5",778790,645444,641820,641658,666197,663731,666971,694815,545341,"54.02",,,,,,,,17,1,"Cutter",2,0,0,2,0,2,0,2,"Strategic","Standard",177,"0.004","-0.039",,,,"0.039",,2,-2,0.712,0.28800000000000003,30,30,31,30,1,0,,,,,"2.14","-0.4","0.4",,,,,,
"FC","2025-03-09","92.8","-0.76","5.93","Burnes, Corbin",669701,669203,"field_out","hit_into_play",,,,,12,"Josh Smith grounds out to first baseman Trey Mancini.","S","L","R","AZ","TEX","X",3,"ground_ball",0,0,2025,"0.43","0.69","0.94","2.38",,,673962,2,2,"Top",153.18,169.33,,,,,3.443823568141346,-135.24010189508985,-4.89823922621018,4.646911484621948,25.28934611550788,-22.93197992209692,"3.06","1.54",9,"84.3",-14,"93.9",2854,"6.5",778790,645444,641820,641658,666197,663731,666971,694815,545341,"53.99",0.081,,"0",,0,0,2,10,1,"Cutter",0,0,0,0,0,0,0,0,"Strategic","Standard",177,"0.023","-0.271","71.6","4.0",0.081,"0.271","88.0",0,0,0.528,0.472,30,27,31,28,1,0,,,,,"1.92","-0.43","0.43",,10.780178446075494,-3.564689049871576,36.62435294884439,27.42883280902147,29.882836882422705
"FC","2025-03-09","94.4","-0.88","5.84","Burnes, Corbin",669394,669203,"strikeout","swinging_strike",,,,,14,"Jake Burger strikes out swinging.","S","R","R","AZ","TEX","S",2,,1,2,2025,"0.41","0.64","1","1.54",,,673962,1,2,"Top",,,,,,,3.9933768743505498,-137.36309118461085,-6.987499058920094,4.423813627999584,27.348064721865505,-22.857136722230376,"3.22","1.63",,,,"95.2",2825,"6.5",778790,645444,641820,641658,666197,663731,666971,694815,545341,"53.98",,,"0",,0,0,,9,4,"Cutter",0,0,0,0,0,0,0,0,"Standard","Standard",181,"0.023","-0.178","75.4","4.1",,"0.178",,0,0,0.505,0.495,30,29,31,29,1,0,,,,,"1.9","-0.41","-0.41",,11.19429423938722,-2.0133796284038095,28.644720048087546,55.03650328162758,28.546018529414127
"SL","2025-03-09","86","-0.88","5.79","Burnes, Corbin",669394,669203,,"ball",,,,,14,"Ball","S","R","R","AZ","TEX","B",,,0,2,2025,"0.59","-0.04","0.66","1.12",,,673962,1,2,"Top",,,,,,,2.468763072878326,-125.31520296171489,-4.828363712108843,5.8184622769614505,23.69130582207244,-31.900778352619824,"3.22","1.63",,,,"86.7",3085,"6.5",778790,645444,641820,641658,666197,663731,666971,694815,545341,"53.99",,,,,,,,9,3,"Slider",0,0,0,0,0,0,0,0,"Standard","Standard",68,"-0.003","0.01",,,,"-0.01",,0,0,0.508,0.492,30,29,31,29,1,0,,,,,"3.1","-0.59","-0.59",,,,,,
"FC","2025-03-09","93.1","-0.78","5.92","Burnes, Corbin",669394,669203,,"swinging_strike",,,,,12,"Swinging Strike","S","R","R","AZ","TEX","S",,,0,1,2025,"0.55","0.61","1.2","2.43",,,673962,1,2,"Top",,,,,,,3.8889529931231044,-135.60338558155738,-4.592693857226322,6.0977496981994275,26.756925022992416,-23.908493496059517,"3.22","1.63",,,,"93.9",2833,"6.5",778790,645444,641820,641658,666197,663731,666971,694815,545341,"54.01",,,,,,,,9,2,"Cutter",0,0,0,0,0,0,0,0,"Standard","Standard",164,"0.006","-0.047","74.5","4.5",,"0.047",,0,0,0.502,0.498,30,29,31,29,1,0,,,,,"2","-0.55","-0.55",,4.435349507335472,7.935547664027638,19.29892021509128,58.779042873680794,19.64114876301054
"FC","2025-03-09","93.7","-0.84","5.89","Burnes, Corbin",669394,669203,,"called_strike",,,,,6,"Called Strike","S","R","R","AZ","TEX","S",,,0,0,2025,"0.51","0.8","0.77","2.52",,,673962,1,2,"Top",,,,,,,3.0418771851342226,-136.54915398393211,-4.876178429017724,5.933385614350091,25.81726311652245,-21.325426226329768,"3.22","1.63",,,,"94.9",2766,"6.6",778790,645444,641820,641658,666197,663731,666971,694815,545341,"53.92",,,,,,,,9,1,"Cutter",0,0,0,0,0,0,0,0,"Standard","Standard",183,"0.005","-0.04",,,,"0.04",,0,0,0.497,0.503,30,29,31,29,1,0,,,,,"1.76","-0.51","-0.51",,,,,,
"FC","2025-03-09","94.9","-0.89","5.93","Burnes, Corbin",673962,669203,"single","hit_into_play",,,,,5,"Josh Jung singles on a line drive to center fielder Jack Hurley.","S","R","R","AZ","TEX","X",8,"line_drive",0,0,2025,"0.39","0.86","-0.03","2.27",,,,1,2,"Top",136.98,95.42,,,,,1.388517070597998,-138.31627856840632,-5.93146433305776,4.8038034044938955,26.896177495223625,-20.067225764542687,"3.27","1.65",207,"81.5",15,"95.7",2780,"6.4",778790,645444,641820,641658,666197,663731,666971,694815,545341,"54.14",0.916,,"0.9",,1,0,4,8,1,"Cutter",0,0,0,0,0,0,0,0,"Standard","Standard",189,"-0.026","0.414","73.1","3.6",1.037,"-0.414","88.0",0,0,0.523,0.477,30,27,31,27,1,0,,,,,"1.64","-0.39","-0.39",,15.959884520960534,2.0602441074752105,,32.728114029748085,31.21123564472647
"FC","2025-03-09","93.3","-0.99","5.85","Burnes, Corbin",592626,669203,"field_out","hit_into_play",,,,,5,"Joc Pederson flies out to left fielder Lourdes Gurriel Jr.","S","L","R","AZ","TEX","X",7,"fly_ball",3,1,2025,"0.48","0.57","-0.16","2.67",,,,0,2,"Top",89.13,110.93,,,,,1.096148387103903,-135.96550421347368,-3.755566857046128,5.746477418259898,26.216734647177898,-24.49429229446005,"3.27","1.65",240,"82.2",44,"94.3",2838,"6.5",778790,645444,641820,641658,666197,663731,666971,694815,545341,"53.96",0.013,,"0",,0,0,3,7,5,"Cutter",0,0,0,0,0,0,0,0,"Infield shade","Standard",177,"0.038","-0.439","67.2","4.0",0.014,"0.439","88.0",0,0,0.485,0.515,30,33,31,33,1,0,,,,,"2.01","-0.48","0.48",,1.9298514913025366,7.243697349422697,26.264623189600464,35.89379080582553,26.89455648564469
"FC","2025-03-09","93.8","-1.12","5.81","Burnes, Corbin",592626,669203,,"ball",,,,,11,"Ball","S","L","R","AZ","TEX","B",,,2,1,2025,"0.4","0.83","-1.45","3.13",,,,0,2,"Top",,,,,,,-1.7391048337067707,-136.7439466395062,-3.1319157895168006,5.393566771819604,26.652349795094178,-21.269385504024992,"3.27","1.65",,,,"94.7",2775,"6.5",778790,645444,641820,641658,666197,663731,666971,694815,545341,"54.05",,,,,,,,7,4,"Cutter",0,0,0,0,0,0,0,0,"Infield shade","Standard",187,"-0.011","0.134",,,,"-0.134",,0,0,0.496,0.504,30,33,31,33,1,0,,,,,"1.73","-0.4","0.4",,,,,,
"FC","2025-03-09","93.1","-0.86","5.93","Burnes, Corbin",592626,669203,,"swinging_strike",,,,,14,"Swinging Strike","S","L","R","AZ","TEX","S",,,2,0,2025,"0.54","0.73","1.26","2.29",,,,0,2,"Top",,,,,,,4.2672885886882606,-135.50123777807528,-5.220368030443775,5.774347898513912,28.033481693971805,-22.2198873823113,"3.27","1.65",,,,"93.6",2856,"6.5",778790,645444,641820,641658,666197,663731,666971,694815,545341,"54.05",,,,,,,,7,3,"Cutter",0,0,0,0,0,0,0,0,"Infield shade","Standard",184,"0.007","-0.072","47.7","3.4",,"0.072",,0,0,0.489,0.511,30,33,31,33,1,0,,,,,"1.88","-0.54","0.54",,3.2754157414865266,13.519182817675397,27.931922845180672,18.35125737053466,23.510495911868787
"CH","2025-03-09","90.1","-1.15","5.63","Burnes, Corbin",592626,669203,,"ball",,,,,13,"Ball","S","L","R","AZ","TEX","B",,,1,0,2025,"-1.09","0.91","-1.36","2",,,,0,2,"Top",,,,,,,1.8321410597502286,-131.2071836075802,-5.005636381162551,-12.994713635471989,29.147989607001303,-20.852066635573326,"3.27","1.65",,,,"90.5",2247,"6.6",778790,645444,641820,641658,666197,663731,666971,694815,545341,"53.92",,,,,,,,7,2,"Changeup",0,0,0,0,0,0,0,0,"Infield shade","Standard",225,"-0.007","0.077",,,,"-0.077",,0,0,0.496,0.504,30,33,31,33,1,0,,,,,"1.91","1.09","-1.09",,,,,,
"FC","2025-03-09","92.1","-0.96","5.87","Burnes, Corbin",592626,669203,,"ball",,,,,11,"Ball","S","L","R","AZ","TEX","B",,,0,0,2025,"0.42","0.79","-0.07","3.58",,,,0,2,"Top",,,,,,,1.3683429506643197,-134.24017054655042,-1.7707028411300718,4.8437824509681,25.889565414129606,-22.42261677210873,"3.27","1.65",,,,"92.9",2735,"6.5",778790,645444,641820,641658,666197,663731,666971,694815,545341,"54.04",,,,,,,,7,1,"Cutter",0,0,0,0,0,0,0,0,"Infield shade","Standard",172,"-0.004","0.041",,,,"-0.041",,0,0,0.5,0.5,30,33,31,33,1,0,,,,,"1.87","-0.42","0.42",,,,,,
"SL","2025-03-09","85.2","-0.85","5.91","Burnes, Corbin",694671,669203,"field_out","hit_into_play",,,,,8,"Wyatt Langford grounds out, third baseman Grae Kessinger to first baseman Trey Mancini.","S","R","R","AZ","TEX","X",5,"ground_ball",1,2,2025,"0.76","-0.37","-0.01","1.82",,,,2,1,"Top",100.53,166.8,,,,,0.43441843500370436,-124.1479747899284,-2.62772294373592,7.860260644206281,23.20910719012107,-35.70874449789366,"3.2","1.61",15,"86.9",-6,"85.8",2988,"6.5",778790,645444,641820,641658,666197,663731,666971,694815,545341,"54.03",0.154,,"0",,0,0,2,3,4,"Slider",0,0,0,0,0,0,0,0,"Standard","Standard",67,"0.008","-0.182","73.2","4.2",0.187,"0.182","88.0",0,0,0.54,0.45999999999999996,30,23,31,24,1,0,,,,,"3.48","-0.76","-0.76",,18.388902379978546,-1.3105853639814247,38.32138468547575,35.622729304573596,30.76411347776042
"SI","2025-03-09","95.3","-0.79","5.92","Burnes, Corbin",694671,669203,,"called_strike",,,,,8,"Called Strike","S","R","R","AZ","TEX","S",,,1,1,2025,"-1.08","0.73","0.12","1.78",,,,2,1,"Top",,,,,,,4.839694890172284,-138.46538646519468,-6.806822301500615,-15.007381441946965,34.023957326336884,-21.446075090686275,"3.2","1.61",,,,"95.1",2612,"6.5",778790,645444,641820,641658,666197,663731,666971,694815,545341,"54.01",,,,,,,,3,3,"Sinker",0,0,0,0,0,0,0,0,"Standard","Standard",204,"0.002","-0.062",,,,"0.062",,0,0,0.538,0.46199999999999997,30,23,31,24,1,0,,,,,"1.81","1.08","1.08",,,,,,
"SL","2025-03-09","84.6","-0.97","5.86","Burnes, Corbin",694671,669203,,"ball",,,,,14,"Ball","S","R","R","AZ","TEX","B",,,0,1,2025,"0.58","-0.4","0.24","1.17",,,,2,1,"Top",,,,,,,1.6564589857200618,-123.14522471314947,-3.745637486911945,5.484560838461038,26.266887610484382,-35.6280889029848,"3.2","1.61",,,,"84.5",2920,"6.4",778790,645444,641820,641658,666197,663731,666971,694815,545341,"54.12",,,,,,,,3,2,"Slider",0,0,0,0,0,0,0,0,"Standard","Standard",69,"-0.002","0.027",,,,"-0.027",,0,0,0.54,0.45999999999999996,30,23,31,24,1,0,,,,,"3.6","-0.58","-0.58",,,,,,
"FC","2025-03-09","93.6","-0.87","5.89","Burnes, Corbin",694671,669203,,"swinging_strike",,,,,12,"Swinging Strike","S","R","R","AZ","TEX","S",,,0,0,2025,"0.5","0.64","0.94","2.8",,,,2,1,"Top",,,,,,,3.597641129285261,-136.294598918786,-3.6852526046085963,5.4487033169540675,29.242231899766487,-23.610432637064005,"3.2","1.61",,,,"94.1",2732,"6.5",778790,645444,641820,641658,666197,663731,666971,694815,545341,"53.99",,,,,,,,3,1,"Cutter",0,0,0,0,0,0,0,0,"Standard","Standard",178,"0.002","-0.043","56.6","3.7",,"0.043",,0,0,0.538,0.46199999999999997,30,23,31,24,1,0,,,,,"1.95","-0.5","-0.5",,9.781483806324108,12.824932627775713,30.111478422879355,49.76090215282072,21.550041420814694
"FC","2025-03-09","92.9","-0.9","5.91","Burnes, Corbin",608369,669203,"field_out","hit_into_play",,,,,14,"Corey Seager grounds out, second baseman Garrett Hampson to first baseman Trey Mancini.","S","L","R","AZ","TEX","X",4,"ground_ball",3,2,2025,"0.33","0.58","0.47","1.53",,,,1,1,"Top",155.8,148.3,,,,,2.7890246719758647,-135.23084816888667,-6.746434030122914,3.451043325979978,27.554152466971388,-23.8960334285856,"3.37","1.7",9,"105.6",-10,"93.4",2842,"6.4",778790,645444,641820,641658,666197,663731,666971,694815,545341,"54.11",0.289,,"0",,0,0,2,2,7,"Cutter",0,0,0,0,0,0,0,0,"Strategic","Standard",175,"0.02","-0.332","74.2","3.9",0.295,"0.332","105.6",0,0,0.518,0.482,30,31,31,31,1,0,,,,,"2.05","-0.33","0.33",,10.320486223157294,0.8204007072283517,39.91664151594841,37.949191676820746,32.89225139324492
"CU","2025-03-09","81.5","-0.78","5.91","Burnes, Corbin",608369,669203,,"ball",,,,,14,"Ball","S","L","R","AZ","TEX","B",,,2,2,2025,"1.1","-1.01","0.37","-0.02",,,,1,1,"Top",,,,,,,0.4697590183075342,-118.62672541442133,-4.734471418490739,10.204209089840468,25.09605821755335,-40.900108593968014,"3.37","1.7",,,,"81.6",2925,"6.5",778790,645444,641820,641658,666197,663731,666971,694815,545341,"53.95",,,,,,,,2,6,"Curveball",0,0,0,0,0,0,0,0,"Strategic","Standard",45,"-0.006","0.104",,,,"-0.104",,0,0,0.524,0.476,30,31,31,31,1,0,,,,,"4.47","-1.1","1.1",,,,,,
"CU","2025-03-09","80.7","-0.83","5.92","Burnes, Corbin",608369,669203,,"foul",,,,,13,"Foul","S","L","R","AZ","TEX","S",,,2,2,2025,"0.99","-0.85","-1.15","2.03",,,,1,1,"Top",,,,,,,-2.5988069823635995,-117.56480573629314,-0.3648373746091089,9.634160103712462,22.99023984230249,-40.20962297370232,"3.37","1.7",2,"62.3",-41,"80.9",2886,"6.4",778790,645444,641820,641658,666197,663731,666971,694815,545341,"54.09",,,,,,,,2,5,"Curveball",0,0,0,0,0,0,0,0,"Strategic","Standard",56,"0","0","67.0","3.8",,"0","88.0",0,0,0.524,0.476,30,31,31,31,1,0,,,,,"4.35","-0.99","0.99",,17.14057840367265,1.1550241408593989,29.022867019864393,55.90879647296959,32.41543932062541
"FC","2025-03-09","94.7","-1.08","5.81","Burnes, Corbin",608369,669203,,"ball",,,,,13,"Ball","S","L","R","AZ","TEX","B",,,1,2,2025,"0.22","0.79","-0.99","2.28",,,,1,1,"Top",,,,,,,-0.25672509341120253,-137.90188557640116,-5.312443125830003,2.9154869725430914,30.639179767602002,-21.13936067949591,"3.37","1.7",,,,"95",2817,"6.4",778790,645444,641820,641658,666197,663731,666971,694815,545341,"54.06",,,,,,,,2,4,"Cutter",0,0,0,0,0,0,0,0,"Strategic","Standard",179,"-0.002","0.048",,,,"-0.048",,0,0,0.526,0.474,30,31,31,31,1,0,,,,,"1.75","-0.22","0.22",,,,,,
"FC","2025-03-09","93.3","-1.11","5.82","Burnes, Corbin",608369,669203,,"called_strike",,,,,7,"Called Strike","S","L","R","AZ","TEX","S",,,1,1,2025,"0.36","0.65","-0.82","1.92",,,,1,1,"Top",,,,,,,-0.05433347779088321,-135.88168715753395,-5.723530050800363,4.458032527316973,29.913327157832907,-23.07267252315266,"3.37","1.7",,,,"93.5",2831,"6.4",778790,645444,641820,641658,666197,663731,666971,694815,545341,"54.1",,,,,,,,2,3,"Cutter",0,0,0,0,0,0,0,0,"Strategic","Standard",186,"0.003","-0.064",,,,"0.064",,0,0,0.523,0.477,30,31,31,31,1,0,,,,,"1.96","-0.36","0.36",,,,,,
"CH","2025-03-09","91","-1.15","5.57","Burnes, Corbin",608369,669203,,"ball",,,,,13,"Ball","S","L","R","AZ","TEX","B",,,0,1,2025,"-1.34","0.65","-1.11","0.81",,,,1,1,"Top",,,,,,,3.0077543527937127,-132.3535991970526,-7.388958212345203,-16.366239780680097,31.0075922854377,-23.13302426018646,"3.37","1.7",,,,"91.2",2152,"6.6",778790,645444,641820,641658,666197,663731,666971,694815,545341,"53.86",,,,,,,,2,2,"Changeup",0,0,0,0,0,0,0,0,"Strategic","Standard",225,"-0.001","0.029",,,,"-0.029",,0,0,0.524,0.476,30,31,31,31,1,0,,,,,"2.13","1.34","-1.34",,,,,,
"FC","2025-03-09","93.6","-1.14","5.82","Burnes, Corbin",608369,669203,,"called_strike",,,,,7,"Called Strike","S","L","R","AZ","TEX","S",,,0,0,2025,"0.35","0.82","-0.77","1.93",,,,1,1,"Top",,,,,,,0.18321609266573674,-136.2914002344648,-6.132904321063336,4.314945793135156,29.62236832171366,-20.861018982622774,"3.37","1.7",,,,"93.9",2801,"6.4",778790,645444,641820,641658,666197,663731,666971,694815,545341,"54.11",,,,,,,,2,1,"Cutter",0,0,0,0,0,0,0,0,"Standard","Standard",190,"0.002","-0.039",,,,"0.039",,0,0,0.522,0.478,30,31,31,31,1,0,,,,,"1.78","-0.35","0.35",,,,,,
"SL","2025-03-09","86.6","-0.86","5.94","Burnes, Corbin",543760,669203,"strikeout","swinging_strike",,,,,13,"Marcus Semien strikes out swinging.","S","R","R","AZ","TEX","S",2,,0,2,2025,"0.49","0.04","-0.57","1.43",,,,0,1,"Top",,,,,,,-0.2867840785102048,-126.18434486712631,-4.711181611636577,5.258676727525012,24.378190506358553,-31.079080587489937,"3.2","1.62",,,,"87.1",2884,"6.4",778790,645444,641820,641658,666197,663731,666971,694815,545341,"54.07",,,"0",,0,0,,1,3,"Slider",0,0,0,0,0,0,0,0,"Standard","Standard",96,"0.014","-0.165","63.0","2.3",,"0.165",,0,0,0.508,0.492,30,34,31,35,1,0,,,,,"2.98","-0.49","-0.49",,32.198227745903864,-36.169840414176086,,26.148175923512426,53.99865204602786
"SL","2025-03-09","85.1","-1.03","5.83","Burnes, Corbin",543760,669203,,"foul",,,,,7,"Foul","S","R","R","AZ","TEX","S",,,0,1,2025,"0.61","-0.16","-0.35","1.99",,,,0,1,"Top",,,,,,,0.3703636518595461,-124.02786740077669,-2.4585720208129214,6.289814255077978,23.42046372651685,-33.55272596688884,"3.2","1.62",3,"74.5",-34,"85.8",2915,"6.5",778790,645444,641820,641658,666197,663731,666971,694815,545341,"54",,,,,,,,1,2,"Slider",0,0,0,0,0,0,0,0,"Standard","Standard",79,"0.005","-0.055","72.0","3.7",,"0.055","88.0",0,0,0.503,0.497,30,34,31,35,1,0,,,,,"3.28","-0.61","-0.61",,10.576752180239215,-6.595632030807584,39.70941974119423,28.18904801935076,34.048378476988425
"FC","2025-03-09","94.4","-1.03","5.96","Burnes, Corbin",543760,669203,,"called_strike",,,,,3,"Called Strike","S","R","R","AZ","TEX","S",,,0,0,2025,"0.07","0.85","0.29","3.05",,,,0,1,"Top",,,,,,,3.2956784945649225,-137.50629268488296,-3.854990049370924,0.2124675715257925,27.55250975539728,-20.7345009242383,"3.2","1.62",,,,"95.2",2655,"6.5",778790,645444,641820,641658,666197,663731,666971,694815,545341,"54.05",,,,,,,,1,1,"Cutter",0,0,0,0,0,0,0,0,"Standard","Standard",194,"0.003","-0.039",,,,"0.039",,0,0,0.5,0.5,30,34,31,35,1,0,,,,,"1.68","-0.07","-0.07",,,,,,
"CH","2025-03-03","88.1","-0.79","5.64","Burnes, Corbin",663656,669203,"strikeout","swinging_strike",,,,,7,"Kyle Tucker strikes out swinging.","S","L","R","AZ","CHC","S",2,,3,2,2025,"-1.33","1.01","-0.35","1.87",,,,0,3,"Top",,,,,,,3.8706946900891563,-128.19097945809034,-5.151782512845643,-15.450338899190905,29.085520789661285,-20.12066794860406,"3.37","1.7",,,,"88.4",2073,"6.7",778802,680728,647304,606466,553993,672695,545341,664983,678489,"53.79",,,"0",,0,0,,20,7,"Changeup",2,1,1,2,1,2,1,2,"Infield shade","Standard",214,"0.032","-0.345","73.2","8.6",,"0.345",,1,-1,0.606,0.394,30,28,31,28,2,1,,,,,"1.95","1.33","-1.33",,28.789570743555974,-24.384692250532385,33.74233152273302,43.91253936074757,38.048787299607724
"FC","2025-03-03","94.6","-0.71","5.92","Burnes, Corbin",663656,669203,,"ball",,,,,14,"Ball","S","L","R","AZ","CHC","B",,,2,2,2025,"0.37","0.8","1.53","0.76",,,,0,3,"Top",,,,,,,5.049559432005618,-137.5189503113056,-9.642911870878772,3.709654338320024,28.242456461300097,-20.181822713413215,"3.37","1.7",,,,"95.5",2827,"6.7",778802,680728,647304,606466,553993,672695,545341,664983,678489,"53.81",,,,,,,,20,6,"Cutter",2,1,1,2,1,2,1,2,"Infield shade","Standard",180,"-0.009","0.112",,,,"-0.112",,1,-1,0.615,0.385,30,28,31,28,2,1,,,,,"1.74","-0.37","0.37",,,,,,
"FC","2025-03-03","92","-0.76","5.97","Burnes, Corbin",663656,669203,,"foul",,,,,2,"Foul","S","L","R","AZ","CHC","S",,,2,2,2025,"0.45","0.83","0.04","3.12",,,,0,3,"Top",,,,,,,1.04250539299294,-134.06509299930212,-3.2495210009310194,5.216384134190982,28.061023929898006,-21.647519546874516,"3.37","1.7",153,"77.8",74,"92.6",2702,"6.5",778802,680728,647304,606466,553993,672695,545341,664983,678489,"53.98",,,,,,,,20,5,"Cutter",2,1,1,2,1,2,1,2,"Infield shade","Standard",182,"0","0","77.6","7.7",,"0","88.0",1,-1,0.615,0.385,30,28,31,28,2,1,,,,,"1.85","-0.45","0.45",,14.74512648618386,-8.109335469255283,28.852382008489183,38.455776138494684,26.821143269670735
"FC","2025-03-03","92.6","-0.82","5.93","Burnes, Corbin",663656,669203,,"ball",,,,,4,"Ball","S","L","R","AZ","CHC","B",,,1,2,2025,"0.16","1.03","-0.81","2.73",,,,0,3,"Top",,,,,,,-0.32942154465924744,-134.83971383208018,-4.6189568085080595,2.0071822145721385,29.906948269282193,-18.869615868297707,"3.37","1.7",,,,"92.8",2708,"6.4",778802,680728,647304,606466,553993,672695,545341,664983,678489,"54.08",,,,,,,,20,4,"Cutter",2,1,1,2,1,2,1,2,"Infield shade","Standard",187,"-0.003","0.043",,,,"-0.043",,1,-1,0.618,0.382,30,28,31,28,2,1,,,,,"1.63","-0.16","0.16",,,,,,
"CH","2025-03-03","87.7","-0.85","5.64","Burnes, Corbin",663656,669203,,"swinging_strike",,,,,13,"Swinging Strike","S","L","R","AZ","CHC","S",,,1,1,2025,"-1.43","0.78","-0.96","0.9",,,,0,3,"Top",,,,,,,2.7065232258156375,-127.60111086188755,-6.942716094950822,-16.112539187417486,27.79675773979308,-22.382982265105262,"3.37","1.7",,,,"88.1",2191,"6.7",778802,680728,647304,606466,553993,672695,545341,664983,678489,"53.81",,,,,,,,20,3,"Changeup",2,1,1,2,1,2,1,2,"Infield shade","Standard",221,"0.005","-0.061","30.1","7.0",,"0.061",,1,-1,0.613,0.387,30,28,31,28,2,1,,,,,"2.2","1.43","-1.43",,-3.129119402868624,25.763479595021387,38.9400233445625,52.746913653025366,9.33232499820255
"CU","2025-03-03","80","-0.73","5.91","Burnes, Corbin",663656,669203,,"foul",,,,,8,"Foul","S","L","R","AZ","CHC","S",,,1,0,2025,"0.7","-0.49","0.05","2.21",,,,0,3,"Top",,,,,,,0.37913709485746444,-116.46232327277032,-0.42369379489819015,6.233375025400696,24.649682106192245,-36.752450059800424,"3.37","1.7",182,"65.4",28,"80",2813,"6.5",778802,680728,647304,606466,553993,672695,545341,664983,678489,"53.97",,,,,,,,20,2,"Curveball",2,1,1,2,1,2,1,2,"Infield shade","Standard",53,"0.005","-0.05","74.1","8.1",,"0.05","88.0",1,-1,0.608,0.392,30,28,31,28,2,1,,,,,"4.09","-0.7","0.7",,12.182300185622411,-11.516243176819549,37.331542371067854,39.58729030552535,29.209638499619217
"CU","2025-03-03","80","-0.84","5.87","Burnes, Corbin",663656,669203,,"ball",,,,,13,"Ball","S","L","R","AZ","CHC","B",,,0,0,2025,"0.5","-0.44","-0.98","1.45",,,,0,3,"Top",,,,,,,-1.255031230316698,-116.57493686385219,-2.2666663020987596,4.803619633148623,20.74281286181108,-35.96331053499865,"3.37","1.7",,,,"80.5",2788,"6.4",778802,680728,647304,606466,553993,672695,545341,664983,678489,"54.1",,,,,,,,20,1,"Curveball",2,1,1,2,1,2,1,2,"Infield shade","Standard",54,"-0.004","0.041",,,,"-0.041",,1,-1,0.612,0.388,30,28,31,28,2,1,,,,,"3.97","-0.5","0.5",,,,,,
"SL","2025-03-03","86","-0.86","5.84","Burnes, Corbin",681047,669203,"force_out","hit_into_play",,,,,4,"Christian Franklin grounds into a force out, shortstop Geraldo Perdomo to second baseman Ketel Marte. Gage Workman out at 2nd.","S","R","R","AZ","CHC","X",6,"ground_ball",1,1,2025,"0.81","-0.12","-0.58","2.21",,,669398,2,2,"Top",115.21,148.58,,,,,-0.9575434793152533,-125.41508980842451,-2.215116092954974,8.750986812727774,23.240140650471453,-33.20328032801344,"3.08","1.56",47,"92.7",0,"86.7",2900,"6.4",778802,680728,647304,606466,553993,672695,545341,664983,678489,"54.06",0.372,,"0",,0,0,2,15,3,"Slider",1,1,1,1,1,1,1,1,"Standard","Standard",87,"0.022","-0.256","68.7","5.8",0.407,"0.256","92.7",0,0,0.529,0.471,30,25,31,26,2,1,,,,,"3.16","-0.81","-0.81",,-2.595201108788855,8.213119573900366,36.03413703509083,26.990634705161412,24.679145550554672
"SI","2025-03-03","95.5","-0.9","5.93","Burnes, Corbin",681047,669203,,"ball",,,,,11,"Ball","S","R","R","AZ","CHC","B",,,0,1,2025,"-0.82","0.93","-1.03","2.56",,,669398,2,2,"Top",,,,,,,1.4857792432030037,-139.0999186117179,-5.415599825479601,-10.975449360185209,29.220246814007986,-19.093410432649005,"3.08","1.56",,,,"96.2",2589,"6.5",778802,680728,647304,606466,553993,672695,545341,664983,678489,"53.99",,,,,,,,15,2,"Sinker",1,1,1,1,1,1,1,1,"Standard","Standard",193,"-0.002","0.027",,,,"-0.027",,0,0,0.531,0.469,30,25,31,26,2,1,,,,,"1.55","0.82","0.82",,,,,,
"FC","2025-03-03","94.7","-0.85","5.94","Burnes, Corbin",681047,669203,,"foul",,,,,8,"Foul","S","R","R","AZ","CHC","S",,,0,0,2025,"0.24","1.05","-0.25","1.81",,,669398,2,2,"Top",,,,,,,1.0411483682003817,-137.7927225980472,-7.422801978283238,2.800169250852611,32.70928816183833,-17.383066280873052,"3.08","1.56",261,"85.3",46,"94.7",2692,"6.5",778802,680728,647304,606466,553993,672695,545341,664983,678489,"54.03",,,,,,,,15,1,"Cutter",1,1,1,1,1,1,1,1,"Standard","Standard",191,"0.003","-0.042","75.2","6.4",,"0.042","88.0",0,0,0.528,0.472,30,25,31,26,2,1,,,,,"1.51","-0.24","-0.24",,-2.191530761854032,0.7468933612491515,41.12283416237389,31.61756414179753,27.580061675580904
"FC","2025-03-03","94.7","-0.85","5.88","Burnes, Corbin",669398,669203,"single","hit_into_play",,,,,5,"Gage Workman singles on a ground ball to right fielder Jorge Barrosa. Nicky Lopez scores.","S","L","R","AZ","CHC","X",9,"ground_ball",3,2,2025,"0.24","1.17","0.25","2.25",,670032,,2,2,"Top",176.46,103.52,,,,,2.3393126583893897,-137.88026250963438,-6.460174434902778,2.5412602869827143,30.924480989039793,-15.972006815728507,"3.38","1.71",87,"93.7",5,"95.5",2812,"6.7",778802,680728,647304,606466,553993,672695,545341,664983,678489,"53.79",0.501,,"0.9",,1,0,4,14,6,"Cutter",1,0,0,1,1,1,1,1,"Standard","Standard",190,"-0.091","0.685","79.2","7.0",0.561,"-0.685","93.7",1,-1,0.619,0.381,30,25,31,26,1,0,,,,,"1.37","-0.24","0.24",,17.273858293889344,6.798915050436768,42.737924116979265,33.45523300197313,23.59660767119745
"FC","2025-03-03","95.1","-1.09","5.84","Burnes, Corbin",669398,669203,,"ball",,,,,11,"Ball","S","L","R","AZ","CHC","B",,,2,2,2025,"0.29","1.19","-1.51","2.69",,670032,,2,2,"Top",,,,,,,-1.7626056640733518,-138.46914707366588,-5.335700241626128,4.177226568531469,30.624705691787213,-15.86176998045969,"3.38","1.71",,,,"95.8",2789,"6.6",778802,680728,647304,606466,553993,672695,545341,664983,678489,"53.88",,,,,,,,14,5,"Cutter",1,0,0,1,0,1,0,1,"Standard","Standard",192,"-0.006","0.057",,,,"-0.057",,1,-1,0.625,0.375,30,25,31,26,1,0,,,,,"1.32","-0.29","0.29",,,,,,
"CU","2025-03-03","82.8","-0.66","5.84","Burnes, Corbin",669398,669203,,"blocked_ball",,,,,14,"Ball In Dirt","S","L","R","AZ","CHC","B",,,1,2,2025,"0.74","-0.61","1.18","0.14",,670032,,2,2,"Top",,,,,,,2.7772458709750225,-120.52908319215312,-5.346874027615747,6.649798171187874,23.895523611204215,-37.27730573801956,"3.38","1.71",,,,"83.2",2909,"6.6",778802,680728,647304,606466,553993,672695,545341,664983,678489,"53.89",,,,,,,,14,4,"Curveball",1,0,0,1,0,1,0,1,"Standard","Standard",50,"-0.005","0.012",,,,"-0.012",,1,-1,0.63,0.37,30,25,31,26,1,0,,,,,"3.94","-0.74","0.74",,,,,,
"FC","2025-03-03","94.7","-0.8","5.86","Burnes, Corbin",669398,669203,,"blocked_ball",,,,,14,"Ball In Dirt","S","L","R","AZ","CHC","B",,,0,2,2025,"0.34","0.98","1.14","0.56",,670032,,2,2,"Top",,,,,,,4.3083455098581105,-137.52397199368124,-10.39298977615002,3.4039291243555554,30.15619069302893,-17.65354787435872,"3.38","1.71",,,,"95.2",2761,"6.6",778802,680728,647304,606466,553993,672695,545341,664983,678489,"53.86",,,,,,,,14,3,"Cutter",1,0,0,1,0,1,0,1,"Standard","Standard",189,"-0.003","0.015",,,,"-0.015",,1,-1,0.633,0.367,30,25,31,26,1,0,,,,,"1.57","-0.34","0.34",,,,,,
"CH","2025-03-03","88.9","-0.91","5.63","Burnes, Corbin",669398,669203,,"swinging_strike",,,,,13,"Swinging Strike","S","L","R","AZ","CHC","S",,,0,1,2025,"-1.44","0.56","-0.23","1.23",,670032,,2,2,"Top",,,,,,,4.6940695838352555,-129.2601120488976,-5.903067430065773,-17.07799777530801,28.55578795703251,-24.834231496194807,"3.38","1.71",,,,"89.1",2254,"6.6",778802,680728,647304,606466,553993,672695,545341,664983,678489,"53.89",,,,,,,,14,2,"Changeup",1,0,0,1,0,1,0,1,"Standard","Standard",215,"0.007","-0.056","70.9","8.3",,"0.056",,1,-1,0.626,0.374,30,25,31,26,1,0,,,,,"2.34","1.44","-1.44",,26.493908560241515,-13.151646842333205,45.078239992003354,39.73039962369192,36.760086756355804
"FC","2025-03-03","95","-1.03","5.88","Burnes, Corbin",669398,669203,,"called_strike",,,,,4,"Called Strike","S","L","R","AZ","CHC","S",,,0,0,2025,"0.29","1.1","-0.36","2.63",,670032,,2,2,"Top",,,,,,,1.092367366757355,-138.20162475390714,-5.294680756074839,3.3813176001968865,33.323046250213814,-17.066857686162354,"3.38","1.71",,,,"95",2676,"6.5",778802,680728,647304,606466,553993,672695,545341,664983,678489,"54.02",,,,,,,,14,1,"Cutter",1,0,0,1,0,1,0,1,"Standard","Standard",191,"0.005","-0.04",,,,"0.04",,1,-1,0.621,0.379,30,25,31,26,1,0,,,,,"1.44","-0.29","0.29",,,,,,
"FC","2025-03-03","94.2","-0.81","5.91","Burnes, Corbin",670032,669203,"double","hit_into_play",,,,,6,"Nicky Lopez doubles (2) on a sharp line drive to right fielder Jorge Barrosa.","S","L","R","AZ","CHC","X",9,"line_drive",0,0,2025,"0.17","0.89","0.4","2.07",,,,2,2,"Top",233.09,82.21,,,,,2.773715524123366,-137.0916847333099,-6.243953010136649,1.45179440806969,31.153362007132255,-19.76932548301887,"3.13","1.58",330,"106.4",19,"94.5",2587,"6.5",778802,680728,647304,606466,553993,672695,545341,664983,678489,"54",0.47838709677419367,,"1.25",,1,1,6,13,1,"Cutter",1,0,0,1,0,1,0,1,"Standard","Standard",200,"-0.024","0.579",,,1.3878064516129034,"-0.579","106.4",1,-1,0.645,0.355,30,30,31,30,1,0,,,,,"1.68","-0.17","0.17",,,,,,
"FC","2025-03-03","94.6","-0.79","5.93","Burnes, Corbin",608348,669203,"field_out","hit_into_play",,,,,5,"Carson Kelly pops out to second baseman Ketel Marte.","S","R","R","AZ","CHC","X",4,"popup",2,0,2025,"0.27","1.16","-0.11","2.74",,,,1,2,"Top",140.78,152.26,,,,,1.1914615859298825,-137.74923948662192,-5.278297949285758,3.1591494719792057,29.928155712025262,-16.39087051111652,"3.25","1.64",129,"82",69,"95",2758,"6.5",778802,680728,647304,606466,553993,672695,545341,664983,678489,"54.05",0.003,,"0",,0,0,3,12,3,"Cutter",1,0,0,1,0,1,0,1,"Standard","Standard",189,"0.026","-0.364","72.7","7.1",0.003,"0.364","88.0",1,-1,0.619,0.381,30,30,31,31,1,0,,,,,"1.38","-0.27","-0.27",,12.604854025373832,-7.592119178899286,32.73090680079071,34.948493306617436,29.106002793660473
"FC","2025-03-03","95.2","-0.72","5.91","Burnes, Corbin",608348,669203,,"ball",,,,,14,"Ball","S","R","R","AZ","CHC","B",,,1,0,2025,"0.34","1.25","1.01","0.67",,,,1,2,"Top",,,,,,,3.7856231133021314,-138.23991053644042,-10.956651176272878,3.5584054263036875,29.719296880789486,-13.916670863711795,"3.25","1.64",,,,"95.8",2704,"6.6",778802,680728,647304,606466,553993,672695,545341,664983,678489,"53.85",,,,,,,,12,2,"Cutter",1,0,0,1,0,1,0,1,"Standard","Standard",195,"-0.005","0.071",,,,"-0.071",,1,-1,0.624,0.376,30,30,31,31,1,0,,,,,"1.27","-0.34","-0.34",,,,,,
"FC","2025-03-03","94.4","-0.63","5.97","Burnes, Corbin",608348,669203,,"ball",,,,,14,"Ball","S","R","R","AZ","CHC","B",,,0,0,2025,"0.17","1.07","0.77","1.23",,,,1,2,"Top",,,,,,,3.274427749288643,-137.22485749624022,-9.041097074038172,1.3222113922079035,32.52819792541105,-16.835036539925014,"3.25","1.64",,,,"94.7",2648,"6.7",778802,680728,647304,606466,553993,672695,545341,664983,678489,"53.83",,,,,,,,12,1,"Cutter",1,0,0,1,0,1,0,1,"Standard","Standard",189,"-0.003","0.039",,,,"-0.039",,1,-1,0.627,0.373,30,30,31,31,1,0,,,,,"1.51","-0.17","-0.17",,,,,,
"FC","2025-03-03","94.8","-0.57","5.98","Burnes, Corbin",621020,669203,"field_out","hit_into_play",,,,,5,"Dansby Swanson flies out to center fielder Jake McCarthy.","S","R","R","AZ","CHC","X",8,"fly_ball",2,2,2025,"0.32","1.17","0.24","2.35",,,,0,2,"Top",149.75,50.18,,,,,1.397920358098573,-138.0331554445232,-6.530105048006474,3.8093288961246774,28.547489403130204,-15.961565843382438,"3.23","1.63",372,"96.3",26,"95.7",2635,"6.6",778802,680728,647304,606466,553993,672695,545341,664983,678489,"53.86",0.20249999999999999,,"0",,0,0,5,11,6,"Cutter",1,0,0,1,0,1,0,1,"Standard","Standard",188,"0.022","-0.232","73.5","7.2",0.663,"0.232","96.3",1,-1,0.605,0.395,30,31,31,31,1,0,,,,,"1.35","-0.32","-0.32",,11.077818782675532,1.312227745413753,35.72879273853309,38.31718653612256,32.4784555478527
"SI","2025-03-03","95.2","-0.58","6.01","Burnes, Corbin",621020,669203,,"ball",,,,,13,"Ball","S","R","R","AZ","CHC","B",,,1,2,2025,"-0.91","1.23","-0.23","0.93",,,,0,2,"Top",,,,,,,2.9581508286803833,-138.2342277052853,-10.437211990682792,-12.29460823807608,31.24570108721515,-14.289047867114938,"3.23","1.63",,,,"95.4",2649,"6.5",778802,680728,647304,606466,553993,672695,545341,664983,678489,"53.97",,,,,,,,11,5,"Sinker",1,0,0,1,0,1,0,1,"Standard","Standard",198,"-0.004","0.043",,,,"-0.043",,1,-1,0.609,0.391,30,31,31,31,1,0,,,,,"1.3","0.91","0.91",,,,,,
"SI","2025-03-03","96.3","-0.72","6.03","Burnes, Corbin",621020,669203,,"ball",,,,,13,"Ball","S","R","R","AZ","CHC","B",,,0,2,2025,"-0.93","1.15","-1.64","2.37",,,,0,2,"Top",,,,,,,-0.3120287085726145,-140.12921022704256,-6.789904487153715,-12.177796203427441,32.4595622139549,-15.646383830543083,"3.23","1.63",,,,"96.7",2623,"6.6",778802,680728,647304,606466,553993,672695,545341,664983,678489,"53.91",,,,,,,,11,4,"Sinker",1,0,0,1,0,1,0,1,"Standard","Standard",199,"-0.002","0.024",,,,"-0.024",,1,-1,0.611,0.389,30,31,31,31,1,0,,,,,"1.31","0.93","0.93",,,,,,
"ST","2025-03-03","85.4","-0.76","5.96","Burnes, Corbin",621020,669203,,"foul",,,,,8,"Foul","S","R","R","AZ","CHC","S",,,0,2,2025,"0.64","-0.02","-0.11","2.05",,,,0,2,"Top",,,,,,,0.254831459910043,-124.3931202677782,-2.8921247237789425,6.542395055080498,25.12310345359892,-31.983707521293244,"3.23","1.63",6,"76.7",-21,"85.7",2819,"6.5",778802,680728,647304,606466,553993,672695,545341,664983,678489,"54.04",,,,,,,,11,3,"Sweeper",1,0,0,1,0,1,0,1,"Standard","Standard",85,"0","0","73.5","8.2",,"0","88.0",1,-1,0.611,0.389,30,31,31,31,1,0,,,,,"3.14","-0.64","-0.64",,23.65191364526478,-20.90610730453067,36.057294840288314,34.66058726529564,46.38808335504388
"ST","2025-03-03","82.7","-0.87","5.81","Burnes, Corbin",621020,669203,,"called_strike",,,,,5,"Called Strike","S","R","R","AZ","CHC","S",,,0,1,2025,"0.43","-0.03","-0.16","2.23",,,,0,2,"Top",,,,,,,0.7946022635731769,-120.43811555207976,-1.569693611961945,3.9478242747425245,25.56240499250935,-32.37144294032317,"3.23","1.63",,,,"82.7",2731,"6.4",778802,680728,647304,606466,553993,672695,545341,664983,678489,"54.06",,,,,,,,11,2,"Sweeper",1,0,0,1,0,1,0,1,"Standard","Standard",65,"0.004","-0.055",,,,"0.055",,1,-1,0.607,0.393,30,31,31,31,1,0,,,,,"3.38","-0.43","-0.43",,,,,,
"FC","2025-03-03","93.7","-0.81","5.98","Burnes, Corbin",621020,669203,,"foul",,,,,6,"Foul","S","R","R","AZ","CHC","S",,,0,0,2025,"0.08","1.06","0.67","2.71",,,,0,2,"Top",,,,,,,3.675654603896763,-136.3573929352091,-5.064878856507764,0.10990788637867238,30.76032768967163,-18.09046131556471,"3.23","1.63",5,"60.6",-28,"94",2616,"6.5",778802,680728,647304,606466,553993,672695,545341,664983,678489,"54",,,,,,,,11,1,"Cutter",1,0,0,1,0,1,0,1,"Standard","Standard",192,"0.004","-0.039","68.6","7.2",,"0.039","88.0",1,-1,0.603,0.397,30,31,31,31,1,0,,,,,"1.55","-0.08","-0.08",,14.197062709250014,5.615762075712657,30.37147451840675,44.227098803705665,29.548131949640165
"SL","2025-03-03","87.2","-0.85","5.91","Burnes, Corbin",457759,669203,"field_out","hit_into_play",,,,,6,"Justin Turner grounds out, third baseman Eugenio Suárez to first baseman Josh Naylor.","S","R","R","AZ","CHC","X",5,"ground_ball",3,2,2025,"0.53","-0.08","0.76","2.09",,673548,683737,2,1,"Top",103.57,172.37,,,,,2.7959332649747464,-127.03056429825129,-2.912072693917862,5.152597836889739,25.36628237999374,-32.68650612340883,"3.17","1.6",3,"86.8",-34,"87.8",2916,"6.6",778802,680728,647304,606466,553993,672695,545341,664983,678489,"53.93",0.046,,"0",,0,0,2,5,7,"Slider",0,0,0,0,0,0,0,0,"Standard","Standard",80,"0.048","-0.282","63.3","6.6",0.05,"0.282","88.0",0,0,0.5,0.5,30,40,31,41,1,0,,,,,"3.07","-0.53","-0.53",,11.617835552197946,-0.850742748337323,30.976809804840123,38.28905457717405,40.67243621251967
"FC","2025-03-03","96.6","-0.81","5.92","Burnes, Corbin",457759,669203,,"foul",,,,,6,"Foul","S","R","R","AZ","CHC","S",,,3,2,2025,"0.42","1.12","0.3","2.56",,673548,683737,2,1,"Top",,,,,,,2.0118580449265466,-140.6847837202314,-6.0423610465306075,5.16102808525128,29.542059805386415,-16.140395468357955,"3.17","1.6",207,"73.1",48,"97.7",2739,"6.7",778802,680728,647304,606466,553993,672695,545341,664983,678489,"53.81",,,,,,,,5,6,"Cutter",0,0,0,0,0,0,0,0,"Standard","Standard",193,"0","0","62.6","5.9",,"0","88.0",0,0,0.5,0.5,30,40,31,41,1,0,,,,,"1.3","-0.42","-0.42",,-0.005943537754004662,3.510688781568625,37.19016307622432,32.42946902859913,29.037183402551292
"SI","2025-03-03","96.9","-0.75","5.9","Burnes, Corbin",457759,669203,,"ball",,,,,13,"Ball","S","R","R","AZ","CHC","B",,,2,2,2025,"-1.15","1.18","-0.5","1.07",,673548,683737,2,1,"Top",,,,,,,3.320004390652199,-140.7423030482267,-10.08098110947865,-16.042754087829874,32.98736429792747,-14.365653563905024,"3.17","1.6",,,,"97.4",2631,"6.7",778802,680728,647304,606466,553993,672695,545341,664983,678489,"53.76",,,,,,,,5,5,"Sinker",0,0,0,0,0,0,0,0,"Standard","Standard",194,"-0.009","0.079",,,,"-0.079",,0,0,0.509,0.491,30,40,31,41,1,0,,,,,"1.26","1.15","1.15",,,,,,
"SL","2025-03-03","89","-0.64","5.93","Burnes, Corbin",457759,669203,,"blocked_ball",,,,,14,"Ball In Dirt","S","R","R","AZ","CHC","B",,,1,2,2025,"0.45","0.07","2.04","0.39",,673548,683737,2,1,"Top",,,,,,,5.678443567764074,-129.33524902039414,-7.721660273001369,3.772883918590103,27.885954797303917,-29.90972857691128,"3.17","1.6",,,,"89.4",3011,"6.7",778802,680728,647304,606466,553993,672695,545341,664983,678489,"53.79",,,,,,,,5,4,"Slider",0,0,0,0,0,0,0,0,"Standard","Standard",92,"-0.007","0.012",,,,"-0.012",,0,0,0.516,0.484,30,40,31,41,1,0,,,,,"2.82","-0.45","-0.45",,,,,,
"SL","2025-03-03","87.3","-0.73","5.86","Burnes, Corbin",457759,669203,,"swinging_strike",,,,,14,"Swinging Strike","S","R","R","AZ","CHC","S",,,1,1,2025,"0.59","-0.03","0.95","2.14",,673548,683737,2,1,"Top",,,,,,,2.8351232226343246,-127.16424660954048,-2.7621852016964423,5.864148299479696,26.24353395647004,-32.11929017455712,"3.17","1.6",,,,"87.8",2832,"6.6",778802,680728,647304,606466,553993,672695,545341,664983,678489,"53.94",,,,,,,,5,3,"Slider",0,0,0,0,0,0,0,0,"Standard","Standard",111,"0.009","-0.063","39.0","6.1",,"0.063",,0,0,0.507,0.493,30,40,31,41,1,0,,,,,"3.01","-0.59","-0.59",,6.841794849687606,7.314527308891862,28.229245307999403,41.539868197798754,35.05277745940856
"SI","2025-03-03","96.1","-0.64","5.92","Burnes, Corbin",457759,669203,,"ball",,,,,7,"Ball","S","R","R","AZ","CHC","B",,,0,1,2025,"-1.16","1.19","-0.82","1.61",,673548,683737,2,1,"Top",,,,,,,2.164097157142665,-139.72877677351363,-8.510408347078293,-15.686228426551727,33.52397569784131,-14.90299823530744,"3.17","1.6",,,,"96.2",2499,"6.6",778802,680728,647304,606466,553993,672695,545341,664983,678489,"53.94",,,,,,,,5,2,"Sinker",0,0,0,0,0,0,0,0,"Standard","Standard",212,"-0.004","0.018",,,,"-0.018",,0,0,0.511,0.489,30,40,31,41,1,0,,,,,"1.3","1.16","1.16",,,,,,
"FC","2025-03-03","94.7","-0.76","5.97","Burnes, Corbin",457759,669203,,"swinging_strike",,,,,14,"Swinging Strike","S","R","R","AZ","CHC","S",,,0,0,2025,"0.41","1","1.06","2.2",,673548,683737,2,1,"Top",,,,,,,3.85206081477923,-137.84165559895663,-6.414194058326124,4.363406984260923,30.666775890489255,-18.26142831523137,"3.17","1.6",,,,"95.3",2609,"6.6",778802,680728,647304,606466,553993,672695,545341,664983,678489,"53.9",,,,,,,,5,1,"Cutter",0,0,0,0,0,0,0,0,"Standard","Standard",185,"0.006","-0.047","65.0","5.7",,"0.047",,0,0,0.505,0.495,30,40,31,41,1,0,,,,,"1.54","-0.41","-0.41",,-3.1939966126067842,21.63283171621784,37.83937155351678,43.343769525635956,15.955492917926989
"FC","2025-03-03","93.1","-0.84","5.97","Burnes, Corbin",683737,669203,"walk","ball",,,,,12,"Michael Busch walks. Seiya Suzuki to 2nd.","S","L","R","AZ","CHC","B",,,3,1,2025,"0.52","0.99","0.61","3.57",,,673548,2,1,"Top",,,,,,,2.579218413451827,-135.6336213696539,-2.5878374846086825,5.917471394842354,29.438352269646813,-19.612619141795555,"3.2","1.61",,,,"93.4",2693,"6.4",778802,680728,647304,606466,553993,672695,545341,664983,678489,"54.12",,,"0.7",,0,0,,4,5,"Cutter",0,0,0,0,0,0,0,0,"Infield shade","Standard",188,"-0.013","0.147",,,,"-0.147",,0,0,0.518,0.482,30,27,31,28,1,0,,,,,"1.63","-0.52","0.52",,,,,,
"CH","2025-03-03","88.8","-0.87","5.61","Burnes, Corbin",683737,669203,,"ball",,,,,13,"Ball","S","L","R","AZ","CHC","B",,,2,1,2025,"-1.4","0.89","-0.73","1.36",,,673548,2,1,"Top",,,,,,,3.3206235659791083,-129.21470957414832,-6.237831997542608,-16.41159175974983,28.152473438597426,-21.0928078459716,"3.2","1.61",,,,"89.3",1930,"6.7",778802,680728,647304,606466,553993,672695,545341,664983,678489,"53.8",,,,,,,,4,4,"Changeup",0,0,0,0,0,0,0,0,"Infield shade","Strategic",224,"-0.006","0.079",,,,"-0.079",,0,0,0.524,0.476,30,27,31,28,1,0,,,,,"2.01","1.4","-1.4",,,,,,
"FC","2025-03-03","93","-0.88","5.9","Burnes, Corbin",683737,669203,,"ball",,,,,11,"Ball","S","L","R","AZ","CHC","B",,,1,1,2025,"0.56","1.14","-0.91","3.1",,,673548,2,1,"Top",,,,,,,-1.3148569454635075,-135.44537641663823,-3.9370276246743265,7.2072760311212125,28.93651191772648,-17.511849302074012,"3.2","1.61",,,,"93.7",2699,"6.6",778802,680728,647304,606466,553993,672695,545341,664983,678489,"53.91",,,,,,,,4,3,"Cutter",0,0,0,0,0,0,0,0,"Infield shade","Standard",186,"-0.003","0.054",,,,"-0.054",,0,0,0.527,0.473,30,27,31,28,1,0,,,,,"1.49","-0.56","0.56",,,,,,
"FC","2025-03-03","94.7","-0.75","5.94","Burnes, Corbin",683737,669203,,"ball",,,,,14,"Ball","S","L","R","AZ","CHC","B",,,0,1,2025,"0.23","0.97","0.83","1.26",,,673548,2,1,"Top",,,,,,,3.6371100950493336,-137.63012733791305,-8.696356846760558,1.9408345171946055,34.07286283122787,-18.036568108033304,"3.2","1.61",,,,"94.8",2608,"6.7",778802,680728,647304,606466,553993,672695,545341,664983,678489,"53.82",,,,,,,,4,2,"Cutter",0,0,0,0,0,0,0,0,"Infield shade","Standard",189,"-0.002","0.027",,,,"-0.027",,0,0,0.529,0.471,30,27,31,28,1,0,,,,,"1.6","-0.23","0.23",,,,,,
"SI","2025-03-03","95.1","-0.8","5.98","Burnes, Corbin",673548,669203,"hit_by_pitch","hit_by_pitch",,,,,11,"Seiya Suzuki hit by pitch.","S","R","R","AZ","CHC","B",,,2,2,2025,"-0.82","1.39","-2.32","3.34",,,,2,1,"Top",,,,,,,-2.1642520779488104,-138.52743581093236,-4.427092671576379,-10.13464871280683,29.967332836821107,-13.460479017992563,"3.19","1.61",,,,"95.7",2513,"6.5",778802,680728,647304,606466,553993,672695,545341,664983,678489,"53.98",,,"0.7",,0,0,,3,5,"Sinker",0,0,0,0,0,0,0,0,"Standard","Standard",202,"-0.013","0.363",,,,"-0.363",,0,0,0.539,0.46099999999999997,30,30,31,31,1,0,,,,,"1.12","0.82","0.82",,,,,,
"SL","2025-03-03","85.4","-0.74","5.93","Burnes, Corbin",673548,669203,,"ball",,,,,14,"Ball","S","R","R","AZ","CHC","B",,,1,2,2025,"0.52","-0.23","0.5","0.68",,,,2,1,"Top",,,,,,,1.8637406632164466,-124.39064330933559,-5.620785163007347,5.063769408445736,25.067896180267912,-33.692150579075914,"3.19","1.61",,,,"85.9",2929,"6.6",778802,680728,647304,606466,553993,672695,545341,664983,678489,"53.92",,,,,,,,3,4,"Slider",0,0,0,0,0,0,0,0,"Standard","Standard",70,"-0.001","0.042",,,,"-0.042",,0,0,0.54,0.45999999999999996,30,30,31,31,1,0,,,,,"3.36","-0.52","-0.52",,,,,,
"FC","2025-03-03","94.3","-0.87","5.95","Burnes, Corbin",673548,669203,,"foul",,,,,7,"Foul","S","R","R","AZ","CHC","S",,,1,1,2025,"0.31","1.33","-0.32","2.09",,,,2,1,"Top",,,,,,,0.7380720339696427,-137.30242251335272,-7.36457425825714,3.798950037382136,29.80255999979994,-13.920971482096766,"3.19","1.61",,,,"94.9",2711,"6.6",778802,680728,647304,606466,553993,672695,545341,664983,678489,"53.91",,,,,,,,3,3,"Cutter",0,0,0,0,0,0,0,0,"Standard","Standard",191,"0.002","-0.062","77.0","7.0",,"0.062",,0,0,0.538,0.46199999999999997,30,30,31,31,1,0,,,,,"1.22","-0.31","-0.31",,-4.3097295114403655,4.926897360559993,42.23668822037732,33.22737989002438,23.20914549336512
"FC","2025-03-03","94.8","-0.81","5.99","Burnes, Corbin",673548,669203,,"called_strike",,,,,7,"Called Strike","S","R","R","AZ","CHC","S",,,1,0,2025,"-0.11","1.05","-0.75","2.08",,,,2,1,"Top",,,,,,,0.4131985588860146,-137.94703365158395,-6.941831197412705,-1.5403983663678207,30.035495762676295,-17.489934892613945,"3.19","1.61",,,,"95.4",2647,"6.6",778802,680728,647304,606466,553993,672695,545341,664983,678489,"53.9",,,,,,,,3,2,"Cutter",0,0,0,0,0,0,0,0,"Standard","Standard",196,"0.001","-0.054",,,,"0.054",,0,0,0.537,0.46299999999999997,30,30,31,31,1,0,,,,,"1.49","0.11","0.11",,,,,,
"FC","2025-03-03","94.1","-0.73","5.98","Burnes, Corbin",673548,669203,,"ball",,,,,14,"Ball","S","R","R","AZ","CHC","B",,,0,0,2025,"0.42","1.37","0.93","0.91",,,,2,1,"Top",,,,,,,3.38022506171882,-136.70858454408423,-10.523074183161901,4.579454692009627,29.57166958326968,-12.878186111443954,"3.19","1.61",,,,"94.6",2677,"6.6",778802,680728,647304,606466,553993,672695,545341,664983,678489,"53.88",,,,,,,,3,1,"Cutter",0,0,0,0,0,0,0,0,"Standard","Standard",190,"-0.001","0.037",,,,"-0.037",,0,0,0.538,0.46199999999999997,30,30,31,31,1,0,,,,,"1.21","-0.42","-0.42",,,,,,
"ST","2025-03-03","83.3","-0.73","5.89","Burnes, Corbin",663656,669203,"strikeout","called_strike",,,,,9,"Kyle Tucker called out on strikes.","S","L","R","AZ","CHC","S",2,,0,2,2025,"0.73","-0.24","0.41","2.04",,,,1,1,"Top",,,,,,,1.1751783864990124,-121.38369870485025,-1.9054455865725626,6.895993156382966,25.136985489384895,-34.388935025700654,"3.37","1.7",,,,"83.2",2914,"6.3",778802,680728,647304,606466,553993,672695,545341,664983,678489,"54.22",,,"0",,0,0,,2,3,"Sweeper",0,0,0,0,0,0,0,0,"Infield shade","Standard",65,"0.01","-0.163",,,,"0.163",,0,0,0.528,0.472,30,28,31,28,1,0,,,,,"3.53","-0.73","0.73",,,,,,
"FC","2025-03-03","94","-0.86","5.95","Burnes, Corbin",663656,669203,,"swinging_strike",,,,,4,"Swinging Strike","S","L","R","AZ","CHC","S",,,0,1,2025,"-0.08","0.88","-0.32","2.39",,,,1,1,"Top",,,,,,,1.5734407811396167,-136.81371305620192,-5.46469673699281,-1.3178419499449463,31.419269361161984,-20.06078146198179,"3.37","1.7",,,,"94.1",2639,"6.4",778802,680728,647304,606466,553993,672695,545341,664983,678489,"54.07",,,,,,,,2,2,"Cutter",0,0,0,0,0,0,0,0,"Infield shade","Standard",192,"0.004","-0.052","75.4","7.4",,"0.052",,0,0,0.524,0.476,30,28,31,28,1,0,,,,,"1.7","0.08","-0.08",,1.3643631403528893,6.411184497043229,35.26490933848855,43.87082740862249,16.259766849586686
"FC","2025-03-03","94.3","-0.83","5.94","Burnes, Corbin",663656,669203,,"foul_tip",,,,,5,"Foul Tip","S","L","R","AZ","CHC","S",,,0,0,2025,"0.57","1.13","-0.04","2.76",,,,1,1,"Top",,,,,,,0.7869024302285416,-137.27339642521696,-5.062008312513627,6.995331377100366,32.073700487358195,-16.94148108731604,"3.37","1.7",,,,"94.1",2618,"6.3",778802,680728,647304,606466,553993,672695,545341,664983,678489,"54.2",,,,,,,,2,1,"Cutter",0,0,0,0,0,0,0,0,"Infield shade","Standard",198,"0.002","-0.039","75.4","7.4",,"0.039",,0,0,0.522,0.478,30,28,31,28,1,0,,,,,"1.44","-0.57","0.57",,8.117429323199985,4.160448290367708,34.904573209918325,39.90346731674662,19.10421247716209
"FC","2025-03-03","92.5","-0.81","6.01","Burnes, Corbin",681047,669203,"field_out","hit_into_play",,,,,5,"Christian Franklin grounds out, shortstop Geraldo Perdomo to first baseman Josh Naylor.","S","R","R","AZ","CHC","X",6,"ground_ball",1,0,2025,"-0.14","0.94","-0.07","2.12",,,,0,1,"Top",107.62,157.18,,,,,2.2028276404078406,-134.70877214194505,-6.248367510739794,-2.173706068072976,26.924525113397554,-19.544339513558363,"3.08","1.56",8,"105",-14,"93.2",2633,"6.5",778802,680728,647304,606466,553993,672695,545341,664983,678489,"54.03",0.263,,"0",,0,0,2,1,2,"Cutter",0,0,0,0,0,0,0,0,"Strategic","Standard",195,"0.026","-0.301","78.0","6.5",0.285,"0.301","105.0",0,0,0.496,0.504,30,25,31,26,1,0,,,,,"1.7","0.14","0.14",,1.6996413039903207,-0.5277539731846409,33.099119407419636,33.77483788114347,29.431726051324393
"FC","2025-03-03","93.3","-0.89","5.96","Burnes, Corbin",681047,669203,,"ball",,,,,11,"Ball","S","R","R","AZ","CHC","B",,,0,0,2025,"0.46","0.87","-0.61","3.31",,,,0,1,"Top",,,,,,,-0.292738969478763,-135.97724949011086,-3.0212972412238006,5.813871646510818,28.595531672023075,-20.88155536717009,"3.08","1.56",,,,"93.8",2506,"6.4",778802,680728,647304,606466,553993,672695,545341,664983,678489,"54.09",,,,,,,,1,1,"Cutter",0,0,0,0,0,0,0,0,"Standard","Standard",195,"-0.004","0.041",,,,"-0.041",,0,0,0.5,0.5,30,25,31,26,1,0,,,,,"1.73","-0.46","-0.46",,,,,,
,"2025-03-03",,,,"Burnes, Corbin",683737,669203,,"automatic_strike",,,,,,"Automatic Strike - Batter Pitch Timer Violation","S","L","R","AZ","CHC","S",,,0,0,2025,,,,,,,673548,2,1,"Top",,,,,,,,,,,,,,,,,,,,,778802,680728,647304,606466,553993,672695,545341,664983,678489,,,,,,,,,4,1,,0,0,0,0,0,0,0,0,,,,"0.003",,,,,,,0,0,0.526,0.474,30,27,31,28,1,0,,,,,,,,,,,,,
"SI","2025-02-26","96.5","-0.78","5.95","Burnes, Corbin",666931,669203,"strikeout","swinging_strike",,,,,13,"Jared Oliva strikes out swinging.","S","R","R","AZ","MIL","S",2,,2,2,2025,"-1.09","0.94","-0.88","2.24",,606992,,2,2,"Top",,,,,,,2.2212639688337585,-140.31477168860067,-6.410337682411594,-14.9098837889162,34.20511091126958,-18.480359423191658,"3.3","1.67",,,,"96.4",2531,"6.4",778803,672515,656976,606466,553993,691783,678489,665506,682998,"54.08",,,"0",,0,0,,13,6,"Sinker",0,0,0,0,0,0,0,0,"Standard","Standard",199,"0.031","-0.22","75.5","7.8",,"0.22",,0,0,0.52,0.48,30,29,31,30,1,0,,,,,"1.53","1.09","1.09",,11.150552672306091,-15.98401249121279,34.66759674471716,26.752391657434266,25.705082671586666
"FC","2025-02-26","95.5","-1.02","5.85","Burnes, Corbin",666931,669203,,"ball",,,,,11,"Ball","S","R","R","AZ","MIL","B",,,1,2,2025,"0.27","0.87","-1.39","2.61",,606992,,2,2,"Top",,,,,,,-1.5833355992407343,-139.11396547125327,-4.926382330896543,3.8274236550551897,29.499904912692717,-20.046810313495648,"3.3","1.67",,,,"95.9",2714,"6.4",778803,672515,656976,606466,553993,691783,678489,665506,682998,"54.14",,,,,,,,13,5,"Cutter",0,0,0,0,0,0,0,0,"Standard","Standard",183,"-0.006","0.012",,,,"-0.012",,0,0,0.526,0.474,30,29,31,30,1,0,,,,,"1.62","-0.27","-0.27",,,,,,
"FC","2025-02-26","95.8","-0.85","5.94","Burnes, Corbin",666931,669203,,"foul",,,,,2,"Foul","S","R","R","AZ","MIL","S",,,1,2,2025,"0.12","1.12","0.08","2.97",,606992,,2,2,"Top",,,,,,,2.1906993608995413,-139.60317825680187,-4.8493454819857025,1.1379451710323172,28.982110982458174,-16.628727021909278,"3.3","1.67",190,"68.6",42,"96.6",2700,"6.5",778803,672515,656976,606466,553993,691783,678489,665506,682998,"54.02",,,,,,,,13,4,"Cutter",0,0,0,0,0,0,0,0,"Standard","Standard",194,"0","0","70.4","7.1",,"0","88.0",0,0,0.526,0.474,30,29,31,30,1,0,,,,,"1.34","-0.12","-0.12",,2.4201074742401194,8.777418086872572,30.228592426138803,39.519380611821404,16.81402177904712
"FC","2025-02-26","95.1","-0.74","5.92","Burnes, Corbin",666931,669203,,"foul",,,,,6,"Foul","S","R","R","AZ","MIL","S",,,1,1,2025,"0.12","0.61","0.58","2.17",,606992,,2,2,"Top",,,,,,,3.2207932793022414,-138.48572508638705,-5.600219116988646,0.8277254610041309,29.423225187270226,-23.241790541850218,"3.3","1.67",225,"78.1",51,"95.8",2670,"6.5",778803,672515,656976,606466,553993,691783,678489,665506,682998,"53.98",,,,,,,,13,3,"Cutter",0,0,0,0,0,0,0,0,"Standard","Standard",177,"0.007","-0.056","74.1","7.6",,"0.056","88.0",0,0,0.519,0.481,30,29,31,30,1,0,,,,,"1.89","-0.12","-0.12",,1.1749630839204062,9.017066688152918,32.49056821580754,46.96262616128301,16.91152933354589
"SI","2025-02-26","96.6","-0.78","5.89","Burnes, Corbin",666931,669203,,"ball",,,,,13,"Ball","S","R","R","AZ","MIL","B",,,0,1,2025,"-0.91","1.12","-1.23","1.32",,606992,,2,2,"Top",,,,,,,0.863117007370084,-140.47719244453654,-9.169475959779813,-12.235282860479689,30.854422787929977,-15.535826448841824,"3.3","1.67",,,,"96.9",2637,"6.4",778803,672515,656976,606466,553993,691783,678489,665506,682998,"54.08",,,,,,,,13,2,"Sinker",0,0,0,0,0,0,0,0,"Standard","Standard",199,"-0.003","0.015",,,,"-0.015",,0,0,0.522,0.478,30,29,31,30,1,0,,,,,"1.32","0.91","0.91",,,,,,
"FC","2025-02-26","95.2","-0.86","5.96","Burnes, Corbin",666931,669203,,"foul",,,,,6,"Foul","S","R","R","AZ","MIL","S",,,0,0,2025,"0.11","0.95","0.8","2.17",,606992,,2,2,"Top",,,,,,,4.14521755497435,-138.49853139899133,-6.453906665836423,0.4226850525127673,31.105758184103177,-18.673877664785064,"3.3","1.67",190,"67.4",47,"95.8",2641,"6.6",778803,672515,656976,606466,553993,691783,678489,665506,682998,"53.86",,,,,,,,13,1,"Cutter",0,0,0,0,0,0,0,0,"Standard","Standard",193,"0.005","-0.04","74.1","7.6",,"0.04","88.0",0,0,0.517,0.483,30,29,31,30,1,0,,,,,"1.56","-0.11","-0.11",,1.2838921264038023,14.494554388494656,33.545265993329366,48.88697279193786,16.65842564864286
"FC","2025-02-26","94.8","-0.86","5.91","Burnes, Corbin",655316,669203,"field_out","hit_into_play",,,,,6,"Andruw Monasterio flies out to right fielder Corbin Carroll in foul territory.","S","R","R","AZ","MIL","X",9,"fly_ball",1,1,2025,"0.31","0.85","0.52","2.48",,606992,,1,2,"Top",192.89,138.09,,,,,2.9639394811315656,-138.08027410572655,-5.23644496270023,3.280596146353258,30.412930117382913,-20.318192955954558,"3.15","1.59",224,"85.9",54,"95.5",2732,"6.6",778803,672515,656976,606466,553993,691783,678489,665506,682998,"53.88",0.018,,"0",,0,0,3,12,3,"Cutter",0,0,0,0,0,0,0,0,"Standard","Standard",182,"0.035","-0.248","70.5","6.9",0.024,"0.248","88.0",0,0,0.482,0.518,30,28,31,28,1,0,,,,,"1.68","-0.31","-0.31",,8.988516785983762,0.40794585311619297,32.748960121409304,41.14961433877153,30.291968858938795
"SL","2025-02-26","86.1","-0.79","5.96","Burnes, Corbin",655316,669203,,"ball",,,,,14,"Ball","S","R","R","AZ","MIL","B",,,0,1,2025,"0.7","-0.26","1.27","0.98",,606992,,1,2,"Top",,,,,,,3.489785652209027,-125.40833967493974,-5.113955004115012,6.706381367023372,24.054676866537342,-34.160572689534696,"3.15","1.59",,,,"86.7",2869,"6.5",778803,672515,656976,606466,553993,691783,678489,665506,682998,"54.02",,,,,,,,12,2,"Slider",0,0,0,0,0,0,0,0,"Standard","Standard",77,"-0.004","0.025",,,,"-0.025",,0,0,0.486,0.514,30,28,31,28,1,0,,,,,"3.32","-0.7","-0.7",,,,,,
"SL","2025-02-26","86.8","-0.77","5.96","Burnes, Corbin",655316,669203,,"swinging_strike_blocked",,,,,14,"Swinging Strike (Blocked)","S","R","R","AZ","MIL","S",,,0,0,2025,"0.41","0.04","0.79","0.56",,606992,,1,2,"Top",,,,,,,2.9324351765024863,-126.38593802997434,-6.911089097320197,3.8626313266727808,23.831813802843172,-30.62915803921368,"3.15","1.59",,,,"87.7",2868,"6.7",778803,672515,656976,606466,553993,691783,678489,665506,682998,"53.83",,,,,,,,12,1,"Slider",0,0,0,0,0,0,0,0,"Standard","Standard",89,"0.006","-0.038","71.6","7.9",,"0.038",,0,0,0.48,0.52,30,28,31,28,1,0,,,,,"2.96","-0.41","-0.41",,22.549075078287647,-21.815118710178492,36.34080580365631,44.31119922720011,48.45085506379489
"FC","2025-02-26","94.6","-0.77","5.91","Burnes, Corbin",667803,669203,"field_out","hit_into_play",,,,,5,"Ernesto Martinez Jr. flies out sharply to left fielder Jorge Barrosa. Eric Haase to 2nd.","S","L","R","AZ","MIL","X",7,"fly_ball",1,0,2025,"0.01","1.01","0.22","2.43",,,606992,0,2,"Top",79.57,56.92,,,,,2.5598247409978367,-137.63631068533212,-5.633284925555913,-0.4923185914403924,32.56946319906255,-18.295543888595617,"3.48","1.76",370,"102.5",37,"94.7",2671,"6.5",778803,672515,656976,606466,553993,691783,678489,665506,682998,"54.01",0.4235,,"0",,0,0,5,11,2,"Cutter",0,0,0,0,0,0,0,0,"Standard","Standard",194,"0.024","-0.282","79.5","7.8",1.6645,"0.282","102.5",0,0,0.456,0.544,30,26,31,26,1,0,,,,,"1.55","-0.01","0.01",,6.870634076251663,-3.25925904284921,33.288553243812025,36.63353649093242,26.683089557465962
"CU","2025-02-26","80.6","-0.7","5.98","Burnes, Corbin",667803,669203,,"ball",,,,,11,"Ball","S","L","R","AZ","MIL","B",,,0,0,2025,"0.62","-0.74","-0.89","2.72",,,606992,0,2,"Top",,,,,,,-1.606017332183753,-117.25477359518976,0.9097813883498103,5.966819955824506,24.767030073383598,-39.346412627338,"3.48","1.76",,,,"80.2",2848,"6.3",778803,672515,656976,606466,553993,691783,678489,665506,682998,"54.21",,,,,,,,11,1,"Curveball",0,0,0,0,0,0,0,0,"Standard","Standard",54,"-0.006","0.04",,,,"-0.04",,0,0,0.462,0.538,30,26,31,26,1,0,,,,,"4.28","-0.62","0.62",,,,,,
"SL","2025-02-26","84.8","-0.9","5.85","Burnes, Corbin",606992,669203,"single","hit_into_play",,,,,9,"Eric Haase singles on a sharp ground ball to center fielder Cristian Pache.","S","R","R","AZ","MIL","X",8,"ground_ball",1,1,2025,"0.48","-0.32","0.55","2.03",,,,0,2,"Top",123.15,87.11,,,,,2.4313550629175547,-123.5998031724539,-2.02009155036426,4.480648396465253,23.762224521859636,-35.27316865981839,"3.1","1.57",127,"109.2",7,"85.3",2835,"6.4",778803,672515,656976,606466,553993,691783,678489,665506,682998,"54.08",0.678,,"0.9",,1,0,4,10,3,"Slider",0,0,0,0,0,0,0,0,"Standard","Standard",87,"-0.039","0.447","73.5","7.3",0.804,"-0.447","109.2",0,0,0.501,0.499,30,32,31,33,1,0,,,,,"3.47","-0.48","-0.48",,9.136123586936137,9.205959158410813,30.490046770008117,44.774389648876635,24.38991066898631
"SI","2025-02-26","94.4","-0.77","5.97","Burnes, Corbin",606992,669203,,"ball",,,,,13,"Ball","S","R","R","AZ","MIL","B",,,0,1,2025,"-1.1","1.07","-1.47","2.3",,,,0,2,"Top",,,,,,,0.651093903849766,-137.39125972152166,-6.1998154617232295,-14.0335354078629,32.750943002773994,-17.495359880205584,"3.1","1.57",,,,"94.2",2598,"6.3",778803,672515,656976,606466,553993,691783,678489,665506,682998,"54.16",,,,,,,,10,2,"Sinker",0,0,0,0,0,0,0,0,"Standard","Standard",198,"-0.002","0.031",,,,"-0.031",,0,0,0.503,0.497,30,32,31,33,1,0,,,,,"1.51","1.1","1.1",,,,,,
"FC","2025-02-26","93.5","-0.98","5.9","Burnes, Corbin",606992,669203,,"called_strike",,,,,2,"Called Strike","S","R","R","AZ","MIL","S",,,0,0,2025,"-0.03","1.27","0","2.94",,,,0,2,"Top",,,,,,,2.6073104537411793,-136.15071980701555,-4.711718513048315,-0.9160379982832311,29.660252535811658,-15.561266355962369,"3.1","1.57",,,,"93.6",2624,"6.3",778803,672515,656976,606466,553993,691783,678489,665506,682998,"54.2",,,,,,,,10,1,"Cutter",0,0,0,0,0,0,0,0,"Standard","Standard",195,"0.003","-0.039",,,,"0.039",,0,0,0.5,0.5,30,32,31,33,1,0,,,,,"1.33","0.03","0.03",,,,,,
"SL","2025-02-26","87.1","-0.71","5.9","Burnes, Corbin",686554,669203,"strikeout","swinging_strike_blocked",,,,,14,"Oliver Dunn strikes out swinging.","S","L","R","AZ","MIL","S",2,,1,2,2025,"0.5","-0.21","0.85","0.7",,,687401,2,1,"Top",,,,,,,2.7271539086890204,-126.76152775933338,-5.9343271528501855,4.919327690671041,25.078556842173214,-33.42489520842084,"3.15","1.59",,,,"87.6",2861,"6.5",778803,672515,656976,606466,553993,691783,678489,665506,682998,"54.01",,,"0",,0,0,,4,4,"Slider",0,0,0,0,0,0,0,0,"Infield shade","Standard",85,"0.016","-0.183","39.2","7.6",,"0.183",,0,0,0.532,0.46799999999999997,30,27,31,28,1,0,,,,,"3.2","-0.5","0.5",,16.07580381972281,-14.581066743709552,35.71698116199059,25.3661593165585,34.193958377159305
"FC","2025-02-26","94.2","-1.09","5.82","Burnes, Corbin",686554,669203,,"ball",,,,,13,"Ball","S","L","R","AZ","MIL","B",,,0,2,2025,"0.31","0.72","-0.9","2.04",,,687401,2,1,"Top",,,,,,,-0.17744912156764892,-137.1809338541519,-5.739416370124313,3.928229541499357,27.784017478695713,-22.09254818259335,"3.15","1.59",,,,"94.6",2887,"6.3",778803,672515,656976,606466,553993,691783,678489,665506,682998,"54.22",,,,,,,,4,3,"Cutter",0,0,0,0,0,0,0,0,"Infield shade","Standard",168,"-0.002","0.009",,,,"-0.009",,0,0,0.534,0.46599999999999997,30,27,31,28,1,0,,,,,"1.83","-0.31","0.31",,,,,,
"CH","2025-02-26","89.8","-0.99","5.65","Burnes, Corbin",686554,669203,,"called_strike",,,,,7,"Called Strike","S","L","R","AZ","MIL","S",,,0,1,2025,"-1.18","0.72","-0.49","1.59",,,687401,2,1,"Top",,,,,,,3.7538995120928877,-130.7817707822145,-5.658742456380799,-14.39631045946621,26.014841303647813,-22.947670462575918,"3.15","1.59",,,,"90.5",2139,"6.5",778803,672515,656976,606466,553993,691783,678489,665506,682998,"53.96",,,,,,,,4,2,"Changeup",0,0,0,0,0,0,0,0,"Standard","Standard",223,"0.005","-0.055",,,,"0.055",,0,0,0.529,0.471,30,27,31,28,1,0,,,,,"2.09","1.18","-1.18",,,,,,
"FC","2025-02-26","94","-0.86","5.93","Burnes, Corbin",686554,669203,,"swinging_strike",,,,,14,"Swinging Strike","S","L","R","AZ","MIL","S",,,0,0,2025,"0.29","0.99","0.86","1.57",,,687401,2,1,"Top",,,,,,,3.830320012008854,-136.82803598498896,-7.851471072926926,2.95195276609467,27.32403236198271,-18.291326152687457,"3.15","1.59",,,,"94.9",2764,"6.6",778803,672515,656976,606466,553993,691783,678489,665506,682998,"53.92",,,,,,,,4,1,"Cutter",0,0,0,0,0,0,0,0,"Standard","Standard",188,"0.003","-0.042","70.9","8.0",,"0.042",,0,0,0.526,0.474,30,27,31,28,1,0,,,,,"1.57","-0.29","0.29",,9.862124464152624,-14.208720791981056,37.73438112336074,24.667359320219195,27.866192351744225
"CU","2025-02-26","80.2","-0.6","5.98","Burnes, Corbin",687401,669203,"single","hit_into_play",,,,,5,"Joey Ortiz singles on a ground ball to center fielder Cristian Pache.","S","R","R","AZ","MIL","X",8,"ground_ball",1,2,2025,"0.59","-0.81","0.23","2.49",,,,2,1,"Top",114.97,89.32,,,,,0.7352188674321918,-116.80687835008732,0.46525716610560086,5.244397677261592,20.980543848325816,-39.875435503241555,"3.13","1.58",43,"108",-1,"80.7",2824,"6.5",778803,672515,656976,606466,553993,691783,678489,665506,682998,"54.01",0.458,,"0.9",,1,0,4,3,4,"Curveball",0,0,0,0,0,0,0,0,"Standard","Standard",52,"-0.014","0.403","77.4","7.4",0.465,"-0.403","108.0",0,0,0.54,0.45999999999999996,30,26,31,27,1,0,,,,,"4.33","-0.59","-0.59",,-2.868457901489955,6.592632204365659,30.332436445998216,38.58229737016806,26.076320995547658
"CH","2025-02-26","76.8","-0.82","6.06","Burnes, Corbin",687401,669203,,"ball",,,,,14,"Ball","S","R","R","AZ","MIL","B",,,0,2,2025,"-1.23","0.81","3.79","0.92",,,686217,1,1,"Top",,,,,,,11.304302450273473,-111.28059294645604,-5.153708496491556,-12.132873074985659,18.150579069104317,-24.6595115781474,"3.13","1.58",,,,"73",2113,"3.5",778803,672515,656976,606466,553993,691783,678489,665506,682998,"57.04",,,,,,,,3,3,"Changeup",0,0,0,0,0,0,0,0,"Standard","Standard",236,"0.032","0.01",,,,"-0.01","88.8",0,0,0.508,0.492,30,26,31,27,1,0,,,,,"3.06","1.23","1.23",,,,,,
"SL","2025-02-26","84.6","-0.88","5.91","Burnes, Corbin",687401,669203,,"foul",,,,,2,"Foul","S","R","R","AZ","MIL","S",,,0,1,2025,"0.32","0.07","0.16","2.85",,,686217,1,1,"Top",,,,,,,1.8039728554345917,-123.32092481676415,-0.9751648417280308,2.935192626823001,23.57658063829725,-31.477663236657126,"3.13","1.58",218,"74",45,"85.2",2777,"6.5",778803,672515,656976,606466,553993,691783,678489,665506,682998,"54",,,,,,,,3,2,"Slider",0,0,0,0,0,0,0,0,"Standard","Standard",84,"0.006","-0.047","68.6","6.9",,"0.047","88.0",0,0,0.502,0.498,30,26,31,27,1,0,,,,,"3.09","-0.32","-0.32",,-10.842682401187892,16.26040906244869,29.44250821822195,37.614219251772425,14.785805154016774
"FC","2025-02-26","93.3","-0.8","5.86","Burnes, Corbin",687401,669203,,"foul",,,,,6,"Foul","S","R","R","AZ","MIL","S",,,0,0,2025,"0.23","0.86","0.55","2.53",,,686217,1,1,"Top",,,,,,,2.950298617932692,-135.90633881972644,-4.720511353859019,2.2632438017244616,28.43179493976666,-20.733334448549876,"3.13","1.58",,,,"93.6",2680,"6.3",778803,672515,656976,606466,553993,691783,678489,665506,682998,"54.2",,,,,,,,3,1,"Cutter",0,0,0,0,0,0,0,0,"Standard","Standard",184,"0.004","-0.04","73.6","7.9",,"0.04",,0,0,0.498,0.502,30,26,31,27,1,0,,,,,"1.75","-0.23","-0.23",,4.438052458160203,-0.07593663084580099,32.055160546789516,44.88989369159793,22.49637404929204
"FC","2025-02-26","93.6","-0.96","5.94","Burnes, Corbin",686217,669203,"single","hit_into_play",,,,,6,"Sal Frelick singles on a line drive to right fielder Corbin Carroll.","S","L","R","AZ","MIL","X",9,"line_drive",1,0,2025,"0.31","1.09","0.57","2.55",,,,1,1,"Top",181.36,106.92,,,,,3.2945065040804558,-136.33109333726728,-5.457114692427934,3.145650882774621,28.144030146610056,-17.597054062439007,"3.03","1.53",187,"87.6",13,"93.9",2763,"6.3",778803,672515,656976,606466,553993,691783,678489,665506,682998,"54.23",0.899,,"0.9",,1,0,4,2,2,"Cutter",0,0,0,0,0,0,0,0,"Standard","Standard",183,"-0.022","0.375","70.6","6.7",1.04,"-0.375","88.0",0,0,0.52,0.48,30,25,31,25,1,0,,,,,"1.49","-0.31","0.31",,10.871222544740982,-0.597629897103381,27.789631153259197,31.447599022926088,27.79709985878788
"FC","2025-02-26","94.5","-1.07","5.86","Burnes, Corbin",686217,669203,,"ball",,,,,11,"Ball","S","L","R","AZ","MIL","B",,,0,0,2025,"0.13","0.86","-0.89","2.67",,,,1,1,"Top",,,,,,,0.18348827848681293,-137.67641250790462,-4.582597445379306,1.5685249320436374,29.074108608955243,-20.41029609831708,"3.03","1.53",,,,"95.1",2720,"6.4",778803,672515,656976,606466,553993,691783,678489,665506,682998,"54.06",,,,,,,,2,1,"Cutter",0,0,0,0,0,0,0,0,"Standard","Standard",188,"-0.002","0.039",,,,"-0.039",,0,0,0.522,0.478,30,25,31,25,1,0,,,,,"1.67","-0.13","0.13",,,,,,
"SI","2025-02-26","95.8","-0.84","5.94","Burnes, Corbin",702332,669203,"strikeout","swinging_strike",,,,,11,"Caleb Durbin strikes out swinging.","S","R","R","AZ","MIL","S",2,,1,2,2025,"-1.12","1.04","-0.97","2.26",,,,0,1,"Top",,,,,,,2.1887958164144434,-139.45976628093877,-6.529127174606777,-15.160984011656167,29.990690459273637,-17.37033920650814,"2.97","1.5",,,,"96.4",2655,"6.5",778803,672515,656976,606466,553993,691783,678489,665506,682998,"53.97",,,"0",,0,0,,1,5,"Sinker",0,0,0,0,0,0,0,0,"Standard","Standard",199,"0.016","-0.189","68.1","6.8",,"0.189",,0,0,0.506,0.494,30,25,31,25,1,0,,,,,"1.43","1.12","1.12",,15.677996770183558,-12.544280106585074,39.05343337785239,23.295202329833586,26.09960955076749
"FC","2025-02-26","94","-0.89","5.91","Burnes, Corbin",702332,669203,,"foul",,,,,6,"Foul","S","R","R","AZ","MIL","S",,,1,2,2025,"0","1.01","0.4","2.34",,,,0,1,"Top",,,,,,,3.3730808472554794,-136.87647255061444,-5.863254619758357,-0.6208951270427108,26.843587940264293,-18.412777789018364,"2.97","1.5",272,"85.7",42,"94.9",2683,"6.5",778803,672515,656976,606466,553993,691783,678489,665506,682998,"53.96",,,,,,,,1,4,"Cutter",0,0,0,0,0,0,0,0,"Standard","Standard",192,"0","0","69.7","6.3",,"0","88.0",0,0,0.506,0.494,30,25,31,25,1,0,,,,,"1.54","0","0",,-2.374058856997909,12.359504572294492,31.85149173303958,40.25322081390101,20.58737844234284
"SL","2025-02-26","84.7","-0.74","5.97","Burnes, Corbin",702332,669203,,"ball",,,,,14,"Ball","S","R","R","AZ","MIL","B",,,0,2,2025,"0.42","-0.32","0.81","0.82",,,,0,1,"Top",,,,,,,2.8093798675918404,-123.43970146673144,-5.202564343186338,3.872670876559275,20.819439035528795,-34.7540978448994,"2.97","1.5",,,,"86.1",2829,"6.8",778803,672515,656976,606466,553993,691783,678489,665506,682998,"53.73",,,,,,,,1,3,"Slider",0,0,0,0,0,0,0,0,"Standard","Standard",70,"-0.002","0.024",,,,"-0.024",,0,0,0.508,0.492,30,25,31,25,1,0,,,,,"3.45","-0.42","-0.42",,,,,,
"SL","2025-02-26","85.9","-0.94","5.86","Burnes, Corbin",702332,669203,,"foul",,,,,9,"Foul","S","R","R","AZ","MIL","S",,,0,1,2025,"0.21","0.17","0.39","1.76",,,,0,1,"Top",,,,,,,2.7253010404251805,-125.15227209716362,-3.9236473805782226,1.8147898632554567,21.28293525383969,-29.849172046133262,"2.97","1.5",3,"70.9",-32,"86.9",2788,"6.5",778803,672515,656976,606466,553993,691783,678489,665506,682998,"53.97",,,,,,,,1,2,"Slider",0,0,0,0,0,0,0,0,"Standard","Standard",77,"0.005","-0.055","63.8","7.8",,"0.055","88.0",0,0,0.503,0.497,30,25,31,25,1,0,,,,,"2.87","-0.21","-0.21",,18.56780446117703,-14.770991104623675,35.07838124456061,39.46479859341453,40.47484774449222
"FC","2025-02-26","93.2","-0.97","5.89","Burnes, Corbin",702332,669203,,"foul",,,,,9,"Foul","S","R","R","AZ","MIL","S",,,0,0,2025,"0.18","0.9","0.78","1.58",,,,0,1,"Top",,,,,,,4.120553416069237,-135.54084985492025,-7.348504228186554,1.3681522219600781,28.445765870538903,-19.755594774005736,"2.97","1.5",149,"62",53,"93.8",2654,"6.6",778803,672515,656976,606466,553993,691783,678489,665506,682998,"53.89",,,,,,,,1,1,"Cutter",0,0,0,0,0,0,0,0,"Standard","Standard",182,"0.003","-0.039","58.3","7.2",,"0.039","88.0",0,0,0.5,0.5,30,25,31,25,1,0,,,,,"1.72","-0.18","-0.18",,5.122467178863681,5.091851699803649,36.607332878917106,44.91358004407927,23.783174405360775
"FC","2025-02-21","93.7","-1.11","5.84","Burnes, Corbin",641857,669203,"strikeout","swinging_strike",,,,,8,"Ryan McMahon strikes out swinging.","S","L","R","AZ","COL","S",2,,1,2,2025,"0.18","0.69","-0.06","1.57",,,,2,1,"Top",,,,,,,2.3179326958310456,-136.47887413424047,-6.914292354619462,1.800504468040513,27.06792583161761,-22.293524165609018,"3.31","1.67",,,,"94.4",2715,"6.4",787940,672515,647304,606466,553993,672695,545341,677950,664983,"54.07",,,"0",,0,0,,3,4,"Cutter",0,0,0,0,0,0,0,0,"Infield shade","Standard",194,"0.008","-0.182","76.5","7.7",,"0.182",,0,0,0.54,0.45999999999999996,30,30,31,31,1,0,,,,,"1.88","-0.18","0.18",,14.520340984924788,0.5322403691475989,42.96282877324689,38.41272901913018,24.003981875646627
"CH","2025-02-21","87.1","-1.18","5.63","Burnes, Corbin",641857,669203,,"ball",,,,,11,"Ball","S","L","R","AZ","COL","B",,,0,2,2025,"-1.13","0.87","-1.53","3.87",,,,2,1,"Top",,,,,,,1.4935387920917942,-126.88702121541769,0.11761057486795767,-12.570548694049581,25.018827862984093,-22.95320726910565,"3.31","1.67",,,,"87.7",2273,"6.5",787940,672515,647304,606466,553993,672695,545341,677950,664983,"53.99",,,,,,,,3,3,"Changeup",0,0,0,0,0,0,0,0,"Infield shade","Standard",214,"-0.001","0.022",,,,"-0.022",,0,0,0.541,0.45899999999999996,30,30,31,31,1,0,,,,,"2.12","1.13","-1.13",,,,,,
"FC","2025-02-21","93.8","-0.85","6.01","Burnes, Corbin",641857,669203,,"foul",,,,,14,"Foul","S","L","R","AZ","COL","S",,,0,1,2025,"0.13","0.7","1.07","2.26",,,,2,1,"Top",,,,,,,4.705708193757423,-136.5995139161368,-5.605549769615788,0.7404138385322151,27.430767687402703,-22.415251051344306,"3.31","1.67",,,,"94.8",2773,"6.6",787940,672515,647304,606466,553993,672695,545341,677950,664983,"53.87",,,,,,,,3,2,"Cutter",0,0,0,0,0,0,0,0,"Infield shade","Standard",172,"0.001","-0.057","74.7","7.0",,"0.057",,0,0,0.54,0.45999999999999996,30,30,31,31,1,0,,,,,"1.87","-0.13","0.13",,16.823944120763382,-4.399098823116234,44.970250198266854,25.94869287159397,26.839968642455666
"FC","2025-02-21","94.1","-0.93","5.96","Burnes, Corbin",641857,669203,,"foul",,,,,6,"Foul","S","L","R","AZ","COL","S",,,0,0,2025,"0.17","0.96","0.56","2.57",,,,2,1,"Top",,,,,,,3.5121451815153897,-137.06124265719365,-5.2426192702333045,1.3965440027242007,29.64903597379544,-19.158512231635758,"3.31","1.67",223,"73.3",37,"94.4",2663,"6.4",787940,672515,647304,606466,553993,672695,545341,677950,664983,"54.14",,,,,,,,3,1,"Cutter",0,0,0,0,0,0,0,0,"Infield shade","Standard",189,"0.002","-0.043","72.7","6.6",,"0.043","88.0",0,0,0.538,0.46199999999999997,30,30,31,31,1,0,,,,,"1.61","-0.17","0.17",,4.497053158140732,10.618066336214106,41.66242735965259,31.448680378183788,20.84890480809572
"FC","2025-02-21","94.2","-0.79","5.98","Burnes, Corbin",571657,669203,"strikeout","called_strike",,,,,9,"Gabriel Moreno challenged (pitch result), call on the field was overturned: Kyle Farmer called out on strikes.","S","R","R","AZ","COL","S",2,,1,2,2025,"0.11","1.08","0.48","1.61",,,,1,1,"Top",,,,,,,3.0920147765589285,-137.05651557931716,-8.15509659545522,0.7740210377547275,27.478548532393173,-16.98240084223712,"3.17","1.6",,,,"95.4",2655,"6.8",787940,672515,647304,606466,553993,672695,545341,677950,664983,"53.72",,,"0",,0,0,,2,4,"Cutter",0,0,0,0,0,0,0,0,"Standard","Standard",194,"0.012","-0.18",,,,"0.18",,0,0,0.526,0.474,30,34,31,35,1,0,,,,,"1.47","-0.11","-0.11",,,,,,
"SI","2025-02-21","94.7","-0.97","5.95","Burnes, Corbin",571657,669203,,"foul",,,,,13,"Foul","S","R","R","AZ","COL","S",,,1,1,2025,"-0.93","0.89","-0.98","2.37",,,,1,1,"Top",,,,,,,2.0827728917425508,-137.9128083833977,-5.695530568227495,-12.378419377794817,30.252878586195617,-19.763200276339504,"3.17","1.6",160,"67.2",58,"95.2",2629,"6.5",787940,672515,647304,606466,553993,672695,545341,677950,664983,"54.02",,,,,,,,2,3,"Sinker",0,0,0,0,0,0,0,0,"Standard","Standard",203,"0.003","-0.064","61.5","6.0",,"0.064","88.0",0,0,0.523,0.477,30,34,31,35,1,0,,,,,"1.64","0.93","0.93",,0.06764007984937757,3.5031879364517273,40.16066640951015,26.41495403185744,24.19019809201788
"FC","2025-02-21","92.2","-0.89","5.98","Burnes, Corbin",571657,669203,,"foul",,,,,3,"Foul","S","R","R","AZ","COL","S",,,1,0,2025,"0.29","0.88","0.29","3.01",,,,1,1,"Top",,,,,,,2.369719819652636,-134.3128777038641,-3.642972708539453,2.9858325332976885,30.17818993556482,-20.915957449903303,"3.17","1.6",190,"71.4",57,"92.9",2620,"6.7",787940,672515,647304,606466,553993,672695,545341,677950,664983,"53.78",,,,,,,,2,2,"Cutter",0,0,0,0,0,0,0,0,"Standard","Standard",187,"0.003","-0.049","65.0","6.3",,"0.049","88.0",0,0,0.52,0.48,30,34,31,35,1,0,,,,,"1.8","-0.29","-0.29",,5.882894804719566,-4.0750421163300405,25.27242632201026,41.277539721989356,31.965749775793594
"FC","2025-02-21","92.8","-0.89","5.97","Burnes, Corbin",571657,669203,,"ball",,,,,11,"Ball","S","R","R","AZ","COL","B",,,0,0,2025,"0.18","0.88","-0.35","4.08",,,,1,1,"Top",,,,,,,0.9819153377072456,-135.10859998238888,-0.9585387761970723,2.018680614023921,30.865760576452157,-21.45593843111442,"3.17","1.6",,,,"93",2689,"6.5",787940,672515,647304,606466,553993,672695,545341,677950,664983,"54.02",,,,,,,,2,1,"Cutter",0,0,0,0,0,0,0,0,"Standard","Standard",180,"-0.002","0.039",,,,"-0.039",,0,0,0.522,0.478,30,34,31,35,1,0,,,,,"1.78","-0.18","-0.18",,,,,,
"SI","2025-02-21","94.6","-0.87","5.9","Burnes, Corbin",686668,669203,"strikeout","swinging_strike",,,,,13,"Brenton Doyle strikes out swinging.","S","R","R","AZ","COL","S",2,,2,2,2025,"-1.05","1.04","-1.55","2.19",,,,0,1,"Top",,,,,,,0.5785763013313932,-137.61922347335258,-6.3013709903888655,-13.37560213855328,32.725432312701265,-17.748963241370593,"3.36","1.7",,,,"95",2585,"6.7",787940,672515,647304,606466,553993,672695,545341,677950,664983,"53.81",,,"0",,0,0,,1,8,"Sinker",0,0,0,0,0,0,0,0,"Standard","Standard",195,"0.02","-0.232","73.2","7.3",,"0.232",,0,0,0.502,0.498,30,27,31,27,1,0,,,,,"1.52","1.05","1.05",,14.670983003648685,-13.070299373994064,43.578651023324106,18.75397424070087,29.04202184946358
"SL","2025-02-21","86.9","-0.97","5.91","Burnes, Corbin",686668,669203,,"foul",,,,,9,"Foul","S","R","R","AZ","COL","S",,,2,2,2025,"0.49","0.07","0.5","1.74",,,,0,1,"Top",,,,,,,2.53531680534966,-126.64006791310132,-4.015585166551261,4.834854650693855,24.84461058583418,-30.838023333393664,"3.36","1.7",,,,"87.6",2913,"6.6",787940,672515,647304,606466,553993,672695,545341,677950,664983,"53.94",,,,,,,,1,7,"Slider",0,0,0,0,0,0,0,0,"Standard","Standard",100,"0","0","65.4","7.9",,"0",,0,0,0.502,0.498,30,27,31,27,1,0,,,,,"2.93","-0.49","-0.49",,18.7360365133217,-9.324732193437166,30.241025759470535,42.80701395546559,37.36581313545112
"CU","2025-02-21","82","-0.72","5.98","Burnes, Corbin",686668,669203,,"ball",,,,,14,"Ball","S","R","R","AZ","COL","B",,,1,2,2025,"0.56","-0.77","2","-0.12",,,,0,1,"Top",,,,,,,5.063545493711345,-119.27240920148,-5.769842438264137,4.405439525036536,22.92355638089446,-38.57970843735456,"3.36","1.7",,,,"82.3",2785,"6.5",787940,672515,647304,606466,553993,672695,545341,677950,664983,"53.97",,,,,,,,1,6,"Curveball",0,0,0,0,0,0,0,0,"Standard","Standard",43,"-0.004","0.043",,,,"-0.043",,0,0,0.506,0.494,30,27,31,27,1,0,,,,,"4.16","-0.56","-0.56",,,,,,
"FC","2025-02-21","92.9","-0.99","6","Burnes, Corbin",686668,669203,,"foul",,,,,5,"Foul","S","R","R","AZ","COL","S",,,1,2,2025,"0.26","0.85","-0.17","2.78",,,,0,1,"Top",,,,,,,1.526685699250048,-135.29789019467887,-4.408787751598986,2.9394138220229498,27.063435521483086,-20.93346448560928,"3.36","1.7",265,"77.5",43,"93.9",2724,"6.6",787940,672515,647304,606466,553993,672695,545341,677950,664983,"53.87",,,,,,,,1,5,"Cutter",0,0,0,0,0,0,0,0,"Standard","Standard",188,"0","0","72.5","7.7",,"0","88.0",0,0,0.506,0.494,30,27,31,27,1,0,,,,,"1.77","-0.26","-0.26",,16.475302283520477,-18.646173378586607,31.977106459982554,35.282785697908956,37.25293606474552
"SI","2025-02-21","94.3","-0.99","5.9","Burnes, Corbin",686668,669203,,"ball",,,,,11,"Ball","S","R","R","AZ","COL","B",,,0,2,2025,"-0.87","1.15","-1.61","2.83",,,,0,1,"Top",,,,,,,0.33086658857114987,-137.29050694130243,-4.916568011435476,-11.149199812033064,29.19239258039783,-16.695248627611566,"3.36","1.7",,,,"95.2",1667,"6.7",787940,672515,647304,606466,553993,672695,545341,677950,664983,"53.79",,,,,,,,1,4,"Sinker",0,0,0,0,0,0,0,0,"Standard","Standard",130,"-0.002","0.024",,,,"-0.024",,0,0,0.508,0.492,30,27,31,27,1,0,,,,,"1.4","0.87","0.87",,,,,,
"FC","2025-02-21","93.7","-1","5.95","Burnes, Corbin",686668,669203,,"foul",,,,,4,"Foul","S","R","R","AZ","COL","S",,,0,2,2025,"0.32","0.94","-0.45","2.6",,,,0,1,"Top",,,,,,,0.7185076292105783,-136.4664571488881,-5.100350278899404,3.8659182579003146,26.956893884814416,-19.478835395505957,"3.36","1.7",129,"76.8",75,"94.6",2673,"6.6",787940,672515,647304,606466,553993,672695,545341,677950,664983,"53.94",,,,,,,,1,3,"Cutter",0,0,0,0,0,0,0,0,"Standard","Standard",184,"0","0","72.5","7.3",,"0","88.0",0,0,0.508,0.492,30,27,31,27,1,0,,,,,"1.63","-0.32","-0.32",,17.461702415924375,-2.9666024881176396,35.02172509845429,32.98386701792463,29.308630423225168
"SL","2025-02-21","86.4","-1.17","5.83","Burnes, Corbin",686668,669203,,"foul",,,,,4,"Foul","S","R","R","AZ","COL","S",,,0,1,2025,"0.65","0.15","-0.3","2.31",,,,0,1,"Top",,,,,,,0.7429056818640055,-125.86839151971284,-2.534633651172707,6.825897259295478,23.534274418242124,-30.33731474753635,"3.36","1.7",137,"61.2",57,"87",2789,"6.4",787940,672515,647304,606466,553993,672695,545341,677950,664983,"54.07",,,,,,,,1,2,"Slider",0,0,0,0,0,0,0,0,"Standard","Standard",117,"0.005","-0.055","66.5","6.7",,"0.055","88.0",0,0,0.503,0.497,30,27,31,27,1,0,,,,,"2.88","-0.65","-0.65",,2.426479720113842,12.834522397114116,32.729046809454054,33.734178429641936,22.10314853756728
"FC","2025-02-21","91.8","-1.05","5.96","Burnes, Corbin",686668,669203,,"called_strike",,,,,7,"Called Strike","S","R","R","AZ","COL","S",,,0,0,2025,"-0.01","1.42","-0.72","2.07",,,,0,1,"Top",,,,,,,0.8610584897185107,-133.55343485441978,-7.103311796806972,-0.2693493630084184,27.71054227246868,-13.906767443649573,"3.36","1.7",,,,"92.4",2460,"6.6",787940,672515,647304,606466,553993,672695,545341,677950,664983,"53.89",,,,,,,,1,1,"Cutter",0,0,0,0,0,0,0,0,"Standard","Standard",198,"0.003","-0.039",,,,"0.039",,0,0,0.5,0.5,30,27,31,27,1,0,,,,,"1.28","0.01","0.01",,,,,,